model,dataset,image_id,filepath,true_label,predicted_label,deterministic_confidence,mc_mean_probability,predictive_entropy,mc_confidence_variance,correct_deterministic,correct_mc
MiniConvNet,internal,000108 (3).png,C:\Users\shrey\Downloads\MIP_project_part2\Lung-Cancer-Classification-\Lung-Cancer-Classification-\Data\test\adenocarcinoma\000108 (3).png,adenocarcinoma,adenocarcinoma,0.81632113,0.7765424,0.73238295,0.012258341,True,True
MiniConvNet,internal,000109 (2).png,C:\Users\shrey\Downloads\MIP_project_part2\Lung-Cancer-Classification-\Lung-Cancer-Classification-\Data\test\adenocarcinoma\000109 (2).png,adenocarcinoma,adenocarcinoma,0.43568078,0.48954582,1.1846701,0.0031191006,True,True
MiniConvNet,internal,000109 (4).png,C:\Users\shrey\Downloads\MIP_project_part2\Lung-Cancer-Classification-\Lung-Cancer-Classification-\Data\test\adenocarcinoma\000109 (4).png,adenocarcinoma,adenocarcinoma,0.40724912,0.38166267,1.3413298,0.011046672,True,True
MiniConvNet,internal,000109 (5).png,C:\Users\shrey\Downloads\MIP_project_part2\Lung-Cancer-Classification-\Lung-Cancer-Classification-\Data\test\adenocarcinoma\000109 (5).png,adenocarcinoma,large.cell.carcinoma,0.6243693,0.6055437,0.9962466,0.019893311,False,False
MiniConvNet,internal,000112 (2).png,C:\Users\shrey\Downloads\MIP_project_part2\Lung-Cancer-Classification-\Lung-Cancer-Classification-\Data\test\adenocarcinoma\000112 (2).png,adenocarcinoma,adenocarcinoma,0.44462425,0.38147673,1.2823193,0.027046258,True,False
MiniConvNet,internal,000113 (7).png,C:\Users\shrey\Downloads\MIP_project_part2\Lung-Cancer-Classification-\Lung-Cancer-Classification-\Data\test\adenocarcinoma\000113 (7).png,adenocarcinoma,large.cell.carcinoma,0.34113586,0.32001677,1.3441067,0.006589611,False,False
MiniConvNet,internal,000114 (5).png,C:\Users\shrey\Downloads\MIP_project_part2\Lung-Cancer-Classification-\Lung-Cancer-Classification-\Data\test\adenocarcinoma\000114 (5).png,adenocarcinoma,adenocarcinoma,0.7586272,0.6931021,0.9420972,0.030535765,True,True
MiniConvNet,internal,000114.png,C:\Users\shrey\Downloads\MIP_project_part2\Lung-Cancer-Classification-\Lung-Cancer-Classification-\Data\test\adenocarcinoma\000114.png,adenocarcinoma,adenocarcinoma,0.6608801,0.66538274,0.9604377,0.012972788,True,True
MiniConvNet,internal,000115 (4).png,C:\Users\shrey\Downloads\MIP_project_part2\Lung-Cancer-Classification-\Lung-Cancer-Classification-\Data\test\adenocarcinoma\000115 (4).png,adenocarcinoma,large.cell.carcinoma,0.5372987,0.50169724,1.1497452,0.025049226,False,False
MiniConvNet,internal,000115 (8).png,C:\Users\shrey\Downloads\MIP_project_part2\Lung-Cancer-Classification-\Lung-Cancer-Classification-\Data\test\adenocarcinoma\000115 (8).png,adenocarcinoma,large.cell.carcinoma,0.9193376,0.908285,0.4070035,0.004135592,False,False
MiniConvNet,internal,000115.png,C:\Users\shrey\Downloads\MIP_project_part2\Lung-Cancer-Classification-\Lung-Cancer-Classification-\Data\test\adenocarcinoma\000115.png,adenocarcinoma,large.cell.carcinoma,0.61129546,0.6142968,1.0008203,0.0067706453,False,False
MiniConvNet,internal,000116 (5).png,C:\Users\shrey\Downloads\MIP_project_part2\Lung-Cancer-Classification-\Lung-Cancer-Classification-\Data\test\adenocarcinoma\000116 (5).png,adenocarcinoma,adenocarcinoma,0.4191417,0.3218848,1.3444287,0.013678928,True,True
MiniConvNet,internal,000116 (7).png,C:\Users\shrey\Downloads\MIP_project_part2\Lung-Cancer-Classification-\Lung-Cancer-Classification-\Data\test\adenocarcinoma\000116 (7).png,adenocarcinoma,adenocarcinoma,0.43983218,0.38114822,1.2669489,0.016647309,True,True
MiniConvNet,internal,000116 (9).png,C:\Users\shrey\Downloads\MIP_project_part2\Lung-Cancer-Classification-\Lung-Cancer-Classification-\Data\test\adenocarcinoma\000116 (9).png,adenocarcinoma,adenocarcinoma,0.39686498,0.38677713,1.3235264,0.011552097,True,True
MiniConvNet,internal,000117 (4).png,C:\Users\shrey\Downloads\MIP_project_part2\Lung-Cancer-Classification-\Lung-Cancer-Classification-\Data\test\adenocarcinoma\000117 (4).png,adenocarcinoma,large.cell.carcinoma,0.9099585,0.88271964,0.45409784,0.0041688145,False,False
MiniConvNet,internal,000117 (8).png,C:\Users\shrey\Downloads\MIP_project_part2\Lung-Cancer-Classification-\Lung-Cancer-Classification-\Data\test\adenocarcinoma\000117 (8).png,adenocarcinoma,large.cell.carcinoma,0.9077657,0.87381953,0.5014278,0.0057948763,False,False
MiniConvNet,internal,000117.png,C:\Users\shrey\Downloads\MIP_project_part2\Lung-Cancer-Classification-\Lung-Cancer-Classification-\Data\test\adenocarcinoma\000117.png,adenocarcinoma,adenocarcinoma,0.7253362,0.7145086,0.8936697,0.027273465,True,True
MiniConvNet,internal,000118 (5).png,C:\Users\shrey\Downloads\MIP_project_part2\Lung-Cancer-Classification-\Lung-Cancer-Classification-\Data\test\adenocarcinoma\000118 (5).png,adenocarcinoma,large.cell.carcinoma,0.6679118,0.6197856,1.004585,0.025692688,False,False
MiniConvNet,internal,000118 (7).png,C:\Users\shrey\Downloads\MIP_project_part2\Lung-Cancer-Classification-\Lung-Cancer-Classification-\Data\test\adenocarcinoma\000118 (7).png,adenocarcinoma,normal,0.48273286,0.48866022,1.2531153,0.014357181,False,False
MiniConvNet,internal,000119 (4).png,C:\Users\shrey\Downloads\MIP_project_part2\Lung-Cancer-Classification-\Lung-Cancer-Classification-\Data\test\adenocarcinoma\000119 (4).png,adenocarcinoma,normal,0.42400151,0.45809945,1.24787,0.01293477,False,False
MiniConvNet,internal,000119 (5).png,C:\Users\shrey\Downloads\MIP_project_part2\Lung-Cancer-Classification-\Lung-Cancer-Classification-\Data\test\adenocarcinoma\000119 (5).png,adenocarcinoma,large.cell.carcinoma,0.77764565,0.716997,0.84096664,0.025626032,False,False
MiniConvNet,internal,000119 (6).png,C:\Users\shrey\Downloads\MIP_project_part2\Lung-Cancer-Classification-\Lung-Cancer-Classification-\Data\test\adenocarcinoma\000119 (6).png,adenocarcinoma,large.cell.carcinoma,0.40739775,0.37693918,1.3350649,0.010165576,False,False
MiniConvNet,internal,000120.png,C:\Users\shrey\Downloads\MIP_project_part2\Lung-Cancer-Classification-\Lung-Cancer-Classification-\Data\test\adenocarcinoma\000120.png,adenocarcinoma,adenocarcinoma,0.652537,0.66559273,0.9846189,0.02853241,True,True
MiniConvNet,internal,000121 (6).png,C:\Users\shrey\Downloads\MIP_project_part2\Lung-Cancer-Classification-\Lung-Cancer-Classification-\Data\test\adenocarcinoma\000121 (6).png,adenocarcinoma,normal,0.56619525,0.582287,1.1022519,0.031573765,False,False
MiniConvNet,internal,000121 (7).png,C:\Users\shrey\Downloads\MIP_project_part2\Lung-Cancer-Classification-\Lung-Cancer-Classification-\Data\test\adenocarcinoma\000121 (7).png,adenocarcinoma,normal,0.4616512,0.38398308,1.3081516,0.00908994,False,False
MiniConvNet,internal,000121.png,C:\Users\shrey\Downloads\MIP_project_part2\Lung-Cancer-Classification-\Lung-Cancer-Classification-\Data\test\adenocarcinoma\000121.png,adenocarcinoma,adenocarcinoma,0.59211195,0.60061,1.0739485,0.013486932,True,True
MiniConvNet,internal,000122 (4).png,C:\Users\shrey\Downloads\MIP_project_part2\Lung-Cancer-Classification-\Lung-Cancer-Classification-\Data\test\adenocarcinoma\000122 (4).png,adenocarcinoma,large.cell.carcinoma,0.8496761,0.73115903,0.8623523,0.021635108,False,False
MiniConvNet,internal,000122.png,C:\Users\shrey\Downloads\MIP_project_part2\Lung-Cancer-Classification-\Lung-Cancer-Classification-\Data\test\adenocarcinoma\000122.png,adenocarcinoma,adenocarcinoma,0.6381965,0.5952846,1.0722711,0.021079365,True,True
MiniConvNet,internal,000123 (4).png,C:\Users\shrey\Downloads\MIP_project_part2\Lung-Cancer-Classification-\Lung-Cancer-Classification-\Data\test\adenocarcinoma\000123 (4).png,adenocarcinoma,large.cell.carcinoma,0.511532,0.47961414,1.2037574,0.0068967906,False,False
MiniConvNet,internal,000123 (6).png,C:\Users\shrey\Downloads\MIP_project_part2\Lung-Cancer-Classification-\Lung-Cancer-Classification-\Data\test\adenocarcinoma\000123 (6).png,adenocarcinoma,large.cell.carcinoma,0.5936575,0.59165865,1.1241548,0.005795895,False,False
MiniConvNet,internal,000123 (9).png,C:\Users\shrey\Downloads\MIP_project_part2\Lung-Cancer-Classification-\Lung-Cancer-Classification-\Data\test\adenocarcinoma\000123 (9).png,adenocarcinoma,normal,0.45324486,0.44303718,1.2668976,0.022991987,False,False
MiniConvNet,internal,000124 (6).png,C:\Users\shrey\Downloads\MIP_project_part2\Lung-Cancer-Classification-\Lung-Cancer-Classification-\Data\test\adenocarcinoma\000124 (6).png,adenocarcinoma,large.cell.carcinoma,0.71542966,0.703392,0.9006022,0.016166536,False,False
MiniConvNet,internal,000124 (9).png,C:\Users\shrey\Downloads\MIP_project_part2\Lung-Cancer-Classification-\Lung-Cancer-Classification-\Data\test\adenocarcinoma\000124 (9).png,adenocarcinoma,normal,0.36681148,0.39118022,1.2598362,0.019562311,False,False
MiniConvNet,internal,000125 (2).png,C:\Users\shrey\Downloads\MIP_project_part2\Lung-Cancer-Classification-\Lung-Cancer-Classification-\Data\test\adenocarcinoma\000125 (2).png,adenocarcinoma,large.cell.carcinoma,0.36914495,0.395298,1.2586797,0.0055422974,False,False
MiniConvNet,internal,000125 (4).png,C:\Users\shrey\Downloads\MIP_project_part2\Lung-Cancer-Classification-\Lung-Cancer-Classification-\Data\test\adenocarcinoma\000125 (4).png,adenocarcinoma,large.cell.carcinoma,0.5011381,0.4300104,1.0797348,0.025082376,False,False
MiniConvNet,internal,000125 (5).png,C:\Users\shrey\Downloads\MIP_project_part2\Lung-Cancer-Classification-\Lung-Cancer-Classification-\Data\test\adenocarcinoma\000125 (5).png,adenocarcinoma,large.cell.carcinoma,0.36828315,0.33568305,1.3577006,0.0030586473,False,False
MiniConvNet,internal,000125 (6).png,C:\Users\shrey\Downloads\MIP_project_part2\Lung-Cancer-Classification-\Lung-Cancer-Classification-\Data\test\adenocarcinoma\000125 (6).png,adenocarcinoma,large.cell.carcinoma,0.3842492,0.4064738,1.1519063,0.021190966,False,False
MiniConvNet,internal,000125 (8).png,C:\Users\shrey\Downloads\MIP_project_part2\Lung-Cancer-Classification-\Lung-Cancer-Classification-\Data\test\adenocarcinoma\000125 (8).png,adenocarcinoma,large.cell.carcinoma,0.5318696,0.5026571,1.2039804,0.017428678,False,False
MiniConvNet,internal,000126 (6).png,C:\Users\shrey\Downloads\MIP_project_part2\Lung-Cancer-Classification-\Lung-Cancer-Classification-\Data\test\adenocarcinoma\000126 (6).png,adenocarcinoma,normal,0.43097785,0.4022222,1.2509209,0.019079505,False,False
MiniConvNet,internal,000127 (5).png,C:\Users\shrey\Downloads\MIP_project_part2\Lung-Cancer-Classification-\Lung-Cancer-Classification-\Data\test\adenocarcinoma\000127 (5).png,adenocarcinoma,normal,0.3130001,0.3447152,1.3243397,0.018332899,False,False
MiniConvNet,internal,000128 (5).png,C:\Users\shrey\Downloads\MIP_project_part2\Lung-Cancer-Classification-\Lung-Cancer-Classification-\Data\test\adenocarcinoma\000128 (5).png,adenocarcinoma,large.cell.carcinoma,0.59059006,0.5776115,1.1168398,0.008588728,False,False
MiniConvNet,internal,000129 (5).png,C:\Users\shrey\Downloads\MIP_project_part2\Lung-Cancer-Classification-\Lung-Cancer-Classification-\Data\test\adenocarcinoma\000129 (5).png,adenocarcinoma,large.cell.carcinoma,0.45525122,0.46898177,1.2552214,0.01026088,False,False
MiniConvNet,internal,000129.png,C:\Users\shrey\Downloads\MIP_project_part2\Lung-Cancer-Classification-\Lung-Cancer-Classification-\Data\test\adenocarcinoma\000129.png,adenocarcinoma,adenocarcinoma,0.40845114,0.41689995,1.2667112,0.015415246,True,True
MiniConvNet,internal,000130 (6).png,C:\Users\shrey\Downloads\MIP_project_part2\Lung-Cancer-Classification-\Lung-Cancer-Classification-\Data\test\adenocarcinoma\000130 (6).png,adenocarcinoma,large.cell.carcinoma,0.34275994,0.31491482,1.3462204,0.004699434,False,False
MiniConvNet,internal,000131 (2).png,C:\Users\shrey\Downloads\MIP_project_part2\Lung-Cancer-Classification-\Lung-Cancer-Classification-\Data\test\adenocarcinoma\000131 (2).png,adenocarcinoma,normal,0.6464512,0.6538248,0.98421764,0.024380393,False,False
MiniConvNet,internal,000132 (2).png,C:\Users\shrey\Downloads\MIP_project_part2\Lung-Cancer-Classification-\Lung-Cancer-Classification-\Data\test\adenocarcinoma\000132 (2).png,adenocarcinoma,normal,0.63637865,0.63014686,0.986915,0.021155065,False,False
MiniConvNet,internal,000132 (7).png,C:\Users\shrey\Downloads\MIP_project_part2\Lung-Cancer-Classification-\Lung-Cancer-Classification-\Data\test\adenocarcinoma\000132 (7).png,adenocarcinoma,squamous.cell.carcinoma,0.3383279,0.42599678,1.2991419,0.0177249,False,False
MiniConvNet,internal,000132 (8).png,C:\Users\shrey\Downloads\MIP_project_part2\Lung-Cancer-Classification-\Lung-Cancer-Classification-\Data\test\adenocarcinoma\000132 (8).png,adenocarcinoma,large.cell.carcinoma,0.38791248,0.3682204,1.3126478,0.0043608528,False,False
MiniConvNet,internal,000132.png,C:\Users\shrey\Downloads\MIP_project_part2\Lung-Cancer-Classification-\Lung-Cancer-Classification-\Data\test\adenocarcinoma\000132.png,adenocarcinoma,adenocarcinoma,0.7489315,0.5935338,1.1137028,0.02427465,True,True
MiniConvNet,internal,000133 (2).png,C:\Users\shrey\Downloads\MIP_project_part2\Lung-Cancer-Classification-\Lung-Cancer-Classification-\Data\test\adenocarcinoma\000133 (2).png,adenocarcinoma,adenocarcinoma,0.5330037,0.5048203,1.1768284,0.02001879,True,True
MiniConvNet,internal,000133 (4).png,C:\Users\shrey\Downloads\MIP_project_part2\Lung-Cancer-Classification-\Lung-Cancer-Classification-\Data\test\adenocarcinoma\000133 (4).png,adenocarcinoma,adenocarcinoma,0.3558291,0.3130185,1.3626779,0.01761472,True,False
MiniConvNet,internal,000134 (2).png,C:\Users\shrey\Downloads\MIP_project_part2\Lung-Cancer-Classification-\Lung-Cancer-Classification-\Data\test\adenocarcinoma\000134 (2).png,adenocarcinoma,normal,0.53865993,0.51326245,1.1614273,0.017308204,False,False
MiniConvNet,internal,000134 (9).png,C:\Users\shrey\Downloads\MIP_project_part2\Lung-Cancer-Classification-\Lung-Cancer-Classification-\Data\test\adenocarcinoma\000134 (9).png,adenocarcinoma,large.cell.carcinoma,0.6260877,0.61691916,1.0389516,0.02000744,False,False
MiniConvNet,internal,000134.png,C:\Users\shrey\Downloads\MIP_project_part2\Lung-Cancer-Classification-\Lung-Cancer-Classification-\Data\test\adenocarcinoma\000134.png,adenocarcinoma,adenocarcinoma,0.84314686,0.83850586,0.60459375,0.021567235,True,True
MiniConvNet,internal,000135 (5).png,C:\Users\shrey\Downloads\MIP_project_part2\Lung-Cancer-Classification-\Lung-Cancer-Classification-\Data\test\adenocarcinoma\000135 (5).png,adenocarcinoma,adenocarcinoma,0.42428774,0.3133611,1.3705509,0.008699409,True,True
MiniConvNet,internal,000136 (2).png,C:\Users\shrey\Downloads\MIP_project_part2\Lung-Cancer-Classification-\Lung-Cancer-Classification-\Data\test\adenocarcinoma\000136 (2).png,adenocarcinoma,normal,0.50658965,0.48162588,1.2493203,0.011118041,False,False
MiniConvNet,internal,000136 (8).png,C:\Users\shrey\Downloads\MIP_project_part2\Lung-Cancer-Classification-\Lung-Cancer-Classification-\Data\test\adenocarcinoma\000136 (8).png,adenocarcinoma,large.cell.carcinoma,0.9915993,0.9876128,0.078543566,9.382446e-05,False,False
MiniConvNet,internal,000137 (2).png,C:\Users\shrey\Downloads\MIP_project_part2\Lung-Cancer-Classification-\Lung-Cancer-Classification-\Data\test\adenocarcinoma\000137 (2).png,adenocarcinoma,large.cell.carcinoma,0.30010438,0.31351486,1.3596874,0.0036655255,False,False
MiniConvNet,internal,000137 (4).png,C:\Users\shrey\Downloads\MIP_project_part2\Lung-Cancer-Classification-\Lung-Cancer-Classification-\Data\test\adenocarcinoma\000137 (4).png,adenocarcinoma,large.cell.carcinoma,0.47262016,0.47509307,1.171741,0.012496038,False,False
MiniConvNet,internal,000137 (8).png,C:\Users\shrey\Downloads\MIP_project_part2\Lung-Cancer-Classification-\Lung-Cancer-Classification-\Data\test\adenocarcinoma\000137 (8).png,adenocarcinoma,large.cell.carcinoma,0.6681645,0.6711052,0.94843316,0.009373275,False,False
MiniConvNet,internal,000138 (6).png,C:\Users\shrey\Downloads\MIP_project_part2\Lung-Cancer-Classification-\Lung-Cancer-Classification-\Data\test\adenocarcinoma\000138 (6).png,adenocarcinoma,large.cell.carcinoma,0.5401475,0.528916,1.1726358,0.015716039,False,False
MiniConvNet,internal,000138 (9).png,C:\Users\shrey\Downloads\MIP_project_part2\Lung-Cancer-Classification-\Lung-Cancer-Classification-\Data\test\adenocarcinoma\000138 (9).png,adenocarcinoma,normal,0.36122513,0.369936,1.3484142,0.0140663665,False,False
MiniConvNet,internal,000139 (5).png,C:\Users\shrey\Downloads\MIP_project_part2\Lung-Cancer-Classification-\Lung-Cancer-Classification-\Data\test\adenocarcinoma\000139 (5).png,adenocarcinoma,adenocarcinoma,0.42508808,0.4398902,1.1788418,0.01492961,True,True
MiniConvNet,internal,000139 (6).png,C:\Users\shrey\Downloads\MIP_project_part2\Lung-Cancer-Classification-\Lung-Cancer-Classification-\Data\test\adenocarcinoma\000139 (6).png,adenocarcinoma,normal,0.7155514,0.70571846,0.8894833,0.0114519475,False,False
MiniConvNet,internal,000139 (8).png,C:\Users\shrey\Downloads\MIP_project_part2\Lung-Cancer-Classification-\Lung-Cancer-Classification-\Data\test\adenocarcinoma\000139 (8).png,adenocarcinoma,large.cell.carcinoma,0.93716836,0.904894,0.41791382,0.006671772,False,False
MiniConvNet,internal,000139 (9).png,C:\Users\shrey\Downloads\MIP_project_part2\Lung-Cancer-Classification-\Lung-Cancer-Classification-\Data\test\adenocarcinoma\000139 (9).png,adenocarcinoma,large.cell.carcinoma,0.6327137,0.5761722,1.0488906,0.020304479,False,False
MiniConvNet,internal,000139.png,C:\Users\shrey\Downloads\MIP_project_part2\Lung-Cancer-Classification-\Lung-Cancer-Classification-\Data\test\adenocarcinoma\000139.png,adenocarcinoma,normal,0.33452678,0.35503367,1.3413703,0.02068772,False,False
MiniConvNet,internal,000140.png,C:\Users\shrey\Downloads\MIP_project_part2\Lung-Cancer-Classification-\Lung-Cancer-Classification-\Data\test\adenocarcinoma\000140.png,adenocarcinoma,large.cell.carcinoma,0.57741654,0.5578277,1.1212878,0.004527917,False,False
MiniConvNet,internal,000141 (2).png,C:\Users\shrey\Downloads\MIP_project_part2\Lung-Cancer-Classification-\Lung-Cancer-Classification-\Data\test\adenocarcinoma\000141 (2).png,adenocarcinoma,normal,0.4747552,0.48564923,1.1710613,0.0095259575,False,False
MiniConvNet,internal,000142.png,C:\Users\shrey\Downloads\MIP_project_part2\Lung-Cancer-Classification-\Lung-Cancer-Classification-\Data\test\adenocarcinoma\000142.png,adenocarcinoma,adenocarcinoma,0.80607575,0.7627777,0.8079127,0.012012141,True,True
MiniConvNet,internal,000143 (5).png,C:\Users\shrey\Downloads\MIP_project_part2\Lung-Cancer-Classification-\Lung-Cancer-Classification-\Data\test\adenocarcinoma\000143 (5).png,adenocarcinoma,squamous.cell.carcinoma,0.3214684,0.36144802,1.3545951,0.02142941,False,False
MiniConvNet,internal,000143 (6).png,C:\Users\shrey\Downloads\MIP_project_part2\Lung-Cancer-Classification-\Lung-Cancer-Classification-\Data\test\adenocarcinoma\000143 (6).png,adenocarcinoma,large.cell.carcinoma,0.44382676,0.4327556,1.0818694,0.0096063735,False,False
MiniConvNet,internal,000144 (2).png,C:\Users\shrey\Downloads\MIP_project_part2\Lung-Cancer-Classification-\Lung-Cancer-Classification-\Data\test\adenocarcinoma\000144 (2).png,adenocarcinoma,normal,0.36930552,0.37767985,1.2330287,0.016592951,False,False
MiniConvNet,internal,000144 (5).png,C:\Users\shrey\Downloads\MIP_project_part2\Lung-Cancer-Classification-\Lung-Cancer-Classification-\Data\test\adenocarcinoma\000144 (5).png,adenocarcinoma,large.cell.carcinoma,0.5152537,0.55513406,1.1642225,0.00943813,False,False
MiniConvNet,internal,000145 (9).png,C:\Users\shrey\Downloads\MIP_project_part2\Lung-Cancer-Classification-\Lung-Cancer-Classification-\Data\test\adenocarcinoma\000145 (9).png,adenocarcinoma,large.cell.carcinoma,0.587344,0.5481828,1.0931083,0.018888986,False,False
MiniConvNet,internal,000146 (3).png,C:\Users\shrey\Downloads\MIP_project_part2\Lung-Cancer-Classification-\Lung-Cancer-Classification-\Data\test\adenocarcinoma\000146 (3).png,adenocarcinoma,large.cell.carcinoma,0.40571952,0.40181464,1.3057426,0.008867714,False,False
MiniConvNet,internal,000146 (6).png,C:\Users\shrey\Downloads\MIP_project_part2\Lung-Cancer-Classification-\Lung-Cancer-Classification-\Data\test\adenocarcinoma\000146 (6).png,adenocarcinoma,large.cell.carcinoma,0.42082566,0.4388971,1.2745574,0.021524109,False,False
MiniConvNet,internal,000147.png,C:\Users\shrey\Downloads\MIP_project_part2\Lung-Cancer-Classification-\Lung-Cancer-Classification-\Data\test\adenocarcinoma\000147.png,adenocarcinoma,large.cell.carcinoma,0.46886867,0.43673152,1.2278492,0.016089601,False,False
MiniConvNet,internal,000148 (3).png,C:\Users\shrey\Downloads\MIP_project_part2\Lung-Cancer-Classification-\Lung-Cancer-Classification-\Data\test\adenocarcinoma\000148 (3).png,adenocarcinoma,adenocarcinoma,0.38207,0.35522994,1.3562673,0.010896759,True,True
MiniConvNet,internal,000148 (6).png,C:\Users\shrey\Downloads\MIP_project_part2\Lung-Cancer-Classification-\Lung-Cancer-Classification-\Data\test\adenocarcinoma\000148 (6).png,adenocarcinoma,large.cell.carcinoma,0.97450393,0.9676894,0.17759782,0.0009990131,False,False
MiniConvNet,internal,000148 (8).png,C:\Users\shrey\Downloads\MIP_project_part2\Lung-Cancer-Classification-\Lung-Cancer-Classification-\Data\test\adenocarcinoma\000148 (8).png,adenocarcinoma,large.cell.carcinoma,0.75121605,0.7459886,0.81695235,0.011645279,False,False
MiniConvNet,internal,000148.png,C:\Users\shrey\Downloads\MIP_project_part2\Lung-Cancer-Classification-\Lung-Cancer-Classification-\Data\test\adenocarcinoma\000148.png,adenocarcinoma,adenocarcinoma,0.45000672,0.42146254,1.2683365,0.013269689,True,True
MiniConvNet,internal,000149 (2).png,C:\Users\shrey\Downloads\MIP_project_part2\Lung-Cancer-Classification-\Lung-Cancer-Classification-\Data\test\adenocarcinoma\000149 (2).png,adenocarcinoma,large.cell.carcinoma,0.36998048,0.33751383,1.3454301,0.011313892,False,False
MiniConvNet,internal,000149 (4).png,C:\Users\shrey\Downloads\MIP_project_part2\Lung-Cancer-Classification-\Lung-Cancer-Classification-\Data\test\adenocarcinoma\000149 (4).png,adenocarcinoma,large.cell.carcinoma,0.4020344,0.39094678,1.3348322,0.011092565,False,False
MiniConvNet,internal,000149 (7).png,C:\Users\shrey\Downloads\MIP_project_part2\Lung-Cancer-Classification-\Lung-Cancer-Classification-\Data\test\adenocarcinoma\000149 (7).png,adenocarcinoma,large.cell.carcinoma,0.43173677,0.4484075,1.2069241,0.010999999,False,False
MiniConvNet,internal,000151 (5).png,C:\Users\shrey\Downloads\MIP_project_part2\Lung-Cancer-Classification-\Lung-Cancer-Classification-\Data\test\adenocarcinoma\000151 (5).png,adenocarcinoma,large.cell.carcinoma,0.33992854,0.30311725,1.3457872,0.005373061,False,False
MiniConvNet,internal,000153 (5).png,C:\Users\shrey\Downloads\MIP_project_part2\Lung-Cancer-Classification-\Lung-Cancer-Classification-\Data\test\adenocarcinoma\000153 (5).png,adenocarcinoma,squamous.cell.carcinoma,0.31443816,0.35887164,1.3471342,0.027370064,False,False
MiniConvNet,internal,000155 (4).png,C:\Users\shrey\Downloads\MIP_project_part2\Lung-Cancer-Classification-\Lung-Cancer-Classification-\Data\test\adenocarcinoma\000155 (4).png,adenocarcinoma,adenocarcinoma,0.33696166,0.35835704,1.3086816,0.0077198604,True,False
MiniConvNet,internal,000155.png,C:\Users\shrey\Downloads\MIP_project_part2\Lung-Cancer-Classification-\Lung-Cancer-Classification-\Data\test\adenocarcinoma\000155.png,adenocarcinoma,large.cell.carcinoma,0.42369634,0.39569864,1.23211,0.020323226,False,False
MiniConvNet,internal,000156 (4).png,C:\Users\shrey\Downloads\MIP_project_part2\Lung-Cancer-Classification-\Lung-Cancer-Classification-\Data\test\adenocarcinoma\000156 (4).png,adenocarcinoma,large.cell.carcinoma,0.6191624,0.5396453,1.1061105,0.029689647,False,False
MiniConvNet,internal,000157 (5).png,C:\Users\shrey\Downloads\MIP_project_part2\Lung-Cancer-Classification-\Lung-Cancer-Classification-\Data\test\adenocarcinoma\000157 (5).png,adenocarcinoma,large.cell.carcinoma,0.8141199,0.7309777,0.8512468,0.01952699,False,False
MiniConvNet,internal,000157 (6).png,C:\Users\shrey\Downloads\MIP_project_part2\Lung-Cancer-Classification-\Lung-Cancer-Classification-\Data\test\adenocarcinoma\000157 (6).png,adenocarcinoma,normal,0.52635705,0.45851782,1.2805717,0.016318753,False,False
MiniConvNet,internal,000158 (2).png,C:\Users\shrey\Downloads\MIP_project_part2\Lung-Cancer-Classification-\Lung-Cancer-Classification-\Data\test\adenocarcinoma\000158 (2).png,adenocarcinoma,normal,0.6233035,0.57064235,1.1535989,0.038654998,False,False
MiniConvNet,internal,000158 (3).png,C:\Users\shrey\Downloads\MIP_project_part2\Lung-Cancer-Classification-\Lung-Cancer-Classification-\Data\test\adenocarcinoma\000158 (3).png,adenocarcinoma,large.cell.carcinoma,0.76457554,0.7286394,0.79041207,0.015255026,False,False
MiniConvNet,internal,000158 (5).png,C:\Users\shrey\Downloads\MIP_project_part2\Lung-Cancer-Classification-\Lung-Cancer-Classification-\Data\test\adenocarcinoma\000158 (5).png,adenocarcinoma,large.cell.carcinoma,0.5084567,0.5579881,1.1324495,0.015494946,False,False
MiniConvNet,internal,000158 (6).png,C:\Users\shrey\Downloads\MIP_project_part2\Lung-Cancer-Classification-\Lung-Cancer-Classification-\Data\test\adenocarcinoma\000158 (6).png,adenocarcinoma,large.cell.carcinoma,0.8107451,0.79018366,0.7036087,0.016135026,False,False
MiniConvNet,internal,000158.png,C:\Users\shrey\Downloads\MIP_project_part2\Lung-Cancer-Classification-\Lung-Cancer-Classification-\Data\test\adenocarcinoma\000158.png,adenocarcinoma,adenocarcinoma,0.7908612,0.80550563,0.702534,0.015766455,True,True
MiniConvNet,internal,000160 (4).png,C:\Users\shrey\Downloads\MIP_project_part2\Lung-Cancer-Classification-\Lung-Cancer-Classification-\Data\test\adenocarcinoma\000160 (4).png,adenocarcinoma,large.cell.carcinoma,0.33809584,0.3419685,1.3470945,0.009701704,False,False
MiniConvNet,internal,000160 (6).png,C:\Users\shrey\Downloads\MIP_project_part2\Lung-Cancer-Classification-\Lung-Cancer-Classification-\Data\test\adenocarcinoma\000160 (6).png,adenocarcinoma,large.cell.carcinoma,0.9334366,0.902736,0.40329003,0.006599024,False,False
MiniConvNet,internal,000161 (4).png,C:\Users\shrey\Downloads\MIP_project_part2\Lung-Cancer-Classification-\Lung-Cancer-Classification-\Data\test\adenocarcinoma\000161 (4).png,adenocarcinoma,large.cell.carcinoma,0.88240474,0.8747704,0.51233137,0.007049849,False,False
MiniConvNet,internal,000161 (5).png,C:\Users\shrey\Downloads\MIP_project_part2\Lung-Cancer-Classification-\Lung-Cancer-Classification-\Data\test\adenocarcinoma\000161 (5).png,adenocarcinoma,large.cell.carcinoma,0.2998653,0.3476799,1.3201084,0.0091626495,False,False
MiniConvNet,internal,000163 (3).png,C:\Users\shrey\Downloads\MIP_project_part2\Lung-Cancer-Classification-\Lung-Cancer-Classification-\Data\test\adenocarcinoma\000163 (3).png,adenocarcinoma,adenocarcinoma,0.69640905,0.6912253,0.7758788,0.0084653795,True,True
MiniConvNet,internal,000163 (7).png,C:\Users\shrey\Downloads\MIP_project_part2\Lung-Cancer-Classification-\Lung-Cancer-Classification-\Data\test\adenocarcinoma\000163 (7).png,adenocarcinoma,large.cell.carcinoma,0.37770313,0.39163855,1.2823381,0.007862251,False,False
MiniConvNet,internal,000164 (5).png,C:\Users\shrey\Downloads\MIP_project_part2\Lung-Cancer-Classification-\Lung-Cancer-Classification-\Data\test\adenocarcinoma\000164 (5).png,adenocarcinoma,normal,0.33227432,0.2915791,1.3739877,0.019239195,False,False
MiniConvNet,internal,000165 (6).png,C:\Users\shrey\Downloads\MIP_project_part2\Lung-Cancer-Classification-\Lung-Cancer-Classification-\Data\test\adenocarcinoma\000165 (6).png,adenocarcinoma,large.cell.carcinoma,0.8239221,0.7672864,0.7478231,0.0096950075,False,False
MiniConvNet,internal,000166 (2).png,C:\Users\shrey\Downloads\MIP_project_part2\Lung-Cancer-Classification-\Lung-Cancer-Classification-\Data\test\adenocarcinoma\000166 (2).png,adenocarcinoma,normal,0.5376115,0.52990335,1.1664828,0.012013154,False,False
MiniConvNet,internal,000166 (3).png,C:\Users\shrey\Downloads\MIP_project_part2\Lung-Cancer-Classification-\Lung-Cancer-Classification-\Data\test\adenocarcinoma\000166 (3).png,adenocarcinoma,large.cell.carcinoma,0.8921724,0.8541372,0.5702514,0.020125806,False,False
MiniConvNet,internal,000166 (4).png,C:\Users\shrey\Downloads\MIP_project_part2\Lung-Cancer-Classification-\Lung-Cancer-Classification-\Data\test\adenocarcinoma\000166 (4).png,adenocarcinoma,adenocarcinoma,0.33425388,0.33099657,1.3235638,0.009701521,True,True
MiniConvNet,internal,000167 (3).png,C:\Users\shrey\Downloads\MIP_project_part2\Lung-Cancer-Classification-\Lung-Cancer-Classification-\Data\test\adenocarcinoma\000167 (3).png,adenocarcinoma,large.cell.carcinoma,0.91013294,0.8843128,0.479962,0.0035178626,False,False
MiniConvNet,internal,000167 (8).png,C:\Users\shrey\Downloads\MIP_project_part2\Lung-Cancer-Classification-\Lung-Cancer-Classification-\Data\test\adenocarcinoma\000167 (8).png,adenocarcinoma,adenocarcinoma,0.36056432,0.35945207,1.3548206,0.018986387,True,True
MiniConvNet,internal,000168 (3).png,C:\Users\shrey\Downloads\MIP_project_part2\Lung-Cancer-Classification-\Lung-Cancer-Classification-\Data\test\adenocarcinoma\000168 (3).png,adenocarcinoma,adenocarcinoma,0.42114243,0.44688,1.2394756,0.010610718,True,True
MiniConvNet,internal,000171 (5).png,C:\Users\shrey\Downloads\MIP_project_part2\Lung-Cancer-Classification-\Lung-Cancer-Classification-\Data\test\adenocarcinoma\000171 (5).png,adenocarcinoma,large.cell.carcinoma,0.43469304,0.4155755,1.1578004,0.01219373,False,False
MiniConvNet,internal,000171.png,C:\Users\shrey\Downloads\MIP_project_part2\Lung-Cancer-Classification-\Lung-Cancer-Classification-\Data\test\adenocarcinoma\000171.png,adenocarcinoma,adenocarcinoma,0.89618224,0.82939655,0.63569045,0.01626681,True,True
MiniConvNet,internal,000172 (3).png,C:\Users\shrey\Downloads\MIP_project_part2\Lung-Cancer-Classification-\Lung-Cancer-Classification-\Data\test\adenocarcinoma\000172 (3).png,adenocarcinoma,large.cell.carcinoma,0.74883074,0.7505472,0.82979155,0.008643272,False,False
MiniConvNet,internal,000173 (5).png,C:\Users\shrey\Downloads\MIP_project_part2\Lung-Cancer-Classification-\Lung-Cancer-Classification-\Data\test\adenocarcinoma\000173 (5).png,adenocarcinoma,large.cell.carcinoma,0.7403464,0.621497,1.0492038,0.01830424,False,False
MiniConvNet,internal,000173 (7).png,C:\Users\shrey\Downloads\MIP_project_part2\Lung-Cancer-Classification-\Lung-Cancer-Classification-\Data\test\adenocarcinoma\000173 (7).png,adenocarcinoma,normal,0.5699788,0.56986785,1.1334507,0.016267098,False,False
MiniConvNet,internal,000174 (4).png,C:\Users\shrey\Downloads\MIP_project_part2\Lung-Cancer-Classification-\Lung-Cancer-Classification-\Data\test\adenocarcinoma\000174 (4).png,adenocarcinoma,large.cell.carcinoma,0.75674653,0.6598102,0.93686074,0.015927969,False,False
MiniConvNet,internal,000176 (2).png,C:\Users\shrey\Downloads\MIP_project_part2\Lung-Cancer-Classification-\Lung-Cancer-Classification-\Data\test\adenocarcinoma\000176 (2).png,adenocarcinoma,normal,0.3184503,0.3304984,1.3525999,0.016919319,False,False
MiniConvNet,internal,000177 (4).png,C:\Users\shrey\Downloads\MIP_project_part2\Lung-Cancer-Classification-\Lung-Cancer-Classification-\Data\test\adenocarcinoma\000177 (4).png,adenocarcinoma,adenocarcinoma,0.3618028,0.32339668,1.3062624,0.0086863795,True,False
MiniConvNet,internal,000177.png,C:\Users\shrey\Downloads\MIP_project_part2\Lung-Cancer-Classification-\Lung-Cancer-Classification-\Data\test\adenocarcinoma\000177.png,adenocarcinoma,large.cell.carcinoma,0.43695456,0.42567882,1.2087198,0.01737219,False,False
MiniConvNet,internal,000108.png,C:\Users\shrey\Downloads\MIP_project_part2\Lung-Cancer-Classification-\Lung-Cancer-Classification-\Data\test\large.cell.carcinoma\000108.png,large.cell.carcinoma,large.cell.carcinoma,0.83276725,0.8080644,0.6814314,0.012485837,True,True
MiniConvNet,internal,000110.png,C:\Users\shrey\Downloads\MIP_project_part2\Lung-Cancer-Classification-\Lung-Cancer-Classification-\Data\test\large.cell.carcinoma\000110.png,large.cell.carcinoma,large.cell.carcinoma,0.6226111,0.64815676,0.9107716,0.016213048,True,True
MiniConvNet,internal,000111 (2).png,C:\Users\shrey\Downloads\MIP_project_part2\Lung-Cancer-Classification-\Lung-Cancer-Classification-\Data\test\large.cell.carcinoma\000111 (2).png,large.cell.carcinoma,large.cell.carcinoma,0.69280034,0.6566625,0.98575777,0.022017913,True,True
MiniConvNet,internal,000111.png,C:\Users\shrey\Downloads\MIP_project_part2\Lung-Cancer-Classification-\Lung-Cancer-Classification-\Data\test\large.cell.carcinoma\000111.png,large.cell.carcinoma,large.cell.carcinoma,0.68708843,0.6545134,0.9301156,0.018522914,True,True
MiniConvNet,internal,000113 (2).png,C:\Users\shrey\Downloads\MIP_project_part2\Lung-Cancer-Classification-\Lung-Cancer-Classification-\Data\test\large.cell.carcinoma\000113 (2).png,large.cell.carcinoma,large.cell.carcinoma,0.8629445,0.8344185,0.6269877,0.0052710795,True,True
MiniConvNet,internal,000113.png,C:\Users\shrey\Downloads\MIP_project_part2\Lung-Cancer-Classification-\Lung-Cancer-Classification-\Data\test\large.cell.carcinoma\000113.png,large.cell.carcinoma,large.cell.carcinoma,0.4144615,0.41630372,1.2054693,0.012855049,True,True
MiniConvNet,internal,000114.png,C:\Users\shrey\Downloads\MIP_project_part2\Lung-Cancer-Classification-\Lung-Cancer-Classification-\Data\test\large.cell.carcinoma\000114.png,large.cell.carcinoma,large.cell.carcinoma,0.73202676,0.64108986,0.99128366,0.021699259,True,True
MiniConvNet,internal,000115 (2).png,C:\Users\shrey\Downloads\MIP_project_part2\Lung-Cancer-Classification-\Lung-Cancer-Classification-\Data\test\large.cell.carcinoma\000115 (2).png,large.cell.carcinoma,normal,0.42712623,0.46227878,1.2561133,0.009530426,False,False
MiniConvNet,internal,000116.png,C:\Users\shrey\Downloads\MIP_project_part2\Lung-Cancer-Classification-\Lung-Cancer-Classification-\Data\test\large.cell.carcinoma\000116.png,large.cell.carcinoma,large.cell.carcinoma,0.805827,0.7225881,0.8640524,0.023618218,True,True
MiniConvNet,internal,000118.png,C:\Users\shrey\Downloads\MIP_project_part2\Lung-Cancer-Classification-\Lung-Cancer-Classification-\Data\test\large.cell.carcinoma\000118.png,large.cell.carcinoma,large.cell.carcinoma,0.72186244,0.68063754,0.96635175,0.0205756,True,True
MiniConvNet,internal,000120.png,C:\Users\shrey\Downloads\MIP_project_part2\Lung-Cancer-Classification-\Lung-Cancer-Classification-\Data\test\large.cell.carcinoma\000120.png,large.cell.carcinoma,large.cell.carcinoma,0.95036215,0.9383409,0.28257275,0.002677506,True,True
MiniConvNet,internal,000122.png,C:\Users\shrey\Downloads\MIP_project_part2\Lung-Cancer-Classification-\Lung-Cancer-Classification-\Data\test\large.cell.carcinoma\000122.png,large.cell.carcinoma,large.cell.carcinoma,0.7074493,0.6548968,1.0056405,0.013527256,True,True
MiniConvNet,internal,000123.png,C:\Users\shrey\Downloads\MIP_project_part2\Lung-Cancer-Classification-\Lung-Cancer-Classification-\Data\test\large.cell.carcinoma\000123.png,large.cell.carcinoma,large.cell.carcinoma,0.9295621,0.86958855,0.5211946,0.0149085475,True,True
MiniConvNet,internal,000124 (2).png,C:\Users\shrey\Downloads\MIP_project_part2\Lung-Cancer-Classification-\Lung-Cancer-Classification-\Data\test\large.cell.carcinoma\000124 (2).png,large.cell.carcinoma,large.cell.carcinoma,0.91455984,0.8934278,0.4419206,0.00990166,True,True
MiniConvNet,internal,000126.png,C:\Users\shrey\Downloads\MIP_project_part2\Lung-Cancer-Classification-\Lung-Cancer-Classification-\Data\test\large.cell.carcinoma\000126.png,large.cell.carcinoma,large.cell.carcinoma,0.904628,0.8820735,0.4822482,0.0067659463,True,True
MiniConvNet,internal,000127 (2).png,C:\Users\shrey\Downloads\MIP_project_part2\Lung-Cancer-Classification-\Lung-Cancer-Classification-\Data\test\large.cell.carcinoma\000127 (2).png,large.cell.carcinoma,large.cell.carcinoma,0.93239015,0.90116674,0.41316622,0.0064001703,True,True
MiniConvNet,internal,000128 (2).png,C:\Users\shrey\Downloads\MIP_project_part2\Lung-Cancer-Classification-\Lung-Cancer-Classification-\Data\test\large.cell.carcinoma\000128 (2).png,large.cell.carcinoma,large.cell.carcinoma,0.506491,0.45740202,1.1885432,0.015707241,True,True
MiniConvNet,internal,000128.png,C:\Users\shrey\Downloads\MIP_project_part2\Lung-Cancer-Classification-\Lung-Cancer-Classification-\Data\test\large.cell.carcinoma\000128.png,large.cell.carcinoma,large.cell.carcinoma,0.7453575,0.722656,0.85861355,0.008590225,True,True
MiniConvNet,internal,000130.png,C:\Users\shrey\Downloads\MIP_project_part2\Lung-Cancer-Classification-\Lung-Cancer-Classification-\Data\test\large.cell.carcinoma\000130.png,large.cell.carcinoma,large.cell.carcinoma,0.8247451,0.767699,0.7966858,0.017653482,True,True
MiniConvNet,internal,000131 (2).png,C:\Users\shrey\Downloads\MIP_project_part2\Lung-Cancer-Classification-\Lung-Cancer-Classification-\Data\test\large.cell.carcinoma\000131 (2).png,large.cell.carcinoma,large.cell.carcinoma,0.8409015,0.76614326,0.8005341,0.0140894605,True,True
MiniConvNet,internal,000131.png,C:\Users\shrey\Downloads\MIP_project_part2\Lung-Cancer-Classification-\Lung-Cancer-Classification-\Data\test\large.cell.carcinoma\000131.png,large.cell.carcinoma,large.cell.carcinoma,0.57071906,0.5884222,0.99234474,0.018629253,True,True
MiniConvNet,internal,000132 (2).png,C:\Users\shrey\Downloads\MIP_project_part2\Lung-Cancer-Classification-\Lung-Cancer-Classification-\Data\test\large.cell.carcinoma\000132 (2).png,large.cell.carcinoma,large.cell.carcinoma,0.46906614,0.4626788,1.1848881,0.01672924,True,True
MiniConvNet,internal,000133 (2).png,C:\Users\shrey\Downloads\MIP_project_part2\Lung-Cancer-Classification-\Lung-Cancer-Classification-\Data\test\large.cell.carcinoma\000133 (2).png,large.cell.carcinoma,large.cell.carcinoma,0.58195,0.57293093,1.0792694,0.008682055,True,True
MiniConvNet,internal,000133.png,C:\Users\shrey\Downloads\MIP_project_part2\Lung-Cancer-Classification-\Lung-Cancer-Classification-\Data\test\large.cell.carcinoma\000133.png,large.cell.carcinoma,large.cell.carcinoma,0.7352587,0.7042149,0.8999249,0.014913816,True,True
MiniConvNet,internal,000136 (2).png,C:\Users\shrey\Downloads\MIP_project_part2\Lung-Cancer-Classification-\Lung-Cancer-Classification-\Data\test\large.cell.carcinoma\000136 (2).png,large.cell.carcinoma,large.cell.carcinoma,0.97383344,0.95685285,0.22192255,0.0021102608,True,True
MiniConvNet,internal,000137.png,C:\Users\shrey\Downloads\MIP_project_part2\Lung-Cancer-Classification-\Lung-Cancer-Classification-\Data\test\large.cell.carcinoma\000137.png,large.cell.carcinoma,large.cell.carcinoma,0.55778044,0.5727148,1.0946993,0.008064534,True,True
MiniConvNet,internal,000138 (2).png,C:\Users\shrey\Downloads\MIP_project_part2\Lung-Cancer-Classification-\Lung-Cancer-Classification-\Data\test\large.cell.carcinoma\000138 (2).png,large.cell.carcinoma,squamous.cell.carcinoma,0.32936722,0.33445132,1.3192954,0.009882439,False,False
MiniConvNet,internal,000141.png,C:\Users\shrey\Downloads\MIP_project_part2\Lung-Cancer-Classification-\Lung-Cancer-Classification-\Data\test\large.cell.carcinoma\000141.png,large.cell.carcinoma,large.cell.carcinoma,0.9166492,0.8519808,0.5609271,0.012903506,True,True
MiniConvNet,internal,000143.png,C:\Users\shrey\Downloads\MIP_project_part2\Lung-Cancer-Classification-\Lung-Cancer-Classification-\Data\test\large.cell.carcinoma\000143.png,large.cell.carcinoma,normal,0.5513644,0.5630297,0.99659324,0.015032491,False,False
MiniConvNet,internal,000147 (2).png,C:\Users\shrey\Downloads\MIP_project_part2\Lung-Cancer-Classification-\Lung-Cancer-Classification-\Data\test\large.cell.carcinoma\000147 (2).png,large.cell.carcinoma,squamous.cell.carcinoma,0.52480286,0.50017846,1.1816524,0.020646667,False,False
MiniConvNet,internal,000148 (2).png,C:\Users\shrey\Downloads\MIP_project_part2\Lung-Cancer-Classification-\Lung-Cancer-Classification-\Data\test\large.cell.carcinoma\000148 (2).png,large.cell.carcinoma,large.cell.carcinoma,0.35236877,0.3399673,1.3235841,0.0045810444,True,True
MiniConvNet,internal,000148.png,C:\Users\shrey\Downloads\MIP_project_part2\Lung-Cancer-Classification-\Lung-Cancer-Classification-\Data\test\large.cell.carcinoma\000148.png,large.cell.carcinoma,large.cell.carcinoma,0.87493414,0.8660047,0.52324784,0.0065698246,True,True
MiniConvNet,internal,000149.png,C:\Users\shrey\Downloads\MIP_project_part2\Lung-Cancer-Classification-\Lung-Cancer-Classification-\Data\test\large.cell.carcinoma\000149.png,large.cell.carcinoma,large.cell.carcinoma,0.819136,0.80676335,0.66271454,0.01667564,True,True
MiniConvNet,internal,000150.png,C:\Users\shrey\Downloads\MIP_project_part2\Lung-Cancer-Classification-\Lung-Cancer-Classification-\Data\test\large.cell.carcinoma\000150.png,large.cell.carcinoma,large.cell.carcinoma,0.6017524,0.4744601,1.0805299,0.024777167,True,True
MiniConvNet,internal,000154 (2).png,C:\Users\shrey\Downloads\MIP_project_part2\Lung-Cancer-Classification-\Lung-Cancer-Classification-\Data\test\large.cell.carcinoma\000154 (2).png,large.cell.carcinoma,large.cell.carcinoma,0.9548904,0.94045013,0.27939397,0.001721674,True,True
MiniConvNet,internal,000154.png,C:\Users\shrey\Downloads\MIP_project_part2\Lung-Cancer-Classification-\Lung-Cancer-Classification-\Data\test\large.cell.carcinoma\000154.png,large.cell.carcinoma,large.cell.carcinoma,0.43252072,0.4417687,1.2293849,0.01105617,True,True
MiniConvNet,internal,000155.png,C:\Users\shrey\Downloads\MIP_project_part2\Lung-Cancer-Classification-\Lung-Cancer-Classification-\Data\test\large.cell.carcinoma\000155.png,large.cell.carcinoma,large.cell.carcinoma,0.8710398,0.7937291,0.69459957,0.016715426,True,True
MiniConvNet,internal,000158.png,C:\Users\shrey\Downloads\MIP_project_part2\Lung-Cancer-Classification-\Lung-Cancer-Classification-\Data\test\large.cell.carcinoma\000158.png,large.cell.carcinoma,large.cell.carcinoma,0.8207392,0.81382364,0.63024807,0.017245246,True,True
MiniConvNet,internal,000159 (2).png,C:\Users\shrey\Downloads\MIP_project_part2\Lung-Cancer-Classification-\Lung-Cancer-Classification-\Data\test\large.cell.carcinoma\000159 (2).png,large.cell.carcinoma,large.cell.carcinoma,0.9389547,0.9413575,0.28573942,0.002022385,True,True
MiniConvNet,internal,000159.png,C:\Users\shrey\Downloads\MIP_project_part2\Lung-Cancer-Classification-\Lung-Cancer-Classification-\Data\test\large.cell.carcinoma\000159.png,large.cell.carcinoma,large.cell.carcinoma,0.77191806,0.782982,0.726659,0.009679462,True,True
MiniConvNet,internal,000160.png,C:\Users\shrey\Downloads\MIP_project_part2\Lung-Cancer-Classification-\Lung-Cancer-Classification-\Data\test\large.cell.carcinoma\000160.png,large.cell.carcinoma,large.cell.carcinoma,0.6035941,0.6208633,1.0505724,0.009062429,True,True
MiniConvNet,internal,000162.png,C:\Users\shrey\Downloads\MIP_project_part2\Lung-Cancer-Classification-\Lung-Cancer-Classification-\Data\test\large.cell.carcinoma\000162.png,large.cell.carcinoma,large.cell.carcinoma,0.7936523,0.8130483,0.6690389,0.0061832895,True,True
MiniConvNet,internal,000163.png,C:\Users\shrey\Downloads\MIP_project_part2\Lung-Cancer-Classification-\Lung-Cancer-Classification-\Data\test\large.cell.carcinoma\000163.png,large.cell.carcinoma,large.cell.carcinoma,0.87506247,0.87614036,0.5018433,0.0052080364,True,True
MiniConvNet,internal,000169.png,C:\Users\shrey\Downloads\MIP_project_part2\Lung-Cancer-Classification-\Lung-Cancer-Classification-\Data\test\large.cell.carcinoma\000169.png,large.cell.carcinoma,large.cell.carcinoma,0.9315815,0.92287356,0.35032198,0.01064275,True,True
MiniConvNet,internal,000170.png,C:\Users\shrey\Downloads\MIP_project_part2\Lung-Cancer-Classification-\Lung-Cancer-Classification-\Data\test\large.cell.carcinoma\000170.png,large.cell.carcinoma,large.cell.carcinoma,0.6030825,0.5704898,1.1514301,0.014947502,True,True
MiniConvNet,internal,000171.png,C:\Users\shrey\Downloads\MIP_project_part2\Lung-Cancer-Classification-\Lung-Cancer-Classification-\Data\test\large.cell.carcinoma\000171.png,large.cell.carcinoma,large.cell.carcinoma,0.9381416,0.9194755,0.36113974,0.007782157,True,True
MiniConvNet,internal,000172 (2).png,C:\Users\shrey\Downloads\MIP_project_part2\Lung-Cancer-Classification-\Lung-Cancer-Classification-\Data\test\large.cell.carcinoma\000172 (2).png,large.cell.carcinoma,large.cell.carcinoma,0.88330305,0.8500931,0.5781164,0.007416365,True,True
MiniConvNet,internal,000172.png,C:\Users\shrey\Downloads\MIP_project_part2\Lung-Cancer-Classification-\Lung-Cancer-Classification-\Data\test\large.cell.carcinoma\000172.png,large.cell.carcinoma,large.cell.carcinoma,0.75943524,0.7205525,0.8394229,0.021776218,True,True
MiniConvNet,internal,000173 (2).png,C:\Users\shrey\Downloads\MIP_project_part2\Lung-Cancer-Classification-\Lung-Cancer-Classification-\Data\test\large.cell.carcinoma\000173 (2).png,large.cell.carcinoma,large.cell.carcinoma,0.8205379,0.773799,0.74484307,0.004178672,True,True
MiniConvNet,internal,000173.png,C:\Users\shrey\Downloads\MIP_project_part2\Lung-Cancer-Classification-\Lung-Cancer-Classification-\Data\test\large.cell.carcinoma\000173.png,large.cell.carcinoma,large.cell.carcinoma,0.65095013,0.63530904,0.96876985,0.02581582,True,True
MiniConvNet,internal,000174.png,C:\Users\shrey\Downloads\MIP_project_part2\Lung-Cancer-Classification-\Lung-Cancer-Classification-\Data\test\large.cell.carcinoma\000174.png,large.cell.carcinoma,large.cell.carcinoma,0.83000195,0.772035,0.7741549,0.024643088,True,True
MiniConvNet,internal,10 (2) - Copy.png,C:\Users\shrey\Downloads\MIP_project_part2\Lung-Cancer-Classification-\Lung-Cancer-Classification-\Data\test\normal\10 (2) - Copy.png,normal,normal,0.97016823,0.9321135,0.30629346,0.006329479,True,True
MiniConvNet,internal,10 (2).png,C:\Users\shrey\Downloads\MIP_project_part2\Lung-Cancer-Classification-\Lung-Cancer-Classification-\Data\test\normal\10 (2).png,normal,normal,0.97016823,0.9409907,0.26871237,0.0053114765,True,True
MiniConvNet,internal,10 - Copy (2) - Copy.png,C:\Users\shrey\Downloads\MIP_project_part2\Lung-Cancer-Classification-\Lung-Cancer-Classification-\Data\test\normal\10 - Copy (2) - Copy.png,normal,normal,0.991527,0.9821759,0.10617569,0.0003689354,True,True
MiniConvNet,internal,10 - Copy (2).png,C:\Users\shrey\Downloads\MIP_project_part2\Lung-Cancer-Classification-\Lung-Cancer-Classification-\Data\test\normal\10 - Copy (2).png,normal,normal,0.991527,0.97179264,0.1574858,0.00087073364,True,True
MiniConvNet,internal,10 - Copy (3).png,C:\Users\shrey\Downloads\MIP_project_part2\Lung-Cancer-Classification-\Lung-Cancer-Classification-\Data\test\normal\10 - Copy (3).png,normal,normal,0.9669572,0.9453983,0.25675625,0.001767507,True,True
MiniConvNet,internal,10 - Copy - Copy.png,C:\Users\shrey\Downloads\MIP_project_part2\Lung-Cancer-Classification-\Lung-Cancer-Classification-\Data\test\normal\10 - Copy - Copy.png,normal,normal,0.9938372,0.9893585,0.067896225,0.00010178599,True,True
MiniConvNet,internal,10 - Copy.png,C:\Users\shrey\Downloads\MIP_project_part2\Lung-Cancer-Classification-\Lung-Cancer-Classification-\Data\test\normal\10 - Copy.png,normal,normal,0.9938372,0.9795681,0.12100405,0.0010719297,True,True
MiniConvNet,internal,10.png,C:\Users\shrey\Downloads\MIP_project_part2\Lung-Cancer-Classification-\Lung-Cancer-Classification-\Data\test\normal\10.png,normal,normal,0.9669572,0.9118194,0.37060547,0.004418494,True,True
MiniConvNet,internal,11 (2) - Copy.png,C:\Users\shrey\Downloads\MIP_project_part2\Lung-Cancer-Classification-\Lung-Cancer-Classification-\Data\test\normal\11 (2) - Copy.png,normal,normal,0.9591457,0.9290429,0.3202497,0.006713868,True,True
MiniConvNet,internal,11 (2).png,C:\Users\shrey\Downloads\MIP_project_part2\Lung-Cancer-Classification-\Lung-Cancer-Classification-\Data\test\normal\11 (2).png,normal,normal,0.9591457,0.92547786,0.31692353,0.0038742265,True,True
MiniConvNet,internal,11 - Copy (2) - Copy.png,C:\Users\shrey\Downloads\MIP_project_part2\Lung-Cancer-Classification-\Lung-Cancer-Classification-\Data\test\normal\11 - Copy (2) - Copy.png,normal,normal,0.9529316,0.92581904,0.31656373,0.0028969971,True,True
MiniConvNet,internal,11 - Copy (2).png,C:\Users\shrey\Downloads\MIP_project_part2\Lung-Cancer-Classification-\Lung-Cancer-Classification-\Data\test\normal\11 - Copy (2).png,normal,normal,0.9529316,0.9309194,0.3056614,0.0059127887,True,True
MiniConvNet,internal,11 - Copy (3).png,C:\Users\shrey\Downloads\MIP_project_part2\Lung-Cancer-Classification-\Lung-Cancer-Classification-\Data\test\normal\11 - Copy (3).png,normal,normal,0.95819783,0.95208347,0.22914487,0.0029678033,True,True
MiniConvNet,internal,11 - Copy - Copy.png,C:\Users\shrey\Downloads\MIP_project_part2\Lung-Cancer-Classification-\Lung-Cancer-Classification-\Data\test\normal\11 - Copy - Copy.png,normal,normal,0.95266837,0.94593817,0.23984528,0.0015639117,True,True
MiniConvNet,internal,11 - Copy.png,C:\Users\shrey\Downloads\MIP_project_part2\Lung-Cancer-Classification-\Lung-Cancer-Classification-\Data\test\normal\11 - Copy.png,normal,normal,0.95266837,0.92022187,0.34264797,0.0035028064,True,True
MiniConvNet,internal,11.png,C:\Users\shrey\Downloads\MIP_project_part2\Lung-Cancer-Classification-\Lung-Cancer-Classification-\Data\test\normal\11.png,normal,normal,0.95819783,0.8971271,0.4134274,0.006252998,True,True
MiniConvNet,internal,12 (2) - Copy.png,C:\Users\shrey\Downloads\MIP_project_part2\Lung-Cancer-Classification-\Lung-Cancer-Classification-\Data\test\normal\12 (2) - Copy.png,normal,normal,0.99758995,0.9782436,0.1094959,0.0014735167,True,True
MiniConvNet,internal,12 (2).png,C:\Users\shrey\Downloads\MIP_project_part2\Lung-Cancer-Classification-\Lung-Cancer-Classification-\Data\test\normal\12 (2).png,normal,normal,0.99758995,0.9777034,0.11611304,0.0010593088,True,True
MiniConvNet,internal,12 - Copy (2) - Copy.png,C:\Users\shrey\Downloads\MIP_project_part2\Lung-Cancer-Classification-\Lung-Cancer-Classification-\Data\test\normal\12 - Copy (2) - Copy.png,normal,normal,0.9993636,0.99873614,0.009998018,4.6596483e-06,True,True
MiniConvNet,internal,12 - Copy (2).png,C:\Users\shrey\Downloads\MIP_project_part2\Lung-Cancer-Classification-\Lung-Cancer-Classification-\Data\test\normal\12 - Copy (2).png,normal,normal,0.9993636,0.9890656,0.06441332,0.0005159943,True,True
MiniConvNet,internal,12 - Copy (3).png,C:\Users\shrey\Downloads\MIP_project_part2\Lung-Cancer-Classification-\Lung-Cancer-Classification-\Data\test\normal\12 - Copy (3).png,normal,normal,0.9980046,0.9729733,0.13191555,0.0029922083,True,True
MiniConvNet,internal,12 - Copy - Copy.png,C:\Users\shrey\Downloads\MIP_project_part2\Lung-Cancer-Classification-\Lung-Cancer-Classification-\Data\test\normal\12 - Copy - Copy.png,normal,normal,0.9982216,0.9791675,0.10988559,0.0013059857,True,True
MiniConvNet,internal,12 - Copy.png,C:\Users\shrey\Downloads\MIP_project_part2\Lung-Cancer-Classification-\Lung-Cancer-Classification-\Data\test\normal\12 - Copy.png,normal,normal,0.9982216,0.9776162,0.12261028,0.00283435,True,True
MiniConvNet,internal,21.png,C:\Users\shrey\Downloads\MIP_project_part2\Lung-Cancer-Classification-\Lung-Cancer-Classification-\Data\test\normal\21.png,normal,normal,0.9931678,0.9877449,0.068877384,0.00020741682,True,True
MiniConvNet,internal,22.png,C:\Users\shrey\Downloads\MIP_project_part2\Lung-Cancer-Classification-\Lung-Cancer-Classification-\Data\test\normal\22.png,normal,adenocarcinoma,0.6389421,0.57986206,1.0342487,0.017494468,False,False
MiniConvNet,internal,23.png,C:\Users\shrey\Downloads\MIP_project_part2\Lung-Cancer-Classification-\Lung-Cancer-Classification-\Data\test\normal\23.png,normal,adenocarcinoma,0.7370414,0.7024544,0.89217514,0.019285234,False,False
MiniConvNet,internal,24 - Copy.png,C:\Users\shrey\Downloads\MIP_project_part2\Lung-Cancer-Classification-\Lung-Cancer-Classification-\Data\test\normal\24 - Copy.png,normal,normal,0.8710796,0.81917584,0.58821386,0.021580875,True,True
MiniConvNet,internal,24.png,C:\Users\shrey\Downloads\MIP_project_part2\Lung-Cancer-Classification-\Lung-Cancer-Classification-\Data\test\normal\24.png,normal,normal,0.88995934,0.807394,0.64513004,0.015646253,True,True
MiniConvNet,internal,25.png,C:\Users\shrey\Downloads\MIP_project_part2\Lung-Cancer-Classification-\Lung-Cancer-Classification-\Data\test\normal\25.png,normal,normal,0.99576,0.9752219,0.14052118,0.0007149252,True,True
MiniConvNet,internal,6 (2) - Copy.png,C:\Users\shrey\Downloads\MIP_project_part2\Lung-Cancer-Classification-\Lung-Cancer-Classification-\Data\test\normal\6 (2) - Copy.png,normal,normal,0.9968188,0.9693498,0.14481674,0.0064757955,True,True
MiniConvNet,internal,6 (2).png,C:\Users\shrey\Downloads\MIP_project_part2\Lung-Cancer-Classification-\Lung-Cancer-Classification-\Data\test\normal\6 (2).png,normal,normal,0.9968188,0.97090936,0.15350744,0.003056314,True,True
MiniConvNet,internal,6 - Copy (2) - Copy.png,C:\Users\shrey\Downloads\MIP_project_part2\Lung-Cancer-Classification-\Lung-Cancer-Classification-\Data\test\normal\6 - Copy (2) - Copy.png,normal,normal,0.9981164,0.96887344,0.1445191,0.0019568603,True,True
MiniConvNet,internal,6 - Copy (2).png,C:\Users\shrey\Downloads\MIP_project_part2\Lung-Cancer-Classification-\Lung-Cancer-Classification-\Data\test\normal\6 - Copy (2).png,normal,normal,0.9981164,0.9725497,0.12992603,0.0026293662,True,True
MiniConvNet,internal,6 - Copy (3).png,C:\Users\shrey\Downloads\MIP_project_part2\Lung-Cancer-Classification-\Lung-Cancer-Classification-\Data\test\normal\6 - Copy (3).png,normal,normal,0.9968188,0.910703,0.3403537,0.022375412,True,True
MiniConvNet,internal,6 - Copy.png,C:\Users\shrey\Downloads\MIP_project_part2\Lung-Cancer-Classification-\Lung-Cancer-Classification-\Data\test\normal\6 - Copy.png,normal,normal,0.9981164,0.96623445,0.16239226,0.0055906083,True,True
MiniConvNet,internal,6.png,C:\Users\shrey\Downloads\MIP_project_part2\Lung-Cancer-Classification-\Lung-Cancer-Classification-\Data\test\normal\6.png,normal,normal,0.9968188,0.91356236,0.35292822,0.023227835,True,True
MiniConvNet,internal,7 (2) - Copy.png,C:\Users\shrey\Downloads\MIP_project_part2\Lung-Cancer-Classification-\Lung-Cancer-Classification-\Data\test\normal\7 (2) - Copy.png,normal,normal,0.9838277,0.9622786,0.19100776,0.0011330361,True,True
MiniConvNet,internal,7 (2).png,C:\Users\shrey\Downloads\MIP_project_part2\Lung-Cancer-Classification-\Lung-Cancer-Classification-\Data\test\normal\7 (2).png,normal,normal,0.9838277,0.9313894,0.31424835,0.009193826,True,True
MiniConvNet,internal,7 - Copy (2) - Copy.png,C:\Users\shrey\Downloads\MIP_project_part2\Lung-Cancer-Classification-\Lung-Cancer-Classification-\Data\test\normal\7 - Copy (2) - Copy.png,normal,normal,0.9755137,0.93356705,0.30848986,0.008738452,True,True
MiniConvNet,internal,7 - Copy (2).png,C:\Users\shrey\Downloads\MIP_project_part2\Lung-Cancer-Classification-\Lung-Cancer-Classification-\Data\test\normal\7 - Copy (2).png,normal,normal,0.9755137,0.9588232,0.21510357,0.0013250669,True,True
MiniConvNet,internal,7 - Copy (3).png,C:\Users\shrey\Downloads\MIP_project_part2\Lung-Cancer-Classification-\Lung-Cancer-Classification-\Data\test\normal\7 - Copy (3).png,normal,normal,0.9838277,0.94810873,0.24644965,0.0051676263,True,True
MiniConvNet,internal,7 - Copy - Copy.png,C:\Users\shrey\Downloads\MIP_project_part2\Lung-Cancer-Classification-\Lung-Cancer-Classification-\Data\test\normal\7 - Copy - Copy.png,normal,normal,0.9755137,0.9060395,0.4033403,0.011922043,True,True
MiniConvNet,internal,7 - Copy.png,C:\Users\shrey\Downloads\MIP_project_part2\Lung-Cancer-Classification-\Lung-Cancer-Classification-\Data\test\normal\7 - Copy.png,normal,normal,0.9755137,0.9146952,0.36256835,0.008190812,True,True
MiniConvNet,internal,7.png,C:\Users\shrey\Downloads\MIP_project_part2\Lung-Cancer-Classification-\Lung-Cancer-Classification-\Data\test\normal\7.png,normal,normal,0.9838277,0.9667853,0.1767943,0.00072147424,True,True
MiniConvNet,internal,8 (2) - Copy.png,C:\Users\shrey\Downloads\MIP_project_part2\Lung-Cancer-Classification-\Lung-Cancer-Classification-\Data\test\normal\8 (2) - Copy.png,normal,normal,0.999777,0.98641396,0.0812145,0.00074639707,True,True
MiniConvNet,internal,8 (2).png,C:\Users\shrey\Downloads\MIP_project_part2\Lung-Cancer-Classification-\Lung-Cancer-Classification-\Data\test\normal\8 (2).png,normal,normal,0.999777,0.9907047,0.055069797,0.0009499894,True,True
MiniConvNet,internal,8 - Copy (2) - Copy.png,C:\Users\shrey\Downloads\MIP_project_part2\Lung-Cancer-Classification-\Lung-Cancer-Classification-\Data\test\normal\8 - Copy (2) - Copy.png,normal,normal,0.9998271,0.99882376,0.009945289,2.854357e-06,True,True
MiniConvNet,internal,8 - Copy (2).png,C:\Users\shrey\Downloads\MIP_project_part2\Lung-Cancer-Classification-\Lung-Cancer-Classification-\Data\test\normal\8 - Copy (2).png,normal,normal,0.9998271,0.99865496,0.010750904,1.0343286e-05,True,True
MiniConvNet,internal,8 - Copy (3).png,C:\Users\shrey\Downloads\MIP_project_part2\Lung-Cancer-Classification-\Lung-Cancer-Classification-\Data\test\normal\8 - Copy (3).png,normal,normal,0.999814,0.9620792,0.16841331,0.00595698,True,True
MiniConvNet,internal,8 - Copy - Copy.png,C:\Users\shrey\Downloads\MIP_project_part2\Lung-Cancer-Classification-\Lung-Cancer-Classification-\Data\test\normal\8 - Copy - Copy.png,normal,normal,0.9998271,0.9974449,0.01925496,6.8056244e-05,True,True
MiniConvNet,internal,8 - Copy.png,C:\Users\shrey\Downloads\MIP_project_part2\Lung-Cancer-Classification-\Lung-Cancer-Classification-\Data\test\normal\8 - Copy.png,normal,normal,0.9998271,0.99746203,0.018792842,2.1499116e-05,True,True
MiniConvNet,internal,8.png,C:\Users\shrey\Downloads\MIP_project_part2\Lung-Cancer-Classification-\Lung-Cancer-Classification-\Data\test\normal\8.png,normal,normal,0.999814,0.999575,0.004028837,5.5358254e-07,True,True
MiniConvNet,internal,normal - Copy.png,C:\Users\shrey\Downloads\MIP_project_part2\Lung-Cancer-Classification-\Lung-Cancer-Classification-\Data\test\normal\normal - Copy.png,normal,adenocarcinoma,0.7713081,0.7446861,0.7752229,0.024345567,False,False
MiniConvNet,internal,normal.png,C:\Users\shrey\Downloads\MIP_project_part2\Lung-Cancer-Classification-\Lung-Cancer-Classification-\Data\test\normal\normal.png,normal,adenocarcinoma,0.43698868,0.48962831,1.094018,0.032536395,False,False
MiniConvNet,internal,000108 (6).png,C:\Users\shrey\Downloads\MIP_project_part2\Lung-Cancer-Classification-\Lung-Cancer-Classification-\Data\test\squamous.cell.carcinoma\000108 (6).png,squamous.cell.carcinoma,large.cell.carcinoma,0.7816617,0.700045,0.90325797,0.029543499,False,False
MiniConvNet,internal,000110 (2).png,C:\Users\shrey\Downloads\MIP_project_part2\Lung-Cancer-Classification-\Lung-Cancer-Classification-\Data\test\squamous.cell.carcinoma\000110 (2).png,squamous.cell.carcinoma,normal,0.3527642,0.31489405,1.3721446,0.015290256,False,False
MiniConvNet,internal,000111.png,C:\Users\shrey\Downloads\MIP_project_part2\Lung-Cancer-Classification-\Lung-Cancer-Classification-\Data\test\squamous.cell.carcinoma\000111.png,squamous.cell.carcinoma,normal,0.50036055,0.527988,1.1788113,0.011283311,False,False
MiniConvNet,internal,000112.png,C:\Users\shrey\Downloads\MIP_project_part2\Lung-Cancer-Classification-\Lung-Cancer-Classification-\Data\test\squamous.cell.carcinoma\000112.png,squamous.cell.carcinoma,large.cell.carcinoma,0.36939353,0.36936614,1.3495848,0.009840276,False,False
MiniConvNet,internal,000114 (2).png,C:\Users\shrey\Downloads\MIP_project_part2\Lung-Cancer-Classification-\Lung-Cancer-Classification-\Data\test\squamous.cell.carcinoma\000114 (2).png,squamous.cell.carcinoma,normal,0.38814414,0.38165176,1.3337615,0.014142952,False,False
MiniConvNet,internal,000114 (3).png,C:\Users\shrey\Downloads\MIP_project_part2\Lung-Cancer-Classification-\Lung-Cancer-Classification-\Data\test\squamous.cell.carcinoma\000114 (3).png,squamous.cell.carcinoma,adenocarcinoma,0.46025208,0.42071003,1.1291977,0.0068505495,False,False
MiniConvNet,internal,000115 (4).png,C:\Users\shrey\Downloads\MIP_project_part2\Lung-Cancer-Classification-\Lung-Cancer-Classification-\Data\test\squamous.cell.carcinoma\000115 (4).png,squamous.cell.carcinoma,squamous.cell.carcinoma,0.403064,0.38730505,1.2591779,0.026612105,True,False
MiniConvNet,internal,000115 (5).png,C:\Users\shrey\Downloads\MIP_project_part2\Lung-Cancer-Classification-\Lung-Cancer-Classification-\Data\test\squamous.cell.carcinoma\000115 (5).png,squamous.cell.carcinoma,squamous.cell.carcinoma,0.59000236,0.56597716,1.0153689,0.030188084,True,True
MiniConvNet,internal,000116 (5).png,C:\Users\shrey\Downloads\MIP_project_part2\Lung-Cancer-Classification-\Lung-Cancer-Classification-\Data\test\squamous.cell.carcinoma\000116 (5).png,squamous.cell.carcinoma,squamous.cell.carcinoma,0.55533177,0.58972687,0.9449483,0.02200927,True,True
MiniConvNet,internal,000117 (2).png,C:\Users\shrey\Downloads\MIP_project_part2\Lung-Cancer-Classification-\Lung-Cancer-Classification-\Data\test\squamous.cell.carcinoma\000117 (2).png,squamous.cell.carcinoma,large.cell.carcinoma,0.570517,0.5491597,1.1795433,0.008420866,False,False
MiniConvNet,internal,000117 (3).png,C:\Users\shrey\Downloads\MIP_project_part2\Lung-Cancer-Classification-\Lung-Cancer-Classification-\Data\test\squamous.cell.carcinoma\000117 (3).png,squamous.cell.carcinoma,large.cell.carcinoma,0.90470535,0.8312422,0.610135,0.020555418,False,False
MiniConvNet,internal,000117 (5).png,C:\Users\shrey\Downloads\MIP_project_part2\Lung-Cancer-Classification-\Lung-Cancer-Classification-\Data\test\squamous.cell.carcinoma\000117 (5).png,squamous.cell.carcinoma,squamous.cell.carcinoma,0.5854432,0.59366435,1.0212853,0.015083007,True,True
MiniConvNet,internal,000118 (3).png,C:\Users\shrey\Downloads\MIP_project_part2\Lung-Cancer-Classification-\Lung-Cancer-Classification-\Data\test\squamous.cell.carcinoma\000118 (3).png,squamous.cell.carcinoma,squamous.cell.carcinoma,0.8463067,0.7850253,0.720429,0.018566292,True,True
MiniConvNet,internal,000118 (4).png,C:\Users\shrey\Downloads\MIP_project_part2\Lung-Cancer-Classification-\Lung-Cancer-Classification-\Data\test\squamous.cell.carcinoma\000118 (4).png,squamous.cell.carcinoma,large.cell.carcinoma,0.299476,0.29552677,1.3719001,0.005911155,False,True
MiniConvNet,internal,000119 (4).png,C:\Users\shrey\Downloads\MIP_project_part2\Lung-Cancer-Classification-\Lung-Cancer-Classification-\Data\test\squamous.cell.carcinoma\000119 (4).png,squamous.cell.carcinoma,adenocarcinoma,0.49997783,0.5376707,1.0971187,0.030784434,False,False
MiniConvNet,internal,000119.png,C:\Users\shrey\Downloads\MIP_project_part2\Lung-Cancer-Classification-\Lung-Cancer-Classification-\Data\test\squamous.cell.carcinoma\000119.png,squamous.cell.carcinoma,squamous.cell.carcinoma,0.31981456,0.31563383,1.3636206,0.011550461,True,True
MiniConvNet,internal,000120 (2).png,C:\Users\shrey\Downloads\MIP_project_part2\Lung-Cancer-Classification-\Lung-Cancer-Classification-\Data\test\squamous.cell.carcinoma\000120 (2).png,squamous.cell.carcinoma,normal,0.48297587,0.41404212,1.3113182,0.015680216,False,False
MiniConvNet,internal,000120 (3).png,C:\Users\shrey\Downloads\MIP_project_part2\Lung-Cancer-Classification-\Lung-Cancer-Classification-\Data\test\squamous.cell.carcinoma\000120 (3).png,squamous.cell.carcinoma,large.cell.carcinoma,0.6586664,0.63834935,0.9542142,0.01738196,False,False
MiniConvNet,internal,000120 (5).png,C:\Users\shrey\Downloads\MIP_project_part2\Lung-Cancer-Classification-\Lung-Cancer-Classification-\Data\test\squamous.cell.carcinoma\000120 (5).png,squamous.cell.carcinoma,squamous.cell.carcinoma,0.8128519,0.77001256,0.71451,0.022850132,True,True
MiniConvNet,internal,000121 (5).png,C:\Users\shrey\Downloads\MIP_project_part2\Lung-Cancer-Classification-\Lung-Cancer-Classification-\Data\test\squamous.cell.carcinoma\000121 (5).png,squamous.cell.carcinoma,squamous.cell.carcinoma,0.80482715,0.74548554,0.7462513,0.021889959,True,True
MiniConvNet,internal,000121.png,C:\Users\shrey\Downloads\MIP_project_part2\Lung-Cancer-Classification-\Lung-Cancer-Classification-\Data\test\squamous.cell.carcinoma\000121.png,squamous.cell.carcinoma,large.cell.carcinoma,0.9670183,0.92051905,0.3459736,0.0027468666,False,False
MiniConvNet,internal,000122 (6).png,C:\Users\shrey\Downloads\MIP_project_part2\Lung-Cancer-Classification-\Lung-Cancer-Classification-\Data\test\squamous.cell.carcinoma\000122 (6).png,squamous.cell.carcinoma,large.cell.carcinoma,0.91566163,0.8875237,0.44603923,0.006408447,False,False
MiniConvNet,internal,000122.png,C:\Users\shrey\Downloads\MIP_project_part2\Lung-Cancer-Classification-\Lung-Cancer-Classification-\Data\test\squamous.cell.carcinoma\000122.png,squamous.cell.carcinoma,normal,0.3937706,0.36536232,1.309428,0.0061207344,False,False
MiniConvNet,internal,000124 (4).png,C:\Users\shrey\Downloads\MIP_project_part2\Lung-Cancer-Classification-\Lung-Cancer-Classification-\Data\test\squamous.cell.carcinoma\000124 (4).png,squamous.cell.carcinoma,adenocarcinoma,0.57281196,0.5921699,1.0927508,0.01506141,False,False
MiniConvNet,internal,000124 (5).png,C:\Users\shrey\Downloads\MIP_project_part2\Lung-Cancer-Classification-\Lung-Cancer-Classification-\Data\test\squamous.cell.carcinoma\000124 (5).png,squamous.cell.carcinoma,squamous.cell.carcinoma,0.6391507,0.5975888,0.93342817,0.027852373,True,True
MiniConvNet,internal,000124.png,C:\Users\shrey\Downloads\MIP_project_part2\Lung-Cancer-Classification-\Lung-Cancer-Classification-\Data\test\squamous.cell.carcinoma\000124.png,squamous.cell.carcinoma,large.cell.carcinoma,0.52622753,0.5475539,1.1666863,0.01441799,False,False
MiniConvNet,internal,000125 (2).png,C:\Users\shrey\Downloads\MIP_project_part2\Lung-Cancer-Classification-\Lung-Cancer-Classification-\Data\test\squamous.cell.carcinoma\000125 (2).png,squamous.cell.carcinoma,large.cell.carcinoma,0.40116465,0.378377,1.2882156,0.010713841,False,False
MiniConvNet,internal,000125 (6).png,C:\Users\shrey\Downloads\MIP_project_part2\Lung-Cancer-Classification-\Lung-Cancer-Classification-\Data\test\squamous.cell.carcinoma\000125 (6).png,squamous.cell.carcinoma,large.cell.carcinoma,0.8337365,0.82519335,0.6291239,0.009579324,False,False
MiniConvNet,internal,000125.png,C:\Users\shrey\Downloads\MIP_project_part2\Lung-Cancer-Classification-\Lung-Cancer-Classification-\Data\test\squamous.cell.carcinoma\000125.png,squamous.cell.carcinoma,large.cell.carcinoma,0.47846106,0.4469758,1.2916614,0.00793202,False,False
MiniConvNet,internal,000126 (4).png,C:\Users\shrey\Downloads\MIP_project_part2\Lung-Cancer-Classification-\Lung-Cancer-Classification-\Data\test\squamous.cell.carcinoma\000126 (4).png,squamous.cell.carcinoma,large.cell.carcinoma,0.33554363,0.302851,1.3763844,0.0028621445,False,False
MiniConvNet,internal,000127 (2).png,C:\Users\shrey\Downloads\MIP_project_part2\Lung-Cancer-Classification-\Lung-Cancer-Classification-\Data\test\squamous.cell.carcinoma\000127 (2).png,squamous.cell.carcinoma,large.cell.carcinoma,0.47576714,0.44551817,1.1450121,0.010355196,False,False
MiniConvNet,internal,000127 (6).png,C:\Users\shrey\Downloads\MIP_project_part2\Lung-Cancer-Classification-\Lung-Cancer-Classification-\Data\test\squamous.cell.carcinoma\000127 (6).png,squamous.cell.carcinoma,large.cell.carcinoma,0.62635887,0.6200063,1.0704241,0.019938167,False,False
MiniConvNet,internal,000127.png,C:\Users\shrey\Downloads\MIP_project_part2\Lung-Cancer-Classification-\Lung-Cancer-Classification-\Data\test\squamous.cell.carcinoma\000127.png,squamous.cell.carcinoma,large.cell.carcinoma,0.6837559,0.63838476,1.0368845,0.016814496,False,False
MiniConvNet,internal,000129 (2).png,C:\Users\shrey\Downloads\MIP_project_part2\Lung-Cancer-Classification-\Lung-Cancer-Classification-\Data\test\squamous.cell.carcinoma\000129 (2).png,squamous.cell.carcinoma,adenocarcinoma,0.44664222,0.42814645,1.2718105,0.015983034,False,False
MiniConvNet,internal,000129 (6).png,C:\Users\shrey\Downloads\MIP_project_part2\Lung-Cancer-Classification-\Lung-Cancer-Classification-\Data\test\squamous.cell.carcinoma\000129 (6).png,squamous.cell.carcinoma,large.cell.carcinoma,0.5811864,0.5897332,1.0926359,0.025655601,False,False
MiniConvNet,internal,000130 (4).png,C:\Users\shrey\Downloads\MIP_project_part2\Lung-Cancer-Classification-\Lung-Cancer-Classification-\Data\test\squamous.cell.carcinoma\000130 (4).png,squamous.cell.carcinoma,normal,0.41198707,0.40682328,1.3212334,0.008520737,False,False
MiniConvNet,internal,000131 (6).png,C:\Users\shrey\Downloads\MIP_project_part2\Lung-Cancer-Classification-\Lung-Cancer-Classification-\Data\test\squamous.cell.carcinoma\000131 (6).png,squamous.cell.carcinoma,squamous.cell.carcinoma,0.34596702,0.36316442,1.3336481,0.018286245,True,True
MiniConvNet,internal,000132 (4).png,C:\Users\shrey\Downloads\MIP_project_part2\Lung-Cancer-Classification-\Lung-Cancer-Classification-\Data\test\squamous.cell.carcinoma\000132 (4).png,squamous.cell.carcinoma,normal,0.51786304,0.5074269,1.21441,0.012328946,False,False
MiniConvNet,internal,000133 (2).png,C:\Users\shrey\Downloads\MIP_project_part2\Lung-Cancer-Classification-\Lung-Cancer-Classification-\Data\test\squamous.cell.carcinoma\000133 (2).png,squamous.cell.carcinoma,normal,0.5110517,0.4675239,1.2105267,0.018872404,False,False
MiniConvNet,internal,000133 (3).png,C:\Users\shrey\Downloads\MIP_project_part2\Lung-Cancer-Classification-\Lung-Cancer-Classification-\Data\test\squamous.cell.carcinoma\000133 (3).png,squamous.cell.carcinoma,large.cell.carcinoma,0.6870438,0.664376,0.81451595,0.024943639,False,False
MiniConvNet,internal,000134 (5).png,C:\Users\shrey\Downloads\MIP_project_part2\Lung-Cancer-Classification-\Lung-Cancer-Classification-\Data\test\squamous.cell.carcinoma\000134 (5).png,squamous.cell.carcinoma,squamous.cell.carcinoma,0.5204183,0.52146745,1.1123288,0.024749165,True,True
MiniConvNet,internal,000135 (4).png,C:\Users\shrey\Downloads\MIP_project_part2\Lung-Cancer-Classification-\Lung-Cancer-Classification-\Data\test\squamous.cell.carcinoma\000135 (4).png,squamous.cell.carcinoma,adenocarcinoma,0.43314785,0.3874855,1.3298448,0.016384656,False,False
MiniConvNet,internal,000135.png,C:\Users\shrey\Downloads\MIP_project_part2\Lung-Cancer-Classification-\Lung-Cancer-Classification-\Data\test\squamous.cell.carcinoma\000135.png,squamous.cell.carcinoma,large.cell.carcinoma,0.95569205,0.94073695,0.28211153,0.003501159,False,False
MiniConvNet,internal,000136 (4).png,C:\Users\shrey\Downloads\MIP_project_part2\Lung-Cancer-Classification-\Lung-Cancer-Classification-\Data\test\squamous.cell.carcinoma\000136 (4).png,squamous.cell.carcinoma,adenocarcinoma,0.4920421,0.5494068,1.1595916,0.015725557,False,False
MiniConvNet,internal,000136 (6).png,C:\Users\shrey\Downloads\MIP_project_part2\Lung-Cancer-Classification-\Lung-Cancer-Classification-\Data\test\squamous.cell.carcinoma\000136 (6).png,squamous.cell.carcinoma,large.cell.carcinoma,0.8281415,0.7688487,0.76340234,0.026482986,False,False
MiniConvNet,internal,000137 (3).png,C:\Users\shrey\Downloads\MIP_project_part2\Lung-Cancer-Classification-\Lung-Cancer-Classification-\Data\test\squamous.cell.carcinoma\000137 (3).png,squamous.cell.carcinoma,large.cell.carcinoma,0.8780081,0.77836436,0.7153298,0.026257595,False,False
MiniConvNet,internal,000137.png,C:\Users\shrey\Downloads\MIP_project_part2\Lung-Cancer-Classification-\Lung-Cancer-Classification-\Data\test\squamous.cell.carcinoma\000137.png,squamous.cell.carcinoma,normal,0.5827232,0.59832215,1.0855668,0.026306147,False,False
MiniConvNet,internal,000139 (4).png,C:\Users\shrey\Downloads\MIP_project_part2\Lung-Cancer-Classification-\Lung-Cancer-Classification-\Data\test\squamous.cell.carcinoma\000139 (4).png,squamous.cell.carcinoma,adenocarcinoma,0.7950075,0.7054159,0.9112314,0.02843716,False,False
MiniConvNet,internal,000139 (5).png,C:\Users\shrey\Downloads\MIP_project_part2\Lung-Cancer-Classification-\Lung-Cancer-Classification-\Data\test\squamous.cell.carcinoma\000139 (5).png,squamous.cell.carcinoma,squamous.cell.carcinoma,0.43272278,0.41566524,1.2705759,0.014148372,True,True
MiniConvNet,internal,000139 (6).png,C:\Users\shrey\Downloads\MIP_project_part2\Lung-Cancer-Classification-\Lung-Cancer-Classification-\Data\test\squamous.cell.carcinoma\000139 (6).png,squamous.cell.carcinoma,squamous.cell.carcinoma,0.48135024,0.41230097,1.2836778,0.020124765,True,True
MiniConvNet,internal,000141 (2).png,C:\Users\shrey\Downloads\MIP_project_part2\Lung-Cancer-Classification-\Lung-Cancer-Classification-\Data\test\squamous.cell.carcinoma\000141 (2).png,squamous.cell.carcinoma,large.cell.carcinoma,0.749873,0.72203004,0.83746904,0.012439972,False,False
MiniConvNet,internal,000141 (4).png,C:\Users\shrey\Downloads\MIP_project_part2\Lung-Cancer-Classification-\Lung-Cancer-Classification-\Data\test\squamous.cell.carcinoma\000141 (4).png,squamous.cell.carcinoma,normal,0.39228284,0.40341124,1.2772982,0.0053837285,False,False
MiniConvNet,internal,000142 (5).png,C:\Users\shrey\Downloads\MIP_project_part2\Lung-Cancer-Classification-\Lung-Cancer-Classification-\Data\test\squamous.cell.carcinoma\000142 (5).png,squamous.cell.carcinoma,squamous.cell.carcinoma,0.5877737,0.5420827,1.1497258,0.025692863,True,True
MiniConvNet,internal,000142 (6).png,C:\Users\shrey\Downloads\MIP_project_part2\Lung-Cancer-Classification-\Lung-Cancer-Classification-\Data\test\squamous.cell.carcinoma\000142 (6).png,squamous.cell.carcinoma,large.cell.carcinoma,0.7597348,0.7133722,0.89506257,0.019093186,False,False
MiniConvNet,internal,000144 (5).png,C:\Users\shrey\Downloads\MIP_project_part2\Lung-Cancer-Classification-\Lung-Cancer-Classification-\Data\test\squamous.cell.carcinoma\000144 (5).png,squamous.cell.carcinoma,squamous.cell.carcinoma,0.5702168,0.552034,1.118687,0.0104709035,True,True
MiniConvNet,internal,000145 (6).png,C:\Users\shrey\Downloads\MIP_project_part2\Lung-Cancer-Classification-\Lung-Cancer-Classification-\Data\test\squamous.cell.carcinoma\000145 (6).png,squamous.cell.carcinoma,large.cell.carcinoma,0.76043606,0.7714125,0.78470415,0.006824987,False,False
MiniConvNet,internal,000146 (6).png,C:\Users\shrey\Downloads\MIP_project_part2\Lung-Cancer-Classification-\Lung-Cancer-Classification-\Data\test\squamous.cell.carcinoma\000146 (6).png,squamous.cell.carcinoma,squamous.cell.carcinoma,0.7474513,0.67020816,0.97384214,0.025689233,True,True
MiniConvNet,internal,000148 (3).png,C:\Users\shrey\Downloads\MIP_project_part2\Lung-Cancer-Classification-\Lung-Cancer-Classification-\Data\test\squamous.cell.carcinoma\000148 (3).png,squamous.cell.carcinoma,squamous.cell.carcinoma,0.7179449,0.65283144,0.99778533,0.029503606,True,True
MiniConvNet,internal,000148 (4).png,C:\Users\shrey\Downloads\MIP_project_part2\Lung-Cancer-Classification-\Lung-Cancer-Classification-\Data\test\squamous.cell.carcinoma\000148 (4).png,squamous.cell.carcinoma,squamous.cell.carcinoma,0.3692691,0.38490713,1.2947826,0.017401809,True,True
MiniConvNet,internal,000149 (4).png,C:\Users\shrey\Downloads\MIP_project_part2\Lung-Cancer-Classification-\Lung-Cancer-Classification-\Data\test\squamous.cell.carcinoma\000149 (4).png,squamous.cell.carcinoma,adenocarcinoma,0.39688617,0.40548322,1.3045876,0.01651642,False,False
MiniConvNet,internal,000151 (6).png,C:\Users\shrey\Downloads\MIP_project_part2\Lung-Cancer-Classification-\Lung-Cancer-Classification-\Data\test\squamous.cell.carcinoma\000151 (6).png,squamous.cell.carcinoma,large.cell.carcinoma,0.8591875,0.79303735,0.727741,0.014432655,False,False
MiniConvNet,internal,000151.png,C:\Users\shrey\Downloads\MIP_project_part2\Lung-Cancer-Classification-\Lung-Cancer-Classification-\Data\test\squamous.cell.carcinoma\000151.png,squamous.cell.carcinoma,normal,0.49297306,0.44603577,1.2481931,0.011235699,False,False
MiniConvNet,internal,000153 (3).png,C:\Users\shrey\Downloads\MIP_project_part2\Lung-Cancer-Classification-\Lung-Cancer-Classification-\Data\test\squamous.cell.carcinoma\000153 (3).png,squamous.cell.carcinoma,squamous.cell.carcinoma,0.67477465,0.65781635,0.9328685,0.03219321,True,True
MiniConvNet,internal,000153 (4).png,C:\Users\shrey\Downloads\MIP_project_part2\Lung-Cancer-Classification-\Lung-Cancer-Classification-\Data\test\squamous.cell.carcinoma\000153 (4).png,squamous.cell.carcinoma,adenocarcinoma,0.3684561,0.3364784,1.3264661,0.008934668,False,False
MiniConvNet,internal,000153.png,C:\Users\shrey\Downloads\MIP_project_part2\Lung-Cancer-Classification-\Lung-Cancer-Classification-\Data\test\squamous.cell.carcinoma\000153.png,squamous.cell.carcinoma,large.cell.carcinoma,0.8193852,0.7909982,0.7195029,0.011935818,False,False
MiniConvNet,internal,000154 (2).png,C:\Users\shrey\Downloads\MIP_project_part2\Lung-Cancer-Classification-\Lung-Cancer-Classification-\Data\test\squamous.cell.carcinoma\000154 (2).png,squamous.cell.carcinoma,normal,0.55227184,0.60165185,1.0258269,0.013527987,False,False
MiniConvNet,internal,000154 (3).png,C:\Users\shrey\Downloads\MIP_project_part2\Lung-Cancer-Classification-\Lung-Cancer-Classification-\Data\test\squamous.cell.carcinoma\000154 (3).png,squamous.cell.carcinoma,squamous.cell.carcinoma,0.8377585,0.8600034,0.53046745,0.008897581,True,True
MiniConvNet,internal,000154 (4).png,C:\Users\shrey\Downloads\MIP_project_part2\Lung-Cancer-Classification-\Lung-Cancer-Classification-\Data\test\squamous.cell.carcinoma\000154 (4).png,squamous.cell.carcinoma,adenocarcinoma,0.8005202,0.7671584,0.78350496,0.026701307,False,False
MiniConvNet,internal,000155 (3).png,C:\Users\shrey\Downloads\MIP_project_part2\Lung-Cancer-Classification-\Lung-Cancer-Classification-\Data\test\squamous.cell.carcinoma\000155 (3).png,squamous.cell.carcinoma,large.cell.carcinoma,0.8044634,0.72534174,0.806116,0.007078288,False,False
MiniConvNet,internal,000155.png,C:\Users\shrey\Downloads\MIP_project_part2\Lung-Cancer-Classification-\Lung-Cancer-Classification-\Data\test\squamous.cell.carcinoma\000155.png,squamous.cell.carcinoma,squamous.cell.carcinoma,0.47431645,0.46233374,1.2293458,0.02864126,True,True
MiniConvNet,internal,000156 (2).png,C:\Users\shrey\Downloads\MIP_project_part2\Lung-Cancer-Classification-\Lung-Cancer-Classification-\Data\test\squamous.cell.carcinoma\000156 (2).png,squamous.cell.carcinoma,large.cell.carcinoma,0.42123857,0.38101673,1.339738,0.0039243414,False,False
MiniConvNet,internal,000157 (6).png,C:\Users\shrey\Downloads\MIP_project_part2\Lung-Cancer-Classification-\Lung-Cancer-Classification-\Data\test\squamous.cell.carcinoma\000157 (6).png,squamous.cell.carcinoma,large.cell.carcinoma,0.5577001,0.5531778,1.0767145,0.034801897,False,False
MiniConvNet,internal,000158 (4).png,C:\Users\shrey\Downloads\MIP_project_part2\Lung-Cancer-Classification-\Lung-Cancer-Classification-\Data\test\squamous.cell.carcinoma\000158 (4).png,squamous.cell.carcinoma,adenocarcinoma,0.732076,0.7763458,0.7439025,0.007183251,False,False
MiniConvNet,internal,000158 (6).png,C:\Users\shrey\Downloads\MIP_project_part2\Lung-Cancer-Classification-\Lung-Cancer-Classification-\Data\test\squamous.cell.carcinoma\000158 (6).png,squamous.cell.carcinoma,squamous.cell.carcinoma,0.5977056,0.5628999,1.1133406,0.032237746,True,True
MiniConvNet,internal,000159 (5).png,C:\Users\shrey\Downloads\MIP_project_part2\Lung-Cancer-Classification-\Lung-Cancer-Classification-\Data\test\squamous.cell.carcinoma\000159 (5).png,squamous.cell.carcinoma,squamous.cell.carcinoma,0.42069745,0.3922942,1.2433542,0.025470529,True,True
MiniConvNet,internal,000160 (4).png,C:\Users\shrey\Downloads\MIP_project_part2\Lung-Cancer-Classification-\Lung-Cancer-Classification-\Data\test\squamous.cell.carcinoma\000160 (4).png,squamous.cell.carcinoma,adenocarcinoma,0.38271773,0.4166542,1.275184,0.010014811,False,False
MiniConvNet,internal,000162 (2).png,C:\Users\shrey\Downloads\MIP_project_part2\Lung-Cancer-Classification-\Lung-Cancer-Classification-\Data\test\squamous.cell.carcinoma\000162 (2).png,squamous.cell.carcinoma,large.cell.carcinoma,0.29403508,0.28157738,1.3798201,0.0046394984,False,False
MiniConvNet,internal,000162.png,C:\Users\shrey\Downloads\MIP_project_part2\Lung-Cancer-Classification-\Lung-Cancer-Classification-\Data\test\squamous.cell.carcinoma\000162.png,squamous.cell.carcinoma,normal,0.38897642,0.3303815,1.3086909,0.006315998,False,False
MiniConvNet,internal,000163 (4).png,C:\Users\shrey\Downloads\MIP_project_part2\Lung-Cancer-Classification-\Lung-Cancer-Classification-\Data\test\squamous.cell.carcinoma\000163 (4).png,squamous.cell.carcinoma,normal,0.36152288,0.3227663,1.2942992,0.008988448,False,False
MiniConvNet,internal,000163 (5).png,C:\Users\shrey\Downloads\MIP_project_part2\Lung-Cancer-Classification-\Lung-Cancer-Classification-\Data\test\squamous.cell.carcinoma\000163 (5).png,squamous.cell.carcinoma,squamous.cell.carcinoma,0.6632229,0.5836368,1.0056586,0.024381118,True,True
MiniConvNet,internal,000163 (6).png,C:\Users\shrey\Downloads\MIP_project_part2\Lung-Cancer-Classification-\Lung-Cancer-Classification-\Data\test\squamous.cell.carcinoma\000163 (6).png,squamous.cell.carcinoma,squamous.cell.carcinoma,0.53110623,0.56761324,1.0346594,0.018694328,True,True
MiniConvNet,internal,000164 (5).png,C:\Users\shrey\Downloads\MIP_project_part2\Lung-Cancer-Classification-\Lung-Cancer-Classification-\Data\test\squamous.cell.carcinoma\000164 (5).png,squamous.cell.carcinoma,squamous.cell.carcinoma,0.39421752,0.42872846,1.2623584,0.028052218,True,True
MiniConvNet,internal,000166 (4).png,C:\Users\shrey\Downloads\MIP_project_part2\Lung-Cancer-Classification-\Lung-Cancer-Classification-\Data\test\squamous.cell.carcinoma\000166 (4).png,squamous.cell.carcinoma,adenocarcinoma,0.44117948,0.43090266,1.259281,0.0077535077,False,False
MiniConvNet,internal,000167 (2).png,C:\Users\shrey\Downloads\MIP_project_part2\Lung-Cancer-Classification-\Lung-Cancer-Classification-\Data\test\squamous.cell.carcinoma\000167 (2).png,squamous.cell.carcinoma,large.cell.carcinoma,0.8143621,0.7598795,0.77123946,0.021567997,False,False
MiniConvNet,internal,000168 (2).png,C:\Users\shrey\Downloads\MIP_project_part2\Lung-Cancer-Classification-\Lung-Cancer-Classification-\Data\test\squamous.cell.carcinoma\000168 (2).png,squamous.cell.carcinoma,normal,0.3068752,0.29661253,1.3657479,0.012040672,False,False
MiniConvNet,internal,000169 (6).png,C:\Users\shrey\Downloads\MIP_project_part2\Lung-Cancer-Classification-\Lung-Cancer-Classification-\Data\test\squamous.cell.carcinoma\000169 (6).png,squamous.cell.carcinoma,large.cell.carcinoma,0.9077883,0.83447856,0.57897776,0.018109167,False,False
MiniConvNet,internal,000170 (2).png,C:\Users\shrey\Downloads\MIP_project_part2\Lung-Cancer-Classification-\Lung-Cancer-Classification-\Data\test\squamous.cell.carcinoma\000170 (2).png,squamous.cell.carcinoma,adenocarcinoma,0.38215542,0.37124968,1.2767336,0.010930589,False,False
MiniConvNet,internal,000172 (6).png,C:\Users\shrey\Downloads\MIP_project_part2\Lung-Cancer-Classification-\Lung-Cancer-Classification-\Data\test\squamous.cell.carcinoma\000172 (6).png,squamous.cell.carcinoma,squamous.cell.carcinoma,0.6475617,0.65764505,0.96922326,0.021073252,True,True
MiniConvNet,internal,000174 (3).png,C:\Users\shrey\Downloads\MIP_project_part2\Lung-Cancer-Classification-\Lung-Cancer-Classification-\Data\test\squamous.cell.carcinoma\000174 (3).png,squamous.cell.carcinoma,squamous.cell.carcinoma,0.7305976,0.6374842,0.85341436,0.032302883,True,True
MiniConvNet,internal,000177 (3).png,C:\Users\shrey\Downloads\MIP_project_part2\Lung-Cancer-Classification-\Lung-Cancer-Classification-\Data\test\squamous.cell.carcinoma\000177 (3).png,squamous.cell.carcinoma,large.cell.carcinoma,0.9007907,0.86981606,0.52724946,0.008476758,False,False
MiniConvNet,external,Malignant case (1).jpg,C:\Users\shrey\Downloads\MIP_project_part2\Lung-Cancer-Classification-\Lung-Cancer-Classification-\Data_External_IQOTHNCCD\Malignant cases\Malignant case (1).jpg,malignant,normal,0.9363186359405518,0.9200223237276078,0.2787148051137159,0.0022855264,False,False
MiniConvNet,external,Malignant case (10).jpg,C:\Users\shrey\Downloads\MIP_project_part2\Lung-Cancer-Classification-\Lung-Cancer-Classification-\Data_External_IQOTHNCCD\Malignant cases\Malignant case (10).jpg,malignant,normal,0.6856403350830078,0.663961342535913,0.6383729412195875,0.029688466,False,False
MiniConvNet,external,Malignant case (100).jpg,C:\Users\shrey\Downloads\MIP_project_part2\Lung-Cancer-Classification-\Lung-Cancer-Classification-\Data_External_IQOTHNCCD\Malignant cases\Malignant case (100).jpg,malignant,normal,0.8707265257835388,0.841069532558322,0.4378921472693203,0.005212502,False,False
MiniConvNet,external,Malignant case (101).jpg,C:\Users\shrey\Downloads\MIP_project_part2\Lung-Cancer-Classification-\Lung-Cancer-Classification-\Data_External_IQOTHNCCD\Malignant cases\Malignant case (101).jpg,malignant,normal,0.8470643758773804,0.7798965945839882,0.527038835026979,0.012786955,False,False
MiniConvNet,external,Malignant case (102).jpg,C:\Users\shrey\Downloads\MIP_project_part2\Lung-Cancer-Classification-\Lung-Cancer-Classification-\Data_External_IQOTHNCCD\Malignant cases\Malignant case (102).jpg,malignant,normal,0.8474158048629761,0.8080642148852348,0.4890177240394028,0.007948049,False,False
MiniConvNet,external,Malignant case (103).jpg,C:\Users\shrey\Downloads\MIP_project_part2\Lung-Cancer-Classification-\Lung-Cancer-Classification-\Data_External_IQOTHNCCD\Malignant cases\Malignant case (103).jpg,malignant,normal,0.8498843312263489,0.7960216980427504,0.5058682579755412,0.012760746,False,False
MiniConvNet,external,Malignant case (104).jpg,C:\Users\shrey\Downloads\MIP_project_part2\Lung-Cancer-Classification-\Lung-Cancer-Classification-\Data_External_IQOTHNCCD\Malignant cases\Malignant case (104).jpg,malignant,normal,0.842695415019989,0.8172959499061108,0.4754691258654834,0.008636896,False,False
MiniConvNet,external,Malignant case (105).jpg,C:\Users\shrey\Downloads\MIP_project_part2\Lung-Cancer-Classification-\Lung-Cancer-Classification-\Data_External_IQOTHNCCD\Malignant cases\Malignant case (105).jpg,malignant,normal,0.8305132389068604,0.8410807587206364,0.4378733600476583,0.0037409407,False,False
MiniConvNet,external,Malignant case (106).jpg,C:\Users\shrey\Downloads\MIP_project_part2\Lung-Cancer-Classification-\Lung-Cancer-Classification-\Data_External_IQOTHNCCD\Malignant cases\Malignant case (106).jpg,malignant,normal,0.8286582231521606,0.8158895447850227,0.4775694244435471,0.018051146,False,False
MiniConvNet,external,Malignant case (107).jpg,C:\Users\shrey\Downloads\MIP_project_part2\Lung-Cancer-Classification-\Lung-Cancer-Classification-\Data_External_IQOTHNCCD\Malignant cases\Malignant case (107).jpg,malignant,normal,0.831340491771698,0.7568373233079911,0.554698068048153,0.010269092,False,False
MiniConvNet,external,Malignant case (108).jpg,C:\Users\shrey\Downloads\MIP_project_part2\Lung-Cancer-Classification-\Lung-Cancer-Classification-\Data_External_IQOTHNCCD\Malignant cases\Malignant case (108).jpg,malignant,normal,0.9131096601486206,0.8973724767565728,0.3308181652002651,0.0049371324,False,False
MiniConvNet,external,Malignant case (109).jpg,C:\Users\shrey\Downloads\MIP_project_part2\Lung-Cancer-Classification-\Lung-Cancer-Classification-\Data_External_IQOTHNCCD\Malignant cases\Malignant case (109).jpg,malignant,normal,0.7956292033195496,0.7666586693376303,0.543282298754484,0.008514359,False,False
MiniConvNet,external,Malignant case (11).jpg,C:\Users\shrey\Downloads\MIP_project_part2\Lung-Cancer-Classification-\Lung-Cancer-Classification-\Data_External_IQOTHNCCD\Malignant cases\Malignant case (11).jpg,malignant,normal,0.7023354768753052,0.6373989712446928,0.6549000742670142,0.03701891,False,False
MiniConvNet,external,Malignant case (110).jpg,C:\Users\shrey\Downloads\MIP_project_part2\Lung-Cancer-Classification-\Lung-Cancer-Classification-\Data_External_IQOTHNCCD\Malignant cases\Malignant case (110).jpg,malignant,normal,0.8754780292510986,0.8634323542937636,0.3986835594797421,0.0078746425,False,False
MiniConvNet,external,Malignant case (111).jpg,C:\Users\shrey\Downloads\MIP_project_part2\Lung-Cancer-Classification-\Lung-Cancer-Classification-\Data_External_IQOTHNCCD\Malignant cases\Malignant case (111).jpg,malignant,normal,0.8954886198043823,0.8814081512391568,0.3641099764997894,0.0047807754,False,False
MiniConvNet,external,Malignant case (112).jpg,C:\Users\shrey\Downloads\MIP_project_part2\Lung-Cancer-Classification-\Lung-Cancer-Classification-\Data_External_IQOTHNCCD\Malignant cases\Malignant case (112).jpg,malignant,normal,0.8992478847503662,0.8814836377277971,0.3639584553794,0.005958595,False,False
MiniConvNet,external,Malignant case (113).jpg,C:\Users\shrey\Downloads\MIP_project_part2\Lung-Cancer-Classification-\Lung-Cancer-Classification-\Data_External_IQOTHNCCD\Malignant cases\Malignant case (113).jpg,malignant,normal,0.8981782793998718,0.8289606794714928,0.4575303845967526,0.020134004,False,False
MiniConvNet,external,Malignant case (114).jpg,C:\Users\shrey\Downloads\MIP_project_part2\Lung-Cancer-Classification-\Lung-Cancer-Classification-\Data_External_IQOTHNCCD\Malignant cases\Malignant case (114).jpg,malignant,normal,0.9122711420059204,0.8905558558180929,0.345351550795463,0.0052671675,False,False
MiniConvNet,external,Malignant case (115).jpg,C:\Users\shrey\Downloads\MIP_project_part2\Lung-Cancer-Classification-\Lung-Cancer-Classification-\Data_External_IQOTHNCCD\Malignant cases\Malignant case (115).jpg,malignant,normal,0.930483877658844,0.8886122088879347,0.3494070468235982,0.0060808654,False,False
MiniConvNet,external,Malignant case (116).jpg,C:\Users\shrey\Downloads\MIP_project_part2\Lung-Cancer-Classification-\Lung-Cancer-Classification-\Data_External_IQOTHNCCD\Malignant cases\Malignant case (116).jpg,malignant,normal,0.913319170475006,0.8759571965783834,0.3749032981966863,0.010592204,False,False
MiniConvNet,external,Malignant case (117).jpg,C:\Users\shrey\Downloads\MIP_project_part2\Lung-Cancer-Classification-\Lung-Cancer-Classification-\Data_External_IQOTHNCCD\Malignant cases\Malignant case (117).jpg,malignant,normal,0.9354674816131592,0.9251015223562717,0.266129337200586,0.001436695,False,False
MiniConvNet,external,Malignant case (118).jpg,C:\Users\shrey\Downloads\MIP_project_part2\Lung-Cancer-Classification-\Lung-Cancer-Classification-\Data_External_IQOTHNCCD\Malignant cases\Malignant case (118).jpg,malignant,normal,0.938992202281952,0.8925130236893893,0.3412286662341658,0.007572957,False,False
MiniConvNet,external,Malignant case (119).jpg,C:\Users\shrey\Downloads\MIP_project_part2\Lung-Cancer-Classification-\Lung-Cancer-Classification-\Data_External_IQOTHNCCD\Malignant cases\Malignant case (119).jpg,malignant,normal,0.9256802797317504,0.900569879449904,0.3238289804463492,0.005603322,False,False
MiniConvNet,external,Malignant case (12).jpg,C:\Users\shrey\Downloads\MIP_project_part2\Lung-Cancer-Classification-\Lung-Cancer-Classification-\Data_External_IQOTHNCCD\Malignant cases\Malignant case (12).jpg,malignant,normal,0.7209462523460388,0.6839599912054837,0.623848471283472,0.032161847,False,False
MiniConvNet,external,Malignant case (120).jpg,C:\Users\shrey\Downloads\MIP_project_part2\Lung-Cancer-Classification-\Lung-Cancer-Classification-\Data_External_IQOTHNCCD\Malignant cases\Malignant case (120).jpg,malignant,normal,0.895603358745575,0.881085808388889,0.3647559929169755,0.009200205,False,False
MiniConvNet,external,Malignant case (121).jpg,C:\Users\shrey\Downloads\MIP_project_part2\Lung-Cancer-Classification-\Lung-Cancer-Classification-\Data_External_IQOTHNCCD\Malignant cases\Malignant case (121).jpg,malignant,normal,0.903404176235199,0.8748025055974722,0.3771543200495011,0.01538844,False,False
MiniConvNet,external,Malignant case (122).jpg,C:\Users\shrey\Downloads\MIP_project_part2\Lung-Cancer-Classification-\Lung-Cancer-Classification-\Data_External_IQOTHNCCD\Malignant cases\Malignant case (122).jpg,malignant,malignant,0.5839288551360369,0.5977134564891458,0.6739278991523449,0.026073312,True,True
MiniConvNet,external,Malignant case (123).jpg,C:\Users\shrey\Downloads\MIP_project_part2\Lung-Cancer-Classification-\Lung-Cancer-Classification-\Data_External_IQOTHNCCD\Malignant cases\Malignant case (123).jpg,malignant,malignant,0.5381848253309727,0.5224891677498817,0.6921352963981976,0.027637603,True,True
MiniConvNet,external,Malignant case (124).jpg,C:\Users\shrey\Downloads\MIP_project_part2\Lung-Cancer-Classification-\Lung-Cancer-Classification-\Data_External_IQOTHNCCD\Malignant cases\Malignant case (124).jpg,malignant,malignant,0.5632936339825392,0.5979849994182587,0.673820230624774,0.014716213,True,True
MiniConvNet,external,Malignant case (125).jpg,C:\Users\shrey\Downloads\MIP_project_part2\Lung-Cancer-Classification-\Lung-Cancer-Classification-\Data_External_IQOTHNCCD\Malignant cases\Malignant case (125).jpg,malignant,malignant,0.5137260146439075,0.4980368092656135,0.6931394699869922,0.025283452,True,False
MiniConvNet,external,Malignant case (126).jpg,C:\Users\shrey\Downloads\MIP_project_part2\Lung-Cancer-Classification-\Lung-Cancer-Classification-\Data_External_IQOTHNCCD\Malignant cases\Malignant case (126).jpg,malignant,normal,0.5457690954208374,0.45655130594968796,0.6893668412816498,0.027338697,False,True
MiniConvNet,external,Malignant case (127).jpg,C:\Users\shrey\Downloads\MIP_project_part2\Lung-Cancer-Classification-\Lung-Cancer-Classification-\Data_External_IQOTHNCCD\Malignant cases\Malignant case (127).jpg,malignant,normal,0.6089307069778442,0.5923363901674747,0.6759969079799097,0.026420003,False,False
MiniConvNet,external,Malignant case (128).jpg,C:\Users\shrey\Downloads\MIP_project_part2\Lung-Cancer-Classification-\Lung-Cancer-Classification-\Data_External_IQOTHNCCD\Malignant cases\Malignant case (128).jpg,malignant,normal,0.5984587073326111,0.47324095107614994,0.6917144125956298,0.022159139,False,True
MiniConvNet,external,Malignant case (129).jpg,C:\Users\shrey\Downloads\MIP_project_part2\Lung-Cancer-Classification-\Lung-Cancer-Classification-\Data_External_IQOTHNCCD\Malignant cases\Malignant case (129).jpg,malignant,normal,0.6895655393600464,0.6290631741285324,0.659452353299488,0.028076489,False,False
MiniConvNet,external,Malignant case (13).jpg,C:\Users\shrey\Downloads\MIP_project_part2\Lung-Cancer-Classification-\Lung-Cancer-Classification-\Data_External_IQOTHNCCD\Malignant cases\Malignant case (13).jpg,malignant,normal,0.765028715133667,0.7563492842018605,0.5552515951627015,0.016267745,False,False
MiniConvNet,external,Malignant case (130).jpg,C:\Users\shrey\Downloads\MIP_project_part2\Lung-Cancer-Classification-\Lung-Cancer-Classification-\Data_External_IQOTHNCCD\Malignant cases\Malignant case (130).jpg,malignant,normal,0.7786285877227783,0.7594383135437965,0.5517264919793392,0.011144699,False,False
MiniConvNet,external,Malignant case (131).jpg,C:\Users\shrey\Downloads\MIP_project_part2\Lung-Cancer-Classification-\Lung-Cancer-Classification-\Data_External_IQOTHNCCD\Malignant cases\Malignant case (131).jpg,malignant,normal,0.7257745265960693,0.6361477337777615,0.6556024936440155,0.01941797,False,False
MiniConvNet,external,Malignant case (132).jpg,C:\Users\shrey\Downloads\MIP_project_part2\Lung-Cancer-Classification-\Lung-Cancer-Classification-\Data_External_IQOTHNCCD\Malignant cases\Malignant case (132).jpg,malignant,normal,0.7896496057510376,0.7527223667129875,0.5593244962109915,0.011083907,False,False
MiniConvNet,external,Malignant case (133).jpg,C:\Users\shrey\Downloads\MIP_project_part2\Lung-Cancer-Classification-\Lung-Cancer-Classification-\Data_External_IQOTHNCCD\Malignant cases\Malignant case (133).jpg,malignant,normal,0.8604252934455872,0.8254946563392878,0.4629585383071989,0.0066490304,False,False
MiniConvNet,external,Malignant case (134).jpg,C:\Users\shrey\Downloads\MIP_project_part2\Lung-Cancer-Classification-\Lung-Cancer-Classification-\Data_External_IQOTHNCCD\Malignant cases\Malignant case (134).jpg,malignant,normal,0.8139781951904297,0.8292010994628072,0.4571507588131226,0.007612593,False,False
MiniConvNet,external,Malignant case (135).jpg,C:\Users\shrey\Downloads\MIP_project_part2\Lung-Cancer-Classification-\Lung-Cancer-Classification-\Data_External_IQOTHNCCD\Malignant cases\Malignant case (135).jpg,malignant,normal,0.8046649694442749,0.7787779793143272,0.5284503032403298,0.0105611775,False,False
MiniConvNet,external,Malignant case (136).jpg,C:\Users\shrey\Downloads\MIP_project_part2\Lung-Cancer-Classification-\Lung-Cancer-Classification-\Data_External_IQOTHNCCD\Malignant cases\Malignant case (136).jpg,malignant,normal,0.7642424702644348,0.7210745736956596,0.5919355126118123,0.01505872,False,False
MiniConvNet,external,Malignant case (137).jpg,C:\Users\shrey\Downloads\MIP_project_part2\Lung-Cancer-Classification-\Lung-Cancer-Classification-\Data_External_IQOTHNCCD\Malignant cases\Malignant case (137).jpg,malignant,normal,0.8746112585067749,0.8247509375214577,0.4641124026574111,0.0048087826,False,False
MiniConvNet,external,Malignant case (138).jpg,C:\Users\shrey\Downloads\MIP_project_part2\Lung-Cancer-Classification-\Lung-Cancer-Classification-\Data_External_IQOTHNCCD\Malignant cases\Malignant case (138).jpg,malignant,normal,0.6856403350830078,0.6829251425806433,0.6246448609880659,0.026451254,False,False
MiniConvNet,external,Malignant case (139).jpg,C:\Users\shrey\Downloads\MIP_project_part2\Lung-Cancer-Classification-\Lung-Cancer-Classification-\Data_External_IQOTHNCCD\Malignant cases\Malignant case (139).jpg,malignant,normal,0.7023354768753052,0.7116223806515336,0.600692606055021,0.040466104,False,False
MiniConvNet,external,Malignant case (14).jpg,C:\Users\shrey\Downloads\MIP_project_part2\Lung-Cancer-Classification-\Lung-Cancer-Classification-\Data_External_IQOTHNCCD\Malignant cases\Malignant case (14).jpg,malignant,normal,0.585246205329895,0.6312901023775339,0.6582655077977319,0.04981915,False,False
MiniConvNet,external,Malignant case (140).jpg,C:\Users\shrey\Downloads\MIP_project_part2\Lung-Cancer-Classification-\Lung-Cancer-Classification-\Data_External_IQOTHNCCD\Malignant cases\Malignant case (140).jpg,malignant,normal,0.7209462523460388,0.6394826518371701,0.6537152637576666,0.025641719,False,False
MiniConvNet,external,Malignant case (141).jpg,C:\Users\shrey\Downloads\MIP_project_part2\Lung-Cancer-Classification-\Lung-Cancer-Classification-\Data_External_IQOTHNCCD\Malignant cases\Malignant case (141).jpg,malignant,normal,0.765028715133667,0.7447169786319137,0.5680650381424691,0.018619662,False,False
MiniConvNet,external,Malignant case (142).jpg,C:\Users\shrey\Downloads\MIP_project_part2\Lung-Cancer-Classification-\Lung-Cancer-Classification-\Data_External_IQOTHNCCD\Malignant cases\Malignant case (142).jpg,malignant,normal,0.702957272529602,0.6183189880102873,0.6648811070948955,0.032267213,False,False
MiniConvNet,external,Malignant case (143).jpg,C:\Users\shrey\Downloads\MIP_project_part2\Lung-Cancer-Classification-\Lung-Cancer-Classification-\Data_External_IQOTHNCCD\Malignant cases\Malignant case (143).jpg,malignant,normal,0.6159073710441589,0.4530043415725231,0.6887234721321696,0.054229926,False,True
MiniConvNet,external,Malignant case (144).jpg,C:\Users\shrey\Downloads\MIP_project_part2\Lung-Cancer-Classification-\Lung-Cancer-Classification-\Data_External_IQOTHNCCD\Malignant cases\Malignant case (144).jpg,malignant,normal,0.6006985306739807,0.6523467730730772,0.6459817682777808,0.026856208,False,False
MiniConvNet,external,Malignant case (145).jpg,C:\Users\shrey\Downloads\MIP_project_part2\Lung-Cancer-Classification-\Lung-Cancer-Classification-\Data_External_IQOTHNCCD\Malignant cases\Malignant case (145).jpg,malignant,normal,0.5430322885513306,0.5216383673250675,0.6922104618609419,0.03664989,False,False
MiniConvNet,external,Malignant case (146).jpg,C:\Users\shrey\Downloads\MIP_project_part2\Lung-Cancer-Classification-\Lung-Cancer-Classification-\Data_External_IQOTHNCCD\Malignant cases\Malignant case (146).jpg,malignant,normal,0.5036530494689941,0.5239704689010978,0.6919975886806753,0.06519106,False,False
MiniConvNet,external,Malignant case (147).jpg,C:\Users\shrey\Downloads\MIP_project_part2\Lung-Cancer-Classification-\Lung-Cancer-Classification-\Data_External_IQOTHNCCD\Malignant cases\Malignant case (147).jpg,malignant,normal,0.5107495188713074,0.46042500250041485,0.6900115505322331,0.025474232,False,True
MiniConvNet,external,Malignant case (148).jpg,C:\Users\shrey\Downloads\MIP_project_part2\Lung-Cancer-Classification-\Lung-Cancer-Classification-\Data_External_IQOTHNCCD\Malignant cases\Malignant case (148).jpg,malignant,normal,0.585246205329895,0.583366896957159,0.6791819549862474,0.02495297,False,False
MiniConvNet,external,Malignant case (149).jpg,C:\Users\shrey\Downloads\MIP_project_part2\Lung-Cancer-Classification-\Lung-Cancer-Classification-\Data_External_IQOTHNCCD\Malignant cases\Malignant case (149).jpg,malignant,normal,0.6782217025756836,0.5847613457590342,0.6787085667115672,0.025751086,False,False
MiniConvNet,external,Malignant case (15).jpg,C:\Users\shrey\Downloads\MIP_project_part2\Lung-Cancer-Classification-\Lung-Cancer-Classification-\Data_External_IQOTHNCCD\Malignant cases\Malignant case (15).jpg,malignant,normal,0.6424144506454468,0.5031262626871467,0.693127633102219,0.053270496,False,False
MiniConvNet,external,Malignant case (150).jpg,C:\Users\shrey\Downloads\MIP_project_part2\Lung-Cancer-Classification-\Lung-Cancer-Classification-\Data_External_IQOTHNCCD\Malignant cases\Malignant case (150).jpg,malignant,normal,0.6984454989433289,0.6193287274800241,0.6643918167075908,0.04315021,False,False
MiniConvNet,external,Malignant case (151).jpg,C:\Users\shrey\Downloads\MIP_project_part2\Lung-Cancer-Classification-\Lung-Cancer-Classification-\Data_External_IQOTHNCCD\Malignant cases\Malignant case (151).jpg,malignant,normal,0.7379775047302246,0.7595643324311823,0.5515815442945606,0.029107025,False,False
MiniConvNet,external,Malignant case (152).jpg,C:\Users\shrey\Downloads\MIP_project_part2\Lung-Cancer-Classification-\Lung-Cancer-Classification-\Data_External_IQOTHNCCD\Malignant cases\Malignant case (152).jpg,malignant,normal,0.6424144506454468,0.5005239769816399,0.6931466291600548,0.040569033,False,False
MiniConvNet,external,Malignant case (153).jpg,C:\Users\shrey\Downloads\MIP_project_part2\Lung-Cancer-Classification-\Lung-Cancer-Classification-\Data_External_IQOTHNCCD\Malignant cases\Malignant case (153).jpg,malignant,normal,0.5563011765480042,0.5806335601955652,0.680086670463007,0.02996423,False,False
MiniConvNet,external,Malignant case (154).jpg,C:\Users\shrey\Downloads\MIP_project_part2\Lung-Cancer-Classification-\Lung-Cancer-Classification-\Data_External_IQOTHNCCD\Malignant cases\Malignant case (154).jpg,malignant,normal,0.6133082509040833,0.6094113728031516,0.6690106358758336,0.04983423,False,False
MiniConvNet,external,Malignant case (155).jpg,C:\Users\shrey\Downloads\MIP_project_part2\Lung-Cancer-Classification-\Lung-Cancer-Classification-\Data_External_IQOTHNCCD\Malignant cases\Malignant case (155).jpg,malignant,normal,0.6491379737854004,0.5710442615672946,0.6830183863975452,0.056674883,False,False
MiniConvNet,external,Malignant case (156).jpg,C:\Users\shrey\Downloads\MIP_project_part2\Lung-Cancer-Classification-\Lung-Cancer-Classification-\Data_External_IQOTHNCCD\Malignant cases\Malignant case (156).jpg,malignant,normal,0.6544755101203918,0.6730042695999146,0.6320305784695708,0.046006236,False,False
MiniConvNet,external,Malignant case (157).jpg,C:\Users\shrey\Downloads\MIP_project_part2\Lung-Cancer-Classification-\Lung-Cancer-Classification-\Data_External_IQOTHNCCD\Malignant cases\Malignant case (157).jpg,malignant,normal,0.8880798816680908,0.8451302945613861,0.4310639772337223,0.014792362,False,False
MiniConvNet,external,Malignant case (158).jpg,C:\Users\shrey\Downloads\MIP_project_part2\Lung-Cancer-Classification-\Lung-Cancer-Classification-\Data_External_IQOTHNCCD\Malignant cases\Malignant case (158).jpg,malignant,normal,0.8950596451759338,0.9163539772853256,0.2875851733391233,0.0021386081,False,False
MiniConvNet,external,Malignant case (159).jpg,C:\Users\shrey\Downloads\MIP_project_part2\Lung-Cancer-Classification-\Lung-Cancer-Classification-\Data_External_IQOTHNCCD\Malignant cases\Malignant case (159).jpg,malignant,normal,0.8933009505271912,0.8289292547851801,0.4575800158732989,0.0062476853,False,False
MiniConvNet,external,Malignant case (16).jpg,C:\Users\shrey\Downloads\MIP_project_part2\Lung-Cancer-Classification-\Lung-Cancer-Classification-\Data_External_IQOTHNCCD\Malignant cases\Malignant case (16).jpg,malignant,normal,0.6471501588821411,0.5086974310688674,0.6929958954430437,0.05492197,False,False
MiniConvNet,external,Malignant case (160).jpg,C:\Users\shrey\Downloads\MIP_project_part2\Lung-Cancer-Classification-\Lung-Cancer-Classification-\Data_External_IQOTHNCCD\Malignant cases\Malignant case (160).jpg,malignant,normal,0.9114633202552797,0.9022272508591413,0.3201614315569273,0.0022721698,False,False
MiniConvNet,external,Malignant case (161).jpg,C:\Users\shrey\Downloads\MIP_project_part2\Lung-Cancer-Classification-\Lung-Cancer-Classification-\Data_External_IQOTHNCCD\Malignant cases\Malignant case (161).jpg,malignant,normal,0.9284133315086364,0.9231016039848328,0.2711280389978243,0.0032136864,False,False
MiniConvNet,external,Malignant case (162).jpg,C:\Users\shrey\Downloads\MIP_project_part2\Lung-Cancer-Classification-\Lung-Cancer-Classification-\Data_External_IQOTHNCCD\Malignant cases\Malignant case (162).jpg,malignant,normal,0.9210103154182434,0.9067153790965677,0.3100720140755786,0.0020335398,False,False
MiniConvNet,external,Malignant case (163).jpg,C:\Users\shrey\Downloads\MIP_project_part2\Lung-Cancer-Classification-\Lung-Cancer-Classification-\Data_External_IQOTHNCCD\Malignant cases\Malignant case (163).jpg,malignant,normal,0.9157214164733888,0.9206772828474641,0.2771121227262263,0.0011344458,False,False
MiniConvNet,external,Malignant case (164).jpg,C:\Users\shrey\Downloads\MIP_project_part2\Lung-Cancer-Classification-\Lung-Cancer-Classification-\Data_External_IQOTHNCCD\Malignant cases\Malignant case (164).jpg,malignant,normal,0.907279372215271,0.8556609582155943,0.4127625691721657,0.008552253,False,False
MiniConvNet,external,Malignant case (165).jpg,C:\Users\shrey\Downloads\MIP_project_part2\Lung-Cancer-Classification-\Lung-Cancer-Classification-\Data_External_IQOTHNCCD\Malignant cases\Malignant case (165).jpg,malignant,normal,0.9104053974151612,0.8582796435803175,0.408074230804086,0.0055097435,False,False
MiniConvNet,external,Malignant case (166).jpg,C:\Users\shrey\Downloads\MIP_project_part2\Lung-Cancer-Classification-\Lung-Cancer-Classification-\Data_External_IQOTHNCCD\Malignant cases\Malignant case (166).jpg,malignant,normal,0.9112554788589478,0.9100023629143835,0.3025322591386502,0.0010497045,False,False
MiniConvNet,external,Malignant case (167).jpg,C:\Users\shrey\Downloads\MIP_project_part2\Lung-Cancer-Classification-\Lung-Cancer-Classification-\Data_External_IQOTHNCCD\Malignant cases\Malignant case (167).jpg,malignant,normal,0.8817676305770874,0.8573745600879192,0.409701002911603,0.0076985615,False,False
MiniConvNet,external,Malignant case (168).jpg,C:\Users\shrey\Downloads\MIP_project_part2\Lung-Cancer-Classification-\Lung-Cancer-Classification-\Data_External_IQOTHNCCD\Malignant cases\Malignant case (168).jpg,malignant,normal,0.881401538848877,0.8322116937488317,0.4523619625468209,0.007272841,False,False
MiniConvNet,external,Malignant case (169).jpg,C:\Users\shrey\Downloads\MIP_project_part2\Lung-Cancer-Classification-\Lung-Cancer-Classification-\Data_External_IQOTHNCCD\Malignant cases\Malignant case (169).jpg,malignant,normal,0.8937987685203552,0.8617436289787292,0.4017856231151026,0.005409149,False,False
MiniConvNet,external,Malignant case (17).jpg,C:\Users\shrey\Downloads\MIP_project_part2\Lung-Cancer-Classification-\Lung-Cancer-Classification-\Data_External_IQOTHNCCD\Malignant cases\Malignant case (17).jpg,malignant,normal,0.8770101070404053,0.8294942788779736,0.4566871775075485,0.008846808,False,False
MiniConvNet,external,Malignant case (170).jpg,C:\Users\shrey\Downloads\MIP_project_part2\Lung-Cancer-Classification-\Lung-Cancer-Classification-\Data_External_IQOTHNCCD\Malignant cases\Malignant case (170).jpg,malignant,normal,0.9254641532897948,0.8997267242521048,0.3256829853719342,0.0029887876,False,False
MiniConvNet,external,Malignant case (171).jpg,C:\Users\shrey\Downloads\MIP_project_part2\Lung-Cancer-Classification-\Lung-Cancer-Classification-\Data_External_IQOTHNCCD\Malignant cases\Malignant case (171).jpg,malignant,normal,0.9046670794487,0.837609525769949,0.4436127521408629,0.009875662,False,False
MiniConvNet,external,Malignant case (172).jpg,C:\Users\shrey\Downloads\MIP_project_part2\Lung-Cancer-Classification-\Lung-Cancer-Classification-\Data_External_IQOTHNCCD\Malignant cases\Malignant case (172).jpg,malignant,normal,0.8569548726081848,0.8390005584806204,0.4413235007248612,0.0103771705,False,False
MiniConvNet,external,Malignant case (173).jpg,C:\Users\shrey\Downloads\MIP_project_part2\Lung-Cancer-Classification-\Lung-Cancer-Classification-\Data_External_IQOTHNCCD\Malignant cases\Malignant case (173).jpg,malignant,normal,0.8431006669998169,0.8133432250469923,0.4813388225142541,0.014879996,False,False
MiniConvNet,external,Malignant case (174).jpg,C:\Users\shrey\Downloads\MIP_project_part2\Lung-Cancer-Classification-\Lung-Cancer-Classification-\Data_External_IQOTHNCCD\Malignant cases\Malignant case (174).jpg,malignant,normal,0.8293819427490234,0.8213916420936584,0.4692766521583608,0.004738998,False,False
MiniConvNet,external,Malignant case (175).jpg,C:\Users\shrey\Downloads\MIP_project_part2\Lung-Cancer-Classification-\Lung-Cancer-Classification-\Data_External_IQOTHNCCD\Malignant cases\Malignant case (175).jpg,malignant,normal,0.8349756598472595,0.8152501862496138,0.4785200168190605,0.012242849,False,False
MiniConvNet,external,Malignant case (176).jpg,C:\Users\shrey\Downloads\MIP_project_part2\Lung-Cancer-Classification-\Lung-Cancer-Classification-\Data_External_IQOTHNCCD\Malignant cases\Malignant case (176).jpg,malignant,normal,0.8492991924285889,0.8163684643805027,0.4768557167369046,0.005024481,False,False
MiniConvNet,external,Malignant case (177).jpg,C:\Users\shrey\Downloads\MIP_project_part2\Lung-Cancer-Classification-\Lung-Cancer-Classification-\Data_External_IQOTHNCCD\Malignant cases\Malignant case (177).jpg,malignant,normal,0.8629224300384521,0.8119060695171357,0.4834473342346601,0.014234516,False,False
MiniConvNet,external,Malignant case (178).jpg,C:\Users\shrey\Downloads\MIP_project_part2\Lung-Cancer-Classification-\Lung-Cancer-Classification-\Data_External_IQOTHNCCD\Malignant cases\Malignant case (178).jpg,malignant,normal,0.8612083792686462,0.8096024077385664,0.4867989862179858,0.01282637,False,False
MiniConvNet,external,Malignant case (179).jpg,C:\Users\shrey\Downloads\MIP_project_part2\Lung-Cancer-Classification-\Lung-Cancer-Classification-\Data_External_IQOTHNCCD\Malignant cases\Malignant case (179).jpg,malignant,normal,0.8652390241622925,0.8593459594994783,0.4061489224498817,0.0013488012,False,False
MiniConvNet,external,Malignant case (18).jpg,C:\Users\shrey\Downloads\MIP_project_part2\Lung-Cancer-Classification-\Lung-Cancer-Classification-\Data_External_IQOTHNCCD\Malignant cases\Malignant case (18).jpg,malignant,normal,0.8746675848960876,0.8677847348153592,0.3905762909531148,0.0030032215,False,False
MiniConvNet,external,Malignant case (180).jpg,C:\Users\shrey\Downloads\MIP_project_part2\Lung-Cancer-Classification-\Lung-Cancer-Classification-\Data_External_IQOTHNCCD\Malignant cases\Malignant case (180).jpg,malignant,malignant,0.8230426260270178,0.7572806854732335,0.5541942296659015,0.059960715,True,True
MiniConvNet,external,Malignant case (181).jpg,C:\Users\shrey\Downloads\MIP_project_part2\Lung-Cancer-Classification-\Lung-Cancer-Classification-\Data_External_IQOTHNCCD\Malignant cases\Malignant case (181).jpg,malignant,normal,0.6732202768325806,0.6836947279516608,0.6240530119851477,0.024834247,False,False
MiniConvNet,external,Malignant case (182).jpg,C:\Users\shrey\Downloads\MIP_project_part2\Lung-Cancer-Classification-\Lung-Cancer-Classification-\Data_External_IQOTHNCCD\Malignant cases\Malignant case (182).jpg,malignant,normal,0.5597776770591736,0.5708415429107845,0.6830762491300514,0.03840754,False,False
MiniConvNet,external,Malignant case (183).jpg,C:\Users\shrey\Downloads\MIP_project_part2\Lung-Cancer-Classification-\Lung-Cancer-Classification-\Data_External_IQOTHNCCD\Malignant cases\Malignant case (183).jpg,malignant,normal,0.878123939037323,0.8070845659822226,0.4904228239024142,0.017202009,False,False
MiniConvNet,external,Malignant case (184).jpg,C:\Users\shrey\Downloads\MIP_project_part2\Lung-Cancer-Classification-\Lung-Cancer-Classification-\Data_External_IQOTHNCCD\Malignant cases\Malignant case (184).jpg,malignant,normal,0.9119595289230348,0.8631917359307408,0.3991270420867189,0.010086714,False,False
MiniConvNet,external,Malignant case (185).jpg,C:\Users\shrey\Downloads\MIP_project_part2\Lung-Cancer-Classification-\Lung-Cancer-Classification-\Data_External_IQOTHNCCD\Malignant cases\Malignant case (185).jpg,malignant,normal,0.9098105430603028,0.8612524224445224,0.4026834409039279,0.0072764456,False,False
MiniConvNet,external,Malignant case (186).jpg,C:\Users\shrey\Downloads\MIP_project_part2\Lung-Cancer-Classification-\Lung-Cancer-Classification-\Data_External_IQOTHNCCD\Malignant cases\Malignant case (186).jpg,malignant,normal,0.9245233535766602,0.8462044559419155,0.4292366823959578,0.0124723,False,False
MiniConvNet,external,Malignant case (187).jpg,C:\Users\shrey\Downloads\MIP_project_part2\Lung-Cancer-Classification-\Lung-Cancer-Classification-\Data_External_IQOTHNCCD\Malignant cases\Malignant case (187).jpg,malignant,normal,0.9078671336174012,0.7920833006501198,0.511183414392215,0.022506159,False,False
MiniConvNet,external,Malignant case (188).jpg,C:\Users\shrey\Downloads\MIP_project_part2\Lung-Cancer-Classification-\Lung-Cancer-Classification-\Data_External_IQOTHNCCD\Malignant cases\Malignant case (188).jpg,malignant,normal,0.9136823415756226,0.8569577597081662,0.4104478505703421,0.0043261647,False,False
MiniConvNet,external,Malignant case (189).jpg,C:\Users\shrey\Downloads\MIP_project_part2\Lung-Cancer-Classification-\Lung-Cancer-Classification-\Data_External_IQOTHNCCD\Malignant cases\Malignant case (189).jpg,malignant,normal,0.9211323857307434,0.9183638817630709,0.2827472239591367,0.003485721,False,False
MiniConvNet,external,Malignant case (19).jpg,C:\Users\shrey\Downloads\MIP_project_part2\Lung-Cancer-Classification-\Lung-Cancer-Classification-\Data_External_IQOTHNCCD\Malignant cases\Malignant case (19).jpg,malignant,normal,0.6183556914329529,0.6515078470110893,0.6465082521679533,0.014928027,False,False
MiniConvNet,external,Malignant case (190).jpg,C:\Users\shrey\Downloads\MIP_project_part2\Lung-Cancer-Classification-\Lung-Cancer-Classification-\Data_External_IQOTHNCCD\Malignant cases\Malignant case (190).jpg,malignant,normal,0.895918607711792,0.8461489956825972,0.4293312146477273,0.0068651764,False,False
MiniConvNet,external,Malignant case (191).jpg,C:\Users\shrey\Downloads\MIP_project_part2\Lung-Cancer-Classification-\Lung-Cancer-Classification-\Data_External_IQOTHNCCD\Malignant cases\Malignant case (191).jpg,malignant,normal,0.8823566436767578,0.8373357057571411,0.4440616456029571,0.010393188,False,False
MiniConvNet,external,Malignant case (192).jpg,C:\Users\shrey\Downloads\MIP_project_part2\Lung-Cancer-Classification-\Lung-Cancer-Classification-\Data_External_IQOTHNCCD\Malignant cases\Malignant case (192).jpg,malignant,malignant,0.5112993572838604,0.5012216633185744,0.6931442027199632,0.02636009,True,True
MiniConvNet,external,Malignant case (193).jpg,C:\Users\shrey\Downloads\MIP_project_part2\Lung-Cancer-Classification-\Lung-Cancer-Classification-\Data_External_IQOTHNCCD\Malignant cases\Malignant case (193).jpg,malignant,normal,0.5697330236434937,0.5492575690150261,0.6882867053256088,0.02690102,False,False
MiniConvNet,external,Malignant case (194).jpg,C:\Users\shrey\Downloads\MIP_project_part2\Lung-Cancer-Classification-\Lung-Cancer-Classification-\Data_External_IQOTHNCCD\Malignant cases\Malignant case (194).jpg,malignant,normal,0.540018618106842,0.5195534015074372,0.6923823071157008,0.03033777,False,False
MiniConvNet,external,Malignant case (195).jpg,C:\Users\shrey\Downloads\MIP_project_part2\Lung-Cancer-Classification-\Lung-Cancer-Classification-\Data_External_IQOTHNCCD\Malignant cases\Malignant case (195).jpg,malignant,normal,0.8931228518486023,0.8052287099417299,0.4930679368601457,0.0111065945,False,False
MiniConvNet,external,Malignant case (196).jpg,C:\Users\shrey\Downloads\MIP_project_part2\Lung-Cancer-Classification-\Lung-Cancer-Classification-\Data_External_IQOTHNCCD\Malignant cases\Malignant case (196).jpg,malignant,normal,0.8656428456306458,0.8167387358844281,0.4763027967699144,0.014216423,False,False
MiniConvNet,external,Malignant case (197).jpg,C:\Users\shrey\Downloads\MIP_project_part2\Lung-Cancer-Classification-\Lung-Cancer-Classification-\Data_External_IQOTHNCCD\Malignant cases\Malignant case (197).jpg,malignant,normal,0.8809869289398193,0.8563333670608699,0.4115640516139242,0.014608565,False,False
MiniConvNet,external,Malignant case (198).jpg,C:\Users\shrey\Downloads\MIP_project_part2\Lung-Cancer-Classification-\Lung-Cancer-Classification-\Data_External_IQOTHNCCD\Malignant cases\Malignant case (198).jpg,malignant,normal,0.9110982418060304,0.8788253586972133,0.3692589643126019,0.012966289,False,False
MiniConvNet,external,Malignant case (199).jpg,C:\Users\shrey\Downloads\MIP_project_part2\Lung-Cancer-Classification-\Lung-Cancer-Classification-\Data_External_IQOTHNCCD\Malignant cases\Malignant case (199).jpg,malignant,normal,0.8976573348045349,0.8547201750334353,0.4144333269526266,0.0270347,False,False
MiniConvNet,external,Malignant case (2).jpg,C:\Users\shrey\Downloads\MIP_project_part2\Lung-Cancer-Classification-\Lung-Cancer-Classification-\Data_External_IQOTHNCCD\Malignant cases\Malignant case (2).jpg,malignant,normal,0.8160337209701538,0.7652754224836826,0.5449223834800818,0.013252804,False,False
MiniConvNet,external,Malignant case (20).jpg,C:\Users\shrey\Downloads\MIP_project_part2\Lung-Cancer-Classification-\Lung-Cancer-Classification-\Data_External_IQOTHNCCD\Malignant cases\Malignant case (20).jpg,malignant,malignant,0.5763574643060565,0.5812535416334867,0.6798841585664646,0.027040161,True,True
MiniConvNet,external,Malignant case (200).jpg,C:\Users\shrey\Downloads\MIP_project_part2\Lung-Cancer-Classification-\Lung-Cancer-Classification-\Data_External_IQOTHNCCD\Malignant cases\Malignant case (200).jpg,malignant,malignant,0.8917309058597311,0.8768250015564263,0.3732035870570027,0.01913591,True,True
MiniConvNet,external,Malignant case (201).jpg,C:\Users\shrey\Downloads\MIP_project_part2\Lung-Cancer-Classification-\Lung-Cancer-Classification-\Data_External_IQOTHNCCD\Malignant cases\Malignant case (201).jpg,malignant,malignant,0.9152030444238336,0.7600097553804517,0.5510686913511758,0.050880667,True,True
MiniConvNet,external,Malignant case (202).jpg,C:\Users\shrey\Downloads\MIP_project_part2\Lung-Cancer-Classification-\Lung-Cancer-Classification-\Data_External_IQOTHNCCD\Malignant cases\Malignant case (202).jpg,malignant,malignant,0.8393463876564056,0.8103236434981227,0.4857533100813515,0.03028703,True,True
MiniConvNet,external,Malignant case (203).jpg,C:\Users\shrey\Downloads\MIP_project_part2\Lung-Cancer-Classification-\Lung-Cancer-Classification-\Data_External_IQOTHNCCD\Malignant cases\Malignant case (203).jpg,malignant,malignant,0.8383845542557538,0.7345634000375867,0.5786669395936426,0.048903678,True,True
MiniConvNet,external,Malignant case (204).jpg,C:\Users\shrey\Downloads\MIP_project_part2\Lung-Cancer-Classification-\Lung-Cancer-Classification-\Data_External_IQOTHNCCD\Malignant cases\Malignant case (204).jpg,malignant,malignant,0.779573418200016,0.750893815420568,0.5613511136327081,0.026958019,True,True
MiniConvNet,external,Malignant case (205).jpg,C:\Users\shrey\Downloads\MIP_project_part2\Lung-Cancer-Classification-\Lung-Cancer-Classification-\Data_External_IQOTHNCCD\Malignant cases\Malignant case (205).jpg,malignant,malignant,0.8509910646826029,0.8090281803160906,0.4876290597394082,0.014200931,True,True
MiniConvNet,external,Malignant case (206).jpg,C:\Users\shrey\Downloads\MIP_project_part2\Lung-Cancer-Classification-\Lung-Cancer-Classification-\Data_External_IQOTHNCCD\Malignant cases\Malignant case (206).jpg,malignant,malignant,0.8551146704703569,0.7981885792687535,0.5029033355235193,0.045077514,True,True
MiniConvNet,external,Malignant case (207).jpg,C:\Users\shrey\Downloads\MIP_project_part2\Lung-Cancer-Classification-\Lung-Cancer-Classification-\Data_External_IQOTHNCCD\Malignant cases\Malignant case (207).jpg,malignant,malignant,0.8205938767641783,0.8586108852177858,0.4074770845951165,0.01324932,True,True
MiniConvNet,external,Malignant case (208).jpg,C:\Users\shrey\Downloads\MIP_project_part2\Lung-Cancer-Classification-\Lung-Cancer-Classification-\Data_External_IQOTHNCCD\Malignant cases\Malignant case (208).jpg,malignant,malignant,0.8544774996116757,0.8500305879861116,0.4226560144819038,0.012761131,True,True
MiniConvNet,external,Malignant case (209).jpg,C:\Users\shrey\Downloads\MIP_project_part2\Lung-Cancer-Classification-\Lung-Cancer-Classification-\Data_External_IQOTHNCCD\Malignant cases\Malignant case (209).jpg,malignant,malignant,0.8854758609086275,0.8080496257171035,0.4890386857170631,0.02657223,True,True
MiniConvNet,external,Malignant case (21).jpg,C:\Users\shrey\Downloads\MIP_project_part2\Lung-Cancer-Classification-\Lung-Cancer-Classification-\Data_External_IQOTHNCCD\Malignant cases\Malignant case (21).jpg,malignant,malignant,0.6045285416767001,0.5018313452601433,0.6931404751509164,0.02130416,True,True
MiniConvNet,external,Malignant case (210).jpg,C:\Users\shrey\Downloads\MIP_project_part2\Lung-Cancer-Classification-\Lung-Cancer-Classification-\Data_External_IQOTHNCCD\Malignant cases\Malignant case (210).jpg,malignant,malignant,0.8709529489278793,0.8158247545361519,0.4776659544437869,0.018914105,True,True
MiniConvNet,external,Malignant case (211).jpg,C:\Users\shrey\Downloads\MIP_project_part2\Lung-Cancer-Classification-\Lung-Cancer-Classification-\Data_External_IQOTHNCCD\Malignant cases\Malignant case (211).jpg,malignant,malignant,0.6248200573027134,0.5895574353635311,0.6770192270717243,0.027611652,True,True
MiniConvNet,external,Malignant case (212).jpg,C:\Users\shrey\Downloads\MIP_project_part2\Lung-Cancer-Classification-\Lung-Cancer-Classification-\Data_External_IQOTHNCCD\Malignant cases\Malignant case (212).jpg,malignant,malignant,0.7465086691081524,0.7771505936980247,0.5304907636707475,0.033074394,True,True
MiniConvNet,external,Malignant case (213).jpg,C:\Users\shrey\Downloads\MIP_project_part2\Lung-Cancer-Classification-\Lung-Cancer-Classification-\Data_External_IQOTHNCCD\Malignant cases\Malignant case (213).jpg,malignant,malignant,0.7630553562194109,0.6493370160460472,0.6478560831228706,0.026258165,True,True
MiniConvNet,external,Malignant case (214).jpg,C:\Users\shrey\Downloads\MIP_project_part2\Lung-Cancer-Classification-\Lung-Cancer-Classification-\Data_External_IQOTHNCCD\Malignant cases\Malignant case (214).jpg,malignant,malignant,0.7286667115986347,0.6660793945193291,0.6369204607190386,0.02634084,True,True
MiniConvNet,external,Malignant case (215).jpg,C:\Users\shrey\Downloads\MIP_project_part2\Lung-Cancer-Classification-\Lung-Cancer-Classification-\Data_External_IQOTHNCCD\Malignant cases\Malignant case (215).jpg,malignant,malignant,0.7902930900454521,0.7809867914766073,0.5256561442838604,0.019035822,True,True
MiniConvNet,external,Malignant case (216).jpg,C:\Users\shrey\Downloads\MIP_project_part2\Lung-Cancer-Classification-\Lung-Cancer-Classification-\Data_External_IQOTHNCCD\Malignant cases\Malignant case (216).jpg,malignant,malignant,0.7446632273495197,0.7606828436255455,0.5502915332138254,0.020902514,True,True
MiniConvNet,external,Malignant case (217).jpg,C:\Users\shrey\Downloads\MIP_project_part2\Lung-Cancer-Classification-\Lung-Cancer-Classification-\Data_External_IQOTHNCCD\Malignant cases\Malignant case (217).jpg,malignant,malignant,0.5724284015595913,0.4988931529223919,0.6931447268809776,0.032240104,True,False
MiniConvNet,external,Malignant case (218).jpg,C:\Users\shrey\Downloads\MIP_project_part2\Lung-Cancer-Classification-\Lung-Cancer-Classification-\Data_External_IQOTHNCCD\Malignant cases\Malignant case (218).jpg,malignant,malignant,0.6383833847939968,0.6053363978862762,0.6707885229738859,0.017174322,True,True
MiniConvNet,external,Malignant case (219).jpg,C:\Users\shrey\Downloads\MIP_project_part2\Lung-Cancer-Classification-\Lung-Cancer-Classification-\Data_External_IQOTHNCCD\Malignant cases\Malignant case (219).jpg,malignant,malignant,0.5102481208741665,0.6239257641136646,0.6621095240702233,0.024436403,True,True
MiniConvNet,external,Malignant case (22).jpg,C:\Users\shrey\Downloads\MIP_project_part2\Lung-Cancer-Classification-\Lung-Cancer-Classification-\Data_External_IQOTHNCCD\Malignant cases\Malignant case (22).jpg,malignant,normal,0.5478453040122986,0.5265198247507215,0.6917399144221312,0.01411472,False,False
MiniConvNet,external,Malignant case (220).jpg,C:\Users\shrey\Downloads\MIP_project_part2\Lung-Cancer-Classification-\Lung-Cancer-Classification-\Data_External_IQOTHNCCD\Malignant cases\Malignant case (220).jpg,malignant,malignant,0.5792275480926037,0.560568917542696,0.6857919334656217,0.024882995,True,True
MiniConvNet,external,Malignant case (221).jpg,C:\Users\shrey\Downloads\MIP_project_part2\Lung-Cancer-Classification-\Lung-Cancer-Classification-\Data_External_IQOTHNCCD\Malignant cases\Malignant case (221).jpg,malignant,malignant,0.5726983658969402,0.5734860375523567,0.6823075656852824,0.019588113,True,True
MiniConvNet,external,Malignant case (222).jpg,C:\Users\shrey\Downloads\MIP_project_part2\Lung-Cancer-Classification-\Lung-Cancer-Classification-\Data_External_IQOTHNCCD\Malignant cases\Malignant case (222).jpg,malignant,malignant,0.5305077917873859,0.5104701854288578,0.6929279394442459,0.024508694,True,True
MiniConvNet,external,Malignant case (223).jpg,C:\Users\shrey\Downloads\MIP_project_part2\Lung-Cancer-Classification-\Lung-Cancer-Classification-\Data_External_IQOTHNCCD\Malignant cases\Malignant case (223).jpg,malignant,normal,0.5144844055175781,0.46699655801057816,0.6909671433179896,0.024077706,False,True
MiniConvNet,external,Malignant case (224).jpg,C:\Users\shrey\Downloads\MIP_project_part2\Lung-Cancer-Classification-\Lung-Cancer-Classification-\Data_External_IQOTHNCCD\Malignant cases\Malignant case (224).jpg,malignant,normal,0.6266358494758606,0.6272819563746452,0.6603864025586746,0.02955291,False,False
MiniConvNet,external,Malignant case (225).jpg,C:\Users\shrey\Downloads\MIP_project_part2\Lung-Cancer-Classification-\Lung-Cancer-Classification-\Data_External_IQOTHNCCD\Malignant cases\Malignant case (225).jpg,malignant,normal,0.6158947944641113,0.5210684090852737,0.6922591463825685,0.026563944,False,False
MiniConvNet,external,Malignant case (226).jpg,C:\Users\shrey\Downloads\MIP_project_part2\Lung-Cancer-Classification-\Lung-Cancer-Classification-\Data_External_IQOTHNCCD\Malignant cases\Malignant case (226).jpg,malignant,normal,0.5806577801704407,0.5119064562022686,0.6928636103571224,0.024125915,False,False
MiniConvNet,external,Malignant case (227).jpg,C:\Users\shrey\Downloads\MIP_project_part2\Lung-Cancer-Classification-\Lung-Cancer-Classification-\Data_External_IQOTHNCCD\Malignant cases\Malignant case (227).jpg,malignant,normal,0.5778073072433472,0.5717888996005058,0.6828041763561614,0.023615727,False,False
MiniConvNet,external,Malignant case (228).jpg,C:\Users\shrey\Downloads\MIP_project_part2\Lung-Cancer-Classification-\Lung-Cancer-Classification-\Data_External_IQOTHNCCD\Malignant cases\Malignant case (228).jpg,malignant,normal,0.9125174880027772,0.8912253240123392,0.3439458488054772,0.005607909,False,False
MiniConvNet,external,Malignant case (229).jpg,C:\Users\shrey\Downloads\MIP_project_part2\Lung-Cancer-Classification-\Lung-Cancer-Classification-\Data_External_IQOTHNCCD\Malignant cases\Malignant case (229).jpg,malignant,normal,0.9287112951278688,0.9101918095257134,0.3020937989777508,0.003010263,False,False
MiniConvNet,external,Malignant case (23).jpg,C:\Users\shrey\Downloads\MIP_project_part2\Lung-Cancer-Classification-\Lung-Cancer-Classification-\Data_External_IQOTHNCCD\Malignant cases\Malignant case (23).jpg,malignant,normal,0.6105027198791504,0.6218245513737202,0.663163876783228,0.014769154,False,False
MiniConvNet,external,Malignant case (230).jpg,C:\Users\shrey\Downloads\MIP_project_part2\Lung-Cancer-Classification-\Lung-Cancer-Classification-\Data_External_IQOTHNCCD\Malignant cases\Malignant case (230).jpg,malignant,normal,0.9455920457839966,0.9024216709658504,0.3197291636292108,0.0031615088,False,False
MiniConvNet,external,Malignant case (231).jpg,C:\Users\shrey\Downloads\MIP_project_part2\Lung-Cancer-Classification-\Lung-Cancer-Classification-\Data_External_IQOTHNCCD\Malignant cases\Malignant case (231).jpg,malignant,normal,0.9445481896400452,0.9035222176462412,0.3172742372426159,0.0044214427,False,False
MiniConvNet,external,Malignant case (232).jpg,C:\Users\shrey\Downloads\MIP_project_part2\Lung-Cancer-Classification-\Lung-Cancer-Classification-\Data_External_IQOTHNCCD\Malignant cases\Malignant case (232).jpg,malignant,normal,0.9338175058364868,0.8478746507316828,0.4263780331380894,0.010470514,False,False
MiniConvNet,external,Malignant case (233).jpg,C:\Users\shrey\Downloads\MIP_project_part2\Lung-Cancer-Classification-\Lung-Cancer-Classification-\Data_External_IQOTHNCCD\Malignant cases\Malignant case (233).jpg,malignant,normal,0.9333885908126832,0.9164252677001059,0.2874143787244152,0.0045322822,False,False
MiniConvNet,external,Malignant case (234).jpg,C:\Users\shrey\Downloads\MIP_project_part2\Lung-Cancer-Classification-\Lung-Cancer-Classification-\Data_External_IQOTHNCCD\Malignant cases\Malignant case (234).jpg,malignant,normal,0.9400777220726012,0.891163500957191,0.344075851146456,0.016138474,False,False
MiniConvNet,external,Malignant case (235).jpg,C:\Users\shrey\Downloads\MIP_project_part2\Lung-Cancer-Classification-\Lung-Cancer-Classification-\Data_External_IQOTHNCCD\Malignant cases\Malignant case (235).jpg,malignant,normal,0.9236504435539246,0.9178665010258555,0.2839494169563252,0.0016029247,False,False
MiniConvNet,external,Malignant case (236).jpg,C:\Users\shrey\Downloads\MIP_project_part2\Lung-Cancer-Classification-\Lung-Cancer-Classification-\Data_External_IQOTHNCCD\Malignant cases\Malignant case (236).jpg,malignant,normal,0.8766138553619385,0.8611093265935779,0.4029445718127363,0.005091588,False,False
MiniConvNet,external,Malignant case (237).jpg,C:\Users\shrey\Downloads\MIP_project_part2\Lung-Cancer-Classification-\Lung-Cancer-Classification-\Data_External_IQOTHNCCD\Malignant cases\Malignant case (237).jpg,malignant,normal,0.8661574125289917,0.814993754029274,0.4789003650887591,0.009708481,False,False
MiniConvNet,external,Malignant case (238).jpg,C:\Users\shrey\Downloads\MIP_project_part2\Lung-Cancer-Classification-\Lung-Cancer-Classification-\Data_External_IQOTHNCCD\Malignant cases\Malignant case (238).jpg,malignant,normal,0.9070070385932922,0.833666630089283,0.4500244919211657,0.013248505,False,False
MiniConvNet,external,Malignant case (239).jpg,C:\Users\shrey\Downloads\MIP_project_part2\Lung-Cancer-Classification-\Lung-Cancer-Classification-\Data_External_IQOTHNCCD\Malignant cases\Malignant case (239).jpg,malignant,normal,0.8939300179481506,0.8465845603495837,0.4285881008653211,0.0141474735,False,False
MiniConvNet,external,Malignant case (24).jpg,C:\Users\shrey\Downloads\MIP_project_part2\Lung-Cancer-Classification-\Lung-Cancer-Classification-\Data_External_IQOTHNCCD\Malignant cases\Malignant case (24).jpg,malignant,normal,0.6390921473503113,0.6521100960671902,0.6461306098537019,0.0071534384,False,False
MiniConvNet,external,Malignant case (240).jpg,C:\Users\shrey\Downloads\MIP_project_part2\Lung-Cancer-Classification-\Lung-Cancer-Classification-\Data_External_IQOTHNCCD\Malignant cases\Malignant case (240).jpg,malignant,normal,0.8405289053916931,0.7773162946105003,0.5302836844315906,0.018367242,False,False
MiniConvNet,external,Malignant case (241).jpg,C:\Users\shrey\Downloads\MIP_project_part2\Lung-Cancer-Classification-\Lung-Cancer-Classification-\Data_External_IQOTHNCCD\Malignant cases\Malignant case (241).jpg,malignant,normal,0.8707361817359924,0.8431981457397342,0.4343283866907411,0.006024756,False,False
MiniConvNet,external,Malignant case (242).jpg,C:\Users\shrey\Downloads\MIP_project_part2\Lung-Cancer-Classification-\Lung-Cancer-Classification-\Data_External_IQOTHNCCD\Malignant cases\Malignant case (242).jpg,malignant,normal,0.8221175670623779,0.8106203293427825,0.4853222935807025,0.0088621415,False,False
MiniConvNet,external,Malignant case (243).jpg,C:\Users\shrey\Downloads\MIP_project_part2\Lung-Cancer-Classification-\Lung-Cancer-Classification-\Data_External_IQOTHNCCD\Malignant cases\Malignant case (243).jpg,malignant,normal,0.84305739402771,0.727685272693634,0.5855475525191868,0.020464089,False,False
MiniConvNet,external,Malignant case (244).jpg,C:\Users\shrey\Downloads\MIP_project_part2\Lung-Cancer-Classification-\Lung-Cancer-Classification-\Data_External_IQOTHNCCD\Malignant cases\Malignant case (244).jpg,malignant,normal,0.7181069850921631,0.6162003222852945,0.6658936483426712,0.016062127,False,False
MiniConvNet,external,Malignant case (245).jpg,C:\Users\shrey\Downloads\MIP_project_part2\Lung-Cancer-Classification-\Lung-Cancer-Classification-\Data_External_IQOTHNCCD\Malignant cases\Malignant case (245).jpg,malignant,normal,0.7712113857269287,0.7131270952522755,0.5993279465795935,0.017263262,False,False
MiniConvNet,external,Malignant case (246).jpg,C:\Users\shrey\Downloads\MIP_project_part2\Lung-Cancer-Classification-\Lung-Cancer-Classification-\Data_External_IQOTHNCCD\Malignant cases\Malignant case (246).jpg,malignant,normal,0.7448256015777588,0.7130414675921202,0.599405918975542,0.029280404,False,False
MiniConvNet,external,Malignant case (247).jpg,C:\Users\shrey\Downloads\MIP_project_part2\Lung-Cancer-Classification-\Lung-Cancer-Classification-\Data_External_IQOTHNCCD\Malignant cases\Malignant case (247).jpg,malignant,normal,0.8781736493110657,0.8571173679083586,0.4101619468243258,0.0065934877,False,False
MiniConvNet,external,Malignant case (248).jpg,C:\Users\shrey\Downloads\MIP_project_part2\Lung-Cancer-Classification-\Lung-Cancer-Classification-\Data_External_IQOTHNCCD\Malignant cases\Malignant case (248).jpg,malignant,normal,0.8942115306854248,0.8181180972605944,0.4742351420958064,0.03262414,False,False
MiniConvNet,external,Malignant case (249).jpg,C:\Users\shrey\Downloads\MIP_project_part2\Lung-Cancer-Classification-\Lung-Cancer-Classification-\Data_External_IQOTHNCCD\Malignant cases\Malignant case (249).jpg,malignant,normal,0.878467857837677,0.8314307592809201,0.453610313134096,0.010758846,False,False
MiniConvNet,external,Malignant case (25).jpg,C:\Users\shrey\Downloads\MIP_project_part2\Lung-Cancer-Classification-\Lung-Cancer-Classification-\Data_External_IQOTHNCCD\Malignant cases\Malignant case (25).jpg,malignant,normal,0.6417009234428406,0.5939029715955257,0.6754065238463064,0.02002366,False,False
MiniConvNet,external,Malignant case (250).jpg,C:\Users\shrey\Downloads\MIP_project_part2\Lung-Cancer-Classification-\Lung-Cancer-Classification-\Data_External_IQOTHNCCD\Malignant cases\Malignant case (250).jpg,malignant,normal,0.8613276481628418,0.8632264416664839,0.3990630188935403,0.022871705,False,False
MiniConvNet,external,Malignant case (251).jpg,C:\Users\shrey\Downloads\MIP_project_part2\Lung-Cancer-Classification-\Lung-Cancer-Classification-\Data_External_IQOTHNCCD\Malignant cases\Malignant case (251).jpg,malignant,normal,0.8958425521850586,0.8534928746521473,0.4166022060305316,0.008292067,False,False
MiniConvNet,external,Malignant case (252).jpg,C:\Users\shrey\Downloads\MIP_project_part2\Lung-Cancer-Classification-\Lung-Cancer-Classification-\Data_External_IQOTHNCCD\Malignant cases\Malignant case (252).jpg,malignant,normal,0.905390441417694,0.9007686264812947,0.3233908287338228,0.0035467574,False,False
MiniConvNet,external,Malignant case (253).jpg,C:\Users\shrey\Downloads\MIP_project_part2\Lung-Cancer-Classification-\Lung-Cancer-Classification-\Data_External_IQOTHNCCD\Malignant cases\Malignant case (253).jpg,malignant,normal,0.9204624891281128,0.9100613165646791,0.302396005163133,0.0018840085,False,False
MiniConvNet,external,Malignant case (254).jpg,C:\Users\shrey\Downloads\MIP_project_part2\Lung-Cancer-Classification-\Lung-Cancer-Classification-\Data_External_IQOTHNCCD\Malignant cases\Malignant case (254).jpg,malignant,normal,0.8968128561973572,0.887800507247448,0.3510893879261122,0.0038213916,False,False
MiniConvNet,external,Malignant case (255).jpg,C:\Users\shrey\Downloads\MIP_project_part2\Lung-Cancer-Classification-\Lung-Cancer-Classification-\Data_External_IQOTHNCCD\Malignant cases\Malignant case (255).jpg,malignant,normal,0.8709756731987,0.7767257876694202,0.5310209093494037,0.031763263,False,False
MiniConvNet,external,Malignant case (256).jpg,C:\Users\shrey\Downloads\MIP_project_part2\Lung-Cancer-Classification-\Lung-Cancer-Classification-\Data_External_IQOTHNCCD\Malignant cases\Malignant case (256).jpg,malignant,normal,0.8349056243896484,0.7381362691521645,0.5749972926092483,0.029535467,False,False
MiniConvNet,external,Malignant case (257).jpg,C:\Users\shrey\Downloads\MIP_project_part2\Lung-Cancer-Classification-\Lung-Cancer-Classification-\Data_External_IQOTHNCCD\Malignant cases\Malignant case (257).jpg,malignant,normal,0.8630036115646362,0.8537140376865864,0.4162122378183841,0.010297836,False,False
MiniConvNet,external,Malignant case (258).jpg,C:\Users\shrey\Downloads\MIP_project_part2\Lung-Cancer-Classification-\Lung-Cancer-Classification-\Data_External_IQOTHNCCD\Malignant cases\Malignant case (258).jpg,malignant,normal,0.8852974772453308,0.7924326974898577,0.5107157109351297,0.04148656,False,False
MiniConvNet,external,Malignant case (259).jpg,C:\Users\shrey\Downloads\MIP_project_part2\Lung-Cancer-Classification-\Lung-Cancer-Classification-\Data_External_IQOTHNCCD\Malignant cases\Malignant case (259).jpg,malignant,normal,0.9200109243392944,0.867479246109724,0.3911506013463665,0.015569153,False,False
MiniConvNet,external,Malignant case (26).jpg,C:\Users\shrey\Downloads\MIP_project_part2\Lung-Cancer-Classification-\Lung-Cancer-Classification-\Data_External_IQOTHNCCD\Malignant cases\Malignant case (26).jpg,malignant,normal,0.6949033737182617,0.6664998158812523,0.6366297710946506,0.013142314,False,False
MiniConvNet,external,Malignant case (260).jpg,C:\Users\shrey\Downloads\MIP_project_part2\Lung-Cancer-Classification-\Lung-Cancer-Classification-\Data_External_IQOTHNCCD\Malignant cases\Malignant case (260).jpg,malignant,normal,0.9013320207595824,0.8590265028178692,0.406726695651554,0.009124129,False,False
MiniConvNet,external,Malignant case (261).jpg,C:\Users\shrey\Downloads\MIP_project_part2\Lung-Cancer-Classification-\Lung-Cancer-Classification-\Data_External_IQOTHNCCD\Malignant cases\Malignant case (261).jpg,malignant,normal,0.9146431088447572,0.9016660414636136,0.3214068589392785,0.0037415852,False,False
MiniConvNet,external,Malignant case (262).jpg,C:\Users\shrey\Downloads\MIP_project_part2\Lung-Cancer-Classification-\Lung-Cancer-Classification-\Data_External_IQOTHNCCD\Malignant cases\Malignant case (262).jpg,malignant,normal,0.7579560875892639,0.7452252134680748,0.567520258515725,0.0062365527,False,False
MiniConvNet,external,Malignant case (263).jpg,C:\Users\shrey\Downloads\MIP_project_part2\Lung-Cancer-Classification-\Lung-Cancer-Classification-\Data_External_IQOTHNCCD\Malignant cases\Malignant case (263).jpg,malignant,normal,0.8163281679153442,0.8019773885607719,0.4976489257987524,0.0116721215,False,False
MiniConvNet,external,Malignant case (264).jpg,C:\Users\shrey\Downloads\MIP_project_part2\Lung-Cancer-Classification-\Lung-Cancer-Classification-\Data_External_IQOTHNCCD\Malignant cases\Malignant case (264).jpg,malignant,normal,0.9055098295211792,0.8710863944143057,0.3843162128995277,0.013923947,False,False
MiniConvNet,external,Malignant case (265).jpg,C:\Users\shrey\Downloads\MIP_project_part2\Lung-Cancer-Classification-\Lung-Cancer-Classification-\Data_External_IQOTHNCCD\Malignant cases\Malignant case (265).jpg,malignant,normal,0.9158154726028442,0.8843905525282026,0.3580848336600035,0.004258141,False,False
MiniConvNet,external,Malignant case (266).jpg,C:\Users\shrey\Downloads\MIP_project_part2\Lung-Cancer-Classification-\Lung-Cancer-Classification-\Data_External_IQOTHNCCD\Malignant cases\Malignant case (266).jpg,malignant,normal,0.7308954000473022,0.7418094947934151,0.5711557258213533,0.0066729975,False,False
MiniConvNet,external,Malignant case (267).jpg,C:\Users\shrey\Downloads\MIP_project_part2\Lung-Cancer-Classification-\Lung-Cancer-Classification-\Data_External_IQOTHNCCD\Malignant cases\Malignant case (267).jpg,malignant,normal,0.75214022397995,0.7043912000954151,0.6070975806947636,0.022405941,False,False
MiniConvNet,external,Malignant case (268).jpg,C:\Users\shrey\Downloads\MIP_project_part2\Lung-Cancer-Classification-\Lung-Cancer-Classification-\Data_External_IQOTHNCCD\Malignant cases\Malignant case (268).jpg,malignant,normal,0.7553905844688416,0.7029561512172222,0.6083387226420113,0.010929867,False,False
MiniConvNet,external,Malignant case (269).jpg,C:\Users\shrey\Downloads\MIP_project_part2\Lung-Cancer-Classification-\Lung-Cancer-Classification-\Data_External_IQOTHNCCD\Malignant cases\Malignant case (269).jpg,malignant,normal,0.8236042857170105,0.768896502442658,0.5406062628523117,0.032078322,False,False
MiniConvNet,external,Malignant case (27).jpg,C:\Users\shrey\Downloads\MIP_project_part2\Lung-Cancer-Classification-\Lung-Cancer-Classification-\Data_External_IQOTHNCCD\Malignant cases\Malignant case (27).jpg,malignant,normal,0.5236128568649292,0.44820066541433334,0.6877712080726666,0.023984468,False,True
MiniConvNet,external,Malignant case (270).jpg,C:\Users\shrey\Downloads\MIP_project_part2\Lung-Cancer-Classification-\Lung-Cancer-Classification-\Data_External_IQOTHNCCD\Malignant cases\Malignant case (270).jpg,malignant,normal,0.8214278817176819,0.8288686880841852,0.4576755254537115,0.00894765,False,False
MiniConvNet,external,Malignant case (271).jpg,C:\Users\shrey\Downloads\MIP_project_part2\Lung-Cancer-Classification-\Lung-Cancer-Classification-\Data_External_IQOTHNCCD\Malignant cases\Malignant case (271).jpg,malignant,normal,0.8303242921829224,0.8054343145340681,0.4927759160611835,0.020764524,False,False
MiniConvNet,external,Malignant case (272).jpg,C:\Users\shrey\Downloads\MIP_project_part2\Lung-Cancer-Classification-\Lung-Cancer-Classification-\Data_External_IQOTHNCCD\Malignant cases\Malignant case (272).jpg,malignant,normal,0.8320915699005127,0.7686665505170823,0.5408825392385366,0.03240797,False,False
MiniConvNet,external,Malignant case (273).jpg,C:\Users\shrey\Downloads\MIP_project_part2\Lung-Cancer-Classification-\Lung-Cancer-Classification-\Data_External_IQOTHNCCD\Malignant cases\Malignant case (273).jpg,malignant,normal,0.8604869246482849,0.7960158744826913,0.5058762009638192,0.011765834,False,False
MiniConvNet,external,Malignant case (274).jpg,C:\Users\shrey\Downloads\MIP_project_part2\Lung-Cancer-Classification-\Lung-Cancer-Classification-\Data_External_IQOTHNCCD\Malignant cases\Malignant case (274).jpg,malignant,normal,0.8528124690055847,0.8054116889834404,0.4928081222341868,0.019240985,False,False
MiniConvNet,external,Malignant case (275).jpg,C:\Users\shrey\Downloads\MIP_project_part2\Lung-Cancer-Classification-\Lung-Cancer-Classification-\Data_External_IQOTHNCCD\Malignant cases\Malignant case (275).jpg,malignant,normal,0.8517937660217285,0.7901865504682064,0.5137094201864976,0.021525541,False,False
MiniConvNet,external,Malignant case (276).jpg,C:\Users\shrey\Downloads\MIP_project_part2\Lung-Cancer-Classification-\Lung-Cancer-Classification-\Data_External_IQOTHNCCD\Malignant cases\Malignant case (276).jpg,malignant,normal,0.8263858556747437,0.8362154066562653,0.4458926732592848,0.006591267,False,False
MiniConvNet,external,Malignant case (277).jpg,C:\Users\shrey\Downloads\MIP_project_part2\Lung-Cancer-Classification-\Lung-Cancer-Classification-\Data_External_IQOTHNCCD\Malignant cases\Malignant case (277).jpg,malignant,normal,0.8483092784881592,0.7891164738684893,0.5151249507460623,0.025991697,False,False
MiniConvNet,external,Malignant case (278).jpg,C:\Users\shrey\Downloads\MIP_project_part2\Lung-Cancer-Classification-\Lung-Cancer-Classification-\Data_External_IQOTHNCCD\Malignant cases\Malignant case (278).jpg,malignant,normal,0.8718568086624146,0.8070778185501695,0.4904326114986433,0.019038435,False,False
MiniConvNet,external,Malignant case (279).jpg,C:\Users\shrey\Downloads\MIP_project_part2\Lung-Cancer-Classification-\Lung-Cancer-Classification-\Data_External_IQOTHNCCD\Malignant cases\Malignant case (279).jpg,malignant,normal,0.7961673140525818,0.7462292294949293,0.5664398832193482,0.027837224,False,False
MiniConvNet,external,Malignant case (28).jpg,C:\Users\shrey\Downloads\MIP_project_part2\Lung-Cancer-Classification-\Lung-Cancer-Classification-\Data_External_IQOTHNCCD\Malignant cases\Malignant case (28).jpg,malignant,normal,0.5550386905670166,0.5029301038011909,0.6931300277899964,0.025569173,False,False
MiniConvNet,external,Malignant case (280).jpg,C:\Users\shrey\Downloads\MIP_project_part2\Lung-Cancer-Classification-\Lung-Cancer-Classification-\Data_External_IQOTHNCCD\Malignant cases\Malignant case (280).jpg,malignant,normal,0.8793260455131531,0.7983707645907998,0.5026527805495007,0.022810725,False,False
MiniConvNet,external,Malignant case (281).jpg,C:\Users\shrey\Downloads\MIP_project_part2\Lung-Cancer-Classification-\Lung-Cancer-Classification-\Data_External_IQOTHNCCD\Malignant cases\Malignant case (281).jpg,malignant,normal,0.8145536780357361,0.7088361792266369,0.603190489450681,0.010881466,False,False
MiniConvNet,external,Malignant case (282).jpg,C:\Users\shrey\Downloads\MIP_project_part2\Lung-Cancer-Classification-\Lung-Cancer-Classification-\Data_External_IQOTHNCCD\Malignant cases\Malignant case (282).jpg,malignant,normal,0.736424446105957,0.6541030537337065,0.6448696622227164,0.04663161,False,False
MiniConvNet,external,Malignant case (283).jpg,C:\Users\shrey\Downloads\MIP_project_part2\Lung-Cancer-Classification-\Lung-Cancer-Classification-\Data_External_IQOTHNCCD\Malignant cases\Malignant case (283).jpg,malignant,normal,0.7413570284843445,0.7415563175454736,0.5714228185642243,0.020062605,False,False
MiniConvNet,external,Malignant case (284).jpg,C:\Users\shrey\Downloads\MIP_project_part2\Lung-Cancer-Classification-\Lung-Cancer-Classification-\Data_External_IQOTHNCCD\Malignant cases\Malignant case (284).jpg,malignant,normal,0.7044571042060852,0.6995921274647117,0.6112094662551696,0.022944758,False,False
MiniConvNet,external,Malignant case (285).jpg,C:\Users\shrey\Downloads\MIP_project_part2\Lung-Cancer-Classification-\Lung-Cancer-Classification-\Data_External_IQOTHNCCD\Malignant cases\Malignant case (285).jpg,malignant,normal,0.8084927797317505,0.7009769631549716,0.610034207902156,0.022009274,False,False
MiniConvNet,external,Malignant case (286).jpg,C:\Users\shrey\Downloads\MIP_project_part2\Lung-Cancer-Classification-\Lung-Cancer-Classification-\Data_External_IQOTHNCCD\Malignant cases\Malignant case (286).jpg,malignant,normal,0.8427786827087402,0.740011053159833,0.5730453672706903,0.040943928,False,False
MiniConvNet,external,Malignant case (287).jpg,C:\Users\shrey\Downloads\MIP_project_part2\Lung-Cancer-Classification-\Lung-Cancer-Classification-\Data_External_IQOTHNCCD\Malignant cases\Malignant case (287).jpg,malignant,normal,0.8400458693504333,0.7741851662285626,0.534169683767054,0.026263384,False,False
MiniConvNet,external,Malignant case (288).jpg,C:\Users\shrey\Downloads\MIP_project_part2\Lung-Cancer-Classification-\Lung-Cancer-Classification-\Data_External_IQOTHNCCD\Malignant cases\Malignant case (288).jpg,malignant,normal,0.709023118019104,0.6275906614027917,0.6602255653030987,0.021072056,False,False
MiniConvNet,external,Malignant case (289).jpg,C:\Users\shrey\Downloads\MIP_project_part2\Lung-Cancer-Classification-\Lung-Cancer-Classification-\Data_External_IQOTHNCCD\Malignant cases\Malignant case (289).jpg,malignant,normal,0.7002915143966675,0.6744779809378088,0.6309620087532171,0.020577857,False,False
MiniConvNet,external,Malignant case (29).jpg,C:\Users\shrey\Downloads\MIP_project_part2\Lung-Cancer-Classification-\Lung-Cancer-Classification-\Data_External_IQOTHNCCD\Malignant cases\Malignant case (29).jpg,malignant,normal,0.6704360246658325,0.6160960830748081,0.6659429823709049,0.011738335,False,False
MiniConvNet,external,Malignant case (290).jpg,C:\Users\shrey\Downloads\MIP_project_part2\Lung-Cancer-Classification-\Lung-Cancer-Classification-\Data_External_IQOTHNCCD\Malignant cases\Malignant case (290).jpg,malignant,normal,0.7105118632316589,0.6684345884714276,0.6352816451896185,0.017781517,False,False
MiniConvNet,external,Malignant case (291).jpg,C:\Users\shrey\Downloads\MIP_project_part2\Lung-Cancer-Classification-\Lung-Cancer-Classification-\Data_External_IQOTHNCCD\Malignant cases\Malignant case (291).jpg,malignant,normal,0.7009521722793579,0.6770306937396526,0.6290874175312802,0.024219505,False,False
MiniConvNet,external,Malignant case (292).jpg,C:\Users\shrey\Downloads\MIP_project_part2\Lung-Cancer-Classification-\Lung-Cancer-Classification-\Data_External_IQOTHNCCD\Malignant cases\Malignant case (292).jpg,malignant,normal,0.6927965879440308,0.5874517634510994,0.6777725787267723,0.028896444,False,False
MiniConvNet,external,Malignant case (293).jpg,C:\Users\shrey\Downloads\MIP_project_part2\Lung-Cancer-Classification-\Lung-Cancer-Classification-\Data_External_IQOTHNCCD\Malignant cases\Malignant case (293).jpg,malignant,normal,0.7082175612449646,0.652042721863836,0.6461729209106629,0.024002286,False,False
MiniConvNet,external,Malignant case (294).jpg,C:\Users\shrey\Downloads\MIP_project_part2\Lung-Cancer-Classification-\Lung-Cancer-Classification-\Data_External_IQOTHNCCD\Malignant cases\Malignant case (294).jpg,malignant,normal,0.7210172414779663,0.6826161271892488,0.6248817532331191,0.021614786,False,False
MiniConvNet,external,Malignant case (295).jpg,C:\Users\shrey\Downloads\MIP_project_part2\Lung-Cancer-Classification-\Lung-Cancer-Classification-\Data_External_IQOTHNCCD\Malignant cases\Malignant case (295).jpg,malignant,normal,0.7568159699440002,0.6856473116204143,0.6225391252903598,0.013770787,False,False
MiniConvNet,external,Malignant case (296).jpg,C:\Users\shrey\Downloads\MIP_project_part2\Lung-Cancer-Classification-\Lung-Cancer-Classification-\Data_External_IQOTHNCCD\Malignant cases\Malignant case (296).jpg,malignant,normal,0.7503181099891663,0.7086946051567793,0.6033163962236567,0.028399564,False,False
MiniConvNet,external,Malignant case (297).jpg,C:\Users\shrey\Downloads\MIP_project_part2\Lung-Cancer-Classification-\Lung-Cancer-Classification-\Data_External_IQOTHNCCD\Malignant cases\Malignant case (297).jpg,malignant,normal,0.7718393802642822,0.7349752830341458,0.578247315860309,0.008351415,False,False
MiniConvNet,external,Malignant case (298).jpg,C:\Users\shrey\Downloads\MIP_project_part2\Lung-Cancer-Classification-\Lung-Cancer-Classification-\Data_External_IQOTHNCCD\Malignant cases\Malignant case (298).jpg,malignant,normal,0.8148152232170105,0.7706836340948939,0.5384489694175226,0.017339593,False,False
MiniConvNet,external,Malignant case (299).jpg,C:\Users\shrey\Downloads\MIP_project_part2\Lung-Cancer-Classification-\Lung-Cancer-Classification-\Data_External_IQOTHNCCD\Malignant cases\Malignant case (299).jpg,malignant,normal,0.8026183843612671,0.7540170773863792,0.5578788059818098,0.01891042,False,False
MiniConvNet,external,Malignant case (3).jpg,C:\Users\shrey\Downloads\MIP_project_part2\Lung-Cancer-Classification-\Lung-Cancer-Classification-\Data_External_IQOTHNCCD\Malignant cases\Malignant case (3).jpg,malignant,normal,0.7649405598640442,0.7346480581909418,0.578580735668537,0.013708963,False,False
MiniConvNet,external,Malignant case (30).jpg,C:\Users\shrey\Downloads\MIP_project_part2\Lung-Cancer-Classification-\Lung-Cancer-Classification-\Data_External_IQOTHNCCD\Malignant cases\Malignant case (30).jpg,malignant,normal,0.770456075668335,0.7993329651653767,0.5013257322272617,0.0026972506,False,False
MiniConvNet,external,Malignant case (300).jpg,C:\Users\shrey\Downloads\MIP_project_part2\Lung-Cancer-Classification-\Lung-Cancer-Classification-\Data_External_IQOTHNCCD\Malignant cases\Malignant case (300).jpg,malignant,normal,0.8114075064659119,0.796954925172031,0.5045948768134512,0.010999448,False,False
MiniConvNet,external,Malignant case (301).jpg,C:\Users\shrey\Downloads\MIP_project_part2\Lung-Cancer-Classification-\Lung-Cancer-Classification-\Data_External_IQOTHNCCD\Malignant cases\Malignant case (301).jpg,malignant,normal,0.8358240723609924,0.781481240876019,0.5250268272936638,0.01621343,False,False
MiniConvNet,external,Malignant case (302).jpg,C:\Users\shrey\Downloads\MIP_project_part2\Lung-Cancer-Classification-\Lung-Cancer-Classification-\Data_External_IQOTHNCCD\Malignant cases\Malignant case (302).jpg,malignant,normal,0.8350240588188171,0.751181835308671,0.5610330758361681,0.02360202,False,False
MiniConvNet,external,Malignant case (303).jpg,C:\Users\shrey\Downloads\MIP_project_part2\Lung-Cancer-Classification-\Lung-Cancer-Classification-\Data_External_IQOTHNCCD\Malignant cases\Malignant case (303).jpg,malignant,normal,0.8429973721504211,0.7423939807340503,0.5705379302637059,0.011014207,False,False
MiniConvNet,external,Malignant case (304).jpg,C:\Users\shrey\Downloads\MIP_project_part2\Lung-Cancer-Classification-\Lung-Cancer-Classification-\Data_External_IQOTHNCCD\Malignant cases\Malignant case (304).jpg,malignant,normal,0.831183671951294,0.724997831042856,0.5881708884582497,0.012900331,False,False
MiniConvNet,external,Malignant case (305).jpg,C:\Users\shrey\Downloads\MIP_project_part2\Lung-Cancer-Classification-\Lung-Cancer-Classification-\Data_External_IQOTHNCCD\Malignant cases\Malignant case (305).jpg,malignant,normal,0.8402406573295593,0.7903822739608586,0.5134497515606222,0.008791945,False,False
MiniConvNet,external,Malignant case (306).jpg,C:\Users\shrey\Downloads\MIP_project_part2\Lung-Cancer-Classification-\Lung-Cancer-Classification-\Data_External_IQOTHNCCD\Malignant cases\Malignant case (306).jpg,malignant,normal,0.8574910163879395,0.8050549486652017,0.493314449294534,0.024146017,False,False
MiniConvNet,external,Malignant case (307).jpg,C:\Users\shrey\Downloads\MIP_project_part2\Lung-Cancer-Classification-\Lung-Cancer-Classification-\Data_External_IQOTHNCCD\Malignant cases\Malignant case (307).jpg,malignant,normal,0.880480945110321,0.8584192239213735,0.4078226940124351,0.0068741343,False,False
MiniConvNet,external,Malignant case (308).jpg,C:\Users\shrey\Downloads\MIP_project_part2\Lung-Cancer-Classification-\Lung-Cancer-Classification-\Data_External_IQOTHNCCD\Malignant cases\Malignant case (308).jpg,malignant,normal,0.88205486536026,0.8314388110302389,0.4535974680866702,0.01005086,False,False
MiniConvNet,external,Malignant case (309).jpg,C:\Users\shrey\Downloads\MIP_project_part2\Lung-Cancer-Classification-\Lung-Cancer-Classification-\Data_External_IQOTHNCCD\Malignant cases\Malignant case (309).jpg,malignant,normal,0.8828372955322266,0.8099402915686369,0.4863095412013154,0.027070953,False,False
MiniConvNet,external,Malignant case (31).jpg,C:\Users\shrey\Downloads\MIP_project_part2\Lung-Cancer-Classification-\Lung-Cancer-Classification-\Data_External_IQOTHNCCD\Malignant cases\Malignant case (31).jpg,malignant,normal,0.8400962352752686,0.8481273762881756,0.4259436969755029,0.006822641,False,False
MiniConvNet,external,Malignant case (310).jpg,C:\Users\shrey\Downloads\MIP_project_part2\Lung-Cancer-Classification-\Lung-Cancer-Classification-\Data_External_IQOTHNCCD\Malignant cases\Malignant case (310).jpg,malignant,normal,0.8940321207046509,0.8745461637154222,0.3776523396510334,0.011003549,False,False
MiniConvNet,external,Malignant case (311).jpg,C:\Users\shrey\Downloads\MIP_project_part2\Lung-Cancer-Classification-\Lung-Cancer-Classification-\Data_External_IQOTHNCCD\Malignant cases\Malignant case (311).jpg,malignant,normal,0.8851372599601746,0.7296031434088945,0.5836532257398058,0.037237823,False,False
MiniConvNet,external,Malignant case (312).jpg,C:\Users\shrey\Downloads\MIP_project_part2\Lung-Cancer-Classification-\Lung-Cancer-Classification-\Data_External_IQOTHNCCD\Malignant cases\Malignant case (312).jpg,malignant,normal,0.9023925065994264,0.8692905921489,0.3877330415477347,0.013113499,False,False
MiniConvNet,external,Malignant case (313).jpg,C:\Users\shrey\Downloads\MIP_project_part2\Lung-Cancer-Classification-\Lung-Cancer-Classification-\Data_External_IQOTHNCCD\Malignant cases\Malignant case (313).jpg,malignant,normal,0.9012202620506288,0.8257564045488834,0.4625516042709405,0.026226413,False,False
MiniConvNet,external,Malignant case (314).jpg,C:\Users\shrey\Downloads\MIP_project_part2\Lung-Cancer-Classification-\Lung-Cancer-Classification-\Data_External_IQOTHNCCD\Malignant cases\Malignant case (314).jpg,malignant,normal,0.8944351673126221,0.7987299070227892,0.5021580751071083,0.022057291,False,False
MiniConvNet,external,Malignant case (315).jpg,C:\Users\shrey\Downloads\MIP_project_part2\Lung-Cancer-Classification-\Lung-Cancer-Classification-\Data_External_IQOTHNCCD\Malignant cases\Malignant case (315).jpg,malignant,normal,0.898339033126831,0.7996290975715965,0.5009161779360777,0.017923985,False,False
MiniConvNet,external,Malignant case (316).jpg,C:\Users\shrey\Downloads\MIP_project_part2\Lung-Cancer-Classification-\Lung-Cancer-Classification-\Data_External_IQOTHNCCD\Malignant cases\Malignant case (316).jpg,malignant,normal,0.9008557200431824,0.8372906809672714,0.4441352957338425,0.017602772,False,False
MiniConvNet,external,Malignant case (317).jpg,C:\Users\shrey\Downloads\MIP_project_part2\Lung-Cancer-Classification-\Lung-Cancer-Classification-\Data_External_IQOTHNCCD\Malignant cases\Malignant case (317).jpg,malignant,normal,0.9028422236442566,0.8780458509572782,0.3708004946603717,0.01174316,False,False
MiniConvNet,external,Malignant case (318).jpg,C:\Users\shrey\Downloads\MIP_project_part2\Lung-Cancer-Classification-\Lung-Cancer-Classification-\Data_External_IQOTHNCCD\Malignant cases\Malignant case (318).jpg,malignant,normal,0.8802376985549927,0.851555502973497,0.4200013754193854,0.0116664795,False,False
MiniConvNet,external,Malignant case (319).jpg,C:\Users\shrey\Downloads\MIP_project_part2\Lung-Cancer-Classification-\Lung-Cancer-Classification-\Data_External_IQOTHNCCD\Malignant cases\Malignant case (319).jpg,malignant,normal,0.8681052923202515,0.8521408485248685,0.4189775292003619,0.010223603,False,False
MiniConvNet,external,Malignant case (32).jpg,C:\Users\shrey\Downloads\MIP_project_part2\Lung-Cancer-Classification-\Lung-Cancer-Classification-\Data_External_IQOTHNCCD\Malignant cases\Malignant case (32).jpg,malignant,normal,0.8096740245819092,0.7783890012651682,0.5289393729178371,0.014070283,False,False
MiniConvNet,external,Malignant case (320).jpg,C:\Users\shrey\Downloads\MIP_project_part2\Lung-Cancer-Classification-\Lung-Cancer-Classification-\Data_External_IQOTHNCCD\Malignant cases\Malignant case (320).jpg,malignant,normal,0.8702576160430908,0.7952331025153399,0.506940178436813,0.014483399,False,False
MiniConvNet,external,Malignant case (321).jpg,C:\Users\shrey\Downloads\MIP_project_part2\Lung-Cancer-Classification-\Lung-Cancer-Classification-\Data_External_IQOTHNCCD\Malignant cases\Malignant case (321).jpg,malignant,normal,0.8829182386398315,0.8769744820892811,0.3729100577518422,0.004989462,False,False
MiniConvNet,external,Malignant case (322).jpg,C:\Users\shrey\Downloads\MIP_project_part2\Lung-Cancer-Classification-\Lung-Cancer-Classification-\Data_External_IQOTHNCCD\Malignant cases\Malignant case (322).jpg,malignant,normal,0.8826323747634888,0.7797250663861632,0.5272557091825779,0.023858445,False,False
MiniConvNet,external,Malignant case (323).jpg,C:\Users\shrey\Downloads\MIP_project_part2\Lung-Cancer-Classification-\Lung-Cancer-Classification-\Data_External_IQOTHNCCD\Malignant cases\Malignant case (323).jpg,malignant,normal,0.5367311239242554,0.5579163432121277,0.6864234920428561,0.018261377,False,False
MiniConvNet,external,Malignant case (324).jpg,C:\Users\shrey\Downloads\MIP_project_part2\Lung-Cancer-Classification-\Lung-Cancer-Classification-\Data_External_IQOTHNCCD\Malignant cases\Malignant case (324).jpg,malignant,normal,0.6139141917228699,0.580911174416542,0.6799961724666401,0.008236093,False,False
MiniConvNet,external,Malignant case (325).jpg,C:\Users\shrey\Downloads\MIP_project_part2\Lung-Cancer-Classification-\Lung-Cancer-Classification-\Data_External_IQOTHNCCD\Malignant cases\Malignant case (325).jpg,malignant,normal,0.6395182609558105,0.6064326092600822,0.6703171026032657,0.019241773,False,False
MiniConvNet,external,Malignant case (326).jpg,C:\Users\shrey\Downloads\MIP_project_part2\Lung-Cancer-Classification-\Lung-Cancer-Classification-\Data_External_IQOTHNCCD\Malignant cases\Malignant case (326).jpg,malignant,normal,0.7124277949333191,0.7322996556758881,0.5809580904674946,0.0064267963,False,False
MiniConvNet,external,Malignant case (327).jpg,C:\Users\shrey\Downloads\MIP_project_part2\Lung-Cancer-Classification-\Lung-Cancer-Classification-\Data_External_IQOTHNCCD\Malignant cases\Malignant case (327).jpg,malignant,normal,0.6194071173667908,0.546446630731225,0.6888263785153002,0.034233034,False,False
MiniConvNet,external,Malignant case (328).jpg,C:\Users\shrey\Downloads\MIP_project_part2\Lung-Cancer-Classification-\Lung-Cancer-Classification-\Data_External_IQOTHNCCD\Malignant cases\Malignant case (328).jpg,malignant,normal,0.649940013885498,0.6097655240446329,0.6688528825629118,0.026158327,False,False
MiniConvNet,external,Malignant case (329).jpg,C:\Users\shrey\Downloads\MIP_project_part2\Lung-Cancer-Classification-\Lung-Cancer-Classification-\Data_External_IQOTHNCCD\Malignant cases\Malignant case (329).jpg,malignant,normal,0.6596351265907288,0.6235797945410013,0.6622844118133416,0.038720362,False,False
MiniConvNet,external,Malignant case (33).jpg,C:\Users\shrey\Downloads\MIP_project_part2\Lung-Cancer-Classification-\Lung-Cancer-Classification-\Data_External_IQOTHNCCD\Malignant cases\Malignant case (33).jpg,malignant,normal,0.8257544040679932,0.798349417746067,0.5026821027591959,0.006183127,False,False
MiniConvNet,external,Malignant case (330).jpg,C:\Users\shrey\Downloads\MIP_project_part2\Lung-Cancer-Classification-\Lung-Cancer-Classification-\Data_External_IQOTHNCCD\Malignant cases\Malignant case (330).jpg,malignant,normal,0.6372166275978088,0.602330919355154,0.6720552321878457,0.017885003,False,False
MiniConvNet,external,Malignant case (331).jpg,C:\Users\shrey\Downloads\MIP_project_part2\Lung-Cancer-Classification-\Lung-Cancer-Classification-\Data_External_IQOTHNCCD\Malignant cases\Malignant case (331).jpg,malignant,normal,0.6388688683509827,0.603133762255311,0.671720570450049,0.04642355,False,False
MiniConvNet,external,Malignant case (332).jpg,C:\Users\shrey\Downloads\MIP_project_part2\Lung-Cancer-Classification-\Lung-Cancer-Classification-\Data_External_IQOTHNCCD\Malignant cases\Malignant case (332).jpg,malignant,normal,0.6829665899276733,0.7151567135006189,0.5974696266525974,0.013331885,False,False
MiniConvNet,external,Malignant case (333).jpg,C:\Users\shrey\Downloads\MIP_project_part2\Lung-Cancer-Classification-\Lung-Cancer-Classification-\Data_External_IQOTHNCCD\Malignant cases\Malignant case (333).jpg,malignant,normal,0.6968411803245544,0.6254324372857809,0.6613419420761646,0.012534527,False,False
MiniConvNet,external,Malignant case (334).jpg,C:\Users\shrey\Downloads\MIP_project_part2\Lung-Cancer-Classification-\Lung-Cancer-Classification-\Data_External_IQOTHNCCD\Malignant cases\Malignant case (334).jpg,malignant,normal,0.748026430606842,0.7369596064090729,0.5762130485708896,0.017638784,False,False
MiniConvNet,external,Malignant case (335).jpg,C:\Users\shrey\Downloads\MIP_project_part2\Lung-Cancer-Classification-\Lung-Cancer-Classification-\Data_External_IQOTHNCCD\Malignant cases\Malignant case (335).jpg,malignant,normal,0.7533712387084961,0.6966524980962276,0.6136740257931308,0.024488164,False,False
MiniConvNet,external,Malignant case (336).jpg,C:\Users\shrey\Downloads\MIP_project_part2\Lung-Cancer-Classification-\Lung-Cancer-Classification-\Data_External_IQOTHNCCD\Malignant cases\Malignant case (336).jpg,malignant,normal,0.777601420879364,0.6578617952764034,0.6424435751822895,0.022334902,False,False
MiniConvNet,external,Malignant case (337).jpg,C:\Users\shrey\Downloads\MIP_project_part2\Lung-Cancer-Classification-\Lung-Cancer-Classification-\Data_External_IQOTHNCCD\Malignant cases\Malignant case (337).jpg,malignant,normal,0.8053977489471436,0.7627958953380585,0.5478356060383842,0.028813664,False,False
MiniConvNet,external,Malignant case (338).jpg,C:\Users\shrey\Downloads\MIP_project_part2\Lung-Cancer-Classification-\Lung-Cancer-Classification-\Data_External_IQOTHNCCD\Malignant cases\Malignant case (338).jpg,malignant,normal,0.7886205911636353,0.7507483586668969,0.5615114250620147,0.013989615,False,False
MiniConvNet,external,Malignant case (339).jpg,C:\Users\shrey\Downloads\MIP_project_part2\Lung-Cancer-Classification-\Lung-Cancer-Classification-\Data_External_IQOTHNCCD\Malignant cases\Malignant case (339).jpg,malignant,normal,0.8181111812591553,0.8109733453020453,0.4848085213209364,0.009485713,False,False
MiniConvNet,external,Malignant case (34).jpg,C:\Users\shrey\Downloads\MIP_project_part2\Lung-Cancer-Classification-\Lung-Cancer-Classification-\Data_External_IQOTHNCCD\Malignant cases\Malignant case (34).jpg,malignant,normal,0.8463314771652222,0.7892425116151572,0.514958517198435,0.02056721,False,False
MiniConvNet,external,Malignant case (340).jpg,C:\Users\shrey\Downloads\MIP_project_part2\Lung-Cancer-Classification-\Lung-Cancer-Classification-\Data_External_IQOTHNCCD\Malignant cases\Malignant case (340).jpg,malignant,normal,0.8080825805664062,0.7565190354362131,0.5550592692236128,0.020240832,False,False
MiniConvNet,external,Malignant case (341).jpg,C:\Users\shrey\Downloads\MIP_project_part2\Lung-Cancer-Classification-\Lung-Cancer-Classification-\Data_External_IQOTHNCCD\Malignant cases\Malignant case (341).jpg,malignant,normal,0.6334269046783447,0.6727712582796812,0.6321986696424835,0.01985604,False,False
MiniConvNet,external,Malignant case (342).jpg,C:\Users\shrey\Downloads\MIP_project_part2\Lung-Cancer-Classification-\Lung-Cancer-Classification-\Data_External_IQOTHNCCD\Malignant cases\Malignant case (342).jpg,malignant,normal,0.6046574711799622,0.6189682763069868,0.6645669613637682,0.023287432,False,False
MiniConvNet,external,Malignant case (343).jpg,C:\Users\shrey\Downloads\MIP_project_part2\Lung-Cancer-Classification-\Lung-Cancer-Classification-\Data_External_IQOTHNCCD\Malignant cases\Malignant case (343).jpg,malignant,normal,0.6448834538459778,0.6323045212775469,0.6577177913264485,0.030717095,False,False
MiniConvNet,external,Malignant case (344).jpg,C:\Users\shrey\Downloads\MIP_project_part2\Lung-Cancer-Classification-\Lung-Cancer-Classification-\Data_External_IQOTHNCCD\Malignant cases\Malignant case (344).jpg,malignant,normal,0.6876675486564636,0.6410617539659142,0.6528049023011142,0.025676914,False,False
MiniConvNet,external,Malignant case (345).jpg,C:\Users\shrey\Downloads\MIP_project_part2\Lung-Cancer-Classification-\Lung-Cancer-Classification-\Data_External_IQOTHNCCD\Malignant cases\Malignant case (345).jpg,malignant,normal,0.717308521270752,0.616279935464263,0.665855993868361,0.035361882,False,False
MiniConvNet,external,Malignant case (346).jpg,C:\Users\shrey\Downloads\MIP_project_part2\Lung-Cancer-Classification-\Lung-Cancer-Classification-\Data_External_IQOTHNCCD\Malignant cases\Malignant case (346).jpg,malignant,normal,0.7448083162307739,0.6966440472751856,0.6136810600268665,0.021508956,False,False
MiniConvNet,external,Malignant case (347).jpg,C:\Users\shrey\Downloads\MIP_project_part2\Lung-Cancer-Classification-\Lung-Cancer-Classification-\Data_External_IQOTHNCCD\Malignant cases\Malignant case (347).jpg,malignant,normal,0.7550792694091797,0.7334996052086353,0.5797469539245181,0.012222848,False,False
MiniConvNet,external,Malignant case (348).jpg,C:\Users\shrey\Downloads\MIP_project_part2\Lung-Cancer-Classification-\Lung-Cancer-Classification-\Data_External_IQOTHNCCD\Malignant cases\Malignant case (348).jpg,malignant,normal,0.7772797346115112,0.7835647761821747,0.5223589948427672,0.020912575,False,False
MiniConvNet,external,Malignant case (349).jpg,C:\Users\shrey\Downloads\MIP_project_part2\Lung-Cancer-Classification-\Lung-Cancer-Classification-\Data_External_IQOTHNCCD\Malignant cases\Malignant case (349).jpg,malignant,normal,0.7810235619544983,0.7332011312246323,0.5800488522311525,0.0207749,False,False
MiniConvNet,external,Malignant case (35).jpg,C:\Users\shrey\Downloads\MIP_project_part2\Lung-Cancer-Classification-\Lung-Cancer-Classification-\Data_External_IQOTHNCCD\Malignant cases\Malignant case (35).jpg,malignant,normal,0.8478342890739441,0.8582863146439195,0.4080622620922178,0.0054515214,False,False
MiniConvNet,external,Malignant case (350).jpg,C:\Users\shrey\Downloads\MIP_project_part2\Lung-Cancer-Classification-\Lung-Cancer-Classification-\Data_External_IQOTHNCCD\Malignant cases\Malignant case (350).jpg,malignant,normal,0.7623828649520874,0.7253614235669374,0.587818096845857,0.008832338,False,False
MiniConvNet,external,Malignant case (351).jpg,C:\Users\shrey\Downloads\MIP_project_part2\Lung-Cancer-Classification-\Lung-Cancer-Classification-\Data_External_IQOTHNCCD\Malignant cases\Malignant case (351).jpg,malignant,normal,0.8002352714538574,0.8098655054345727,0.4864179016083502,0.007299108,False,False
MiniConvNet,external,Malignant case (352).jpg,C:\Users\shrey\Downloads\MIP_project_part2\Lung-Cancer-Classification-\Lung-Cancer-Classification-\Data_External_IQOTHNCCD\Malignant cases\Malignant case (352).jpg,malignant,normal,0.86338871717453,0.7990119978785515,0.5017690328212805,0.008584722,False,False
MiniConvNet,external,Malignant case (353).jpg,C:\Users\shrey\Downloads\MIP_project_part2\Lung-Cancer-Classification-\Lung-Cancer-Classification-\Data_External_IQOTHNCCD\Malignant cases\Malignant case (353).jpg,malignant,normal,0.871004045009613,0.8436528090387583,0.4335627108315755,0.0056496193,False,False
MiniConvNet,external,Malignant case (354).jpg,C:\Users\shrey\Downloads\MIP_project_part2\Lung-Cancer-Classification-\Lung-Cancer-Classification-\Data_External_IQOTHNCCD\Malignant cases\Malignant case (354).jpg,malignant,normal,0.8541918992996216,0.8206296861171722,0.4704373433586276,0.008229441,False,False
MiniConvNet,external,Malignant case (355).jpg,C:\Users\shrey\Downloads\MIP_project_part2\Lung-Cancer-Classification-\Lung-Cancer-Classification-\Data_External_IQOTHNCCD\Malignant cases\Malignant case (355).jpg,malignant,normal,0.9048488736152648,0.8269230835139751,0.4607316272991274,0.011920491,False,False
MiniConvNet,external,Malignant case (356).jpg,C:\Users\shrey\Downloads\MIP_project_part2\Lung-Cancer-Classification-\Lung-Cancer-Classification-\Data_External_IQOTHNCCD\Malignant cases\Malignant case (356).jpg,malignant,normal,0.5306836366653442,0.5292564127594233,0.6914343087116215,0.011163409,False,False
MiniConvNet,external,Malignant case (357).jpg,C:\Users\shrey\Downloads\MIP_project_part2\Lung-Cancer-Classification-\Lung-Cancer-Classification-\Data_External_IQOTHNCCD\Malignant cases\Malignant case (357).jpg,malignant,normal,0.6228102445602417,0.6169403735548258,0.6655421118813144,0.02166942,False,False
MiniConvNet,external,Malignant case (358).jpg,C:\Users\shrey\Downloads\MIP_project_part2\Lung-Cancer-Classification-\Lung-Cancer-Classification-\Data_External_IQOTHNCCD\Malignant cases\Malignant case (358).jpg,malignant,normal,0.5639773607254028,0.6203881893306971,0.6638737897608394,0.017325321,False,False
MiniConvNet,external,Malignant case (359).jpg,C:\Users\shrey\Downloads\MIP_project_part2\Lung-Cancer-Classification-\Lung-Cancer-Classification-\Data_External_IQOTHNCCD\Malignant cases\Malignant case (359).jpg,malignant,normal,0.8269321322441101,0.7930267807096243,0.5099185923794323,0.012980764,False,False
MiniConvNet,external,Malignant case (36).jpg,C:\Users\shrey\Downloads\MIP_project_part2\Lung-Cancer-Classification-\Lung-Cancer-Classification-\Data_External_IQOTHNCCD\Malignant cases\Malignant case (36).jpg,malignant,normal,0.6035735011100769,0.5454161772504449,0.6890162077514053,0.024046982,False,False
MiniConvNet,external,Malignant case (360).jpg,C:\Users\shrey\Downloads\MIP_project_part2\Lung-Cancer-Classification-\Lung-Cancer-Classification-\Data_External_IQOTHNCCD\Malignant cases\Malignant case (360).jpg,malignant,malignant,0.6157554741948843,0.5850786902010441,0.6785997358700897,0.033721216,True,True
MiniConvNet,external,Malignant case (361).jpg,C:\Users\shrey\Downloads\MIP_project_part2\Lung-Cancer-Classification-\Lung-Cancer-Classification-\Data_External_IQOTHNCCD\Malignant cases\Malignant case (361).jpg,malignant,malignant,0.6516778990626335,0.6706824637949467,0.6336942718196457,0.04379445,True,True
MiniConvNet,external,Malignant case (362).jpg,C:\Users\shrey\Downloads\MIP_project_part2\Lung-Cancer-Classification-\Lung-Cancer-Classification-\Data_External_IQOTHNCCD\Malignant cases\Malignant case (362).jpg,malignant,malignant,0.6691937558352947,0.6252643167972565,0.6614280682066376,0.021569919,True,True
MiniConvNet,external,Malignant case (363).jpg,C:\Users\shrey\Downloads\MIP_project_part2\Lung-Cancer-Classification-\Lung-Cancer-Classification-\Data_External_IQOTHNCCD\Malignant cases\Malignant case (363).jpg,malignant,malignant,0.6124900914728642,0.5663089416921139,0.6843274748241925,0.037263636,True,True
MiniConvNet,external,Malignant case (364).jpg,C:\Users\shrey\Downloads\MIP_project_part2\Lung-Cancer-Classification-\Lung-Cancer-Classification-\Data_External_IQOTHNCCD\Malignant cases\Malignant case (364).jpg,malignant,malignant,0.5880533680319786,0.5661806631833315,0.6843616636031846,0.02970666,True,True
MiniConvNet,external,Malignant case (365).jpg,C:\Users\shrey\Downloads\MIP_project_part2\Lung-Cancer-Classification-\Lung-Cancer-Classification-\Data_External_IQOTHNCCD\Malignant cases\Malignant case (365).jpg,malignant,normal,0.8733687400817871,0.855810509994626,0.412496272737199,0.0034385147,False,False
MiniConvNet,external,Malignant case (366).jpg,C:\Users\shrey\Downloads\MIP_project_part2\Lung-Cancer-Classification-\Lung-Cancer-Classification-\Data_External_IQOTHNCCD\Malignant cases\Malignant case (366).jpg,malignant,normal,0.8523385524749756,0.8149919491261244,0.4789031228594422,0.008354417,False,False
MiniConvNet,external,Malignant case (367).jpg,C:\Users\shrey\Downloads\MIP_project_part2\Lung-Cancer-Classification-\Lung-Cancer-Classification-\Data_External_IQOTHNCCD\Malignant cases\Malignant case (367).jpg,malignant,normal,0.7650747299194336,0.7442082618363202,0.5686090542500903,0.017954942,False,False
MiniConvNet,external,Malignant case (368).jpg,C:\Users\shrey\Downloads\MIP_project_part2\Lung-Cancer-Classification-\Lung-Cancer-Classification-\Data_External_IQOTHNCCD\Malignant cases\Malignant case (368).jpg,malignant,normal,0.7704551219940186,0.7193541787564754,0.5935622143807142,0.027023142,False,False
MiniConvNet,external,Malignant case (369).jpg,C:\Users\shrey\Downloads\MIP_project_part2\Lung-Cancer-Classification-\Lung-Cancer-Classification-\Data_External_IQOTHNCCD\Malignant cases\Malignant case (369).jpg,malignant,normal,0.7823218703269958,0.7156843421980739,0.5969833127657226,0.041067086,False,False
MiniConvNet,external,Malignant case (37).jpg,C:\Users\shrey\Downloads\MIP_project_part2\Lung-Cancer-Classification-\Lung-Cancer-Classification-\Data_External_IQOTHNCCD\Malignant cases\Malignant case (37).jpg,malignant,normal,0.7530014514923096,0.7449323013424873,0.5678344065972071,0.012628396,False,False
MiniConvNet,external,Malignant case (370).jpg,C:\Users\shrey\Downloads\MIP_project_part2\Lung-Cancer-Classification-\Lung-Cancer-Classification-\Data_External_IQOTHNCCD\Malignant cases\Malignant case (370).jpg,malignant,normal,0.8295842409133911,0.7970878472551703,0.5044132096565284,0.017315775,False,False
MiniConvNet,external,Malignant case (371).jpg,C:\Users\shrey\Downloads\MIP_project_part2\Lung-Cancer-Classification-\Lung-Cancer-Classification-\Data_External_IQOTHNCCD\Malignant cases\Malignant case (371).jpg,malignant,normal,0.825897216796875,0.7077890387736261,0.6041195119258658,0.035701536,False,False
MiniConvNet,external,Malignant case (372).jpg,C:\Users\shrey\Downloads\MIP_project_part2\Lung-Cancer-Classification-\Lung-Cancer-Classification-\Data_External_IQOTHNCCD\Malignant cases\Malignant case (372).jpg,malignant,normal,0.8078477382659912,0.7156762275844812,0.596990718733202,0.023656348,False,False
MiniConvNet,external,Malignant case (373).jpg,C:\Users\shrey\Downloads\MIP_project_part2\Lung-Cancer-Classification-\Lung-Cancer-Classification-\Data_External_IQOTHNCCD\Malignant cases\Malignant case (373).jpg,malignant,normal,0.8145653009414673,0.7477332064881921,0.5648118188134617,0.011611224,False,False
MiniConvNet,external,Malignant case (374).jpg,C:\Users\shrey\Downloads\MIP_project_part2\Lung-Cancer-Classification-\Lung-Cancer-Classification-\Data_External_IQOTHNCCD\Malignant cases\Malignant case (374).jpg,malignant,normal,0.807011067867279,0.7167826946824789,0.595966329934691,0.022960909,False,False
MiniConvNet,external,Malignant case (375).jpg,C:\Users\shrey\Downloads\MIP_project_part2\Lung-Cancer-Classification-\Lung-Cancer-Classification-\Data_External_IQOTHNCCD\Malignant cases\Malignant case (375).jpg,malignant,normal,0.795291006565094,0.7036434509791434,0.6077455399576411,0.02290058,False,False
MiniConvNet,external,Malignant case (376).jpg,C:\Users\shrey\Downloads\MIP_project_part2\Lung-Cancer-Classification-\Lung-Cancer-Classification-\Data_External_IQOTHNCCD\Malignant cases\Malignant case (376).jpg,malignant,normal,0.7776404619216919,0.7446130528114736,0.5681762933950034,0.024992066,False,False
MiniConvNet,external,Malignant case (377).jpg,C:\Users\shrey\Downloads\MIP_project_part2\Lung-Cancer-Classification-\Lung-Cancer-Classification-\Data_External_IQOTHNCCD\Malignant cases\Malignant case (377).jpg,malignant,normal,0.7632952332496643,0.736602142918855,0.5765810184797266,0.019172443,False,False
MiniConvNet,external,Malignant case (378).jpg,C:\Users\shrey\Downloads\MIP_project_part2\Lung-Cancer-Classification-\Lung-Cancer-Classification-\Data_External_IQOTHNCCD\Malignant cases\Malignant case (378).jpg,malignant,normal,0.8056871294975281,0.7783844089135528,0.5289451848188006,0.020225277,False,False
MiniConvNet,external,Malignant case (379).jpg,C:\Users\shrey\Downloads\MIP_project_part2\Lung-Cancer-Classification-\Lung-Cancer-Classification-\Data_External_IQOTHNCCD\Malignant cases\Malignant case (379).jpg,malignant,normal,0.8019259572029114,0.778647568076849,0.5286143869391049,0.023749951,False,False
MiniConvNet,external,Malignant case (38).jpg,C:\Users\shrey\Downloads\MIP_project_part2\Lung-Cancer-Classification-\Lung-Cancer-Classification-\Data_External_IQOTHNCCD\Malignant cases\Malignant case (38).jpg,malignant,normal,0.6889399290084839,0.7005112655460835,0.6104304780864782,0.016604124,False,False
MiniConvNet,external,Malignant case (380).jpg,C:\Users\shrey\Downloads\MIP_project_part2\Lung-Cancer-Classification-\Lung-Cancer-Classification-\Data_External_IQOTHNCCD\Malignant cases\Malignant case (380).jpg,malignant,normal,0.8372301459312439,0.8373341290280223,0.4440641088626704,0.013555091,False,False
MiniConvNet,external,Malignant case (381).jpg,C:\Users\shrey\Downloads\MIP_project_part2\Lung-Cancer-Classification-\Lung-Cancer-Classification-\Data_External_IQOTHNCCD\Malignant cases\Malignant case (381).jpg,malignant,malignant,0.5416977740824223,0.547434326261282,0.6886403823782237,0.011773409,True,True
MiniConvNet,external,Malignant case (382).jpg,C:\Users\shrey\Downloads\MIP_project_part2\Lung-Cancer-Classification-\Lung-Cancer-Classification-\Data_External_IQOTHNCCD\Malignant cases\Malignant case (382).jpg,malignant,normal,0.5721790790557861,0.5481711328029633,0.6884990226728058,0.014154891,False,False
MiniConvNet,external,Malignant case (383).jpg,C:\Users\shrey\Downloads\MIP_project_part2\Lung-Cancer-Classification-\Lung-Cancer-Classification-\Data_External_IQOTHNCCD\Malignant cases\Malignant case (383).jpg,malignant,normal,0.6239104270935059,0.6300652511417866,0.6589209377798861,0.01856476,False,False
MiniConvNet,external,Malignant case (384).jpg,C:\Users\shrey\Downloads\MIP_project_part2\Lung-Cancer-Classification-\Lung-Cancer-Classification-\Data_External_IQOTHNCCD\Malignant cases\Malignant case (384).jpg,malignant,normal,0.674136757850647,0.6910261288285255,0.6182771620622585,0.0060945046,False,False
MiniConvNet,external,Malignant case (385).jpg,C:\Users\shrey\Downloads\MIP_project_part2\Lung-Cancer-Classification-\Lung-Cancer-Classification-\Data_External_IQOTHNCCD\Malignant cases\Malignant case (385).jpg,malignant,normal,0.6903873682022095,0.5922591239213943,0.6760257275304788,0.011830221,False,False
MiniConvNet,external,Malignant case (386).jpg,C:\Users\shrey\Downloads\MIP_project_part2\Lung-Cancer-Classification-\Lung-Cancer-Classification-\Data_External_IQOTHNCCD\Malignant cases\Malignant case (386).jpg,malignant,normal,0.697586715221405,0.6679342593997717,0.6356319346057586,0.0081099,False,False
MiniConvNet,external,Malignant case (387).jpg,C:\Users\shrey\Downloads\MIP_project_part2\Lung-Cancer-Classification-\Lung-Cancer-Classification-\Data_External_IQOTHNCCD\Malignant cases\Malignant case (387).jpg,malignant,normal,0.7475770115852356,0.7476052138954401,0.5649508317035514,0.0048964377,False,False
MiniConvNet,external,Malignant case (388).jpg,C:\Users\shrey\Downloads\MIP_project_part2\Lung-Cancer-Classification-\Lung-Cancer-Classification-\Data_External_IQOTHNCCD\Malignant cases\Malignant case (388).jpg,malignant,normal,0.7817050218582153,0.6805577278137207,0.6264484164308365,0.01926178,False,False
MiniConvNet,external,Malignant case (389).jpg,C:\Users\shrey\Downloads\MIP_project_part2\Lung-Cancer-Classification-\Lung-Cancer-Classification-\Data_External_IQOTHNCCD\Malignant cases\Malignant case (389).jpg,malignant,normal,0.7992419004440308,0.7361977100372314,0.5769965807636209,0.0070713623,False,False
MiniConvNet,external,Malignant case (39).jpg,C:\Users\shrey\Downloads\MIP_project_part2\Lung-Cancer-Classification-\Lung-Cancer-Classification-\Data_External_IQOTHNCCD\Malignant cases\Malignant case (39).jpg,malignant,normal,0.6422362327575684,0.6341117825359106,0.6567310434536251,0.018278694,False,False
MiniConvNet,external,Malignant case (390).jpg,C:\Users\shrey\Downloads\MIP_project_part2\Lung-Cancer-Classification-\Lung-Cancer-Classification-\Data_External_IQOTHNCCD\Malignant cases\Malignant case (390).jpg,malignant,normal,0.8328319191932678,0.7691260688006878,0.5403302201843408,0.009144961,False,False
MiniConvNet,external,Malignant case (391).jpg,C:\Users\shrey\Downloads\MIP_project_part2\Lung-Cancer-Classification-\Lung-Cancer-Classification-\Data_External_IQOTHNCCD\Malignant cases\Malignant case (391).jpg,malignant,normal,0.8304840326309204,0.8339750282466412,0.4495269659839186,0.013107789,False,False
MiniConvNet,external,Malignant case (392).jpg,C:\Users\shrey\Downloads\MIP_project_part2\Lung-Cancer-Classification-\Lung-Cancer-Classification-\Data_External_IQOTHNCCD\Malignant cases\Malignant case (392).jpg,malignant,normal,0.7770624756813049,0.7271192325279117,0.5861031281846292,0.010764316,False,False
MiniConvNet,external,Malignant case (393).jpg,C:\Users\shrey\Downloads\MIP_project_part2\Lung-Cancer-Classification-\Lung-Cancer-Classification-\Data_External_IQOTHNCCD\Malignant cases\Malignant case (393).jpg,malignant,normal,0.8281148672103882,0.7149977050721645,0.5976159529482786,0.01680045,False,False
MiniConvNet,external,Malignant case (394).jpg,C:\Users\shrey\Downloads\MIP_project_part2\Lung-Cancer-Classification-\Lung-Cancer-Classification-\Data_External_IQOTHNCCD\Malignant cases\Malignant case (394).jpg,malignant,normal,0.8606303334236145,0.8362091854214669,0.4459027974556753,0.010257895,False,False
MiniConvNet,external,Malignant case (395).jpg,C:\Users\shrey\Downloads\MIP_project_part2\Lung-Cancer-Classification-\Lung-Cancer-Classification-\Data_External_IQOTHNCCD\Malignant cases\Malignant case (395).jpg,malignant,normal,0.8613961338996887,0.8468855302780867,0.4280736491608635,0.0065079206,False,False
MiniConvNet,external,Malignant case (396).jpg,C:\Users\shrey\Downloads\MIP_project_part2\Lung-Cancer-Classification-\Lung-Cancer-Classification-\Data_External_IQOTHNCCD\Malignant cases\Malignant case (396).jpg,malignant,normal,0.8624834418296814,0.7913150247186422,0.512209145365439,0.013137843,False,False
MiniConvNet,external,Malignant case (397).jpg,C:\Users\shrey\Downloads\MIP_project_part2\Lung-Cancer-Classification-\Lung-Cancer-Classification-\Data_External_IQOTHNCCD\Malignant cases\Malignant case (397).jpg,malignant,normal,0.8336921334266663,0.7732720822095871,0.5352923967090075,0.01819236,False,False
MiniConvNet,external,Malignant case (398).jpg,C:\Users\shrey\Downloads\MIP_project_part2\Lung-Cancer-Classification-\Lung-Cancer-Classification-\Data_External_IQOTHNCCD\Malignant cases\Malignant case (398).jpg,malignant,normal,0.8282442688941956,0.8248335178941489,0.4639843988358923,0.0065062414,False,False
MiniConvNet,external,Malignant case (399).jpg,C:\Users\shrey\Downloads\MIP_project_part2\Lung-Cancer-Classification-\Lung-Cancer-Classification-\Data_External_IQOTHNCCD\Malignant cases\Malignant case (399).jpg,malignant,normal,0.8147563934326172,0.7930244691669941,0.5099218447455034,0.0037277194,False,False
MiniConvNet,external,Malignant case (4).jpg,C:\Users\shrey\Downloads\MIP_project_part2\Lung-Cancer-Classification-\Lung-Cancer-Classification-\Data_External_IQOTHNCCD\Malignant cases\Malignant case (4).jpg,malignant,normal,0.8009545207023621,0.7191448640078306,0.5937590968613877,0.018939335,False,False
MiniConvNet,external,Malignant case (40).jpg,C:\Users\shrey\Downloads\MIP_project_part2\Lung-Cancer-Classification-\Lung-Cancer-Classification-\Data_External_IQOTHNCCD\Malignant cases\Malignant case (40).jpg,malignant,normal,0.661709725856781,0.6224150136113167,0.6628694771116528,0.020046461,False,False
MiniConvNet,external,Malignant case (400).jpg,C:\Users\shrey\Downloads\MIP_project_part2\Lung-Cancer-Classification-\Lung-Cancer-Classification-\Data_External_IQOTHNCCD\Malignant cases\Malignant case (400).jpg,malignant,normal,0.8168397545814514,0.7906636996194721,0.5130760201350694,0.009483799,False,False
MiniConvNet,external,Malignant case (401).jpg,C:\Users\shrey\Downloads\MIP_project_part2\Lung-Cancer-Classification-\Lung-Cancer-Classification-\Data_External_IQOTHNCCD\Malignant cases\Malignant case (401).jpg,malignant,normal,0.846079409122467,0.8001274466514587,0.5002257405093052,0.0058456976,False,False
MiniConvNet,external,Malignant case (402).jpg,C:\Users\shrey\Downloads\MIP_project_part2\Lung-Cancer-Classification-\Lung-Cancer-Classification-\Data_External_IQOTHNCCD\Malignant cases\Malignant case (402).jpg,malignant,normal,0.8426327705383301,0.8134110607206821,0.4812389657101569,0.0053247097,False,False
MiniConvNet,external,Malignant case (403).jpg,C:\Users\shrey\Downloads\MIP_project_part2\Lung-Cancer-Classification-\Lung-Cancer-Classification-\Data_External_IQOTHNCCD\Malignant cases\Malignant case (403).jpg,malignant,normal,0.8228933811187744,0.7765834853053093,0.5311982824876882,0.012508226,False,False
MiniConvNet,external,Malignant case (404).jpg,C:\Users\shrey\Downloads\MIP_project_part2\Lung-Cancer-Classification-\Lung-Cancer-Classification-\Data_External_IQOTHNCCD\Malignant cases\Malignant case (404).jpg,malignant,normal,0.851364016532898,0.7861700747162104,0.5189870300525191,0.01460703,False,False
MiniConvNet,external,Malignant case (405).jpg,C:\Users\shrey\Downloads\MIP_project_part2\Lung-Cancer-Classification-\Lung-Cancer-Classification-\Data_External_IQOTHNCCD\Malignant cases\Malignant case (405).jpg,malignant,normal,0.8778805732727051,0.8516467344015837,0.4198419550014711,0.006887408,False,False
MiniConvNet,external,Malignant case (406).jpg,C:\Users\shrey\Downloads\MIP_project_part2\Lung-Cancer-Classification-\Lung-Cancer-Classification-\Data_External_IQOTHNCCD\Malignant cases\Malignant case (406).jpg,malignant,normal,0.865597128868103,0.8309282064437867,0.4544113661129255,0.009340537,False,False
MiniConvNet,external,Malignant case (407).jpg,C:\Users\shrey\Downloads\MIP_project_part2\Lung-Cancer-Classification-\Lung-Cancer-Classification-\Data_External_IQOTHNCCD\Malignant cases\Malignant case (407).jpg,malignant,normal,0.8569158315658569,0.8330453634262085,0.4510244288687255,0.005332181,False,False
MiniConvNet,external,Malignant case (408).jpg,C:\Users\shrey\Downloads\MIP_project_part2\Lung-Cancer-Classification-\Lung-Cancer-Classification-\Data_External_IQOTHNCCD\Malignant cases\Malignant case (408).jpg,malignant,normal,0.8588938117027283,0.8488039746880531,0.4247780485668915,0.0039265924,False,False
MiniConvNet,external,Malignant case (409).jpg,C:\Users\shrey\Downloads\MIP_project_part2\Lung-Cancer-Classification-\Lung-Cancer-Classification-\Data_External_IQOTHNCCD\Malignant cases\Malignant case (409).jpg,malignant,normal,0.8512478470802307,0.8009261004626751,0.4991159010775045,0.0064696083,False,False
MiniConvNet,external,Malignant case (41).jpg,C:\Users\shrey\Downloads\MIP_project_part2\Lung-Cancer-Classification-\Lung-Cancer-Classification-\Data_External_IQOTHNCCD\Malignant cases\Malignant case (41).jpg,malignant,normal,0.6917438507080078,0.648523110896349,0.6483560773141123,0.016685134,False,False
MiniConvNet,external,Malignant case (410).jpg,C:\Users\shrey\Downloads\MIP_project_part2\Lung-Cancer-Classification-\Lung-Cancer-Classification-\Data_External_IQOTHNCCD\Malignant cases\Malignant case (410).jpg,malignant,normal,0.8278282284736633,0.7972515728324652,0.5041889740308511,0.012357363,False,False
MiniConvNet,external,Malignant case (411).jpg,C:\Users\shrey\Downloads\MIP_project_part2\Lung-Cancer-Classification-\Lung-Cancer-Classification-\Data_External_IQOTHNCCD\Malignant cases\Malignant case (411).jpg,malignant,normal,0.8150099515914917,0.7898457068949938,0.5141610727011994,0.011065522,False,False
MiniConvNet,external,Malignant case (412).jpg,C:\Users\shrey\Downloads\MIP_project_part2\Lung-Cancer-Classification-\Lung-Cancer-Classification-\Data_External_IQOTHNCCD\Malignant cases\Malignant case (412).jpg,malignant,normal,0.8277648687362671,0.8351907394826413,0.4475593933948164,0.0058388957,False,False
MiniConvNet,external,Malignant case (413).jpg,C:\Users\shrey\Downloads\MIP_project_part2\Lung-Cancer-Classification-\Lung-Cancer-Classification-\Data_External_IQOTHNCCD\Malignant cases\Malignant case (413).jpg,malignant,normal,0.8415511846542358,0.8359281159937382,0.446360705983305,0.009484725,False,False
MiniConvNet,external,Malignant case (414).jpg,C:\Users\shrey\Downloads\MIP_project_part2\Lung-Cancer-Classification-\Lung-Cancer-Classification-\Data_External_IQOTHNCCD\Malignant cases\Malignant case (414).jpg,malignant,normal,0.8280929327011108,0.8166554234921933,0.4764273355830668,0.0065000444,False,False
MiniConvNet,external,Malignant case (415).jpg,C:\Users\shrey\Downloads\MIP_project_part2\Lung-Cancer-Classification-\Lung-Cancer-Classification-\Data_External_IQOTHNCCD\Malignant cases\Malignant case (415).jpg,malignant,normal,0.8198534846305847,0.8019531238824129,0.4976828121270495,0.0074640983,False,False
MiniConvNet,external,Malignant case (416).jpg,C:\Users\shrey\Downloads\MIP_project_part2\Lung-Cancer-Classification-\Lung-Cancer-Classification-\Data_External_IQOTHNCCD\Malignant cases\Malignant case (416).jpg,malignant,normal,0.8069161772727966,0.768720343708992,0.5408179144287246,0.014418975,False,False
MiniConvNet,external,Malignant case (417).jpg,C:\Users\shrey\Downloads\MIP_project_part2\Lung-Cancer-Classification-\Lung-Cancer-Classification-\Data_External_IQOTHNCCD\Malignant cases\Malignant case (417).jpg,malignant,normal,0.8507812023162842,0.7781781125813723,0.5292041785109836,0.013866564,False,False
MiniConvNet,external,Malignant case (418).jpg,C:\Users\shrey\Downloads\MIP_project_part2\Lung-Cancer-Classification-\Lung-Cancer-Classification-\Data_External_IQOTHNCCD\Malignant cases\Malignant case (418).jpg,malignant,normal,0.8078081607818604,0.7712627574801445,0.5377459801930808,0.0137266945,False,False
MiniConvNet,external,Malignant case (419).jpg,C:\Users\shrey\Downloads\MIP_project_part2\Lung-Cancer-Classification-\Lung-Cancer-Classification-\Data_External_IQOTHNCCD\Malignant cases\Malignant case (419).jpg,malignant,normal,0.8045412302017212,0.8045109082013369,0.494084945365317,0.016087307,False,False
MiniConvNet,external,Malignant case (42).jpg,C:\Users\shrey\Downloads\MIP_project_part2\Lung-Cancer-Classification-\Lung-Cancer-Classification-\Data_External_IQOTHNCCD\Malignant cases\Malignant case (42).jpg,malignant,normal,0.6983311772346497,0.6741224955767393,0.6312205849523309,0.01373567,False,False
MiniConvNet,external,Malignant case (420).jpg,C:\Users\shrey\Downloads\MIP_project_part2\Lung-Cancer-Classification-\Lung-Cancer-Classification-\Data_External_IQOTHNCCD\Malignant cases\Malignant case (420).jpg,malignant,normal,0.819415271282196,0.7976282220333815,0.5036728771420178,0.007339256,False,False
MiniConvNet,external,Malignant case (421).jpg,C:\Users\shrey\Downloads\MIP_project_part2\Lung-Cancer-Classification-\Lung-Cancer-Classification-\Data_External_IQOTHNCCD\Malignant cases\Malignant case (421).jpg,malignant,normal,0.8422927856445312,0.8145699854940176,0.4795280989751426,0.016346218,False,False
MiniConvNet,external,Malignant case (422).jpg,C:\Users\shrey\Downloads\MIP_project_part2\Lung-Cancer-Classification-\Lung-Cancer-Classification-\Data_External_IQOTHNCCD\Malignant cases\Malignant case (422).jpg,malignant,normal,0.8802661299705505,0.8365296479314566,0.4453799499325407,0.0079379855,False,False
MiniConvNet,external,Malignant case (423).jpg,C:\Users\shrey\Downloads\MIP_project_part2\Lung-Cancer-Classification-\Lung-Cancer-Classification-\Data_External_IQOTHNCCD\Malignant cases\Malignant case (423).jpg,malignant,normal,0.8759141564369202,0.9002211038023233,0.3245968819083126,0.0026189734,False,False
MiniConvNet,external,Malignant case (424).jpg,C:\Users\shrey\Downloads\MIP_project_part2\Lung-Cancer-Classification-\Lung-Cancer-Classification-\Data_External_IQOTHNCCD\Malignant cases\Malignant case (424).jpg,malignant,normal,0.9052641987800598,0.8848244324326516,0.3572011726406713,0.01302396,False,False
MiniConvNet,external,Malignant case (425).jpg,C:\Users\shrey\Downloads\MIP_project_part2\Lung-Cancer-Classification-\Lung-Cancer-Classification-\Data_External_IQOTHNCCD\Malignant cases\Malignant case (425).jpg,malignant,normal,0.9091075658798218,0.8694047201424837,0.387516681729301,0.008529041,False,False
MiniConvNet,external,Malignant case (426).jpg,C:\Users\shrey\Downloads\MIP_project_part2\Lung-Cancer-Classification-\Lung-Cancer-Classification-\Data_External_IQOTHNCCD\Malignant cases\Malignant case (426).jpg,malignant,normal,0.9100326299667358,0.8797489386051894,0.3674249136763383,0.0042600413,False,False
MiniConvNet,external,Malignant case (427).jpg,C:\Users\shrey\Downloads\MIP_project_part2\Lung-Cancer-Classification-\Lung-Cancer-Classification-\Data_External_IQOTHNCCD\Malignant cases\Malignant case (427).jpg,malignant,normal,0.8327793478965759,0.7682176120579243,0.5414210595220208,0.014689282,False,False
MiniConvNet,external,Malignant case (428).jpg,C:\Users\shrey\Downloads\MIP_project_part2\Lung-Cancer-Classification-\Lung-Cancer-Classification-\Data_External_IQOTHNCCD\Malignant cases\Malignant case (428).jpg,malignant,normal,0.8302954435348511,0.8324360810220242,0.4520023349626638,0.0041965772,False,False
MiniConvNet,external,Malignant case (429).jpg,C:\Users\shrey\Downloads\MIP_project_part2\Lung-Cancer-Classification-\Lung-Cancer-Classification-\Data_External_IQOTHNCCD\Malignant cases\Malignant case (429).jpg,malignant,normal,0.8358879685401917,0.7500059828162194,0.5623286301055903,0.0125865685,False,False
MiniConvNet,external,Malignant case (43).jpg,C:\Users\shrey\Downloads\MIP_project_part2\Lung-Cancer-Classification-\Lung-Cancer-Classification-\Data_External_IQOTHNCCD\Malignant cases\Malignant case (43).jpg,malignant,normal,0.7369877099990845,0.7175899129360914,0.5952151699802255,0.009801089,False,False
MiniConvNet,external,Malignant case (430).jpg,C:\Users\shrey\Downloads\MIP_project_part2\Lung-Cancer-Classification-\Lung-Cancer-Classification-\Data_External_IQOTHNCCD\Malignant cases\Malignant case (430).jpg,malignant,normal,0.8301723599433899,0.8030163943767548,0.49619220190245,0.0050904294,False,False
MiniConvNet,external,Malignant case (431).jpg,C:\Users\shrey\Downloads\MIP_project_part2\Lung-Cancer-Classification-\Lung-Cancer-Classification-\Data_External_IQOTHNCCD\Malignant cases\Malignant case (431).jpg,malignant,normal,0.829536497592926,0.7709148526191711,0.5381685055790327,0.01835675,False,False
MiniConvNet,external,Malignant case (432).jpg,C:\Users\shrey\Downloads\MIP_project_part2\Lung-Cancer-Classification-\Lung-Cancer-Classification-\Data_External_IQOTHNCCD\Malignant cases\Malignant case (432).jpg,malignant,normal,0.8364077210426331,0.772482454776764,0.5362593208096634,0.008710896,False,False
MiniConvNet,external,Malignant case (433).jpg,C:\Users\shrey\Downloads\MIP_project_part2\Lung-Cancer-Classification-\Lung-Cancer-Classification-\Data_External_IQOTHNCCD\Malignant cases\Malignant case (433).jpg,malignant,normal,0.8302990794181824,0.8000061884522438,0.5003938270357914,0.012721603,False,False
MiniConvNet,external,Malignant case (434).jpg,C:\Users\shrey\Downloads\MIP_project_part2\Lung-Cancer-Classification-\Lung-Cancer-Classification-\Data_External_IQOTHNCCD\Malignant cases\Malignant case (434).jpg,malignant,normal,0.8220207095146179,0.8137750532478094,0.4807025547709098,0.0069661974,False,False
MiniConvNet,external,Malignant case (435).jpg,C:\Users\shrey\Downloads\MIP_project_part2\Lung-Cancer-Classification-\Lung-Cancer-Classification-\Data_External_IQOTHNCCD\Malignant cases\Malignant case (435).jpg,malignant,normal,0.8126157522201538,0.7810397222638131,0.5255887823786012,0.016880365,False,False
MiniConvNet,external,Malignant case (436).jpg,C:\Users\shrey\Downloads\MIP_project_part2\Lung-Cancer-Classification-\Lung-Cancer-Classification-\Data_External_IQOTHNCCD\Malignant cases\Malignant case (436).jpg,malignant,normal,0.8220824003219604,0.7809438817203045,0.5257107319170009,0.003610529,False,False
MiniConvNet,external,Malignant case (437).jpg,C:\Users\shrey\Downloads\MIP_project_part2\Lung-Cancer-Classification-\Lung-Cancer-Classification-\Data_External_IQOTHNCCD\Malignant cases\Malignant case (437).jpg,malignant,normal,0.8584745526313782,0.8347373474389315,0.4482944121170659,0.0063164015,False,False
MiniConvNet,external,Malignant case (438).jpg,C:\Users\shrey\Downloads\MIP_project_part2\Lung-Cancer-Classification-\Lung-Cancer-Classification-\Data_External_IQOTHNCCD\Malignant cases\Malignant case (438).jpg,malignant,normal,0.8824144601821899,0.8867034446448088,0.3533525688562309,0.0025214762,False,False
MiniConvNet,external,Malignant case (439).jpg,C:\Users\shrey\Downloads\MIP_project_part2\Lung-Cancer-Classification-\Lung-Cancer-Classification-\Data_External_IQOTHNCCD\Malignant cases\Malignant case (439).jpg,malignant,normal,0.898675262928009,0.8581963144242764,0.4082241816936905,0.0069538965,False,False
MiniConvNet,external,Malignant case (44).jpg,C:\Users\shrey\Downloads\MIP_project_part2\Lung-Cancer-Classification-\Lung-Cancer-Classification-\Data_External_IQOTHNCCD\Malignant cases\Malignant case (44).jpg,malignant,normal,0.8879222273826599,0.845742978155613,0.4300228314544203,0.0077152224,False,False
MiniConvNet,external,Malignant case (440).jpg,C:\Users\shrey\Downloads\MIP_project_part2\Lung-Cancer-Classification-\Lung-Cancer-Classification-\Data_External_IQOTHNCCD\Malignant cases\Malignant case (440).jpg,malignant,malignant,0.6442654989659786,0.6314405240118504,0.6581845560677991,0.015539567,True,True
MiniConvNet,external,Malignant case (441).jpg,C:\Users\shrey\Downloads\MIP_project_part2\Lung-Cancer-Classification-\Lung-Cancer-Classification-\Data_External_IQOTHNCCD\Malignant cases\Malignant case (441).jpg,malignant,malignant,0.8739705877378583,0.848914947360754,0.4245865172341034,0.029419335,True,True
MiniConvNet,external,Malignant case (442).jpg,C:\Users\shrey\Downloads\MIP_project_part2\Lung-Cancer-Classification-\Lung-Cancer-Classification-\Data_External_IQOTHNCCD\Malignant cases\Malignant case (442).jpg,malignant,malignant,0.873248084448278,0.7749909525737166,0.5331750918292506,0.027719071,True,True
MiniConvNet,external,Malignant case (443).jpg,C:\Users\shrey\Downloads\MIP_project_part2\Lung-Cancer-Classification-\Lung-Cancer-Classification-\Data_External_IQOTHNCCD\Malignant cases\Malignant case (443).jpg,malignant,malignant,0.8684398708865047,0.8313401900231838,0.4537547786367799,0.026276741,True,True
MiniConvNet,external,Malignant case (444).jpg,C:\Users\shrey\Downloads\MIP_project_part2\Lung-Cancer-Classification-\Lung-Cancer-Classification-\Data_External_IQOTHNCCD\Malignant cases\Malignant case (444).jpg,malignant,malignant,0.7939531682059169,0.7412309106439352,0.5717654942340553,0.023036933,True,True
MiniConvNet,external,Malignant case (445).jpg,C:\Users\shrey\Downloads\MIP_project_part2\Lung-Cancer-Classification-\Lung-Cancer-Classification-\Data_External_IQOTHNCCD\Malignant cases\Malignant case (445).jpg,malignant,normal,0.5295450091362,0.5582893211394548,0.6863364027087125,0.028860575,False,False
MiniConvNet,external,Malignant case (446).jpg,C:\Users\shrey\Downloads\MIP_project_part2\Lung-Cancer-Classification-\Lung-Cancer-Classification-\Data_External_IQOTHNCCD\Malignant cases\Malignant case (446).jpg,malignant,normal,0.5636255145072937,0.6420635841786861,0.6522216479296902,0.01778874,False,False
MiniConvNet,external,Malignant case (447).jpg,C:\Users\shrey\Downloads\MIP_project_part2\Lung-Cancer-Classification-\Lung-Cancer-Classification-\Data_External_IQOTHNCCD\Malignant cases\Malignant case (447).jpg,malignant,normal,0.5596612691879272,0.5215452015399933,0.6922184912197853,0.022477847,False,False
MiniConvNet,external,Malignant case (448).jpg,C:\Users\shrey\Downloads\MIP_project_part2\Lung-Cancer-Classification-\Lung-Cancer-Classification-\Data_External_IQOTHNCCD\Malignant cases\Malignant case (448).jpg,malignant,normal,0.5870088338851929,0.5898172706365585,0.6769249778473985,0.026829017,False,False
MiniConvNet,external,Malignant case (449).jpg,C:\Users\shrey\Downloads\MIP_project_part2\Lung-Cancer-Classification-\Lung-Cancer-Classification-\Data_External_IQOTHNCCD\Malignant cases\Malignant case (449).jpg,malignant,normal,0.7598873972892761,0.7183720674365759,0.5944842858932671,0.020460095,False,False
MiniConvNet,external,Malignant case (45).jpg,C:\Users\shrey\Downloads\MIP_project_part2\Lung-Cancer-Classification-\Lung-Cancer-Classification-\Data_External_IQOTHNCCD\Malignant cases\Malignant case (45).jpg,malignant,normal,0.8887777328491211,0.875705722719431,0.3753946110247395,0.0033029637,False,False
MiniConvNet,external,Malignant case (450).jpg,C:\Users\shrey\Downloads\MIP_project_part2\Lung-Cancer-Classification-\Lung-Cancer-Classification-\Data_External_IQOTHNCCD\Malignant cases\Malignant case (450).jpg,malignant,normal,0.7416971325874329,0.7011171020567417,0.6099148129293266,0.02369795,False,False
MiniConvNet,external,Malignant case (451).jpg,C:\Users\shrey\Downloads\MIP_project_part2\Lung-Cancer-Classification-\Lung-Cancer-Classification-\Data_External_IQOTHNCCD\Malignant cases\Malignant case (451).jpg,malignant,normal,0.7379787564277649,0.6682720091193914,0.635395656517788,0.041703638,False,False
MiniConvNet,external,Malignant case (452).jpg,C:\Users\shrey\Downloads\MIP_project_part2\Lung-Cancer-Classification-\Lung-Cancer-Classification-\Data_External_IQOTHNCCD\Malignant cases\Malignant case (452).jpg,malignant,normal,0.7481684684753418,0.7031402923166752,0.608179956838052,0.024338875,False,False
MiniConvNet,external,Malignant case (453).jpg,C:\Users\shrey\Downloads\MIP_project_part2\Lung-Cancer-Classification-\Lung-Cancer-Classification-\Data_External_IQOTHNCCD\Malignant cases\Malignant case (453).jpg,malignant,normal,0.7400277853012085,0.6962170042097569,0.614035635887598,0.044468146,False,False
MiniConvNet,external,Malignant case (454).jpg,C:\Users\shrey\Downloads\MIP_project_part2\Lung-Cancer-Classification-\Lung-Cancer-Classification-\Data_External_IQOTHNCCD\Malignant cases\Malignant case (454).jpg,malignant,normal,0.7665863037109375,0.7549223285168409,0.5568625151802267,0.015318826,False,False
MiniConvNet,external,Malignant case (455).jpg,C:\Users\shrey\Downloads\MIP_project_part2\Lung-Cancer-Classification-\Lung-Cancer-Classification-\Data_External_IQOTHNCCD\Malignant cases\Malignant case (455).jpg,malignant,normal,0.76561439037323,0.7115239892154932,0.600781506919483,0.028373027,False,False
MiniConvNet,external,Malignant case (456).jpg,C:\Users\shrey\Downloads\MIP_project_part2\Lung-Cancer-Classification-\Lung-Cancer-Classification-\Data_External_IQOTHNCCD\Malignant cases\Malignant case (456).jpg,malignant,normal,0.7355680465698242,0.7099832706153393,0.6021666488885646,0.014723331,False,False
MiniConvNet,external,Malignant case (457).jpg,C:\Users\shrey\Downloads\MIP_project_part2\Lung-Cancer-Classification-\Lung-Cancer-Classification-\Data_External_IQOTHNCCD\Malignant cases\Malignant case (457).jpg,malignant,normal,0.7262336015701294,0.720950486138463,0.5920534590496492,0.016957985,False,False
MiniConvNet,external,Malignant case (458).jpg,C:\Users\shrey\Downloads\MIP_project_part2\Lung-Cancer-Classification-\Lung-Cancer-Classification-\Data_External_IQOTHNCCD\Malignant cases\Malignant case (458).jpg,malignant,normal,0.695116400718689,0.6304971650242805,0.6586905869372885,0.039696764,False,False
MiniConvNet,external,Malignant case (459).jpg,C:\Users\shrey\Downloads\MIP_project_part2\Lung-Cancer-Classification-\Lung-Cancer-Classification-\Data_External_IQOTHNCCD\Malignant cases\Malignant case (459).jpg,malignant,normal,0.6299464106559753,0.6081341616809368,0.6695753621310738,0.00908615,False,False
MiniConvNet,external,Malignant case (46).jpg,C:\Users\shrey\Downloads\MIP_project_part2\Lung-Cancer-Classification-\Lung-Cancer-Classification-\Data_External_IQOTHNCCD\Malignant cases\Malignant case (46).jpg,malignant,normal,0.8731552958488464,0.8777263276278973,0.3714308412658284,0.0019029898,False,False
MiniConvNet,external,Malignant case (460).jpg,C:\Users\shrey\Downloads\MIP_project_part2\Lung-Cancer-Classification-\Lung-Cancer-Classification-\Data_External_IQOTHNCCD\Malignant cases\Malignant case (460).jpg,malignant,normal,0.6695850491523743,0.6879959963262081,0.6206947089066668,0.0037590328,False,False
MiniConvNet,external,Malignant case (461).jpg,C:\Users\shrey\Downloads\MIP_project_part2\Lung-Cancer-Classification-\Lung-Cancer-Classification-\Data_External_IQOTHNCCD\Malignant cases\Malignant case (461).jpg,malignant,normal,0.6610175371170044,0.6360642220824957,0.6556490994397487,0.015289222,False,False
MiniConvNet,external,Malignant case (462).jpg,C:\Users\shrey\Downloads\MIP_project_part2\Lung-Cancer-Classification-\Lung-Cancer-Classification-\Data_External_IQOTHNCCD\Malignant cases\Malignant case (462).jpg,malignant,normal,0.7019931077957153,0.5841499166563153,0.6789171178779777,0.022738915,False,False
MiniConvNet,external,Malignant case (463).jpg,C:\Users\shrey\Downloads\MIP_project_part2\Lung-Cancer-Classification-\Lung-Cancer-Classification-\Data_External_IQOTHNCCD\Malignant cases\Malignant case (463).jpg,malignant,normal,0.6519715785980225,0.5997743429616094,0.6731030774690403,0.03700986,False,False
MiniConvNet,external,Malignant case (464).jpg,C:\Users\shrey\Downloads\MIP_project_part2\Lung-Cancer-Classification-\Lung-Cancer-Classification-\Data_External_IQOTHNCCD\Malignant cases\Malignant case (464).jpg,malignant,normal,0.604459285736084,0.520562388934195,0.6923013109231908,0.020501051,False,False
MiniConvNet,external,Malignant case (465).jpg,C:\Users\shrey\Downloads\MIP_project_part2\Lung-Cancer-Classification-\Lung-Cancer-Classification-\Data_External_IQOTHNCCD\Malignant cases\Malignant case (465).jpg,malignant,normal,0.5906432867050171,0.5873020826838911,0.6778254574044386,0.010704117,False,False
MiniConvNet,external,Malignant case (466).jpg,C:\Users\shrey\Downloads\MIP_project_part2\Lung-Cancer-Classification-\Lung-Cancer-Classification-\Data_External_IQOTHNCCD\Malignant cases\Malignant case (466).jpg,malignant,normal,0.5901803970336914,0.5504726907238364,0.6880435367717165,0.021805847,False,False
MiniConvNet,external,Malignant case (467).jpg,C:\Users\shrey\Downloads\MIP_project_part2\Lung-Cancer-Classification-\Lung-Cancer-Classification-\Data_External_IQOTHNCCD\Malignant cases\Malignant case (467).jpg,malignant,normal,0.6260636448860168,0.541455046273768,0.6897061502598335,0.036420856,False,False
MiniConvNet,external,Malignant case (468).jpg,C:\Users\shrey\Downloads\MIP_project_part2\Lung-Cancer-Classification-\Lung-Cancer-Classification-\Data_External_IQOTHNCCD\Malignant cases\Malignant case (468).jpg,malignant,normal,0.5687499642372131,0.4484601244330406,0.6878250070938353,0.016032418,False,True
MiniConvNet,external,Malignant case (469).jpg,C:\Users\shrey\Downloads\MIP_project_part2\Lung-Cancer-Classification-\Lung-Cancer-Classification-\Data_External_IQOTHNCCD\Malignant cases\Malignant case (469).jpg,malignant,normal,0.5311238169670105,0.4936467735096812,0.693066434705817,0.022316601,False,True
MiniConvNet,external,Malignant case (47).jpg,C:\Users\shrey\Downloads\MIP_project_part2\Lung-Cancer-Classification-\Lung-Cancer-Classification-\Data_External_IQOTHNCCD\Malignant cases\Malignant case (47).jpg,malignant,normal,0.8920632004737854,0.8640622645616531,0.3975202673326309,0.006565625,False,False
MiniConvNet,external,Malignant case (470).jpg,C:\Users\shrey\Downloads\MIP_project_part2\Lung-Cancer-Classification-\Lung-Cancer-Classification-\Data_External_IQOTHNCCD\Malignant cases\Malignant case (470).jpg,malignant,normal,0.5320216417312622,0.5245736893266439,0.6919389634502356,0.03215847,False,False
MiniConvNet,external,Malignant case (471).jpg,C:\Users\shrey\Downloads\MIP_project_part2\Lung-Cancer-Classification-\Lung-Cancer-Classification-\Data_External_IQOTHNCCD\Malignant cases\Malignant case (471).jpg,malignant,normal,0.5427215695381165,0.5423018513247371,0.6895640124104194,0.048924647,False,False
MiniConvNet,external,Malignant case (472).jpg,C:\Users\shrey\Downloads\MIP_project_part2\Lung-Cancer-Classification-\Lung-Cancer-Classification-\Data_External_IQOTHNCCD\Malignant cases\Malignant case (472).jpg,malignant,normal,0.5864509344100952,0.49703222094103694,0.6931295637683683,0.024514116,False,True
MiniConvNet,external,Malignant case (473).jpg,C:\Users\shrey\Downloads\MIP_project_part2\Lung-Cancer-Classification-\Lung-Cancer-Classification-\Data_External_IQOTHNCCD\Malignant cases\Malignant case (473).jpg,malignant,normal,0.625187873840332,0.6182460975833237,0.6649162008344095,0.027441276,False,False
MiniConvNet,external,Malignant case (474).jpg,C:\Users\shrey\Downloads\MIP_project_part2\Lung-Cancer-Classification-\Lung-Cancer-Classification-\Data_External_IQOTHNCCD\Malignant cases\Malignant case (474).jpg,malignant,normal,0.6640555262565613,0.6544304504059255,0.6446608263537879,0.010301997,False,False
MiniConvNet,external,Malignant case (475).jpg,C:\Users\shrey\Downloads\MIP_project_part2\Lung-Cancer-Classification-\Lung-Cancer-Classification-\Data_External_IQOTHNCCD\Malignant cases\Malignant case (475).jpg,malignant,normal,0.7355735898017883,0.7243131753057241,0.5888334675426028,0.0129907485,False,False
MiniConvNet,external,Malignant case (476).jpg,C:\Users\shrey\Downloads\MIP_project_part2\Lung-Cancer-Classification-\Lung-Cancer-Classification-\Data_External_IQOTHNCCD\Malignant cases\Malignant case (476).jpg,malignant,normal,0.7610113024711609,0.722364591434598,0.5907062319812038,0.010766847,False,False
MiniConvNet,external,Malignant case (477).jpg,C:\Users\shrey\Downloads\MIP_project_part2\Lung-Cancer-Classification-\Lung-Cancer-Classification-\Data_External_IQOTHNCCD\Malignant cases\Malignant case (477).jpg,malignant,normal,0.7617149949073792,0.6926378728821874,0.6169736926113941,0.014637081,False,False
MiniConvNet,external,Malignant case (478).jpg,C:\Users\shrey\Downloads\MIP_project_part2\Lung-Cancer-Classification-\Lung-Cancer-Classification-\Data_External_IQOTHNCCD\Malignant cases\Malignant case (478).jpg,malignant,normal,0.7707130312919617,0.7364837769418955,0.5767027967435632,0.0069225747,False,False
MiniConvNet,external,Malignant case (479).jpg,C:\Users\shrey\Downloads\MIP_project_part2\Lung-Cancer-Classification-\Lung-Cancer-Classification-\Data_External_IQOTHNCCD\Malignant cases\Malignant case (479).jpg,malignant,normal,0.8188945055007935,0.8256240095943213,0.4627574707397291,0.008279505,False,False
MiniConvNet,external,Malignant case (48).jpg,C:\Users\shrey\Downloads\MIP_project_part2\Lung-Cancer-Classification-\Lung-Cancer-Classification-\Data_External_IQOTHNCCD\Malignant cases\Malignant case (48).jpg,malignant,normal,0.8959323167800903,0.9032603260129691,0.3178596490688397,0.0029200176,False,False
MiniConvNet,external,Malignant case (480).jpg,C:\Users\shrey\Downloads\MIP_project_part2\Lung-Cancer-Classification-\Lung-Cancer-Classification-\Data_External_IQOTHNCCD\Malignant cases\Malignant case (480).jpg,malignant,normal,0.8214921355247498,0.8028883058577776,0.4963722415403421,0.009075281,False,False
MiniConvNet,external,Malignant case (481).jpg,C:\Users\shrey\Downloads\MIP_project_part2\Lung-Cancer-Classification-\Lung-Cancer-Classification-\Data_External_IQOTHNCCD\Malignant cases\Malignant case (481).jpg,malignant,normal,0.8177310228347778,0.7497461419552565,0.562613863046513,0.011403341,False,False
MiniConvNet,external,Malignant case (482).jpg,C:\Users\shrey\Downloads\MIP_project_part2\Lung-Cancer-Classification-\Lung-Cancer-Classification-\Data_External_IQOTHNCCD\Malignant cases\Malignant case (482).jpg,malignant,normal,0.8269109725952148,0.7993653696030378,0.5012809721448755,0.0046092225,False,False
MiniConvNet,external,Malignant case (483).jpg,C:\Users\shrey\Downloads\MIP_project_part2\Lung-Cancer-Classification-\Lung-Cancer-Classification-\Data_External_IQOTHNCCD\Malignant cases\Malignant case (483).jpg,malignant,normal,0.8104915022850037,0.7648878823965788,0.5453799761872892,0.010372942,False,False
MiniConvNet,external,Malignant case (484).jpg,C:\Users\shrey\Downloads\MIP_project_part2\Lung-Cancer-Classification-\Lung-Cancer-Classification-\Data_External_IQOTHNCCD\Malignant cases\Malignant case (484).jpg,malignant,normal,0.8252134919166565,0.7833747379481792,0.5226033253030745,0.01152054,False,False
MiniConvNet,external,Malignant case (485).jpg,C:\Users\shrey\Downloads\MIP_project_part2\Lung-Cancer-Classification-\Lung-Cancer-Classification-\Data_External_IQOTHNCCD\Malignant cases\Malignant case (485).jpg,malignant,normal,0.81123286485672,0.810624210163951,0.4853165616090426,0.011775186,False,False
MiniConvNet,external,Malignant case (486).jpg,C:\Users\shrey\Downloads\MIP_project_part2\Lung-Cancer-Classification-\Lung-Cancer-Classification-\Data_External_IQOTHNCCD\Malignant cases\Malignant case (486).jpg,malignant,normal,0.7972676753997803,0.7667697742581367,0.5431500581658237,0.013082289,False,False
MiniConvNet,external,Malignant case (487).jpg,C:\Users\shrey\Downloads\MIP_project_part2\Lung-Cancer-Classification-\Lung-Cancer-Classification-\Data_External_IQOTHNCCD\Malignant cases\Malignant case (487).jpg,malignant,normal,0.8270653486251831,0.801460150629282,0.4983715530198327,0.012458261,False,False
MiniConvNet,external,Malignant case (488).jpg,C:\Users\shrey\Downloads\MIP_project_part2\Lung-Cancer-Classification-\Lung-Cancer-Classification-\Data_External_IQOTHNCCD\Malignant cases\Malignant case (488).jpg,malignant,normal,0.8313782215118408,0.77155308611691,0.5373928997606096,0.011398893,False,False
MiniConvNet,external,Malignant case (489).jpg,C:\Users\shrey\Downloads\MIP_project_part2\Lung-Cancer-Classification-\Lung-Cancer-Classification-\Data_External_IQOTHNCCD\Malignant cases\Malignant case (489).jpg,malignant,normal,0.8398334383964539,0.8124103266745806,0.4827090551939941,0.008581516,False,False
MiniConvNet,external,Malignant case (49).jpg,C:\Users\shrey\Downloads\MIP_project_part2\Lung-Cancer-Classification-\Lung-Cancer-Classification-\Data_External_IQOTHNCCD\Malignant cases\Malignant case (49).jpg,malignant,normal,0.909195601940155,0.9002856053411961,0.324454984095333,0.00099852,False,False
MiniConvNet,external,Malignant case (490).jpg,C:\Users\shrey\Downloads\MIP_project_part2\Lung-Cancer-Classification-\Lung-Cancer-Classification-\Data_External_IQOTHNCCD\Malignant cases\Malignant case (490).jpg,malignant,normal,0.8430070281028748,0.8172420794144273,0.4755497834304154,0.010624075,False,False
MiniConvNet,external,Malignant case (491).jpg,C:\Users\shrey\Downloads\MIP_project_part2\Lung-Cancer-Classification-\Lung-Cancer-Classification-\Data_External_IQOTHNCCD\Malignant cases\Malignant case (491).jpg,malignant,normal,0.8448242545127869,0.8069172585383058,0.4906622295410977,0.010664654,False,False
MiniConvNet,external,Malignant case (492).jpg,C:\Users\shrey\Downloads\MIP_project_part2\Lung-Cancer-Classification-\Lung-Cancer-Classification-\Data_External_IQOTHNCCD\Malignant cases\Malignant case (492).jpg,malignant,normal,0.8067365288734436,0.8108209799975157,0.4850303298813768,0.008809913,False,False
MiniConvNet,external,Malignant case (493).jpg,C:\Users\shrey\Downloads\MIP_project_part2\Lung-Cancer-Classification-\Lung-Cancer-Classification-\Data_External_IQOTHNCCD\Malignant cases\Malignant case (493).jpg,malignant,normal,0.8411033749580383,0.8143342193216085,0.4798769633479914,0.009240766,False,False
MiniConvNet,external,Malignant case (494).jpg,C:\Users\shrey\Downloads\MIP_project_part2\Lung-Cancer-Classification-\Lung-Cancer-Classification-\Data_External_IQOTHNCCD\Malignant cases\Malignant case (494).jpg,malignant,normal,0.8861761093139648,0.8673955965787172,0.3913078175163696,0.007942249,False,False
MiniConvNet,external,Malignant case (495).jpg,C:\Users\shrey\Downloads\MIP_project_part2\Lung-Cancer-Classification-\Lung-Cancer-Classification-\Data_External_IQOTHNCCD\Malignant cases\Malignant case (495).jpg,malignant,normal,0.9623780846595764,0.915130184032023,0.2905048736216227,0.00668375,False,False
MiniConvNet,external,Malignant case (496).jpg,C:\Users\shrey\Downloads\MIP_project_part2\Lung-Cancer-Classification-\Lung-Cancer-Classification-\Data_External_IQOTHNCCD\Malignant cases\Malignant case (496).jpg,malignant,normal,0.9770715832710266,0.9483441794291139,0.2033621503754092,0.0020100905,False,False
MiniConvNet,external,Malignant case (497).jpg,C:\Users\shrey\Downloads\MIP_project_part2\Lung-Cancer-Classification-\Lung-Cancer-Classification-\Data_External_IQOTHNCCD\Malignant cases\Malignant case (497).jpg,malignant,normal,0.974869668483734,0.9253156650811434,0.2655906849948392,0.004929382,False,False
MiniConvNet,external,Malignant case (498).jpg,C:\Users\shrey\Downloads\MIP_project_part2\Lung-Cancer-Classification-\Lung-Cancer-Classification-\Data_External_IQOTHNCCD\Malignant cases\Malignant case (498).jpg,malignant,normal,0.9769083857536316,0.9258718476630748,0.2641885612232962,0.014885138,False,False
MiniConvNet,external,Malignant case (499).jpg,C:\Users\shrey\Downloads\MIP_project_part2\Lung-Cancer-Classification-\Lung-Cancer-Classification-\Data_External_IQOTHNCCD\Malignant cases\Malignant case (499).jpg,malignant,normal,0.8369934558868408,0.8284748364239931,0.4582963926603279,0.0069764853,False,False
MiniConvNet,external,Malignant case (5).jpg,C:\Users\shrey\Downloads\MIP_project_part2\Lung-Cancer-Classification-\Lung-Cancer-Classification-\Data_External_IQOTHNCCD\Malignant cases\Malignant case (5).jpg,malignant,normal,0.8215509653091431,0.7747027957811952,0.5335311648500546,0.012017132,False,False
MiniConvNet,external,Malignant case (50).jpg,C:\Users\shrey\Downloads\MIP_project_part2\Lung-Cancer-Classification-\Lung-Cancer-Classification-\Data_External_IQOTHNCCD\Malignant cases\Malignant case (50).jpg,malignant,normal,0.9275954961776732,0.9000647123903037,0.3249407141362226,0.0034896666,False,False
MiniConvNet,external,Malignant case (500).jpg,C:\Users\shrey\Downloads\MIP_project_part2\Lung-Cancer-Classification-\Lung-Cancer-Classification-\Data_External_IQOTHNCCD\Malignant cases\Malignant case (500).jpg,malignant,normal,0.8323432207107544,0.7745592575520277,0.5337083763937146,0.0108255185,False,False
MiniConvNet,external,Malignant case (501).jpg,C:\Users\shrey\Downloads\MIP_project_part2\Lung-Cancer-Classification-\Lung-Cancer-Classification-\Data_External_IQOTHNCCD\Malignant cases\Malignant case (501).jpg,malignant,normal,0.8465818166732788,0.8022298347204924,0.4972955518806955,0.009591772,False,False
MiniConvNet,external,Malignant case (502).jpg,C:\Users\shrey\Downloads\MIP_project_part2\Lung-Cancer-Classification-\Lung-Cancer-Classification-\Data_External_IQOTHNCCD\Malignant cases\Malignant case (502).jpg,malignant,normal,0.8337419033050537,0.814000966027379,0.4803692351568123,0.022013674,False,False
MiniConvNet,external,Malignant case (503).jpg,C:\Users\shrey\Downloads\MIP_project_part2\Lung-Cancer-Classification-\Lung-Cancer-Classification-\Data_External_IQOTHNCCD\Malignant cases\Malignant case (503).jpg,malignant,normal,0.8398244976997375,0.8394741825759411,0.4405407123972363,0.005233224,False,False
MiniConvNet,external,Malignant case (504).jpg,C:\Users\shrey\Downloads\MIP_project_part2\Lung-Cancer-Classification-\Lung-Cancer-Classification-\Data_External_IQOTHNCCD\Malignant cases\Malignant case (504).jpg,malignant,normal,0.854379415512085,0.8298169951885939,0.4561763187703904,0.006903509,False,False
MiniConvNet,external,Malignant case (505).jpg,C:\Users\shrey\Downloads\MIP_project_part2\Lung-Cancer-Classification-\Lung-Cancer-Classification-\Data_External_IQOTHNCCD\Malignant cases\Malignant case (505).jpg,malignant,normal,0.8660932183265686,0.8499040212482214,0.4228755037751694,0.009422435,False,False
MiniConvNet,external,Malignant case (506).jpg,C:\Users\shrey\Downloads\MIP_project_part2\Lung-Cancer-Classification-\Lung-Cancer-Classification-\Data_External_IQOTHNCCD\Malignant cases\Malignant case (506).jpg,malignant,normal,0.8707289695739746,0.8752504065632821,0.3762825089055974,0.004313542,False,False
MiniConvNet,external,Malignant case (507).jpg,C:\Users\shrey\Downloads\MIP_project_part2\Lung-Cancer-Classification-\Lung-Cancer-Classification-\Data_External_IQOTHNCCD\Malignant cases\Malignant case (507).jpg,malignant,malignant,0.5089094750583172,0.530101353302598,0.6913338954308085,0.015195582,True,True
MiniConvNet,external,Malignant case (508).jpg,C:\Users\shrey\Downloads\MIP_project_part2\Lung-Cancer-Classification-\Lung-Cancer-Classification-\Data_External_IQOTHNCCD\Malignant cases\Malignant case (508).jpg,malignant,normal,0.7341817617416382,0.6615248247981071,0.6400188815846818,0.012538955,False,False
MiniConvNet,external,Malignant case (509).jpg,C:\Users\shrey\Downloads\MIP_project_part2\Lung-Cancer-Classification-\Lung-Cancer-Classification-\Data_External_IQOTHNCCD\Malignant cases\Malignant case (509).jpg,malignant,normal,0.5831896066665649,0.6062273532152176,0.6704057661808547,0.021336045,False,False
MiniConvNet,external,Malignant case (51).jpg,C:\Users\shrey\Downloads\MIP_project_part2\Lung-Cancer-Classification-\Lung-Cancer-Classification-\Data_External_IQOTHNCCD\Malignant cases\Malignant case (51).jpg,malignant,normal,0.911552667617798,0.8997345063835382,0.3256659395318591,0.0054371166,False,False
MiniConvNet,external,Malignant case (510).jpg,C:\Users\shrey\Downloads\MIP_project_part2\Lung-Cancer-Classification-\Lung-Cancer-Classification-\Data_External_IQOTHNCCD\Malignant cases\Malignant case (510).jpg,malignant,normal,0.6405931115150452,0.5113174878060818,0.6928909863919447,0.014566612,False,False
MiniConvNet,external,Malignant case (511).jpg,C:\Users\shrey\Downloads\MIP_project_part2\Lung-Cancer-Classification-\Lung-Cancer-Classification-\Data_External_IQOTHNCCD\Malignant cases\Malignant case (511).jpg,malignant,normal,0.6936940550804138,0.6681639719754457,0.6354712416567372,0.014464988,False,False
MiniConvNet,external,Malignant case (512).jpg,C:\Users\shrey\Downloads\MIP_project_part2\Lung-Cancer-Classification-\Lung-Cancer-Classification-\Data_External_IQOTHNCCD\Malignant cases\Malignant case (512).jpg,malignant,normal,0.6400169730186462,0.7032503746449947,0.6080849993309123,0.0052643325,False,False
MiniConvNet,external,Malignant case (513).jpg,C:\Users\shrey\Downloads\MIP_project_part2\Lung-Cancer-Classification-\Lung-Cancer-Classification-\Data_External_IQOTHNCCD\Malignant cases\Malignant case (513).jpg,malignant,normal,0.5912293195724487,0.6264056228101254,0.6608409750606201,0.010174713,False,False
MiniConvNet,external,Malignant case (514).jpg,C:\Users\shrey\Downloads\MIP_project_part2\Lung-Cancer-Classification-\Lung-Cancer-Classification-\Data_External_IQOTHNCCD\Malignant cases\Malignant case (514).jpg,malignant,normal,0.569642961025238,0.5622055307030678,0.6853880260094878,0.010161564,False,False
MiniConvNet,external,Malignant case (515).jpg,C:\Users\shrey\Downloads\MIP_project_part2\Lung-Cancer-Classification-\Lung-Cancer-Classification-\Data_External_IQOTHNCCD\Malignant cases\Malignant case (515).jpg,malignant,normal,0.5273198485374451,0.5681033618748188,0.6838421426840173,0.011394293,False,False
MiniConvNet,external,Malignant case (516).jpg,C:\Users\shrey\Downloads\MIP_project_part2\Lung-Cancer-Classification-\Lung-Cancer-Classification-\Data_External_IQOTHNCCD\Malignant cases\Malignant case (516).jpg,malignant,normal,0.617643415927887,0.5868316739797592,0.677990940216443,0.012645126,False,False
MiniConvNet,external,Malignant case (517).jpg,C:\Users\shrey\Downloads\MIP_project_part2\Lung-Cancer-Classification-\Lung-Cancer-Classification-\Data_External_IQOTHNCCD\Malignant cases\Malignant case (517).jpg,malignant,malignant,0.5329867824912071,0.5737866163253784,0.6822183841564764,0.018388366,True,True
MiniConvNet,external,Malignant case (518).jpg,C:\Users\shrey\Downloads\MIP_project_part2\Lung-Cancer-Classification-\Lung-Cancer-Classification-\Data_External_IQOTHNCCD\Malignant cases\Malignant case (518).jpg,malignant,normal,0.5279204845428467,0.500280387699604,0.6931470256138215,0.012263203,False,False
MiniConvNet,external,Malignant case (519).jpg,C:\Users\shrey\Downloads\MIP_project_part2\Lung-Cancer-Classification-\Lung-Cancer-Classification-\Data_External_IQOTHNCCD\Malignant cases\Malignant case (519).jpg,malignant,normal,0.53609299659729,0.4963579848408699,0.6931206718603744,0.007281072,False,True
MiniConvNet,external,Malignant case (52).jpg,C:\Users\shrey\Downloads\MIP_project_part2\Lung-Cancer-Classification-\Lung-Cancer-Classification-\Data_External_IQOTHNCCD\Malignant cases\Malignant case (52).jpg,malignant,normal,0.9602656364440918,0.9508745903149248,0.1959319911051004,0.0011350792,False,False
MiniConvNet,external,Malignant case (520).jpg,C:\Users\shrey\Downloads\MIP_project_part2\Lung-Cancer-Classification-\Lung-Cancer-Classification-\Data_External_IQOTHNCCD\Malignant cases\Malignant case (520).jpg,malignant,normal,0.5080112218856812,0.45458844117820263,0.6890170654364971,0.019523026,False,True
MiniConvNet,external,Malignant case (521).jpg,C:\Users\shrey\Downloads\MIP_project_part2\Lung-Cancer-Classification-\Lung-Cancer-Classification-\Data_External_IQOTHNCCD\Malignant cases\Malignant case (521).jpg,malignant,normal,0.5556422472000122,0.5051628202199936,0.6930938654598201,0.016349522,False,False
MiniConvNet,external,Malignant case (522).jpg,C:\Users\shrey\Downloads\MIP_project_part2\Lung-Cancer-Classification-\Lung-Cancer-Classification-\Data_External_IQOTHNCCD\Malignant cases\Malignant case (522).jpg,malignant,normal,0.5589437484741211,0.5799105130136013,0.6803208660765712,0.015782109,False,False
MiniConvNet,external,Malignant case (523).jpg,C:\Users\shrey\Downloads\MIP_project_part2\Lung-Cancer-Classification-\Lung-Cancer-Classification-\Data_External_IQOTHNCCD\Malignant cases\Malignant case (523).jpg,malignant,normal,0.6581190824508667,0.6629758337512612,0.6390418565319078,0.038876686,False,False
MiniConvNet,external,Malignant case (524).jpg,C:\Users\shrey\Downloads\MIP_project_part2\Lung-Cancer-Classification-\Lung-Cancer-Classification-\Data_External_IQOTHNCCD\Malignant cases\Malignant case (524).jpg,malignant,normal,0.6138186454772949,0.6034345587249845,0.6715945017359548,0.040773507,False,False
MiniConvNet,external,Malignant case (525).jpg,C:\Users\shrey\Downloads\MIP_project_part2\Lung-Cancer-Classification-\Lung-Cancer-Classification-\Data_External_IQOTHNCCD\Malignant cases\Malignant case (525).jpg,malignant,normal,0.606453001499176,0.49882962135598063,0.6931444374381477,0.066142395,False,True
MiniConvNet,external,Malignant case (526).jpg,C:\Users\shrey\Downloads\MIP_project_part2\Lung-Cancer-Classification-\Lung-Cancer-Classification-\Data_External_IQOTHNCCD\Malignant cases\Malignant case (526).jpg,malignant,normal,0.6637380123138428,0.6011913310503587,0.6725256899981377,0.031151928,False,False
MiniConvNet,external,Malignant case (527).jpg,C:\Users\shrey\Downloads\MIP_project_part2\Lung-Cancer-Classification-\Lung-Cancer-Classification-\Data_External_IQOTHNCCD\Malignant cases\Malignant case (527).jpg,malignant,normal,0.5503010153770447,0.5341928377747536,0.6908070459431803,0.007901687,False,False
MiniConvNet,external,Malignant case (528).jpg,C:\Users\shrey\Downloads\MIP_project_part2\Lung-Cancer-Classification-\Lung-Cancer-Classification-\Data_External_IQOTHNCCD\Malignant cases\Malignant case (528).jpg,malignant,normal,0.639597475528717,0.5799292905721813,0.6803148123080199,0.059294987,False,False
MiniConvNet,external,Malignant case (529).jpg,C:\Users\shrey\Downloads\MIP_project_part2\Lung-Cancer-Classification-\Lung-Cancer-Classification-\Data_External_IQOTHNCCD\Malignant cases\Malignant case (529).jpg,malignant,malignant,0.581548630958423,0.588854088797234,0.6772729004348954,0.041765492,True,True
MiniConvNet,external,Malignant case (53).jpg,C:\Users\shrey\Downloads\MIP_project_part2\Lung-Cancer-Classification-\Lung-Cancer-Classification-\Data_External_IQOTHNCCD\Malignant cases\Malignant case (53).jpg,malignant,normal,0.7400359511375427,0.7284255139529705,0.5848186268191344,0.016761111,False,False
MiniConvNet,external,Malignant case (530).jpg,C:\Users\shrey\Downloads\MIP_project_part2\Lung-Cancer-Classification-\Lung-Cancer-Classification-\Data_External_IQOTHNCCD\Malignant cases\Malignant case (530).jpg,malignant,normal,0.5225640535354614,0.49662806768901646,0.6931244112553332,0.08595066,False,True
MiniConvNet,external,Malignant case (531).jpg,C:\Users\shrey\Downloads\MIP_project_part2\Lung-Cancer-Classification-\Lung-Cancer-Classification-\Data_External_IQOTHNCCD\Malignant cases\Malignant case (531).jpg,malignant,normal,0.6820728778839111,0.6252876035869122,0.6614161523241322,0.038951244,False,False
MiniConvNet,external,Malignant case (532).jpg,C:\Users\shrey\Downloads\MIP_project_part2\Lung-Cancer-Classification-\Lung-Cancer-Classification-\Data_External_IQOTHNCCD\Malignant cases\Malignant case (532).jpg,malignant,normal,0.6844442486763,0.6518770689144731,0.6462768888716504,0.019232128,False,False
MiniConvNet,external,Malignant case (533).jpg,C:\Users\shrey\Downloads\MIP_project_part2\Lung-Cancer-Classification-\Lung-Cancer-Classification-\Data_External_IQOTHNCCD\Malignant cases\Malignant case (533).jpg,malignant,normal,0.6997186541557312,0.6846956172958016,0.6232792472716172,0.055361573,False,False
MiniConvNet,external,Malignant case (534).jpg,C:\Users\shrey\Downloads\MIP_project_part2\Lung-Cancer-Classification-\Lung-Cancer-Classification-\Data_External_IQOTHNCCD\Malignant cases\Malignant case (534).jpg,malignant,normal,0.7628279328346252,0.7544036719482392,0.5574453143198304,0.025111638,False,False
MiniConvNet,external,Malignant case (535).jpg,C:\Users\shrey\Downloads\MIP_project_part2\Lung-Cancer-Classification-\Lung-Cancer-Classification-\Data_External_IQOTHNCCD\Malignant cases\Malignant case (535).jpg,malignant,normal,0.8469626903533936,0.8122526439838111,0.4829400270978968,0.0084676,False,False
MiniConvNet,external,Malignant case (536).jpg,C:\Users\shrey\Downloads\MIP_project_part2\Lung-Cancer-Classification-\Lung-Cancer-Classification-\Data_External_IQOTHNCCD\Malignant cases\Malignant case (536).jpg,malignant,normal,0.798812747001648,0.6437566634267569,0.6512260586454461,0.030316558,False,False
MiniConvNet,external,Malignant case (537).jpg,C:\Users\shrey\Downloads\MIP_project_part2\Lung-Cancer-Classification-\Lung-Cancer-Classification-\Data_External_IQOTHNCCD\Malignant cases\Malignant case (537).jpg,malignant,normal,0.7071144580841064,0.7603186005726457,0.5507124222998254,0.013978335,False,False
MiniConvNet,external,Malignant case (538).jpg,C:\Users\shrey\Downloads\MIP_project_part2\Lung-Cancer-Classification-\Lung-Cancer-Classification-\Data_External_IQOTHNCCD\Malignant cases\Malignant case (538).jpg,malignant,normal,0.5380443334579468,0.535407249815762,0.690637713447806,0.01206231,False,False
MiniConvNet,external,Malignant case (539).jpg,C:\Users\shrey\Downloads\MIP_project_part2\Lung-Cancer-Classification-\Lung-Cancer-Classification-\Data_External_IQOTHNCCD\Malignant cases\Malignant case (539).jpg,malignant,normal,0.748193085193634,0.714471273124218,0.5980995525537813,0.0065322043,False,False
MiniConvNet,external,Malignant case (54).jpg,C:\Users\shrey\Downloads\MIP_project_part2\Lung-Cancer-Classification-\Lung-Cancer-Classification-\Data_External_IQOTHNCCD\Malignant cases\Malignant case (54).jpg,malignant,normal,0.734828770160675,0.6547080017626286,0.6444834038481257,0.02598798,False,False
MiniConvNet,external,Malignant case (540).jpg,C:\Users\shrey\Downloads\MIP_project_part2\Lung-Cancer-Classification-\Lung-Cancer-Classification-\Data_External_IQOTHNCCD\Malignant cases\Malignant case (540).jpg,malignant,normal,0.744916558265686,0.7711385004222393,0.5378970232349373,0.0045080623,False,False
MiniConvNet,external,Malignant case (541).jpg,C:\Users\shrey\Downloads\MIP_project_part2\Lung-Cancer-Classification-\Lung-Cancer-Classification-\Data_External_IQOTHNCCD\Malignant cases\Malignant case (541).jpg,malignant,normal,0.7711724042892456,0.7653469182550907,0.5448379394025124,0.0086492235,False,False
MiniConvNet,external,Malignant case (542).jpg,C:\Users\shrey\Downloads\MIP_project_part2\Lung-Cancer-Classification-\Lung-Cancer-Classification-\Data_External_IQOTHNCCD\Malignant cases\Malignant case (542).jpg,malignant,malignant,0.5675995657220483,0.5014188811182976,0.6931431654305773,0.02278638,True,True
MiniConvNet,external,Malignant case (543).jpg,C:\Users\shrey\Downloads\MIP_project_part2\Lung-Cancer-Classification-\Lung-Cancer-Classification-\Data_External_IQOTHNCCD\Malignant cases\Malignant case (543).jpg,malignant,normal,0.8822819590568542,0.8743021097034216,0.3781260910215952,0.0048738252,False,False
MiniConvNet,external,Malignant case (544).jpg,C:\Users\shrey\Downloads\MIP_project_part2\Lung-Cancer-Classification-\Lung-Cancer-Classification-\Data_External_IQOTHNCCD\Malignant cases\Malignant case (544).jpg,malignant,normal,0.8267430663108826,0.7997384779155254,0.5007646725752528,0.012068918,False,False
MiniConvNet,external,Malignant case (545).jpg,C:\Users\shrey\Downloads\MIP_project_part2\Lung-Cancer-Classification-\Lung-Cancer-Classification-\Data_External_IQOTHNCCD\Malignant cases\Malignant case (545).jpg,malignant,normal,0.8438393473625183,0.8369949124753476,0.444619545158432,0.0077212644,False,False
MiniConvNet,external,Malignant case (546).jpg,C:\Users\shrey\Downloads\MIP_project_part2\Lung-Cancer-Classification-\Lung-Cancer-Classification-\Data_External_IQOTHNCCD\Malignant cases\Malignant case (546).jpg,malignant,normal,0.8581061363220215,0.8079861700534821,0.4891298747565756,0.013018829,False,False
MiniConvNet,external,Malignant case (547).jpg,C:\Users\shrey\Downloads\MIP_project_part2\Lung-Cancer-Classification-\Lung-Cancer-Classification-\Data_External_IQOTHNCCD\Malignant cases\Malignant case (547).jpg,malignant,normal,0.8708586096763611,0.8536890354007483,0.4162562664759288,0.004743239,False,False
MiniConvNet,external,Malignant case (548).jpg,C:\Users\shrey\Downloads\MIP_project_part2\Lung-Cancer-Classification-\Lung-Cancer-Classification-\Data_External_IQOTHNCCD\Malignant cases\Malignant case (548).jpg,malignant,normal,0.8447133898735046,0.8217720650136471,0.4686958722699493,0.008878948,False,False
MiniConvNet,external,Malignant case (549).jpg,C:\Users\shrey\Downloads\MIP_project_part2\Lung-Cancer-Classification-\Lung-Cancer-Classification-\Data_External_IQOTHNCCD\Malignant cases\Malignant case (549).jpg,malignant,normal,0.8475985527038574,0.8649361468851566,0.3959007758724691,0.0032149204,False,False
MiniConvNet,external,Malignant case (55).jpg,C:\Users\shrey\Downloads\MIP_project_part2\Lung-Cancer-Classification-\Lung-Cancer-Classification-\Data_External_IQOTHNCCD\Malignant cases\Malignant case (55).jpg,malignant,normal,0.7630642056465149,0.7178550120443106,0.5949677666117043,0.023090882,False,False
MiniConvNet,external,Malignant case (550).jpg,C:\Users\shrey\Downloads\MIP_project_part2\Lung-Cancer-Classification-\Lung-Cancer-Classification-\Data_External_IQOTHNCCD\Malignant cases\Malignant case (550).jpg,malignant,normal,0.8674644827842712,0.8565625064074993,0.4111548532872315,0.003753634,False,False
MiniConvNet,external,Malignant case (551).jpg,C:\Users\shrey\Downloads\MIP_project_part2\Lung-Cancer-Classification-\Lung-Cancer-Classification-\Data_External_IQOTHNCCD\Malignant cases\Malignant case (551).jpg,malignant,normal,0.8968496918678284,0.9125484563410283,0.2966017182046391,0.0023210668,False,False
MiniConvNet,external,Malignant case (552).jpg,C:\Users\shrey\Downloads\MIP_project_part2\Lung-Cancer-Classification-\Lung-Cancer-Classification-\Data_External_IQOTHNCCD\Malignant cases\Malignant case (552).jpg,malignant,normal,0.8683804273605347,0.8437945581972599,0.4333236517320205,0.004725182,False,False
MiniConvNet,external,Malignant case (553).jpg,C:\Users\shrey\Downloads\MIP_project_part2\Lung-Cancer-Classification-\Lung-Cancer-Classification-\Data_External_IQOTHNCCD\Malignant cases\Malignant case (553).jpg,malignant,normal,0.9027315974235536,0.8576253186911345,0.4092508220072894,0.005256898,False,False
MiniConvNet,external,Malignant case (554).jpg,C:\Users\shrey\Downloads\MIP_project_part2\Lung-Cancer-Classification-\Lung-Cancer-Classification-\Data_External_IQOTHNCCD\Malignant cases\Malignant case (554).jpg,malignant,normal,0.9063720107078552,0.8915133569389582,0.3433395106301888,0.0025301904,False,False
MiniConvNet,external,Malignant case (555).jpg,C:\Users\shrey\Downloads\MIP_project_part2\Lung-Cancer-Classification-\Lung-Cancer-Classification-\Data_External_IQOTHNCCD\Malignant cases\Malignant case (555).jpg,malignant,normal,0.909379541873932,0.8772264942526818,0.3724147928901065,0.004051851,False,False
MiniConvNet,external,Malignant case (556).jpg,C:\Users\shrey\Downloads\MIP_project_part2\Lung-Cancer-Classification-\Lung-Cancer-Classification-\Data_External_IQOTHNCCD\Malignant cases\Malignant case (556).jpg,malignant,normal,0.9073578119277954,0.8718709107488394,0.3828146232111067,0.008086951,False,False
MiniConvNet,external,Malignant case (557).jpg,C:\Users\shrey\Downloads\MIP_project_part2\Lung-Cancer-Classification-\Lung-Cancer-Classification-\Data_External_IQOTHNCCD\Malignant cases\Malignant case (557).jpg,malignant,normal,0.9063101410865784,0.9108531065285206,0.3005596610808422,0.002165964,False,False
MiniConvNet,external,Malignant case (558).jpg,C:\Users\shrey\Downloads\MIP_project_part2\Lung-Cancer-Classification-\Lung-Cancer-Classification-\Data_External_IQOTHNCCD\Malignant cases\Malignant case (558).jpg,malignant,normal,0.9110003709793092,0.9004425806924701,0.3241093637142425,0.0034437007,False,False
MiniConvNet,external,Malignant case (559).jpg,C:\Users\shrey\Downloads\MIP_project_part2\Lung-Cancer-Classification-\Lung-Cancer-Classification-\Data_External_IQOTHNCCD\Malignant cases\Malignant case (559).jpg,malignant,normal,0.9269863367080688,0.9099065149202943,0.3027541756483062,0.0021266872,False,False
MiniConvNet,external,Malignant case (56).jpg,C:\Users\shrey\Downloads\MIP_project_part2\Lung-Cancer-Classification-\Lung-Cancer-Classification-\Data_External_IQOTHNCCD\Malignant cases\Malignant case (56).jpg,malignant,normal,0.7558383345603943,0.7186978980898857,0.5941788966595203,0.02430405,False,False
MiniConvNet,external,Malignant case (560).jpg,C:\Users\shrey\Downloads\MIP_project_part2\Lung-Cancer-Classification-\Lung-Cancer-Classification-\Data_External_IQOTHNCCD\Malignant cases\Malignant case (560).jpg,malignant,normal,0.9350106716156006,0.9225333873182536,0.27253798247033,0.004901573,False,False
MiniConvNet,external,Malignant case (561).jpg,C:\Users\shrey\Downloads\MIP_project_part2\Lung-Cancer-Classification-\Lung-Cancer-Classification-\Data_External_IQOTHNCCD\Malignant cases\Malignant case (561).jpg,malignant,normal,0.935745894908905,0.9350629579275846,0.2403412252340755,0.0015277362,False,False
MiniConvNet,external,Malignant case (57).jpg,C:\Users\shrey\Downloads\MIP_project_part2\Lung-Cancer-Classification-\Lung-Cancer-Classification-\Data_External_IQOTHNCCD\Malignant cases\Malignant case (57).jpg,malignant,normal,0.7253930568695068,0.6987232081592083,0.6119422921687108,0.0068627535,False,False
MiniConvNet,external,Malignant case (58).jpg,C:\Users\shrey\Downloads\MIP_project_part2\Lung-Cancer-Classification-\Lung-Cancer-Classification-\Data_External_IQOTHNCCD\Malignant cases\Malignant case (58).jpg,malignant,normal,0.6710495948791504,0.6728022284805775,0.6321763671814921,0.020896185,False,False
MiniConvNet,external,Malignant case (59).jpg,C:\Users\shrey\Downloads\MIP_project_part2\Lung-Cancer-Classification-\Lung-Cancer-Classification-\Data_External_IQOTHNCCD\Malignant cases\Malignant case (59).jpg,malignant,normal,0.7492557764053345,0.7247515898197889,0.5884094303325478,0.031048961,False,False
MiniConvNet,external,Malignant case (6).jpg,C:\Users\shrey\Downloads\MIP_project_part2\Lung-Cancer-Classification-\Lung-Cancer-Classification-\Data_External_IQOTHNCCD\Malignant cases\Malignant case (6).jpg,malignant,normal,0.8011390566825867,0.744623951613903,0.5681645821719687,0.014151677,False,False
MiniConvNet,external,Malignant case (60).jpg,C:\Users\shrey\Downloads\MIP_project_part2\Lung-Cancer-Classification-\Lung-Cancer-Classification-\Data_External_IQOTHNCCD\Malignant cases\Malignant case (60).jpg,malignant,normal,0.7649403810501099,0.7520168907940388,0.5601084884794284,0.01904419,False,False
MiniConvNet,external,Malignant case (61).jpg,C:\Users\shrey\Downloads\MIP_project_part2\Lung-Cancer-Classification-\Lung-Cancer-Classification-\Data_External_IQOTHNCCD\Malignant cases\Malignant case (61).jpg,malignant,normal,0.786060631275177,0.8113254709169269,0.4842953319788662,0.0069895876,False,False
MiniConvNet,external,Malignant case (62).jpg,C:\Users\shrey\Downloads\MIP_project_part2\Lung-Cancer-Classification-\Lung-Cancer-Classification-\Data_External_IQOTHNCCD\Malignant cases\Malignant case (62).jpg,malignant,normal,0.8009545207023621,0.7866145288571715,0.5184077529499842,0.013395855,False,False
MiniConvNet,external,Malignant case (63).jpg,C:\Users\shrey\Downloads\MIP_project_part2\Lung-Cancer-Classification-\Lung-Cancer-Classification-\Data_External_IQOTHNCCD\Malignant cases\Malignant case (63).jpg,malignant,normal,0.8183843493461609,0.7908249823376536,0.5128615566797761,0.01690303,False,False
MiniConvNet,external,Malignant case (64).jpg,C:\Users\shrey\Downloads\MIP_project_part2\Lung-Cancer-Classification-\Lung-Cancer-Classification-\Data_External_IQOTHNCCD\Malignant cases\Malignant case (64).jpg,malignant,normal,0.8301917910575867,0.8589362041093409,0.4068898543133454,0.005034084,False,False
MiniConvNet,external,Malignant case (65).jpg,C:\Users\shrey\Downloads\MIP_project_part2\Lung-Cancer-Classification-\Lung-Cancer-Classification-\Data_External_IQOTHNCCD\Malignant cases\Malignant case (65).jpg,malignant,normal,0.8215509653091431,0.8109557051211596,0.4848342598567077,0.012846676,False,False
MiniConvNet,external,Malignant case (66).jpg,C:\Users\shrey\Downloads\MIP_project_part2\Lung-Cancer-Classification-\Lung-Cancer-Classification-\Data_External_IQOTHNCCD\Malignant cases\Malignant case (66).jpg,malignant,normal,0.8164402842521667,0.7684982027858496,0.541084637101208,0.011495427,False,False
MiniConvNet,external,Malignant case (67).jpg,C:\Users\shrey\Downloads\MIP_project_part2\Lung-Cancer-Classification-\Lung-Cancer-Classification-\Data_External_IQOTHNCCD\Malignant cases\Malignant case (67).jpg,malignant,normal,0.8043324947357178,0.808063848875463,0.4890182904773914,0.007980273,False,False
MiniConvNet,external,Malignant case (68).jpg,C:\Users\shrey\Downloads\MIP_project_part2\Lung-Cancer-Classification-\Lung-Cancer-Classification-\Data_External_IQOTHNCCD\Malignant cases\Malignant case (68).jpg,malignant,normal,0.8011390566825867,0.771393408998847,0.5375870852171539,0.008407622,False,False
MiniConvNet,external,Malignant case (69).jpg,C:\Users\shrey\Downloads\MIP_project_part2\Lung-Cancer-Classification-\Lung-Cancer-Classification-\Data_External_IQOTHNCCD\Malignant cases\Malignant case (69).jpg,malignant,normal,0.8034412264823914,0.7459059953689575,0.5667883338638342,0.01540483,False,False
MiniConvNet,external,Malignant case (7).jpg,C:\Users\shrey\Downloads\MIP_project_part2\Lung-Cancer-Classification-\Lung-Cancer-Classification-\Data_External_IQOTHNCCD\Malignant cases\Malignant case (7).jpg,malignant,normal,0.8098325729370117,0.7776990029960871,0.52980496344492,0.016124973,False,False
MiniConvNet,external,Malignant case (70).jpg,C:\Users\shrey\Downloads\MIP_project_part2\Lung-Cancer-Classification-\Lung-Cancer-Classification-\Data_External_IQOTHNCCD\Malignant cases\Malignant case (70).jpg,malignant,normal,0.7955321669578552,0.7691044006496668,0.5403562705947721,0.011656286,False,False
MiniConvNet,external,Malignant case (71).jpg,C:\Users\shrey\Downloads\MIP_project_part2\Lung-Cancer-Classification-\Lung-Cancer-Classification-\Data_External_IQOTHNCCD\Malignant cases\Malignant case (71).jpg,malignant,normal,0.8098325729370117,0.7642151322215796,0.5461723015407233,0.010899765,False,False
MiniConvNet,external,Malignant case (72).jpg,C:\Users\shrey\Downloads\MIP_project_part2\Lung-Cancer-Classification-\Lung-Cancer-Classification-\Data_External_IQOTHNCCD\Malignant cases\Malignant case (72).jpg,malignant,normal,0.82126384973526,0.7632732745260001,0.5472774114456715,0.015552872,False,False
MiniConvNet,external,Malignant case (73).jpg,C:\Users\shrey\Downloads\MIP_project_part2\Lung-Cancer-Classification-\Lung-Cancer-Classification-\Data_External_IQOTHNCCD\Malignant cases\Malignant case (73).jpg,malignant,normal,0.8160337209701538,0.771018204279244,0.5380431017601796,0.009229704,False,False
MiniConvNet,external,Malignant case (74).jpg,C:\Users\shrey\Downloads\MIP_project_part2\Lung-Cancer-Classification-\Lung-Cancer-Classification-\Data_External_IQOTHNCCD\Malignant cases\Malignant case (74).jpg,malignant,normal,0.8441185355186462,0.8208401687443256,0.4701171916314295,0.006241084,False,False
MiniConvNet,external,Malignant case (75).jpg,C:\Users\shrey\Downloads\MIP_project_part2\Lung-Cancer-Classification-\Lung-Cancer-Classification-\Data_External_IQOTHNCCD\Malignant cases\Malignant case (75).jpg,malignant,normal,0.8336142897605896,0.7867113146930933,0.5182814000464405,0.013183376,False,False
MiniConvNet,external,Malignant case (76).jpg,C:\Users\shrey\Downloads\MIP_project_part2\Lung-Cancer-Classification-\Lung-Cancer-Classification-\Data_External_IQOTHNCCD\Malignant cases\Malignant case (76).jpg,malignant,normal,0.81326824426651,0.749805660918355,0.5625485697709697,0.026458887,False,False
MiniConvNet,external,Malignant case (77).jpg,C:\Users\shrey\Downloads\MIP_project_part2\Lung-Cancer-Classification-\Lung-Cancer-Classification-\Data_External_IQOTHNCCD\Malignant cases\Malignant case (77).jpg,malignant,normal,0.8117343187332153,0.7887872103601694,0.5155590727158921,0.00771335,False,False
MiniConvNet,external,Malignant case (78).jpg,C:\Users\shrey\Downloads\MIP_project_part2\Lung-Cancer-Classification-\Lung-Cancer-Classification-\Data_External_IQOTHNCCD\Malignant cases\Malignant case (78).jpg,malignant,normal,0.8127717971801758,0.7875848840922118,0.5171389762477583,0.015921911,False,False
MiniConvNet,external,Malignant case (79).jpg,C:\Users\shrey\Downloads\MIP_project_part2\Lung-Cancer-Classification-\Lung-Cancer-Classification-\Data_External_IQOTHNCCD\Malignant cases\Malignant case (79).jpg,malignant,normal,0.5288476347923279,0.47597354277968407,0.6919921935724005,0.021273179,False,True
MiniConvNet,external,Malignant case (8).jpg,C:\Users\shrey\Downloads\MIP_project_part2\Lung-Cancer-Classification-\Lung-Cancer-Classification-\Data_External_IQOTHNCCD\Malignant cases\Malignant case (8).jpg,malignant,normal,0.6491379737854004,0.5659454315900803,0.6844241810544036,0.03576617,False,False
MiniConvNet,external,Malignant case (80).jpg,C:\Users\shrey\Downloads\MIP_project_part2\Lung-Cancer-Classification-\Lung-Cancer-Classification-\Data_External_IQOTHNCCD\Malignant cases\Malignant case (80).jpg,malignant,normal,0.5193994641304016,0.4914279542863369,0.693000212343895,0.008001924,False,True
MiniConvNet,external,Malignant case (81).jpg,C:\Users\shrey\Downloads\MIP_project_part2\Lung-Cancer-Classification-\Lung-Cancer-Classification-\Data_External_IQOTHNCCD\Malignant cases\Malignant case (81).jpg,malignant,normal,0.556264340877533,0.5428875759243965,0.6894639476810753,0.018318981,False,False
MiniConvNet,external,Malignant case (82).jpg,C:\Users\shrey\Downloads\MIP_project_part2\Lung-Cancer-Classification-\Lung-Cancer-Classification-\Data_External_IQOTHNCCD\Malignant cases\Malignant case (82).jpg,malignant,normal,0.7027574777603149,0.6600786186754704,0.6409833015490416,0.010892716,False,False
MiniConvNet,external,Malignant case (83).jpg,C:\Users\shrey\Downloads\MIP_project_part2\Lung-Cancer-Classification-\Lung-Cancer-Classification-\Data_External_IQOTHNCCD\Malignant cases\Malignant case (83).jpg,malignant,normal,0.8318055868148804,0.7506797555834055,0.5615870986123032,0.009070321,False,False
MiniConvNet,external,Malignant case (84).jpg,C:\Users\shrey\Downloads\MIP_project_part2\Lung-Cancer-Classification-\Lung-Cancer-Classification-\Data_External_IQOTHNCCD\Malignant cases\Malignant case (84).jpg,malignant,normal,0.8713181018829346,0.8724309280514717,0.3817393541742137,0.008285461,False,False
MiniConvNet,external,Malignant case (85).jpg,C:\Users\shrey\Downloads\MIP_project_part2\Lung-Cancer-Classification-\Lung-Cancer-Classification-\Data_External_IQOTHNCCD\Malignant cases\Malignant case (85).jpg,malignant,normal,0.8710733652114868,0.8497569169849157,0.4231304754912061,0.0063336925,False,False
MiniConvNet,external,Malignant case (86).jpg,C:\Users\shrey\Downloads\MIP_project_part2\Lung-Cancer-Classification-\Lung-Cancer-Classification-\Data_External_IQOTHNCCD\Malignant cases\Malignant case (86).jpg,malignant,normal,0.8893723487854004,0.8493516687303782,0.4238320577541123,0.0066633,False,False
MiniConvNet,external,Malignant case (87).jpg,C:\Users\shrey\Downloads\MIP_project_part2\Lung-Cancer-Classification-\Lung-Cancer-Classification-\Data_External_IQOTHNCCD\Malignant cases\Malignant case (87).jpg,malignant,normal,0.9287000894546508,0.9301521368324757,0.253245310873956,0.0025055588,False,False
MiniConvNet,external,Malignant case (88).jpg,C:\Users\shrey\Downloads\MIP_project_part2\Lung-Cancer-Classification-\Lung-Cancer-Classification-\Data_External_IQOTHNCCD\Malignant cases\Malignant case (88).jpg,malignant,normal,0.9307336211204528,0.9401707332581282,0.2264975114753114,0.0009211844,False,False
MiniConvNet,external,Malignant case (89).jpg,C:\Users\shrey\Downloads\MIP_project_part2\Lung-Cancer-Classification-\Lung-Cancer-Classification-\Data_External_IQOTHNCCD\Malignant cases\Malignant case (89).jpg,malignant,normal,0.8268163800239563,0.8294753842055798,0.4567170685125074,0.007776121,False,False
MiniConvNet,external,Malignant case (9).jpg,C:\Users\shrey\Downloads\MIP_project_part2\Lung-Cancer-Classification-\Lung-Cancer-Classification-\Data_External_IQOTHNCCD\Malignant cases\Malignant case (9).jpg,malignant,normal,0.6544755101203918,0.6246507996693254,0.6617413392944564,0.049989533,False,False
MiniConvNet,external,Malignant case (90).jpg,C:\Users\shrey\Downloads\MIP_project_part2\Lung-Cancer-Classification-\Lung-Cancer-Classification-\Data_External_IQOTHNCCD\Malignant cases\Malignant case (90).jpg,malignant,normal,0.8354777693748474,0.8201591856777668,0.4711520111849521,0.006830473,False,False
MiniConvNet,external,Malignant case (91).jpg,C:\Users\shrey\Downloads\MIP_project_part2\Lung-Cancer-Classification-\Lung-Cancer-Classification-\Data_External_IQOTHNCCD\Malignant cases\Malignant case (91).jpg,malignant,normal,0.8481449484825134,0.8375217914581299,0.4437565612031146,0.0027150174,False,False
MiniConvNet,external,Malignant case (92).jpg,C:\Users\shrey\Downloads\MIP_project_part2\Lung-Cancer-Classification-\Lung-Cancer-Classification-\Data_External_IQOTHNCCD\Malignant cases\Malignant case (92).jpg,malignant,normal,0.8473469018936157,0.8196759857237339,0.4718844525522579,0.006322992,False,False
MiniConvNet,external,Malignant case (93).jpg,C:\Users\shrey\Downloads\MIP_project_part2\Lung-Cancer-Classification-\Lung-Cancer-Classification-\Data_External_IQOTHNCCD\Malignant cases\Malignant case (93).jpg,malignant,normal,0.8550399541854858,0.8006517067551613,0.4994976667684616,0.009379185,False,False
MiniConvNet,external,Malignant case (94).jpg,C:\Users\shrey\Downloads\MIP_project_part2\Lung-Cancer-Classification-\Lung-Cancer-Classification-\Data_External_IQOTHNCCD\Malignant cases\Malignant case (94).jpg,malignant,normal,0.8466265797615051,0.8456410393118858,0.4301962378878317,0.0047176764,False,False
MiniConvNet,external,Malignant case (95).jpg,C:\Users\shrey\Downloads\MIP_project_part2\Lung-Cancer-Classification-\Lung-Cancer-Classification-\Data_External_IQOTHNCCD\Malignant cases\Malignant case (95).jpg,malignant,normal,0.8500621318817139,0.856562802568078,0.4111542720892189,0.0031522622,False,False
MiniConvNet,external,Malignant case (96).jpg,C:\Users\shrey\Downloads\MIP_project_part2\Lung-Cancer-Classification-\Lung-Cancer-Classification-\Data_External_IQOTHNCCD\Malignant cases\Malignant case (96).jpg,malignant,normal,0.854978621006012,0.8495087828487158,0.4235601754541958,0.010358659,False,False
MiniConvNet,external,Malignant case (97).jpg,C:\Users\shrey\Downloads\MIP_project_part2\Lung-Cancer-Classification-\Lung-Cancer-Classification-\Data_External_IQOTHNCCD\Malignant cases\Malignant case (97).jpg,malignant,normal,0.8582465052604675,0.8188066110014915,0.4731982809467668,0.005448815,False,False
MiniConvNet,external,Malignant case (98).jpg,C:\Users\shrey\Downloads\MIP_project_part2\Lung-Cancer-Classification-\Lung-Cancer-Classification-\Data_External_IQOTHNCCD\Malignant cases\Malignant case (98).jpg,malignant,normal,0.8604956269264221,0.829014990478754,0.4574446169121126,0.0023008506,False,False
MiniConvNet,external,Malignant case (99).jpg,C:\Users\shrey\Downloads\MIP_project_part2\Lung-Cancer-Classification-\Lung-Cancer-Classification-\Data_External_IQOTHNCCD\Malignant cases\Malignant case (99).jpg,malignant,normal,0.8630114197731018,0.8358410764485598,0.4465024346229705,0.0056615537,False,False
MiniConvNet,external,Normal case (1).jpg,C:\Users\shrey\Downloads\MIP_project_part2\Lung-Cancer-Classification-\Lung-Cancer-Classification-\Data_External_IQOTHNCCD\Normal cases\Normal case (1).jpg,normal,normal,0.7257343530654907,0.7194134322926402,0.5935064370481752,0.011524382,True,True
MiniConvNet,external,Normal case (10).jpg,C:\Users\shrey\Downloads\MIP_project_part2\Lung-Cancer-Classification-\Lung-Cancer-Classification-\Data_External_IQOTHNCCD\Normal cases\Normal case (10).jpg,normal,normal,0.9497547149658204,0.9428494283929468,0.2190541204860536,0.0007051067,True,True
MiniConvNet,external,Normal case (100).jpg,C:\Users\shrey\Downloads\MIP_project_part2\Lung-Cancer-Classification-\Lung-Cancer-Classification-\Data_External_IQOTHNCCD\Normal cases\Normal case (100).jpg,normal,normal,0.9803016781806946,0.9550234426278621,0.1834494882466928,0.0017383553,True,True
MiniConvNet,external,Normal case (101).jpg,C:\Users\shrey\Downloads\MIP_project_part2\Lung-Cancer-Classification-\Lung-Cancer-Classification-\Data_External_IQOTHNCCD\Normal cases\Normal case (101).jpg,normal,normal,0.9586568474769592,0.9223150163888932,0.2730786879103056,0.0034528936,True,True
MiniConvNet,external,Normal case (102).jpg,C:\Users\shrey\Downloads\MIP_project_part2\Lung-Cancer-Classification-\Lung-Cancer-Classification-\Data_External_IQOTHNCCD\Normal cases\Normal case (102).jpg,normal,normal,0.9648844599723816,0.9509781277738512,0.1956250415687739,0.0008337468,True,True
MiniConvNet,external,Normal case (103).jpg,C:\Users\shrey\Downloads\MIP_project_part2\Lung-Cancer-Classification-\Lung-Cancer-Classification-\Data_External_IQOTHNCCD\Normal cases\Normal case (103).jpg,normal,normal,0.9586552381515504,0.9346465636044741,0.2414504645030893,0.0023491986,True,True
MiniConvNet,external,Normal case (104).jpg,C:\Users\shrey\Downloads\MIP_project_part2\Lung-Cancer-Classification-\Lung-Cancer-Classification-\Data_External_IQOTHNCCD\Normal cases\Normal case (104).jpg,normal,normal,0.9621696472167968,0.9496831269934773,0.1994471991029408,0.0010515949,True,True
MiniConvNet,external,Normal case (105).jpg,C:\Users\shrey\Downloads\MIP_project_part2\Lung-Cancer-Classification-\Lung-Cancer-Classification-\Data_External_IQOTHNCCD\Normal cases\Normal case (105).jpg,normal,normal,0.9640836119651794,0.9460618058219553,0.2099515690488375,0.0009970767,True,True
MiniConvNet,external,Normal case (106).jpg,C:\Users\shrey\Downloads\MIP_project_part2\Lung-Cancer-Classification-\Lung-Cancer-Classification-\Data_External_IQOTHNCCD\Normal cases\Normal case (106).jpg,normal,normal,0.9617701172828674,0.9647616548463703,0.152504102011857,0.00082901254,True,True
MiniConvNet,external,Normal case (107).jpg,C:\Users\shrey\Downloads\MIP_project_part2\Lung-Cancer-Classification-\Lung-Cancer-Classification-\Data_External_IQOTHNCCD\Normal cases\Normal case (107).jpg,normal,normal,0.954951286315918,0.92919787671417,0.2557088379118271,0.0040610447,True,True
MiniConvNet,external,Normal case (108).jpg,C:\Users\shrey\Downloads\MIP_project_part2\Lung-Cancer-Classification-\Lung-Cancer-Classification-\Data_External_IQOTHNCCD\Normal cases\Normal case (108).jpg,normal,normal,0.9731508493423462,0.9603908262215555,0.1667000478730883,0.0010744475,True,True
MiniConvNet,external,Normal case (109).jpg,C:\Users\shrey\Downloads\MIP_project_part2\Lung-Cancer-Classification-\Lung-Cancer-Classification-\Data_External_IQOTHNCCD\Normal cases\Normal case (109).jpg,normal,normal,0.967470109462738,0.9694041516631842,0.1368073252684671,0.00023663044,True,True
MiniConvNet,external,Normal case (11).jpg,C:\Users\shrey\Downloads\MIP_project_part2\Lung-Cancer-Classification-\Lung-Cancer-Classification-\Data_External_IQOTHNCCD\Normal cases\Normal case (11).jpg,normal,normal,0.9516302347183228,0.9227424748241901,0.2720197036559443,0.0023067342,True,True
MiniConvNet,external,Normal case (110).jpg,C:\Users\shrey\Downloads\MIP_project_part2\Lung-Cancer-Classification-\Lung-Cancer-Classification-\Data_External_IQOTHNCCD\Normal cases\Normal case (110).jpg,normal,normal,0.969985008239746,0.94099112553522,0.2242316722788614,0.003111607,True,True
MiniConvNet,external,Normal case (111).jpg,C:\Users\shrey\Downloads\MIP_project_part2\Lung-Cancer-Classification-\Lung-Cancer-Classification-\Data_External_IQOTHNCCD\Normal cases\Normal case (111).jpg,normal,normal,0.974440574645996,0.9660661760717631,0.1481611493464184,0.00045632533,True,True
MiniConvNet,external,Normal case (112).jpg,C:\Users\shrey\Downloads\MIP_project_part2\Lung-Cancer-Classification-\Lung-Cancer-Classification-\Data_External_IQOTHNCCD\Normal cases\Normal case (112).jpg,normal,malignant,0.7971252616262063,0.8010659175924957,0.4989211901038307,0.017272932,False,False
MiniConvNet,external,Normal case (113).jpg,C:\Users\shrey\Downloads\MIP_project_part2\Lung-Cancer-Classification-\Lung-Cancer-Classification-\Data_External_IQOTHNCCD\Normal cases\Normal case (113).jpg,normal,malignant,0.5740100659895688,0.5201734616421163,0.692333022102432,0.034082655,False,False
MiniConvNet,external,Normal case (114).jpg,C:\Users\shrey\Downloads\MIP_project_part2\Lung-Cancer-Classification-\Lung-Cancer-Classification-\Data_External_IQOTHNCCD\Normal cases\Normal case (114).jpg,normal,normal,0.701483428478241,0.639793922426179,0.6535366337599898,0.040129624,True,True
MiniConvNet,external,Normal case (115).jpg,C:\Users\shrey\Downloads\MIP_project_part2\Lung-Cancer-Classification-\Lung-Cancer-Classification-\Data_External_IQOTHNCCD\Normal cases\Normal case (115).jpg,normal,normal,0.9489465951919556,0.9208203747402877,0.2767611085401606,0.0037804206,True,True
MiniConvNet,external,Normal case (116).jpg,C:\Users\shrey\Downloads\MIP_project_part2\Lung-Cancer-Classification-\Lung-Cancer-Classification-\Data_External_IQOTHNCCD\Normal cases\Normal case (116).jpg,normal,normal,0.9212842583656312,0.9064759549219162,0.3106162282462773,0.004439646,True,True
MiniConvNet,external,Normal case (117).jpg,C:\Users\shrey\Downloads\MIP_project_part2\Lung-Cancer-Classification-\Lung-Cancer-Classification-\Data_External_IQOTHNCCD\Normal cases\Normal case (117).jpg,normal,normal,0.9283611178398132,0.9201852572150528,0.278316720865714,0.0023159562,True,True
MiniConvNet,external,Normal case (118).jpg,C:\Users\shrey\Downloads\MIP_project_part2\Lung-Cancer-Classification-\Lung-Cancer-Classification-\Data_External_IQOTHNCCD\Normal cases\Normal case (118).jpg,normal,normal,0.9302135109901428,0.9165004231035709,0.2872344675255157,0.0013859355,True,True
MiniConvNet,external,Normal case (119).jpg,C:\Users\shrey\Downloads\MIP_project_part2\Lung-Cancer-Classification-\Lung-Cancer-Classification-\Data_External_IQOTHNCCD\Normal cases\Normal case (119).jpg,normal,normal,0.9171197414398192,0.893931670114398,0.3382154829447172,0.005290602,True,True
MiniConvNet,external,Normal case (12).jpg,C:\Users\shrey\Downloads\MIP_project_part2\Lung-Cancer-Classification-\Lung-Cancer-Classification-\Data_External_IQOTHNCCD\Normal cases\Normal case (12).jpg,normal,normal,0.950952410697937,0.9482848765328526,0.2035345833658885,0.0016140644,True,True
MiniConvNet,external,Normal case (120).jpg,C:\Users\shrey\Downloads\MIP_project_part2\Lung-Cancer-Classification-\Lung-Cancer-Classification-\Data_External_IQOTHNCCD\Normal cases\Normal case (120).jpg,normal,normal,0.8742406964302063,0.820622495841235,0.4704482465946078,0.0073495177,True,True
MiniConvNet,external,Normal case (121).jpg,C:\Users\shrey\Downloads\MIP_project_part2\Lung-Cancer-Classification-\Lung-Cancer-Classification-\Data_External_IQOTHNCCD\Normal cases\Normal case (121).jpg,normal,normal,0.8741630911827087,0.7975040413439274,0.5038431750650579,0.017337972,True,True
MiniConvNet,external,Normal case (122).jpg,C:\Users\shrey\Downloads\MIP_project_part2\Lung-Cancer-Classification-\Lung-Cancer-Classification-\Data_External_IQOTHNCCD\Normal cases\Normal case (122).jpg,normal,normal,0.6171148419380188,0.6469794474542141,0.6492964853032855,0.01592219,True,True
MiniConvNet,external,Normal case (123).jpg,C:\Users\shrey\Downloads\MIP_project_part2\Lung-Cancer-Classification-\Lung-Cancer-Classification-\Data_External_IQOTHNCCD\Normal cases\Normal case (123).jpg,normal,normal,0.5266432762145996,0.4765126369893551,0.6920434687380127,0.019662736,True,False
MiniConvNet,external,Normal case (124).jpg,C:\Users\shrey\Downloads\MIP_project_part2\Lung-Cancer-Classification-\Lung-Cancer-Classification-\Data_External_IQOTHNCCD\Normal cases\Normal case (124).jpg,normal,normal,0.5661203265190125,0.5598382707685232,0.6859687399614345,0.023544027,True,True
MiniConvNet,external,Normal case (125).jpg,C:\Users\shrey\Downloads\MIP_project_part2\Lung-Cancer-Classification-\Lung-Cancer-Classification-\Data_External_IQOTHNCCD\Normal cases\Normal case (125).jpg,normal,normal,0.6754444241523743,0.6339730955660343,0.656807240246069,0.005179919,True,True
MiniConvNet,external,Normal case (126).jpg,C:\Users\shrey\Downloads\MIP_project_part2\Lung-Cancer-Classification-\Lung-Cancer-Classification-\Data_External_IQOTHNCCD\Normal cases\Normal case (126).jpg,normal,normal,0.6739938259124756,0.665246706455946,0.6374938652399306,0.012542197,True,True
MiniConvNet,external,Normal case (127).jpg,C:\Users\shrey\Downloads\MIP_project_part2\Lung-Cancer-Classification-\Lung-Cancer-Classification-\Data_External_IQOTHNCCD\Normal cases\Normal case (127).jpg,normal,normal,0.7091917991638184,0.7001612707972527,0.6107275909257814,0.013745627,True,True
MiniConvNet,external,Normal case (128).jpg,C:\Users\shrey\Downloads\MIP_project_part2\Lung-Cancer-Classification-\Lung-Cancer-Classification-\Data_External_IQOTHNCCD\Normal cases\Normal case (128).jpg,normal,normal,0.7185596823692322,0.6680950410664082,0.6355195296417988,0.013163066,True,True
MiniConvNet,external,Normal case (129).jpg,C:\Users\shrey\Downloads\MIP_project_part2\Lung-Cancer-Classification-\Lung-Cancer-Classification-\Data_External_IQOTHNCCD\Normal cases\Normal case (129).jpg,normal,normal,0.6535654067993164,0.643827298656106,0.6511842211464751,0.021403141,True,True
MiniConvNet,external,Normal case (13).jpg,C:\Users\shrey\Downloads\MIP_project_part2\Lung-Cancer-Classification-\Lung-Cancer-Classification-\Data_External_IQOTHNCCD\Normal cases\Normal case (13).jpg,normal,normal,0.9452893137931824,0.8867644108831882,0.353227051572579,0.011352732,True,True
MiniConvNet,external,Normal case (130).jpg,C:\Users\shrey\Downloads\MIP_project_part2\Lung-Cancer-Classification-\Lung-Cancer-Classification-\Data_External_IQOTHNCCD\Normal cases\Normal case (130).jpg,normal,normal,0.6900381445884705,0.6773525718599558,0.6288489838394549,0.019896762,True,True
MiniConvNet,external,Normal case (131).jpg,C:\Users\shrey\Downloads\MIP_project_part2\Lung-Cancer-Classification-\Lung-Cancer-Classification-\Data_External_IQOTHNCCD\Normal cases\Normal case (131).jpg,normal,normal,0.9307925701141356,0.8943293862976134,0.3373669278511011,0.0044734245,True,True
MiniConvNet,external,Normal case (132).jpg,C:\Users\shrey\Downloads\MIP_project_part2\Lung-Cancer-Classification-\Lung-Cancer-Classification-\Data_External_IQOTHNCCD\Normal cases\Normal case (132).jpg,normal,normal,0.935433864593506,0.9211801122874022,0.2758776087984815,0.0034198218,True,True
MiniConvNet,external,Normal case (133).jpg,C:\Users\shrey\Downloads\MIP_project_part2\Lung-Cancer-Classification-\Lung-Cancer-Classification-\Data_External_IQOTHNCCD\Normal cases\Normal case (133).jpg,normal,normal,0.9315032958984376,0.9098168648779393,0.3029612756850014,0.003927694,True,True
MiniConvNet,external,Normal case (134).jpg,C:\Users\shrey\Downloads\MIP_project_part2\Lung-Cancer-Classification-\Lung-Cancer-Classification-\Data_External_IQOTHNCCD\Normal cases\Normal case (134).jpg,normal,normal,0.9457768201828004,0.9367984766140581,0.2356870889044033,0.004811406,True,True
MiniConvNet,external,Normal case (135).jpg,C:\Users\shrey\Downloads\MIP_project_part2\Lung-Cancer-Classification-\Lung-Cancer-Classification-\Data_External_IQOTHNCCD\Normal cases\Normal case (135).jpg,normal,normal,0.6885015368461609,0.6996948607265949,0.6111226170740265,0.022233268,True,True
MiniConvNet,external,Normal case (136).jpg,C:\Users\shrey\Downloads\MIP_project_part2\Lung-Cancer-Classification-\Lung-Cancer-Classification-\Data_External_IQOTHNCCD\Normal cases\Normal case (136).jpg,normal,normal,0.6970011591911316,0.6004911847412586,0.6728120151610841,0.024080079,True,True
MiniConvNet,external,Normal case (137).jpg,C:\Users\shrey\Downloads\MIP_project_part2\Lung-Cancer-Classification-\Lung-Cancer-Classification-\Data_External_IQOTHNCCD\Normal cases\Normal case (137).jpg,normal,normal,0.6962031722068787,0.7055538259446621,0.6060848521841445,0.017698644,True,True
MiniConvNet,external,Normal case (138).jpg,C:\Users\shrey\Downloads\MIP_project_part2\Lung-Cancer-Classification-\Lung-Cancer-Classification-\Data_External_IQOTHNCCD\Normal cases\Normal case (138).jpg,normal,normal,0.688450038433075,0.6762750633060932,0.6296453494306731,0.005399772,True,True
MiniConvNet,external,Normal case (139).jpg,C:\Users\shrey\Downloads\MIP_project_part2\Lung-Cancer-Classification-\Lung-Cancer-Classification-\Data_External_IQOTHNCCD\Normal cases\Normal case (139).jpg,normal,normal,0.6966985464096069,0.6490535698831081,0.6480305464478247,0.0117765255,True,True
MiniConvNet,external,Normal case (14).jpg,C:\Users\shrey\Downloads\MIP_project_part2\Lung-Cancer-Classification-\Lung-Cancer-Classification-\Data_External_IQOTHNCCD\Normal cases\Normal case (14).jpg,normal,normal,0.6279418468475342,0.603294039145112,0.6716534345508122,0.01623299,True,True
MiniConvNet,external,Normal case (140).jpg,C:\Users\shrey\Downloads\MIP_project_part2\Lung-Cancer-Classification-\Lung-Cancer-Classification-\Data_External_IQOTHNCCD\Normal cases\Normal case (140).jpg,normal,normal,0.7363502979278564,0.6670676693320274,0.6362359013214618,0.018258007,True,True
MiniConvNet,external,Normal case (141).jpg,C:\Users\shrey\Downloads\MIP_project_part2\Lung-Cancer-Classification-\Lung-Cancer-Classification-\Data_External_IQOTHNCCD\Normal cases\Normal case (141).jpg,normal,normal,0.7472339868545532,0.7042823974043131,0.6071920483024298,0.018204043,True,True
MiniConvNet,external,Normal case (142).jpg,C:\Users\shrey\Downloads\MIP_project_part2\Lung-Cancer-Classification-\Lung-Cancer-Classification-\Data_External_IQOTHNCCD\Normal cases\Normal case (142).jpg,normal,normal,0.7313883900642395,0.7104652710258961,0.6017345727442265,0.011683547,True,True
MiniConvNet,external,Normal case (143).jpg,C:\Users\shrey\Downloads\MIP_project_part2\Lung-Cancer-Classification-\Lung-Cancer-Classification-\Data_External_IQOTHNCCD\Normal cases\Normal case (143).jpg,normal,normal,0.7200135588645935,0.7035396452993155,0.6078352923779262,0.00723139,True,True
MiniConvNet,external,Normal case (144).jpg,C:\Users\shrey\Downloads\MIP_project_part2\Lung-Cancer-Classification-\Lung-Cancer-Classification-\Data_External_IQOTHNCCD\Normal cases\Normal case (144).jpg,normal,normal,0.7158588767051697,0.6782906576991081,0.6281512359989843,0.018862557,True,True
MiniConvNet,external,Normal case (145).jpg,C:\Users\shrey\Downloads\MIP_project_part2\Lung-Cancer-Classification-\Lung-Cancer-Classification-\Data_External_IQOTHNCCD\Normal cases\Normal case (145).jpg,normal,normal,0.7317113876342773,0.7152969818562269,0.5973405045763072,0.012027361,True,True
MiniConvNet,external,Normal case (146).jpg,C:\Users\shrey\Downloads\MIP_project_part2\Lung-Cancer-Classification-\Lung-Cancer-Classification-\Data_External_IQOTHNCCD\Normal cases\Normal case (146).jpg,normal,normal,0.7794169187545776,0.7922252723947167,0.5109934111491793,0.01395234,True,True
MiniConvNet,external,Normal case (147).jpg,C:\Users\shrey\Downloads\MIP_project_part2\Lung-Cancer-Classification-\Lung-Cancer-Classification-\Data_External_IQOTHNCCD\Normal cases\Normal case (147).jpg,normal,normal,0.7772714495658875,0.7226160429418087,0.5904655770175502,0.009121225,True,True
MiniConvNet,external,Normal case (148).jpg,C:\Users\shrey\Downloads\MIP_project_part2\Lung-Cancer-Classification-\Lung-Cancer-Classification-\Data_External_IQOTHNCCD\Normal cases\Normal case (148).jpg,normal,normal,0.8008248209953308,0.7804725170135498,0.5263092168080235,0.0072225537,True,True
MiniConvNet,external,Normal case (149).jpg,C:\Users\shrey\Downloads\MIP_project_part2\Lung-Cancer-Classification-\Lung-Cancer-Classification-\Data_External_IQOTHNCCD\Normal cases\Normal case (149).jpg,normal,normal,0.7984036803245544,0.7775862999260426,0.5299460279275294,0.015670098,True,True
MiniConvNet,external,Normal case (15).jpg,C:\Users\shrey\Downloads\MIP_project_part2\Lung-Cancer-Classification-\Lung-Cancer-Classification-\Data_External_IQOTHNCCD\Normal cases\Normal case (15).jpg,normal,normal,0.6163615584373474,0.5979812052100897,0.673821727371481,0.021103509,True,True
MiniConvNet,external,Normal case (150).jpg,C:\Users\shrey\Downloads\MIP_project_part2\Lung-Cancer-Classification-\Lung-Cancer-Classification-\Data_External_IQOTHNCCD\Normal cases\Normal case (150).jpg,normal,normal,0.8638569116592407,0.8252600841224194,0.4633229528026535,0.014108986,True,True
MiniConvNet,external,Normal case (151).jpg,C:\Users\shrey\Downloads\MIP_project_part2\Lung-Cancer-Classification-\Lung-Cancer-Classification-\Data_External_IQOTHNCCD\Normal cases\Normal case (151).jpg,normal,normal,0.8507899641990662,0.8263289015740157,0.4616596946586819,0.011706331,True,True
MiniConvNet,external,Normal case (152).jpg,C:\Users\shrey\Downloads\MIP_project_part2\Lung-Cancer-Classification-\Lung-Cancer-Classification-\Data_External_IQOTHNCCD\Normal cases\Normal case (152).jpg,normal,normal,0.8550199270248413,0.7893385104835033,0.5148316719012543,0.019810697,True,True
MiniConvNet,external,Normal case (153).jpg,C:\Users\shrey\Downloads\MIP_project_part2\Lung-Cancer-Classification-\Lung-Cancer-Classification-\Data_External_IQOTHNCCD\Normal cases\Normal case (153).jpg,normal,normal,0.8893452882766724,0.8531732335686684,0.4171651050922904,0.0073220567,True,True
MiniConvNet,external,Normal case (154).jpg,C:\Users\shrey\Downloads\MIP_project_part2\Lung-Cancer-Classification-\Lung-Cancer-Classification-\Data_External_IQOTHNCCD\Normal cases\Normal case (154).jpg,normal,normal,0.8867049217224121,0.8481450211256742,0.4259133981912933,0.009597151,True,True
MiniConvNet,external,Normal case (155).jpg,C:\Users\shrey\Downloads\MIP_project_part2\Lung-Cancer-Classification-\Lung-Cancer-Classification-\Data_External_IQOTHNCCD\Normal cases\Normal case (155).jpg,normal,normal,0.8961694240570068,0.8613982805982232,0.4024169573875315,0.009045229,True,True
MiniConvNet,external,Normal case (156).jpg,C:\Users\shrey\Downloads\MIP_project_part2\Lung-Cancer-Classification-\Lung-Cancer-Classification-\Data_External_IQOTHNCCD\Normal cases\Normal case (156).jpg,normal,normal,0.8924322724342346,0.8335672132670879,0.4501845570260993,0.005529433,True,True
MiniConvNet,external,Normal case (157).jpg,C:\Users\shrey\Downloads\MIP_project_part2\Lung-Cancer-Classification-\Lung-Cancer-Classification-\Data_External_IQOTHNCCD\Normal cases\Normal case (157).jpg,normal,normal,0.8983768224716187,0.9133426956832409,0.2947350922717116,0.0038254203,True,True
MiniConvNet,external,Normal case (158).jpg,C:\Users\shrey\Downloads\MIP_project_part2\Lung-Cancer-Classification-\Lung-Cancer-Classification-\Data_External_IQOTHNCCD\Normal cases\Normal case (158).jpg,normal,normal,0.921397864818573,0.91342843323946,0.294533144746622,0.002478786,True,True
MiniConvNet,external,Normal case (159).jpg,C:\Users\shrey\Downloads\MIP_project_part2\Lung-Cancer-Classification-\Lung-Cancer-Classification-\Data_External_IQOTHNCCD\Normal cases\Normal case (159).jpg,normal,normal,0.8526098132133484,0.7963740751147271,0.5053880699669424,0.0136587,True,True
MiniConvNet,external,Normal case (16).jpg,C:\Users\shrey\Downloads\MIP_project_part2\Lung-Cancer-Classification-\Lung-Cancer-Classification-\Data_External_IQOTHNCCD\Normal cases\Normal case (16).jpg,normal,normal,0.6457114219665527,0.5715326238423586,0.6828781822244117,0.017827518,True,True
MiniConvNet,external,Normal case (160).jpg,C:\Users\shrey\Downloads\MIP_project_part2\Lung-Cancer-Classification-\Lung-Cancer-Classification-\Data_External_IQOTHNCCD\Normal cases\Normal case (160).jpg,normal,normal,0.8716487288475037,0.8683831989765168,0.3894486880990982,0.0032287785,True,True
MiniConvNet,external,Normal case (161).jpg,C:\Users\shrey\Downloads\MIP_project_part2\Lung-Cancer-Classification-\Lung-Cancer-Classification-\Data_External_IQOTHNCCD\Normal cases\Normal case (161).jpg,normal,normal,0.8786974549293518,0.8329283110797406,0.4512124859947718,0.0074512186,True,True
MiniConvNet,external,Normal case (162).jpg,C:\Users\shrey\Downloads\MIP_project_part2\Lung-Cancer-Classification-\Lung-Cancer-Classification-\Data_External_IQOTHNCCD\Normal cases\Normal case (162).jpg,normal,normal,0.8744820356369019,0.8129841610789299,0.4818668933314698,0.00926134,True,True
MiniConvNet,external,Normal case (163).jpg,C:\Users\shrey\Downloads\MIP_project_part2\Lung-Cancer-Classification-\Lung-Cancer-Classification-\Data_External_IQOTHNCCD\Normal cases\Normal case (163).jpg,normal,normal,0.8982223272323608,0.8718096446245909,0.3829320455260302,0.0066292523,True,True
MiniConvNet,external,Normal case (164).jpg,C:\Users\shrey\Downloads\MIP_project_part2\Lung-Cancer-Classification-\Lung-Cancer-Classification-\Data_External_IQOTHNCCD\Normal cases\Normal case (164).jpg,normal,normal,0.904151976108551,0.8923211377114058,0.3416346703324184,0.0017342529,True,True
MiniConvNet,external,Normal case (165).jpg,C:\Users\shrey\Downloads\MIP_project_part2\Lung-Cancer-Classification-\Lung-Cancer-Classification-\Data_External_IQOTHNCCD\Normal cases\Normal case (165).jpg,normal,normal,0.9313074946403505,0.918704653158784,0.2819216281266165,0.002718489,True,True
MiniConvNet,external,Normal case (166).jpg,C:\Users\shrey\Downloads\MIP_project_part2\Lung-Cancer-Classification-\Lung-Cancer-Classification-\Data_External_IQOTHNCCD\Normal cases\Normal case (166).jpg,normal,normal,0.9380097389221193,0.8996640592813492,0.3258206041677407,0.0036435984,True,True
MiniConvNet,external,Normal case (167).jpg,C:\Users\shrey\Downloads\MIP_project_part2\Lung-Cancer-Classification-\Lung-Cancer-Classification-\Data_External_IQOTHNCCD\Normal cases\Normal case (167).jpg,normal,normal,0.9444592595100404,0.9080876577645541,0.3069401416159413,0.0034271693,True,True
MiniConvNet,external,Normal case (168).jpg,C:\Users\shrey\Downloads\MIP_project_part2\Lung-Cancer-Classification-\Lung-Cancer-Classification-\Data_External_IQOTHNCCD\Normal cases\Normal case (168).jpg,normal,normal,0.648609459400177,0.5900829173624516,0.6768283693145993,0.012115938,True,True
MiniConvNet,external,Normal case (169).jpg,C:\Users\shrey\Downloads\MIP_project_part2\Lung-Cancer-Classification-\Lung-Cancer-Classification-\Data_External_IQOTHNCCD\Normal cases\Normal case (169).jpg,normal,normal,0.6825029253959656,0.6145224720239639,0.6666820602205443,0.011393281,True,True
MiniConvNet,external,Normal case (17).jpg,C:\Users\shrey\Downloads\MIP_project_part2\Lung-Cancer-Classification-\Lung-Cancer-Classification-\Data_External_IQOTHNCCD\Normal cases\Normal case (17).jpg,normal,normal,0.6448365449905396,0.6367726307362318,0.6552524989721946,0.024033032,True,True
MiniConvNet,external,Normal case (170).jpg,C:\Users\shrey\Downloads\MIP_project_part2\Lung-Cancer-Classification-\Lung-Cancer-Classification-\Data_External_IQOTHNCCD\Normal cases\Normal case (170).jpg,normal,normal,0.744931697845459,0.7178471805527806,0.5949751439986057,0.017178303,True,True
MiniConvNet,external,Normal case (171).jpg,C:\Users\shrey\Downloads\MIP_project_part2\Lung-Cancer-Classification-\Lung-Cancer-Classification-\Data_External_IQOTHNCCD\Normal cases\Normal case (171).jpg,normal,normal,0.7254253029823303,0.6676154658198357,0.6358544799370773,0.030985722,True,True
MiniConvNet,external,Normal case (172).jpg,C:\Users\shrey\Downloads\MIP_project_part2\Lung-Cancer-Classification-\Lung-Cancer-Classification-\Data_External_IQOTHNCCD\Normal cases\Normal case (172).jpg,normal,normal,0.7673233151435852,0.7485263301059604,0.5639483495161985,0.01797148,True,True
MiniConvNet,external,Normal case (173).jpg,C:\Users\shrey\Downloads\MIP_project_part2\Lung-Cancer-Classification-\Lung-Cancer-Classification-\Data_External_IQOTHNCCD\Normal cases\Normal case (173).jpg,normal,normal,0.6961628198623657,0.6728730909526348,0.6321252314812762,0.03270739,True,True
MiniConvNet,external,Normal case (174).jpg,C:\Users\shrey\Downloads\MIP_project_part2\Lung-Cancer-Classification-\Lung-Cancer-Classification-\Data_External_IQOTHNCCD\Normal cases\Normal case (174).jpg,normal,normal,0.918778359889984,0.9056687084957958,0.3124460194571276,0.00261216,True,True
MiniConvNet,external,Normal case (175).jpg,C:\Users\shrey\Downloads\MIP_project_part2\Lung-Cancer-Classification-\Lung-Cancer-Classification-\Data_External_IQOTHNCCD\Normal cases\Normal case (175).jpg,normal,normal,0.6755552291870117,0.6730862073600292,0.6319714089063996,0.018000675,True,True
MiniConvNet,external,Normal case (176).jpg,C:\Users\shrey\Downloads\MIP_project_part2\Lung-Cancer-Classification-\Lung-Cancer-Classification-\Data_External_IQOTHNCCD\Normal cases\Normal case (176).jpg,normal,normal,0.6722123622894287,0.6705625951290131,0.633779516162164,0.006178783,True,True
MiniConvNet,external,Normal case (177).jpg,C:\Users\shrey\Downloads\MIP_project_part2\Lung-Cancer-Classification-\Lung-Cancer-Classification-\Data_External_IQOTHNCCD\Normal cases\Normal case (177).jpg,normal,normal,0.699246346950531,0.6628262624144554,0.6391429903273149,0.009295921,True,True
MiniConvNet,external,Normal case (178).jpg,C:\Users\shrey\Downloads\MIP_project_part2\Lung-Cancer-Classification-\Lung-Cancer-Classification-\Data_External_IQOTHNCCD\Normal cases\Normal case (178).jpg,normal,normal,0.7593271136283875,0.713362792506814,0.5991131541600807,0.018157043,True,True
MiniConvNet,external,Normal case (179).jpg,C:\Users\shrey\Downloads\MIP_project_part2\Lung-Cancer-Classification-\Lung-Cancer-Classification-\Data_External_IQOTHNCCD\Normal cases\Normal case (179).jpg,normal,normal,0.7726397514343262,0.7250628471374512,0.5881078029543623,0.015858775,True,True
MiniConvNet,external,Normal case (18).jpg,C:\Users\shrey\Downloads\MIP_project_part2\Lung-Cancer-Classification-\Lung-Cancer-Classification-\Data_External_IQOTHNCCD\Normal cases\Normal case (18).jpg,normal,normal,0.6974306106567383,0.6724692042917013,0.6324161801380352,0.022540985,True,True
MiniConvNet,external,Normal case (180).jpg,C:\Users\shrey\Downloads\MIP_project_part2\Lung-Cancer-Classification-\Lung-Cancer-Classification-\Data_External_IQOTHNCCD\Normal cases\Normal case (180).jpg,normal,normal,0.7766565084457397,0.8049828466027975,0.4934166559961151,0.003269401,True,True
MiniConvNet,external,Normal case (181).jpg,C:\Users\shrey\Downloads\MIP_project_part2\Lung-Cancer-Classification-\Lung-Cancer-Classification-\Data_External_IQOTHNCCD\Normal cases\Normal case (181).jpg,normal,normal,0.774282693862915,0.7662537675350904,0.5437634381434518,0.010011437,True,True
MiniConvNet,external,Normal case (182).jpg,C:\Users\shrey\Downloads\MIP_project_part2\Lung-Cancer-Classification-\Lung-Cancer-Classification-\Data_External_IQOTHNCCD\Normal cases\Normal case (182).jpg,normal,normal,0.8339478373527527,0.7831434682011604,0.5229004938842118,0.009385105,True,True
MiniConvNet,external,Normal case (183).jpg,C:\Users\shrey\Downloads\MIP_project_part2\Lung-Cancer-Classification-\Lung-Cancer-Classification-\Data_External_IQOTHNCCD\Normal cases\Normal case (183).jpg,normal,normal,0.8431732058525085,0.7887233942747116,0.5156432076012046,0.0120668,True,True
MiniConvNet,external,Normal case (184).jpg,C:\Users\shrey\Downloads\MIP_project_part2\Lung-Cancer-Classification-\Lung-Cancer-Classification-\Data_External_IQOTHNCCD\Normal cases\Normal case (184).jpg,normal,normal,0.9111595749855042,0.8792806118726731,0.3683558627322058,0.00571833,True,True
MiniConvNet,external,Normal case (185).jpg,C:\Users\shrey\Downloads\MIP_project_part2\Lung-Cancer-Classification-\Lung-Cancer-Classification-\Data_External_IQOTHNCCD\Normal cases\Normal case (185).jpg,normal,normal,0.8947463631629944,0.8244797643274069,0.4645321838460166,0.013508792,True,True
MiniConvNet,external,Normal case (186).jpg,C:\Users\shrey\Downloads\MIP_project_part2\Lung-Cancer-Classification-\Lung-Cancer-Classification-\Data_External_IQOTHNCCD\Normal cases\Normal case (186).jpg,normal,normal,0.8163954615592957,0.7636711373925209,0.5468112362029063,0.009893153,True,True
MiniConvNet,external,Normal case (187).jpg,C:\Users\shrey\Downloads\MIP_project_part2\Lung-Cancer-Classification-\Lung-Cancer-Classification-\Data_External_IQOTHNCCD\Normal cases\Normal case (187).jpg,normal,normal,0.8419564962387085,0.7950066477060318,0.507247207673086,0.0133,True,True
MiniConvNet,external,Normal case (188).jpg,C:\Users\shrey\Downloads\MIP_project_part2\Lung-Cancer-Classification-\Lung-Cancer-Classification-\Data_External_IQOTHNCCD\Normal cases\Normal case (188).jpg,normal,normal,0.8583618402481079,0.8272007573395967,0.4602971114000547,0.0057738125,True,True
MiniConvNet,external,Normal case (189).jpg,C:\Users\shrey\Downloads\MIP_project_part2\Lung-Cancer-Classification-\Lung-Cancer-Classification-\Data_External_IQOTHNCCD\Normal cases\Normal case (189).jpg,normal,normal,0.8616099953651428,0.836835172958672,0.444880792134671,0.012766459,True,True
MiniConvNet,external,Normal case (19).jpg,C:\Users\shrey\Downloads\MIP_project_part2\Lung-Cancer-Classification-\Lung-Cancer-Classification-\Data_External_IQOTHNCCD\Normal cases\Normal case (19).jpg,normal,normal,0.7125868797302246,0.7367694359272718,0.5764088932075662,0.019246226,True,True
MiniConvNet,external,Normal case (190).jpg,C:\Users\shrey\Downloads\MIP_project_part2\Lung-Cancer-Classification-\Lung-Cancer-Classification-\Data_External_IQOTHNCCD\Normal cases\Normal case (190).jpg,normal,normal,0.7765121459960938,0.761741828173399,0.5490638359591553,0.00805717,True,True
MiniConvNet,external,Normal case (191).jpg,C:\Users\shrey\Downloads\MIP_project_part2\Lung-Cancer-Classification-\Lung-Cancer-Classification-\Data_External_IQOTHNCCD\Normal cases\Normal case (191).jpg,normal,normal,0.8026067614555359,0.793004110455513,0.5099492104212083,0.007828184,True,True
MiniConvNet,external,Normal case (192).jpg,C:\Users\shrey\Downloads\MIP_project_part2\Lung-Cancer-Classification-\Lung-Cancer-Classification-\Data_External_IQOTHNCCD\Normal cases\Normal case (192).jpg,normal,normal,0.7683419585227966,0.7654233109205962,0.5447474641221788,0.008440257,True,True
MiniConvNet,external,Normal case (193).jpg,C:\Users\shrey\Downloads\MIP_project_part2\Lung-Cancer-Classification-\Lung-Cancer-Classification-\Data_External_IQOTHNCCD\Normal cases\Normal case (193).jpg,normal,normal,0.7740199565887451,0.7825140077620745,0.5237075789680714,0.005910821,True,True
MiniConvNet,external,Normal case (194).jpg,C:\Users\shrey\Downloads\MIP_project_part2\Lung-Cancer-Classification-\Lung-Cancer-Classification-\Data_External_IQOTHNCCD\Normal cases\Normal case (194).jpg,normal,normal,0.8999748229980469,0.8685104921460152,0.3892084802871524,0.0070552304,True,True
MiniConvNet,external,Normal case (195).jpg,C:\Users\shrey\Downloads\MIP_project_part2\Lung-Cancer-Classification-\Lung-Cancer-Classification-\Data_External_IQOTHNCCD\Normal cases\Normal case (195).jpg,normal,normal,0.8518908023834229,0.8527965024113655,0.4178274512084581,0.007304396,True,True
MiniConvNet,external,Normal case (196).jpg,C:\Users\shrey\Downloads\MIP_project_part2\Lung-Cancer-Classification-\Lung-Cancer-Classification-\Data_External_IQOTHNCCD\Normal cases\Normal case (196).jpg,normal,normal,0.8497481942176819,0.8256173394620419,0.4627678466624118,0.009583994,True,True
MiniConvNet,external,Normal case (197).jpg,C:\Users\shrey\Downloads\MIP_project_part2\Lung-Cancer-Classification-\Lung-Cancer-Classification-\Data_External_IQOTHNCCD\Normal cases\Normal case (197).jpg,normal,normal,0.9039441347122192,0.8687074817717075,0.3888363685368527,0.0048135105,True,True
MiniConvNet,external,Normal case (198).jpg,C:\Users\shrey\Downloads\MIP_project_part2\Lung-Cancer-Classification-\Lung-Cancer-Classification-\Data_External_IQOTHNCCD\Normal cases\Normal case (198).jpg,normal,normal,0.8964158296585083,0.8981245160102845,0.3291843459413017,0.0050034085,True,True
MiniConvNet,external,Normal case (199).jpg,C:\Users\shrey\Downloads\MIP_project_part2\Lung-Cancer-Classification-\Lung-Cancer-Classification-\Data_External_IQOTHNCCD\Normal cases\Normal case (199).jpg,normal,normal,0.8914055824279785,0.8125654123723507,0.4824816079755895,0.016173758,True,True
MiniConvNet,external,Normal case (2).jpg,C:\Users\shrey\Downloads\MIP_project_part2\Lung-Cancer-Classification-\Lung-Cancer-Classification-\Data_External_IQOTHNCCD\Normal cases\Normal case (2).jpg,normal,normal,0.7307588458061218,0.6838403567671776,0.6239407207979846,0.01693321,True,True
MiniConvNet,external,Normal case (20).jpg,C:\Users\shrey\Downloads\MIP_project_part2\Lung-Cancer-Classification-\Lung-Cancer-Classification-\Data_External_IQOTHNCCD\Normal cases\Normal case (20).jpg,normal,normal,0.7615694999694824,0.6946564745157957,0.6153241309929964,0.009784599,True,True
MiniConvNet,external,Normal case (200).jpg,C:\Users\shrey\Downloads\MIP_project_part2\Lung-Cancer-Classification-\Lung-Cancer-Classification-\Data_External_IQOTHNCCD\Normal cases\Normal case (200).jpg,normal,normal,0.9047371745109558,0.8449566252529621,0.4313584294358594,0.01168704,True,True
MiniConvNet,external,Normal case (201).jpg,C:\Users\shrey\Downloads\MIP_project_part2\Lung-Cancer-Classification-\Lung-Cancer-Classification-\Data_External_IQOTHNCCD\Normal cases\Normal case (201).jpg,normal,normal,0.905237317085266,0.8739184094592929,0.3788695005670542,0.005336816,True,True
MiniConvNet,external,Normal case (202).jpg,C:\Users\shrey\Downloads\MIP_project_part2\Lung-Cancer-Classification-\Lung-Cancer-Classification-\Data_External_IQOTHNCCD\Normal cases\Normal case (202).jpg,normal,normal,0.9129176139831544,0.8827363047748805,0.3614373901658548,0.004184412,True,True
MiniConvNet,external,Normal case (203).jpg,C:\Users\shrey\Downloads\MIP_project_part2\Lung-Cancer-Classification-\Lung-Cancer-Classification-\Data_External_IQOTHNCCD\Normal cases\Normal case (203).jpg,normal,normal,0.791722297668457,0.8367719417437911,0.4449842087119091,0.005187136,True,True
MiniConvNet,external,Normal case (204).jpg,C:\Users\shrey\Downloads\MIP_project_part2\Lung-Cancer-Classification-\Lung-Cancer-Classification-\Data_External_IQOTHNCCD\Normal cases\Normal case (204).jpg,normal,normal,0.8231585621833801,0.7884975299239159,0.515940511323918,0.015953634,True,True
MiniConvNet,external,Normal case (205).jpg,C:\Users\shrey\Downloads\MIP_project_part2\Lung-Cancer-Classification-\Lung-Cancer-Classification-\Data_External_IQOTHNCCD\Normal cases\Normal case (205).jpg,normal,normal,0.8455239534378052,0.8215961558744311,0.4689644697239786,0.012002519,True,True
MiniConvNet,external,Normal case (206).jpg,C:\Users\shrey\Downloads\MIP_project_part2\Lung-Cancer-Classification-\Lung-Cancer-Classification-\Data_External_IQOTHNCCD\Normal cases\Normal case (206).jpg,normal,normal,0.5850814580917358,0.5825213398784399,0.6794651051736141,0.008668617,True,True
MiniConvNet,external,Normal case (207).jpg,C:\Users\shrey\Downloads\MIP_project_part2\Lung-Cancer-Classification-\Lung-Cancer-Classification-\Data_External_IQOTHNCCD\Normal cases\Normal case (207).jpg,normal,normal,0.709206223487854,0.717144513502717,0.5956300102119545,0.020270696,True,True
MiniConvNet,external,Normal case (208).jpg,C:\Users\shrey\Downloads\MIP_project_part2\Lung-Cancer-Classification-\Lung-Cancer-Classification-\Data_External_IQOTHNCCD\Normal cases\Normal case (208).jpg,normal,normal,0.7324816584587097,0.709446569904685,0.6026464458894394,0.020851128,True,True
MiniConvNet,external,Normal case (209).jpg,C:\Users\shrey\Downloads\MIP_project_part2\Lung-Cancer-Classification-\Lung-Cancer-Classification-\Data_External_IQOTHNCCD\Normal cases\Normal case (209).jpg,normal,normal,0.8015061020851135,0.7883632350713015,0.516117170609729,0.017773038,True,True
MiniConvNet,external,Normal case (21).jpg,C:\Users\shrey\Downloads\MIP_project_part2\Lung-Cancer-Classification-\Lung-Cancer-Classification-\Data_External_IQOTHNCCD\Normal cases\Normal case (21).jpg,normal,normal,0.8743992447853088,0.8523857295513153,0.4185484552561088,0.011028364,True,True
MiniConvNet,external,Normal case (210).jpg,C:\Users\shrey\Downloads\MIP_project_part2\Lung-Cancer-Classification-\Lung-Cancer-Classification-\Data_External_IQOTHNCCD\Normal cases\Normal case (210).jpg,normal,normal,0.933156669139862,0.9031445104628802,0.3181182994591061,0.0037476954,True,True
MiniConvNet,external,Normal case (211).jpg,C:\Users\shrey\Downloads\MIP_project_part2\Lung-Cancer-Classification-\Lung-Cancer-Classification-\Data_External_IQOTHNCCD\Normal cases\Normal case (211).jpg,normal,normal,0.8203893303871155,0.8293474838137627,0.4569193471769655,0.005950811,True,True
MiniConvNet,external,Normal case (212).jpg,C:\Users\shrey\Downloads\MIP_project_part2\Lung-Cancer-Classification-\Lung-Cancer-Classification-\Data_External_IQOTHNCCD\Normal cases\Normal case (212).jpg,normal,normal,0.8213418126106262,0.7948120199143887,0.507510870384937,0.007892763,True,True
MiniConvNet,external,Normal case (213).jpg,C:\Users\shrey\Downloads\MIP_project_part2\Lung-Cancer-Classification-\Lung-Cancer-Classification-\Data_External_IQOTHNCCD\Normal cases\Normal case (213).jpg,normal,normal,0.8840957283973694,0.8849441837519408,0.3569568901026721,0.004101451,True,True
MiniConvNet,external,Normal case (214).jpg,C:\Users\shrey\Downloads\MIP_project_part2\Lung-Cancer-Classification-\Lung-Cancer-Classification-\Data_External_IQOTHNCCD\Normal cases\Normal case (214).jpg,normal,normal,0.8657647967338562,0.8001483343541623,0.500196739948016,0.011678884,True,True
MiniConvNet,external,Normal case (215).jpg,C:\Users\shrey\Downloads\MIP_project_part2\Lung-Cancer-Classification-\Lung-Cancer-Classification-\Data_External_IQOTHNCCD\Normal cases\Normal case (215).jpg,normal,normal,0.8806629776954651,0.8313366658985615,0.4537604541279947,0.006160686,True,True
MiniConvNet,external,Normal case (216).jpg,C:\Users\shrey\Downloads\MIP_project_part2\Lung-Cancer-Classification-\Lung-Cancer-Classification-\Data_External_IQOTHNCCD\Normal cases\Normal case (216).jpg,normal,normal,0.9102306365966796,0.8881925866007805,0.3502774540876058,0.0064023975,True,True
MiniConvNet,external,Normal case (217).jpg,C:\Users\shrey\Downloads\MIP_project_part2\Lung-Cancer-Classification-\Lung-Cancer-Classification-\Data_External_IQOTHNCCD\Normal cases\Normal case (217).jpg,normal,normal,0.9130682349205016,0.8850406585261226,0.3567600557526283,0.005678354,True,True
MiniConvNet,external,Normal case (218).jpg,C:\Users\shrey\Downloads\MIP_project_part2\Lung-Cancer-Classification-\Lung-Cancer-Classification-\Data_External_IQOTHNCCD\Normal cases\Normal case (218).jpg,normal,normal,0.9047995209693908,0.9025353426113725,0.3194762945203298,0.0028692994,True,True
MiniConvNet,external,Normal case (219).jpg,C:\Users\shrey\Downloads\MIP_project_part2\Lung-Cancer-Classification-\Lung-Cancer-Classification-\Data_External_IQOTHNCCD\Normal cases\Normal case (219).jpg,normal,normal,0.9228950142860411,0.8794434200972319,0.3680324844084089,0.0057209358,True,True
MiniConvNet,external,Normal case (22).jpg,C:\Users\shrey\Downloads\MIP_project_part2\Lung-Cancer-Classification-\Lung-Cancer-Classification-\Data_External_IQOTHNCCD\Normal cases\Normal case (22).jpg,normal,normal,0.8901228904724121,0.847043831832707,0.4278027400409858,0.0068672346,True,True
MiniConvNet,external,Normal case (220).jpg,C:\Users\shrey\Downloads\MIP_project_part2\Lung-Cancer-Classification-\Lung-Cancer-Classification-\Data_External_IQOTHNCCD\Normal cases\Normal case (220).jpg,normal,normal,0.8217887878417969,0.8026610491797328,0.4966912137802394,0.007291009,True,True
MiniConvNet,external,Normal case (221).jpg,C:\Users\shrey\Downloads\MIP_project_part2\Lung-Cancer-Classification-\Lung-Cancer-Classification-\Data_External_IQOTHNCCD\Normal cases\Normal case (221).jpg,normal,normal,0.8277539014816284,0.7811295650899411,0.5254745613438392,0.018606404,True,True
MiniConvNet,external,Normal case (222).jpg,C:\Users\shrey\Downloads\MIP_project_part2\Lung-Cancer-Classification-\Lung-Cancer-Classification-\Data_External_IQOTHNCCD\Normal cases\Normal case (222).jpg,normal,normal,0.8098442554473877,0.750916900113225,0.5613255845007278,0.011711879,True,True
MiniConvNet,external,Normal case (223).jpg,C:\Users\shrey\Downloads\MIP_project_part2\Lung-Cancer-Classification-\Lung-Cancer-Classification-\Data_External_IQOTHNCCD\Normal cases\Normal case (223).jpg,normal,normal,0.7036476731300354,0.6780277919024229,0.6283471143400887,0.011903565,True,True
MiniConvNet,external,Normal case (224).jpg,C:\Users\shrey\Downloads\MIP_project_part2\Lung-Cancer-Classification-\Lung-Cancer-Classification-\Data_External_IQOTHNCCD\Normal cases\Normal case (224).jpg,normal,normal,0.772840678691864,0.7819209396839142,0.5244659857272693,0.008452309,True,True
MiniConvNet,external,Normal case (225).jpg,C:\Users\shrey\Downloads\MIP_project_part2\Lung-Cancer-Classification-\Lung-Cancer-Classification-\Data_External_IQOTHNCCD\Normal cases\Normal case (225).jpg,normal,normal,0.7933757901191711,0.7577734552323819,0.5536328999559577,0.0074821175,True,True
MiniConvNet,external,Normal case (226).jpg,C:\Users\shrey\Downloads\MIP_project_part2\Lung-Cancer-Classification-\Lung-Cancer-Classification-\Data_External_IQOTHNCCD\Normal cases\Normal case (226).jpg,normal,normal,0.7910828590393066,0.7382307723164558,0.5748993147193963,0.013015338,True,True
MiniConvNet,external,Normal case (227).jpg,C:\Users\shrey\Downloads\MIP_project_part2\Lung-Cancer-Classification-\Lung-Cancer-Classification-\Data_External_IQOTHNCCD\Normal cases\Normal case (227).jpg,normal,normal,0.7825868725776672,0.7179231606423855,0.5949040886587019,0.023086289,True,True
MiniConvNet,external,Normal case (228).jpg,C:\Users\shrey\Downloads\MIP_project_part2\Lung-Cancer-Classification-\Lung-Cancer-Classification-\Data_External_IQOTHNCCD\Normal cases\Normal case (228).jpg,normal,normal,0.739840030670166,0.7420143000781536,0.5709394684925215,0.011870564,True,True
MiniConvNet,external,Normal case (229).jpg,C:\Users\shrey\Downloads\MIP_project_part2\Lung-Cancer-Classification-\Lung-Cancer-Classification-\Data_External_IQOTHNCCD\Normal cases\Normal case (229).jpg,normal,normal,0.8352901935577393,0.8347530784085393,0.4482689786624891,0.008096868,True,True
MiniConvNet,external,Normal case (23).jpg,C:\Users\shrey\Downloads\MIP_project_part2\Lung-Cancer-Classification-\Lung-Cancer-Classification-\Data_External_IQOTHNCCD\Normal cases\Normal case (23).jpg,normal,normal,0.8953325748443604,0.878084069583565,0.3707251045574829,0.0061348164,True,True
MiniConvNet,external,Normal case (230).jpg,C:\Users\shrey\Downloads\MIP_project_part2\Lung-Cancer-Classification-\Lung-Cancer-Classification-\Data_External_IQOTHNCCD\Normal cases\Normal case (230).jpg,normal,normal,0.8888471722602844,0.8853225689381361,0.3561842530708853,0.0045643463,True,True
MiniConvNet,external,Normal case (231).jpg,C:\Users\shrey\Downloads\MIP_project_part2\Lung-Cancer-Classification-\Lung-Cancer-Classification-\Data_External_IQOTHNCCD\Normal cases\Normal case (231).jpg,normal,normal,0.6232010722160339,0.5750999059528112,0.6818243978022458,0.021035573,True,True
MiniConvNet,external,Normal case (232).jpg,C:\Users\shrey\Downloads\MIP_project_part2\Lung-Cancer-Classification-\Lung-Cancer-Classification-\Data_External_IQOTHNCCD\Normal cases\Normal case (232).jpg,normal,normal,0.6542262434959412,0.5712325498461723,0.682964414868027,0.023845823,True,True
MiniConvNet,external,Normal case (233).jpg,C:\Users\shrey\Downloads\MIP_project_part2\Lung-Cancer-Classification-\Lung-Cancer-Classification-\Data_External_IQOTHNCCD\Normal cases\Normal case (233).jpg,normal,normal,0.655245304107666,0.6286135017871857,0.6596894609901702,0.020279087,True,True
MiniConvNet,external,Normal case (234).jpg,C:\Users\shrey\Downloads\MIP_project_part2\Lung-Cancer-Classification-\Lung-Cancer-Classification-\Data_External_IQOTHNCCD\Normal cases\Normal case (234).jpg,normal,normal,0.651727557182312,0.6123247612267733,0.6676968191188537,0.009492016,True,True
MiniConvNet,external,Normal case (235).jpg,C:\Users\shrey\Downloads\MIP_project_part2\Lung-Cancer-Classification-\Lung-Cancer-Classification-\Data_External_IQOTHNCCD\Normal cases\Normal case (235).jpg,normal,normal,0.6647308468818665,0.6424392219632864,0.6520018821601452,0.014402171,True,True
MiniConvNet,external,Normal case (236).jpg,C:\Users\shrey\Downloads\MIP_project_part2\Lung-Cancer-Classification-\Lung-Cancer-Classification-\Data_External_IQOTHNCCD\Normal cases\Normal case (236).jpg,normal,normal,0.6698911190032959,0.6083517856895924,0.6694796559419511,0.029836947,True,True
MiniConvNet,external,Normal case (237).jpg,C:\Users\shrey\Downloads\MIP_project_part2\Lung-Cancer-Classification-\Lung-Cancer-Classification-\Data_External_IQOTHNCCD\Normal cases\Normal case (237).jpg,normal,normal,0.6868894696235657,0.653700327500701,0.645125800429399,0.025089115,True,True
MiniConvNet,external,Normal case (238).jpg,C:\Users\shrey\Downloads\MIP_project_part2\Lung-Cancer-Classification-\Lung-Cancer-Classification-\Data_External_IQOTHNCCD\Normal cases\Normal case (238).jpg,normal,normal,0.7870480418205261,0.7622341727837921,0.5484909463772365,0.014080014,True,True
MiniConvNet,external,Normal case (239).jpg,C:\Users\shrey\Downloads\MIP_project_part2\Lung-Cancer-Classification-\Lung-Cancer-Classification-\Data_External_IQOTHNCCD\Normal cases\Normal case (239).jpg,normal,normal,0.7549583911895752,0.6985493022948503,0.6120884892492853,0.016094897,True,True
MiniConvNet,external,Normal case (24).jpg,C:\Users\shrey\Downloads\MIP_project_part2\Lung-Cancer-Classification-\Lung-Cancer-Classification-\Data_External_IQOTHNCCD\Normal cases\Normal case (24).jpg,normal,normal,0.8916407823562622,0.8750693807378412,0.3766350280700753,0.003657538,True,True
MiniConvNet,external,Normal case (240).jpg,C:\Users\shrey\Downloads\MIP_project_part2\Lung-Cancer-Classification-\Lung-Cancer-Classification-\Data_External_IQOTHNCCD\Normal cases\Normal case (240).jpg,normal,normal,0.7629688382148743,0.7142427014186978,0.5983089598857929,0.016190134,True,True
MiniConvNet,external,Normal case (241).jpg,C:\Users\shrey\Downloads\MIP_project_part2\Lung-Cancer-Classification-\Lung-Cancer-Classification-\Data_External_IQOTHNCCD\Normal cases\Normal case (241).jpg,normal,normal,0.7764500379562378,0.7392922844737768,0.5737958371659252,0.015418955,True,True
MiniConvNet,external,Normal case (242).jpg,C:\Users\shrey\Downloads\MIP_project_part2\Lung-Cancer-Classification-\Lung-Cancer-Classification-\Data_External_IQOTHNCCD\Normal cases\Normal case (242).jpg,normal,normal,0.8342356085777283,0.802196110598743,0.4973427812757597,0.014772705,True,True
MiniConvNet,external,Normal case (243).jpg,C:\Users\shrey\Downloads\MIP_project_part2\Lung-Cancer-Classification-\Lung-Cancer-Classification-\Data_External_IQOTHNCCD\Normal cases\Normal case (243).jpg,normal,normal,0.873920202255249,0.8537090104073286,0.4162210385777206,0.0046219123,True,True
MiniConvNet,external,Normal case (244).jpg,C:\Users\shrey\Downloads\MIP_project_part2\Lung-Cancer-Classification-\Lung-Cancer-Classification-\Data_External_IQOTHNCCD\Normal cases\Normal case (244).jpg,normal,normal,0.9037245512008668,0.8767949799075723,0.3732625414641145,0.0069204886,True,True
MiniConvNet,external,Normal case (245).jpg,C:\Users\shrey\Downloads\MIP_project_part2\Lung-Cancer-Classification-\Lung-Cancer-Classification-\Data_External_IQOTHNCCD\Normal cases\Normal case (245).jpg,normal,normal,0.894567608833313,0.9027878819033504,0.3189138454691054,0.0029840954,True,True
MiniConvNet,external,Normal case (246).jpg,C:\Users\shrey\Downloads\MIP_project_part2\Lung-Cancer-Classification-\Lung-Cancer-Classification-\Data_External_IQOTHNCCD\Normal cases\Normal case (246).jpg,normal,normal,0.9225447177886964,0.8922836473211647,0.3417139965675923,0.0052452865,True,True
MiniConvNet,external,Normal case (247).jpg,C:\Users\shrey\Downloads\MIP_project_part2\Lung-Cancer-Classification-\Lung-Cancer-Classification-\Data_External_IQOTHNCCD\Normal cases\Normal case (247).jpg,normal,normal,0.9243611693382264,0.8503784090280533,0.4220521496585325,0.0077022286,True,True
MiniConvNet,external,Normal case (248).jpg,C:\Users\shrey\Downloads\MIP_project_part2\Lung-Cancer-Classification-\Lung-Cancer-Classification-\Data_External_IQOTHNCCD\Normal cases\Normal case (248).jpg,normal,normal,0.9317509531974792,0.9005983853712678,0.3237661743792325,0.003942525,True,True
MiniConvNet,external,Normal case (249).jpg,C:\Users\shrey\Downloads\MIP_project_part2\Lung-Cancer-Classification-\Lung-Cancer-Classification-\Data_External_IQOTHNCCD\Normal cases\Normal case (249).jpg,normal,normal,0.936112105846405,0.9249152699485422,0.2665972939234717,0.0041346424,True,True
MiniConvNet,external,Normal case (25).jpg,C:\Users\shrey\Downloads\MIP_project_part2\Lung-Cancer-Classification-\Lung-Cancer-Classification-\Data_External_IQOTHNCCD\Normal cases\Normal case (25).jpg,normal,normal,0.8190852999687195,0.7926003243774176,0.5104909866330066,0.0047906926,True,True
MiniConvNet,external,Normal case (250).jpg,C:\Users\shrey\Downloads\MIP_project_part2\Lung-Cancer-Classification-\Lung-Cancer-Classification-\Data_External_IQOTHNCCD\Normal cases\Normal case (250).jpg,normal,normal,0.9355473518371582,0.9087336705997587,0.3054579562942577,0.003774681,True,True
MiniConvNet,external,Normal case (251).jpg,C:\Users\shrey\Downloads\MIP_project_part2\Lung-Cancer-Classification-\Lung-Cancer-Classification-\Data_External_IQOTHNCCD\Normal cases\Normal case (251).jpg,normal,normal,0.9196068048477172,0.9024958950467408,0.3195639874630055,0.0046892636,True,True
MiniConvNet,external,Normal case (252).jpg,C:\Users\shrey\Downloads\MIP_project_part2\Lung-Cancer-Classification-\Lung-Cancer-Classification-\Data_External_IQOTHNCCD\Normal cases\Normal case (252).jpg,normal,normal,0.9357985854148864,0.9076875243335963,0.3078555771813556,0.0028411576,True,True
MiniConvNet,external,Normal case (253).jpg,C:\Users\shrey\Downloads\MIP_project_part2\Lung-Cancer-Classification-\Lung-Cancer-Classification-\Data_External_IQOTHNCCD\Normal cases\Normal case (253).jpg,normal,normal,0.934775412082672,0.9058849792927504,0.3119564863869549,0.003965538,True,True
MiniConvNet,external,Normal case (254).jpg,C:\Users\shrey\Downloads\MIP_project_part2\Lung-Cancer-Classification-\Lung-Cancer-Classification-\Data_External_IQOTHNCCD\Normal cases\Normal case (254).jpg,normal,normal,0.6065155863761902,0.5744849005714059,0.6820097776776934,0.030708833,True,True
MiniConvNet,external,Normal case (255).jpg,C:\Users\shrey\Downloads\MIP_project_part2\Lung-Cancer-Classification-\Lung-Cancer-Classification-\Data_External_IQOTHNCCD\Normal cases\Normal case (255).jpg,normal,normal,0.5953370928764343,0.6134750694036484,0.6671682301421447,0.017584039,True,True
MiniConvNet,external,Normal case (256).jpg,C:\Users\shrey\Downloads\MIP_project_part2\Lung-Cancer-Classification-\Lung-Cancer-Classification-\Data_External_IQOTHNCCD\Normal cases\Normal case (256).jpg,normal,normal,0.6303500533103943,0.6558477571234107,0.6437513123270189,0.029387828,True,True
MiniConvNet,external,Normal case (257).jpg,C:\Users\shrey\Downloads\MIP_project_part2\Lung-Cancer-Classification-\Lung-Cancer-Classification-\Data_External_IQOTHNCCD\Normal cases\Normal case (257).jpg,normal,normal,0.6628717184066772,0.6169685963541269,0.6655286751352394,0.015799042,True,True
MiniConvNet,external,Normal case (258).jpg,C:\Users\shrey\Downloads\MIP_project_part2\Lung-Cancer-Classification-\Lung-Cancer-Classification-\Data_External_IQOTHNCCD\Normal cases\Normal case (258).jpg,normal,normal,0.6663216352462769,0.6793928304687142,0.6273263243091722,0.0149662495,True,True
MiniConvNet,external,Normal case (259).jpg,C:\Users\shrey\Downloads\MIP_project_part2\Lung-Cancer-Classification-\Lung-Cancer-Classification-\Data_External_IQOTHNCCD\Normal cases\Normal case (259).jpg,normal,normal,0.6856072545051575,0.6698694657534361,0.6342710295359684,0.013703299,True,True
MiniConvNet,external,Normal case (26).jpg,C:\Users\shrey\Downloads\MIP_project_part2\Lung-Cancer-Classification-\Lung-Cancer-Classification-\Data_External_IQOTHNCCD\Normal cases\Normal case (26).jpg,normal,normal,0.834894061088562,0.8498560916632414,0.4229585911736669,0.0020450784,True,True
MiniConvNet,external,Normal case (260).jpg,C:\Users\shrey\Downloads\MIP_project_part2\Lung-Cancer-Classification-\Lung-Cancer-Classification-\Data_External_IQOTHNCCD\Normal cases\Normal case (260).jpg,normal,normal,0.6916052103042603,0.6729023503139615,0.6321041234964764,0.025639666,True,True
MiniConvNet,external,Normal case (261).jpg,C:\Users\shrey\Downloads\MIP_project_part2\Lung-Cancer-Classification-\Lung-Cancer-Classification-\Data_External_IQOTHNCCD\Normal cases\Normal case (261).jpg,normal,normal,0.6937773823738098,0.6615595500916243,0.6399956303534884,0.009881632,True,True
MiniConvNet,external,Normal case (262).jpg,C:\Users\shrey\Downloads\MIP_project_part2\Lung-Cancer-Classification-\Lung-Cancer-Classification-\Data_External_IQOTHNCCD\Normal cases\Normal case (262).jpg,normal,normal,0.7090432047843933,0.7128489939495921,0.5995809721099821,0.018426828,True,True
MiniConvNet,external,Normal case (263).jpg,C:\Users\shrey\Downloads\MIP_project_part2\Lung-Cancer-Classification-\Lung-Cancer-Classification-\Data_External_IQOTHNCCD\Normal cases\Normal case (263).jpg,normal,normal,0.7306862473487854,0.7331145950593054,0.5801363214081257,0.008507874,True,True
MiniConvNet,external,Normal case (264).jpg,C:\Users\shrey\Downloads\MIP_project_part2\Lung-Cancer-Classification-\Lung-Cancer-Classification-\Data_External_IQOTHNCCD\Normal cases\Normal case (264).jpg,normal,normal,0.7523494362831116,0.6819061115384102,0.6254243685238041,0.024988612,True,True
MiniConvNet,external,Normal case (265).jpg,C:\Users\shrey\Downloads\MIP_project_part2\Lung-Cancer-Classification-\Lung-Cancer-Classification-\Data_External_IQOTHNCCD\Normal cases\Normal case (265).jpg,normal,normal,0.775901734828949,0.7808489529415965,0.5258313928247921,0.018974157,True,True
MiniConvNet,external,Normal case (266).jpg,C:\Users\shrey\Downloads\MIP_project_part2\Lung-Cancer-Classification-\Lung-Cancer-Classification-\Data_External_IQOTHNCCD\Normal cases\Normal case (266).jpg,normal,normal,0.7584128379821777,0.7340993182733655,0.5791388333697112,0.010915035,True,True
MiniConvNet,external,Normal case (267).jpg,C:\Users\shrey\Downloads\MIP_project_part2\Lung-Cancer-Classification-\Lung-Cancer-Classification-\Data_External_IQOTHNCCD\Normal cases\Normal case (267).jpg,normal,normal,0.7882627844810486,0.748575905803591,0.5638942988255538,0.012398275,True,True
MiniConvNet,external,Normal case (268).jpg,C:\Users\shrey\Downloads\MIP_project_part2\Lung-Cancer-Classification-\Lung-Cancer-Classification-\Data_External_IQOTHNCCD\Normal cases\Normal case (268).jpg,normal,normal,0.7940398454666138,0.7809478575363756,0.5257057543265707,0.012249833,True,True
MiniConvNet,external,Normal case (269).jpg,C:\Users\shrey\Downloads\MIP_project_part2\Lung-Cancer-Classification-\Lung-Cancer-Classification-\Data_External_IQOTHNCCD\Normal cases\Normal case (269).jpg,normal,normal,0.8271540999412537,0.8056056406348944,0.4925324520149146,0.016512025,True,True
MiniConvNet,external,Normal case (27).jpg,C:\Users\shrey\Downloads\MIP_project_part2\Lung-Cancer-Classification-\Lung-Cancer-Classification-\Data_External_IQOTHNCCD\Normal cases\Normal case (27).jpg,normal,normal,0.8056521415710449,0.8078497238457203,0.4893258761167441,0.006686425,True,True
MiniConvNet,external,Normal case (270).jpg,C:\Users\shrey\Downloads\MIP_project_part2\Lung-Cancer-Classification-\Lung-Cancer-Classification-\Data_External_IQOTHNCCD\Normal cases\Normal case (270).jpg,normal,normal,0.530322790145874,0.4067482203245163,0.6756531419115319,0.019532315,True,False
MiniConvNet,external,Normal case (271).jpg,C:\Users\shrey\Downloads\MIP_project_part2\Lung-Cancer-Classification-\Lung-Cancer-Classification-\Data_External_IQOTHNCCD\Normal cases\Normal case (271).jpg,normal,normal,0.5607382655143738,0.5245290948078036,0.6919433216259532,0.017770413,True,True
MiniConvNet,external,Normal case (272).jpg,C:\Users\shrey\Downloads\MIP_project_part2\Lung-Cancer-Classification-\Lung-Cancer-Classification-\Data_External_IQOTHNCCD\Normal cases\Normal case (272).jpg,normal,normal,0.5994234085083008,0.5602706968784332,0.6858643822698353,0.02275328,True,True
MiniConvNet,external,Normal case (273).jpg,C:\Users\shrey\Downloads\MIP_project_part2\Lung-Cancer-Classification-\Lung-Cancer-Classification-\Data_External_IQOTHNCCD\Normal cases\Normal case (273).jpg,normal,normal,0.6646735072135925,0.6005516843870282,0.6727873828629811,0.01792815,True,True
MiniConvNet,external,Normal case (274).jpg,C:\Users\shrey\Downloads\MIP_project_part2\Lung-Cancer-Classification-\Lung-Cancer-Classification-\Data_External_IQOTHNCCD\Normal cases\Normal case (274).jpg,normal,normal,0.6576780080795288,0.6286105019971728,0.6596910611358294,0.02405134,True,True
MiniConvNet,external,Normal case (275).jpg,C:\Users\shrey\Downloads\MIP_project_part2\Lung-Cancer-Classification-\Lung-Cancer-Classification-\Data_External_IQOTHNCCD\Normal cases\Normal case (275).jpg,normal,normal,0.6959680914878845,0.6369511252269149,0.6551522471471838,0.027494159,True,True
MiniConvNet,external,Normal case (276).jpg,C:\Users\shrey\Downloads\MIP_project_part2\Lung-Cancer-Classification-\Lung-Cancer-Classification-\Data_External_IQOTHNCCD\Normal cases\Normal case (276).jpg,normal,normal,0.717441976070404,0.7020068848505616,0.6091541994319972,0.020788131,True,True
MiniConvNet,external,Normal case (277).jpg,C:\Users\shrey\Downloads\MIP_project_part2\Lung-Cancer-Classification-\Lung-Cancer-Classification-\Data_External_IQOTHNCCD\Normal cases\Normal case (277).jpg,normal,normal,0.7748003005981445,0.748029706068337,0.5644893976519386,0.023891492,True,True
MiniConvNet,external,Normal case (278).jpg,C:\Users\shrey\Downloads\MIP_project_part2\Lung-Cancer-Classification-\Lung-Cancer-Classification-\Data_External_IQOTHNCCD\Normal cases\Normal case (278).jpg,normal,normal,0.7837516665458679,0.7688755164854228,0.5406313969840812,0.008868928,True,True
MiniConvNet,external,Normal case (279).jpg,C:\Users\shrey\Downloads\MIP_project_part2\Lung-Cancer-Classification-\Lung-Cancer-Classification-\Data_External_IQOTHNCCD\Normal cases\Normal case (279).jpg,normal,normal,0.8349499106407166,0.7957476442679763,0.5062412343828486,0.0059997374,True,True
MiniConvNet,external,Normal case (28).jpg,C:\Users\shrey\Downloads\MIP_project_part2\Lung-Cancer-Classification-\Lung-Cancer-Classification-\Data_External_IQOTHNCCD\Normal cases\Normal case (28).jpg,normal,normal,0.8079143762588501,0.7424332872033119,0.5704963413045117,0.01938415,True,True
MiniConvNet,external,Normal case (280).jpg,C:\Users\shrey\Downloads\MIP_project_part2\Lung-Cancer-Classification-\Lung-Cancer-Classification-\Data_External_IQOTHNCCD\Normal cases\Normal case (280).jpg,normal,normal,0.6504418849945068,0.550249207764864,0.6880886510508528,0.016626114,True,True
MiniConvNet,external,Normal case (281).jpg,C:\Users\shrey\Downloads\MIP_project_part2\Lung-Cancer-Classification-\Lung-Cancer-Classification-\Data_External_IQOTHNCCD\Normal cases\Normal case (281).jpg,normal,normal,0.672370433807373,0.6134327575564384,0.6671877453735419,0.021351637,True,True
MiniConvNet,external,Normal case (282).jpg,C:\Users\shrey\Downloads\MIP_project_part2\Lung-Cancer-Classification-\Lung-Cancer-Classification-\Data_External_IQOTHNCCD\Normal cases\Normal case (282).jpg,normal,normal,0.7045648694038391,0.7097604805603623,0.6023660400706726,0.012521252,True,True
MiniConvNet,external,Normal case (283).jpg,C:\Users\shrey\Downloads\MIP_project_part2\Lung-Cancer-Classification-\Lung-Cancer-Classification-\Data_External_IQOTHNCCD\Normal cases\Normal case (283).jpg,normal,normal,0.734509289264679,0.721735680475831,0.5913065288566317,0.007308177,True,True
MiniConvNet,external,Normal case (284).jpg,C:\Users\shrey\Downloads\MIP_project_part2\Lung-Cancer-Classification-\Lung-Cancer-Classification-\Data_External_IQOTHNCCD\Normal cases\Normal case (284).jpg,normal,normal,0.7430717945098877,0.6726548932492733,0.6322824984009782,0.00973906,True,True
MiniConvNet,external,Normal case (285).jpg,C:\Users\shrey\Downloads\MIP_project_part2\Lung-Cancer-Classification-\Lung-Cancer-Classification-\Data_External_IQOTHNCCD\Normal cases\Normal case (285).jpg,normal,normal,0.7316354513168335,0.6669306680560112,0.6363309797425386,0.030369561,True,True
MiniConvNet,external,Normal case (286).jpg,C:\Users\shrey\Downloads\MIP_project_part2\Lung-Cancer-Classification-\Lung-Cancer-Classification-\Data_External_IQOTHNCCD\Normal cases\Normal case (286).jpg,normal,normal,0.726662278175354,0.6984461974352598,0.6121750822066869,0.0151792085,True,True
MiniConvNet,external,Normal case (287).jpg,C:\Users\shrey\Downloads\MIP_project_part2\Lung-Cancer-Classification-\Lung-Cancer-Classification-\Data_External_IQOTHNCCD\Normal cases\Normal case (287).jpg,normal,normal,0.7357867956161499,0.7044818010181189,0.6070188936850793,0.020380996,True,True
MiniConvNet,external,Normal case (288).jpg,C:\Users\shrey\Downloads\MIP_project_part2\Lung-Cancer-Classification-\Lung-Cancer-Classification-\Data_External_IQOTHNCCD\Normal cases\Normal case (288).jpg,normal,normal,0.7264982461929321,0.6789121683686972,0.6276867202728627,0.015633903,True,True
MiniConvNet,external,Normal case (289).jpg,C:\Users\shrey\Downloads\MIP_project_part2\Lung-Cancer-Classification-\Lung-Cancer-Classification-\Data_External_IQOTHNCCD\Normal cases\Normal case (289).jpg,normal,normal,0.7307979464530945,0.7389152832329273,0.574188413211602,0.018338583,True,True
MiniConvNet,external,Normal case (29).jpg,C:\Users\shrey\Downloads\MIP_project_part2\Lung-Cancer-Classification-\Lung-Cancer-Classification-\Data_External_IQOTHNCCD\Normal cases\Normal case (29).jpg,normal,normal,0.644465982913971,0.5690118912607431,0.6835914323368832,0.01671258,True,True
MiniConvNet,external,Normal case (290).jpg,C:\Users\shrey\Downloads\MIP_project_part2\Lung-Cancer-Classification-\Lung-Cancer-Classification-\Data_External_IQOTHNCCD\Normal cases\Normal case (290).jpg,normal,normal,0.7077226638793945,0.674140851944685,0.6312073121928303,0.029469054,True,True
MiniConvNet,external,Normal case (291).jpg,C:\Users\shrey\Downloads\MIP_project_part2\Lung-Cancer-Classification-\Lung-Cancer-Classification-\Data_External_IQOTHNCCD\Normal cases\Normal case (291).jpg,normal,normal,0.7267943024635315,0.7070002593100071,0.6048158367056964,0.021892019,True,True
MiniConvNet,external,Normal case (292).jpg,C:\Users\shrey\Downloads\MIP_project_part2\Lung-Cancer-Classification-\Lung-Cancer-Classification-\Data_External_IQOTHNCCD\Normal cases\Normal case (292).jpg,normal,normal,0.6024523973464966,0.6198148839175701,0.6641546518278012,0.018926796,True,True
MiniConvNet,external,Normal case (293).jpg,C:\Users\shrey\Downloads\MIP_project_part2\Lung-Cancer-Classification-\Lung-Cancer-Classification-\Data_External_IQOTHNCCD\Normal cases\Normal case (293).jpg,normal,normal,0.659069836139679,0.6255528191104531,0.6612802161215527,0.019237084,True,True
MiniConvNet,external,Normal case (294).jpg,C:\Users\shrey\Downloads\MIP_project_part2\Lung-Cancer-Classification-\Lung-Cancer-Classification-\Data_External_IQOTHNCCD\Normal cases\Normal case (294).jpg,normal,normal,0.5807029008865356,0.5301902741193771,0.6913231605293135,0.015068357,True,True
MiniConvNet,external,Normal case (295).jpg,C:\Users\shrey\Downloads\MIP_project_part2\Lung-Cancer-Classification-\Lung-Cancer-Classification-\Data_External_IQOTHNCCD\Normal cases\Normal case (295).jpg,normal,normal,0.5915101170539856,0.550432974472642,0.6880515234105655,0.021029608,True,True
MiniConvNet,external,Normal case (296).jpg,C:\Users\shrey\Downloads\MIP_project_part2\Lung-Cancer-Classification-\Lung-Cancer-Classification-\Data_External_IQOTHNCCD\Normal cases\Normal case (296).jpg,normal,normal,0.5796440839767456,0.5461477991193533,0.688881888077399,0.019188432,True,True
MiniConvNet,external,Normal case (297).jpg,C:\Users\shrey\Downloads\MIP_project_part2\Lung-Cancer-Classification-\Lung-Cancer-Classification-\Data_External_IQOTHNCCD\Normal cases\Normal case (297).jpg,normal,normal,0.815581738948822,0.7438338156789541,0.569008571706329,0.010483766,True,True
MiniConvNet,external,Normal case (298).jpg,C:\Users\shrey\Downloads\MIP_project_part2\Lung-Cancer-Classification-\Lung-Cancer-Classification-\Data_External_IQOTHNCCD\Normal cases\Normal case (298).jpg,normal,normal,0.8200474381446838,0.7384013570845127,0.5747224172168666,0.013059511,True,True
MiniConvNet,external,Normal case (299).jpg,C:\Users\shrey\Downloads\MIP_project_part2\Lung-Cancer-Classification-\Lung-Cancer-Classification-\Data_External_IQOTHNCCD\Normal cases\Normal case (299).jpg,normal,normal,0.8556565642356873,0.8066158071160316,0.4910929734790006,0.00577111,True,True
MiniConvNet,external,Normal case (3).jpg,C:\Users\shrey\Downloads\MIP_project_part2\Lung-Cancer-Classification-\Lung-Cancer-Classification-\Data_External_IQOTHNCCD\Normal cases\Normal case (3).jpg,normal,normal,0.7847071886062622,0.7481665071099997,0.5643404964283975,0.009882652,True,True
MiniConvNet,external,Normal case (30).jpg,C:\Users\shrey\Downloads\MIP_project_part2\Lung-Cancer-Classification-\Lung-Cancer-Classification-\Data_External_IQOTHNCCD\Normal cases\Normal case (30).jpg,normal,normal,0.5476104617118835,0.5362674985080957,0.6905142207394496,0.011035968,True,True
MiniConvNet,external,Normal case (300).jpg,C:\Users\shrey\Downloads\MIP_project_part2\Lung-Cancer-Classification-\Lung-Cancer-Classification-\Data_External_IQOTHNCCD\Normal cases\Normal case (300).jpg,normal,normal,0.8343859314918518,0.7944328375160694,0.5080239737822954,0.0068378523,True,True
MiniConvNet,external,Normal case (301).jpg,C:\Users\shrey\Downloads\MIP_project_part2\Lung-Cancer-Classification-\Lung-Cancer-Classification-\Data_External_IQOTHNCCD\Normal cases\Normal case (301).jpg,normal,normal,0.8123490810394287,0.7777595240622759,0.529729044753219,0.009332904,True,True
MiniConvNet,external,Normal case (302).jpg,C:\Users\shrey\Downloads\MIP_project_part2\Lung-Cancer-Classification-\Lung-Cancer-Classification-\Data_External_IQOTHNCCD\Normal cases\Normal case (302).jpg,normal,normal,0.7865925431251526,0.7397407870739698,0.5733279114584479,0.014410663,True,True
MiniConvNet,external,Normal case (303).jpg,C:\Users\shrey\Downloads\MIP_project_part2\Lung-Cancer-Classification-\Lung-Cancer-Classification-\Data_External_IQOTHNCCD\Normal cases\Normal case (303).jpg,normal,normal,0.7687879204750061,0.739461425691843,0.5736195396723172,0.010461597,True,True
MiniConvNet,external,Normal case (304).jpg,C:\Users\shrey\Downloads\MIP_project_part2\Lung-Cancer-Classification-\Lung-Cancer-Classification-\Data_External_IQOTHNCCD\Normal cases\Normal case (304).jpg,normal,normal,0.7407152056694031,0.7239367216825485,0.5891966768588099,0.012653327,True,True
MiniConvNet,external,Normal case (305).jpg,C:\Users\shrey\Downloads\MIP_project_part2\Lung-Cancer-Classification-\Lung-Cancer-Classification-\Data_External_IQOTHNCCD\Normal cases\Normal case (305).jpg,normal,normal,0.7710504531860352,0.7876719050109386,0.5170249174835448,0.006513306,True,True
MiniConvNet,external,Normal case (306).jpg,C:\Users\shrey\Downloads\MIP_project_part2\Lung-Cancer-Classification-\Lung-Cancer-Classification-\Data_External_IQOTHNCCD\Normal cases\Normal case (306).jpg,normal,normal,0.7810770273208618,0.7672804035246373,0.5425416390302212,0.00813742,True,True
MiniConvNet,external,Normal case (307).jpg,C:\Users\shrey\Downloads\MIP_project_part2\Lung-Cancer-Classification-\Lung-Cancer-Classification-\Data_External_IQOTHNCCD\Normal cases\Normal case (307).jpg,normal,normal,0.7821411490440369,0.7790520861744881,0.5281050495186329,0.0109903375,True,True
MiniConvNet,external,Normal case (308).jpg,C:\Users\shrey\Downloads\MIP_project_part2\Lung-Cancer-Classification-\Lung-Cancer-Classification-\Data_External_IQOTHNCCD\Normal cases\Normal case (308).jpg,normal,normal,0.780205488204956,0.7289213128387928,0.5843287902217266,0.0079686865,True,True
MiniConvNet,external,Normal case (309).jpg,C:\Users\shrey\Downloads\MIP_project_part2\Lung-Cancer-Classification-\Lung-Cancer-Classification-\Data_External_IQOTHNCCD\Normal cases\Normal case (309).jpg,normal,normal,0.7891163229942322,0.7353697530925274,0.5778445146774958,0.013424473,True,True
MiniConvNet,external,Normal case (31).jpg,C:\Users\shrey\Downloads\MIP_project_part2\Lung-Cancer-Classification-\Lung-Cancer-Classification-\Data_External_IQOTHNCCD\Normal cases\Normal case (31).jpg,normal,normal,0.7604960203170776,0.7746806424111128,0.533558494340932,0.012735332,True,True
MiniConvNet,external,Normal case (310).jpg,C:\Users\shrey\Downloads\MIP_project_part2\Lung-Cancer-Classification-\Lung-Cancer-Classification-\Data_External_IQOTHNCCD\Normal cases\Normal case (310).jpg,normal,normal,0.7994734048843384,0.7333946824073792,0.5798530598903175,0.009840345,True,True
MiniConvNet,external,Normal case (311).jpg,C:\Users\shrey\Downloads\MIP_project_part2\Lung-Cancer-Classification-\Lung-Cancer-Classification-\Data_External_IQOTHNCCD\Normal cases\Normal case (311).jpg,normal,normal,0.8043366074562073,0.6888228319585323,0.6200392813277863,0.02618425,True,True
MiniConvNet,external,Normal case (312).jpg,C:\Users\shrey\Downloads\MIP_project_part2\Lung-Cancer-Classification-\Lung-Cancer-Classification-\Data_External_IQOTHNCCD\Normal cases\Normal case (312).jpg,normal,normal,0.8076741695404053,0.7948127090930939,0.5075099170235521,0.007454008,True,True
MiniConvNet,external,Normal case (313).jpg,C:\Users\shrey\Downloads\MIP_project_part2\Lung-Cancer-Classification-\Lung-Cancer-Classification-\Data_External_IQOTHNCCD\Normal cases\Normal case (313).jpg,normal,normal,0.9489925503730774,0.9316349150612951,0.2493892063093105,0.0023888191,True,True
MiniConvNet,external,Normal case (314).jpg,C:\Users\shrey\Downloads\MIP_project_part2\Lung-Cancer-Classification-\Lung-Cancer-Classification-\Data_External_IQOTHNCCD\Normal cases\Normal case (314).jpg,normal,normal,0.9568573832511902,0.964965885039419,0.1518276185720232,0.00026944609,True,True
MiniConvNet,external,Normal case (315).jpg,C:\Users\shrey\Downloads\MIP_project_part2\Lung-Cancer-Classification-\Lung-Cancer-Classification-\Data_External_IQOTHNCCD\Normal cases\Normal case (315).jpg,normal,normal,0.953525185585022,0.955747364088893,0.1812313111445099,0.0012293862,True,True
MiniConvNet,external,Normal case (316).jpg,C:\Users\shrey\Downloads\MIP_project_part2\Lung-Cancer-Classification-\Lung-Cancer-Classification-\Data_External_IQOTHNCCD\Normal cases\Normal case (316).jpg,normal,normal,0.941591203212738,0.9086126014590264,0.305736106596929,0.0069893915,True,True
MiniConvNet,external,Normal case (317).jpg,C:\Users\shrey\Downloads\MIP_project_part2\Lung-Cancer-Classification-\Lung-Cancer-Classification-\Data_External_IQOTHNCCD\Normal cases\Normal case (317).jpg,normal,normal,0.948158085346222,0.8963130675256253,0.3331092793397776,0.007870768,True,True
MiniConvNet,external,Normal case (318).jpg,C:\Users\shrey\Downloads\MIP_project_part2\Lung-Cancer-Classification-\Lung-Cancer-Classification-\Data_External_IQOTHNCCD\Normal cases\Normal case (318).jpg,normal,normal,0.9433536529541016,0.9199695372954011,0.2788438009584952,0.0019171966,True,True
MiniConvNet,external,Normal case (319).jpg,C:\Users\shrey\Downloads\MIP_project_part2\Lung-Cancer-Classification-\Lung-Cancer-Classification-\Data_External_IQOTHNCCD\Normal cases\Normal case (319).jpg,normal,normal,0.9368833303451538,0.8944684937596322,0.3370696124519371,0.0044809673,True,True
MiniConvNet,external,Normal case (32).jpg,C:\Users\shrey\Downloads\MIP_project_part2\Lung-Cancer-Classification-\Lung-Cancer-Classification-\Data_External_IQOTHNCCD\Normal cases\Normal case (32).jpg,normal,normal,0.7302389740943909,0.6981773655861616,0.6124006956054084,0.020089498,True,True
MiniConvNet,external,Normal case (320).jpg,C:\Users\shrey\Downloads\MIP_project_part2\Lung-Cancer-Classification-\Lung-Cancer-Classification-\Data_External_IQOTHNCCD\Normal cases\Normal case (320).jpg,normal,normal,0.951447367668152,0.9327367013320327,0.2465017263311574,0.0019071324,True,True
MiniConvNet,external,Normal case (321).jpg,C:\Users\shrey\Downloads\MIP_project_part2\Lung-Cancer-Classification-\Lung-Cancer-Classification-\Data_External_IQOTHNCCD\Normal cases\Normal case (321).jpg,normal,normal,0.953325629234314,0.9512263322249055,0.1948884080201365,0.0007328975,True,True
MiniConvNet,external,Normal case (322).jpg,C:\Users\shrey\Downloads\MIP_project_part2\Lung-Cancer-Classification-\Lung-Cancer-Classification-\Data_External_IQOTHNCCD\Normal cases\Normal case (322).jpg,normal,normal,0.9314653277397156,0.9021723801270128,0.3202833719206401,0.004932219,True,True
MiniConvNet,external,Normal case (323).jpg,C:\Users\shrey\Downloads\MIP_project_part2\Lung-Cancer-Classification-\Lung-Cancer-Classification-\Data_External_IQOTHNCCD\Normal cases\Normal case (323).jpg,normal,normal,0.9421593546867372,0.9249175339937211,0.2665916078182582,0.0032521887,True,True
MiniConvNet,external,Normal case (324).jpg,C:\Users\shrey\Downloads\MIP_project_part2\Lung-Cancer-Classification-\Lung-Cancer-Classification-\Data_External_IQOTHNCCD\Normal cases\Normal case (324).jpg,normal,normal,0.8892502784729004,0.8647394729778171,0.3962657321592581,0.0064835823,True,True
MiniConvNet,external,Normal case (325).jpg,C:\Users\shrey\Downloads\MIP_project_part2\Lung-Cancer-Classification-\Lung-Cancer-Classification-\Data_External_IQOTHNCCD\Normal cases\Normal case (325).jpg,normal,normal,0.8755896091461182,0.8274371698498726,0.4599267300726095,0.012163788,True,True
MiniConvNet,external,Normal case (326).jpg,C:\Users\shrey\Downloads\MIP_project_part2\Lung-Cancer-Classification-\Lung-Cancer-Classification-\Data_External_IQOTHNCCD\Normal cases\Normal case (326).jpg,normal,normal,0.8823288083076477,0.8226920329034328,0.4672867326208646,0.013888329,True,True
MiniConvNet,external,Normal case (327).jpg,C:\Users\shrey\Downloads\MIP_project_part2\Lung-Cancer-Classification-\Lung-Cancer-Classification-\Data_External_IQOTHNCCD\Normal cases\Normal case (327).jpg,normal,normal,0.8804624080657959,0.8341068364679813,0.4493141744621722,0.004986999,True,True
MiniConvNet,external,Normal case (328).jpg,C:\Users\shrey\Downloads\MIP_project_part2\Lung-Cancer-Classification-\Lung-Cancer-Classification-\Data_External_IQOTHNCCD\Normal cases\Normal case (328).jpg,normal,normal,0.8094650506973267,0.7862308453768492,0.5189078310677092,0.0051223813,True,True
MiniConvNet,external,Normal case (329).jpg,C:\Users\shrey\Downloads\MIP_project_part2\Lung-Cancer-Classification-\Lung-Cancer-Classification-\Data_External_IQOTHNCCD\Normal cases\Normal case (329).jpg,normal,normal,0.8193798661231995,0.7850048448890448,0.520500102992469,0.013987339,True,True
MiniConvNet,external,Normal case (33).jpg,C:\Users\shrey\Downloads\MIP_project_part2\Lung-Cancer-Classification-\Lung-Cancer-Classification-\Data_External_IQOTHNCCD\Normal cases\Normal case (33).jpg,normal,normal,0.8153507113456726,0.7670267969369889,0.5428439368331249,0.014863123,True,True
MiniConvNet,external,Normal case (330).jpg,C:\Users\shrey\Downloads\MIP_project_part2\Lung-Cancer-Classification-\Lung-Cancer-Classification-\Data_External_IQOTHNCCD\Normal cases\Normal case (330).jpg,normal,normal,0.8315924406051636,0.814850315451622,0.4791130573956161,0.008549353,True,True
MiniConvNet,external,Normal case (331).jpg,C:\Users\shrey\Downloads\MIP_project_part2\Lung-Cancer-Classification-\Lung-Cancer-Classification-\Data_External_IQOTHNCCD\Normal cases\Normal case (331).jpg,normal,normal,0.8319780826568604,0.8021146859973669,0.4974568504030024,0.015709916,True,True
MiniConvNet,external,Normal case (332).jpg,C:\Users\shrey\Downloads\MIP_project_part2\Lung-Cancer-Classification-\Lung-Cancer-Classification-\Data_External_IQOTHNCCD\Normal cases\Normal case (332).jpg,normal,normal,0.8609350919723511,0.8387662395834923,0.4417101520286332,0.009054005,True,True
MiniConvNet,external,Normal case (333).jpg,C:\Users\shrey\Downloads\MIP_project_part2\Lung-Cancer-Classification-\Lung-Cancer-Classification-\Data_External_IQOTHNCCD\Normal cases\Normal case (333).jpg,normal,normal,0.863318145275116,0.8615982569754124,0.4020515970309404,0.0054532974,True,True
MiniConvNet,external,Normal case (334).jpg,C:\Users\shrey\Downloads\MIP_project_part2\Lung-Cancer-Classification-\Lung-Cancer-Classification-\Data_External_IQOTHNCCD\Normal cases\Normal case (334).jpg,normal,normal,0.8548503518104553,0.8267309460788966,0.4610321157851558,0.009564777,True,True
MiniConvNet,external,Normal case (335).jpg,C:\Users\shrey\Downloads\MIP_project_part2\Lung-Cancer-Classification-\Lung-Cancer-Classification-\Data_External_IQOTHNCCD\Normal cases\Normal case (335).jpg,normal,normal,0.8697501420974731,0.8511609975248576,0.420689968365237,0.008409621,True,True
MiniConvNet,external,Normal case (336).jpg,C:\Users\shrey\Downloads\MIP_project_part2\Lung-Cancer-Classification-\Lung-Cancer-Classification-\Data_External_IQOTHNCCD\Normal cases\Normal case (336).jpg,normal,malignant,0.5874094478785992,0.6944041363894939,0.6155313726477686,0.017885553,False,False
MiniConvNet,external,Normal case (337).jpg,C:\Users\shrey\Downloads\MIP_project_part2\Lung-Cancer-Classification-\Lung-Cancer-Classification-\Data_External_IQOTHNCCD\Normal cases\Normal case (337).jpg,normal,normal,0.5047242641448975,0.5230133328586817,0.6920875720657589,0.019683806,True,True
MiniConvNet,external,Normal case (338).jpg,C:\Users\shrey\Downloads\MIP_project_part2\Lung-Cancer-Classification-\Lung-Cancer-Classification-\Data_External_IQOTHNCCD\Normal cases\Normal case (338).jpg,normal,normal,0.5560441613197327,0.48189992271363735,0.6924917891509051,0.013045918,True,False
MiniConvNet,external,Normal case (339).jpg,C:\Users\shrey\Downloads\MIP_project_part2\Lung-Cancer-Classification-\Lung-Cancer-Classification-\Data_External_IQOTHNCCD\Normal cases\Normal case (339).jpg,normal,normal,0.6250420808792114,0.5572937517426908,0.6865675560724985,0.02322633,True,True
MiniConvNet,external,Normal case (34).jpg,C:\Users\shrey\Downloads\MIP_project_part2\Lung-Cancer-Classification-\Lung-Cancer-Classification-\Data_External_IQOTHNCCD\Normal cases\Normal case (34).jpg,normal,normal,0.8008517622947693,0.7493864856660366,0.5630081531665302,0.016262555,True,True
MiniConvNet,external,Normal case (340).jpg,C:\Users\shrey\Downloads\MIP_project_part2\Lung-Cancer-Classification-\Lung-Cancer-Classification-\Data_External_IQOTHNCCD\Normal cases\Normal case (340).jpg,normal,normal,0.6644740104675293,0.6150070140138268,0.6664556004219433,0.019590119,True,True
MiniConvNet,external,Normal case (341).jpg,C:\Users\shrey\Downloads\MIP_project_part2\Lung-Cancer-Classification-\Lung-Cancer-Classification-\Data_External_IQOTHNCCD\Normal cases\Normal case (341).jpg,normal,normal,0.6606999039649963,0.6693624900653958,0.6346292304010327,0.009625861,True,True
MiniConvNet,external,Normal case (342).jpg,C:\Users\shrey\Downloads\MIP_project_part2\Lung-Cancer-Classification-\Lung-Cancer-Classification-\Data_External_IQOTHNCCD\Normal cases\Normal case (342).jpg,normal,normal,0.6869730949401855,0.6315938793122768,0.6581019689988226,0.01894023,True,True
MiniConvNet,external,Normal case (343).jpg,C:\Users\shrey\Downloads\MIP_project_part2\Lung-Cancer-Classification-\Lung-Cancer-Classification-\Data_External_IQOTHNCCD\Normal cases\Normal case (343).jpg,normal,normal,0.692418098449707,0.7334341807290912,0.5798130734724858,0.009243432,True,True
MiniConvNet,external,Normal case (344).jpg,C:\Users\shrey\Downloads\MIP_project_part2\Lung-Cancer-Classification-\Lung-Cancer-Classification-\Data_External_IQOTHNCCD\Normal cases\Normal case (344).jpg,normal,malignant,0.9850207106210292,0.9645247387234122,0.1532875570953421,0.0055672745,False,False
MiniConvNet,external,Normal case (345).jpg,C:\Users\shrey\Downloads\MIP_project_part2\Lung-Cancer-Classification-\Lung-Cancer-Classification-\Data_External_IQOTHNCCD\Normal cases\Normal case (345).jpg,normal,malignant,0.6184312989935279,0.669697368517518,0.6343927439090962,0.03241332,False,False
MiniConvNet,external,Normal case (346).jpg,C:\Users\shrey\Downloads\MIP_project_part2\Lung-Cancer-Classification-\Lung-Cancer-Classification-\Data_External_IQOTHNCCD\Normal cases\Normal case (346).jpg,normal,malignant,0.5200605466961861,0.557406865991652,0.6865415164661517,0.056901522,False,False
MiniConvNet,external,Normal case (347).jpg,C:\Users\shrey\Downloads\MIP_project_part2\Lung-Cancer-Classification-\Lung-Cancer-Classification-\Data_External_IQOTHNCCD\Normal cases\Normal case (347).jpg,normal,normal,0.5877159833908081,0.5730365416966379,0.6824402356160157,0.027710127,True,True
MiniConvNet,external,Normal case (348).jpg,C:\Users\shrey\Downloads\MIP_project_part2\Lung-Cancer-Classification-\Lung-Cancer-Classification-\Data_External_IQOTHNCCD\Normal cases\Normal case (348).jpg,normal,normal,0.7389168739318848,0.7461904571391642,0.566481804889903,0.021092052,True,True
MiniConvNet,external,Normal case (349).jpg,C:\Users\shrey\Downloads\MIP_project_part2\Lung-Cancer-Classification-\Lung-Cancer-Classification-\Data_External_IQOTHNCCD\Normal cases\Normal case (349).jpg,normal,normal,0.7310912013053894,0.66054049693048,0.6406763390082334,0.03562245,True,True
MiniConvNet,external,Normal case (35).jpg,C:\Users\shrey\Downloads\MIP_project_part2\Lung-Cancer-Classification-\Lung-Cancer-Classification-\Data_External_IQOTHNCCD\Normal cases\Normal case (35).jpg,normal,normal,0.8902835845947266,0.8554698005318642,0.4131026719750919,0.0076457714,True,True
MiniConvNet,external,Normal case (350).jpg,C:\Users\shrey\Downloads\MIP_project_part2\Lung-Cancer-Classification-\Lung-Cancer-Classification-\Data_External_IQOTHNCCD\Normal cases\Normal case (350).jpg,normal,normal,0.8302914500236511,0.7853212053887546,0.5200900349026859,0.01061605,True,True
MiniConvNet,external,Normal case (351).jpg,C:\Users\shrey\Downloads\MIP_project_part2\Lung-Cancer-Classification-\Lung-Cancer-Classification-\Data_External_IQOTHNCCD\Normal cases\Normal case (351).jpg,normal,normal,0.8933866024017334,0.8150147208943963,0.478869215628848,0.044477213,True,True
MiniConvNet,external,Normal case (352).jpg,C:\Users\shrey\Downloads\MIP_project_part2\Lung-Cancer-Classification-\Lung-Cancer-Classification-\Data_External_IQOTHNCCD\Normal cases\Normal case (352).jpg,normal,normal,0.8974865078926086,0.8468841845169663,0.4280759221842168,0.024902046,True,True
MiniConvNet,external,Normal case (353).jpg,C:\Users\shrey\Downloads\MIP_project_part2\Lung-Cancer-Classification-\Lung-Cancer-Classification-\Data_External_IQOTHNCCD\Normal cases\Normal case (353).jpg,normal,normal,0.904394030570984,0.8952526745852083,0.3353905066227167,0.0047947755,True,True
MiniConvNet,external,Normal case (354).jpg,C:\Users\shrey\Downloads\MIP_project_part2\Lung-Cancer-Classification-\Lung-Cancer-Classification-\Data_External_IQOTHNCCD\Normal cases\Normal case (354).jpg,normal,normal,0.8896375894546509,0.8058161183726043,0.4922329904811736,0.021824632,True,True
MiniConvNet,external,Normal case (355).jpg,C:\Users\shrey\Downloads\MIP_project_part2\Lung-Cancer-Classification-\Lung-Cancer-Classification-\Data_External_IQOTHNCCD\Normal cases\Normal case (355).jpg,normal,normal,0.7838718891143799,0.7443916238844395,0.5684131558949441,0.0138044525,True,True
MiniConvNet,external,Normal case (356).jpg,C:\Users\shrey\Downloads\MIP_project_part2\Lung-Cancer-Classification-\Lung-Cancer-Classification-\Data_External_IQOTHNCCD\Normal cases\Normal case (356).jpg,normal,normal,0.8261642456054688,0.8422935260459781,0.4358470652522156,0.006096575,True,True
MiniConvNet,external,Normal case (357).jpg,C:\Users\shrey\Downloads\MIP_project_part2\Lung-Cancer-Classification-\Lung-Cancer-Classification-\Data_External_IQOTHNCCD\Normal cases\Normal case (357).jpg,normal,normal,0.820524275302887,0.7902662493288517,0.5136036764586541,0.0065090805,True,True
MiniConvNet,external,Normal case (358).jpg,C:\Users\shrey\Downloads\MIP_project_part2\Lung-Cancer-Classification-\Lung-Cancer-Classification-\Data_External_IQOTHNCCD\Normal cases\Normal case (358).jpg,normal,normal,0.7514626383781433,0.7008505277335644,0.6101419932469546,0.014806616,True,True
MiniConvNet,external,Normal case (359).jpg,C:\Users\shrey\Downloads\MIP_project_part2\Lung-Cancer-Classification-\Lung-Cancer-Classification-\Data_External_IQOTHNCCD\Normal cases\Normal case (359).jpg,normal,normal,0.7575480341911316,0.776627803221345,0.5311430417535905,0.0018649031,True,True
MiniConvNet,external,Normal case (36).jpg,C:\Users\shrey\Downloads\MIP_project_part2\Lung-Cancer-Classification-\Lung-Cancer-Classification-\Data_External_IQOTHNCCD\Normal cases\Normal case (36).jpg,normal,normal,0.8803959488868713,0.8661811389029026,0.3935823144114975,0.004201097,True,True
MiniConvNet,external,Normal case (360).jpg,C:\Users\shrey\Downloads\MIP_project_part2\Lung-Cancer-Classification-\Lung-Cancer-Classification-\Data_External_IQOTHNCCD\Normal cases\Normal case (360).jpg,normal,normal,0.7705041170120239,0.7611495638266206,0.5497512073495567,0.0062356303,True,True
MiniConvNet,external,Normal case (361).jpg,C:\Users\shrey\Downloads\MIP_project_part2\Lung-Cancer-Classification-\Lung-Cancer-Classification-\Data_External_IQOTHNCCD\Normal cases\Normal case (361).jpg,normal,normal,0.7782104015350342,0.7734299451112748,0.5350986246225802,0.006508709,True,True
MiniConvNet,external,Normal case (362).jpg,C:\Users\shrey\Downloads\MIP_project_part2\Lung-Cancer-Classification-\Lung-Cancer-Classification-\Data_External_IQOTHNCCD\Normal cases\Normal case (362).jpg,normal,normal,0.7797235250473022,0.7290076985955238,0.5842433350327546,0.011258354,True,True
MiniConvNet,external,Normal case (363).jpg,C:\Users\shrey\Downloads\MIP_project_part2\Lung-Cancer-Classification-\Lung-Cancer-Classification-\Data_External_IQOTHNCCD\Normal cases\Normal case (363).jpg,normal,normal,0.7833466529846191,0.7520978450775146,0.560018668365546,0.009413608,True,True
MiniConvNet,external,Normal case (364).jpg,C:\Users\shrey\Downloads\MIP_project_part2\Lung-Cancer-Classification-\Lung-Cancer-Classification-\Data_External_IQOTHNCCD\Normal cases\Normal case (364).jpg,normal,normal,0.7847663760185242,0.7898949775844812,0.5140957685880596,0.009527935,True,True
MiniConvNet,external,Normal case (365).jpg,C:\Users\shrey\Downloads\MIP_project_part2\Lung-Cancer-Classification-\Lung-Cancer-Classification-\Data_External_IQOTHNCCD\Normal cases\Normal case (365).jpg,normal,normal,0.777971625328064,0.7405783049762249,0.5724511248878955,0.01319259,True,True
MiniConvNet,external,Normal case (366).jpg,C:\Users\shrey\Downloads\MIP_project_part2\Lung-Cancer-Classification-\Lung-Cancer-Classification-\Data_External_IQOTHNCCD\Normal cases\Normal case (366).jpg,normal,normal,0.79487544298172,0.8005874995142221,0.4995869156964744,0.0034346434,True,True
MiniConvNet,external,Normal case (367).jpg,C:\Users\shrey\Downloads\MIP_project_part2\Lung-Cancer-Classification-\Lung-Cancer-Classification-\Data_External_IQOTHNCCD\Normal cases\Normal case (367).jpg,normal,normal,0.8002305626869202,0.794095303863287,0.5084799734709886,0.006382595,True,True
MiniConvNet,external,Normal case (368).jpg,C:\Users\shrey\Downloads\MIP_project_part2\Lung-Cancer-Classification-\Lung-Cancer-Classification-\Data_External_IQOTHNCCD\Normal cases\Normal case (368).jpg,normal,normal,0.8022112250328064,0.790363647043705,0.5134744495918913,0.0064168302,True,True
MiniConvNet,external,Normal case (369).jpg,C:\Users\shrey\Downloads\MIP_project_part2\Lung-Cancer-Classification-\Lung-Cancer-Classification-\Data_External_IQOTHNCCD\Normal cases\Normal case (369).jpg,normal,normal,0.8006229400634766,0.7849799245595932,0.5205324157730233,0.014907474,True,True
MiniConvNet,external,Normal case (37).jpg,C:\Users\shrey\Downloads\MIP_project_part2\Lung-Cancer-Classification-\Lung-Cancer-Classification-\Data_External_IQOTHNCCD\Normal cases\Normal case (37).jpg,normal,normal,0.698068380355835,0.6680341977626085,0.6355620583766038,0.018700818,True,True
MiniConvNet,external,Normal case (370).jpg,C:\Users\shrey\Downloads\MIP_project_part2\Lung-Cancer-Classification-\Lung-Cancer-Classification-\Data_External_IQOTHNCCD\Normal cases\Normal case (370).jpg,normal,normal,0.7738585472106934,0.7617888040840626,0.5490092374175021,0.013039114,True,True
MiniConvNet,external,Normal case (371).jpg,C:\Users\shrey\Downloads\MIP_project_part2\Lung-Cancer-Classification-\Lung-Cancer-Classification-\Data_External_IQOTHNCCD\Normal cases\Normal case (371).jpg,normal,normal,0.787864089012146,0.7928313910961151,0.5101810696905422,0.002388894,True,True
MiniConvNet,external,Normal case (372).jpg,C:\Users\shrey\Downloads\MIP_project_part2\Lung-Cancer-Classification-\Lung-Cancer-Classification-\Data_External_IQOTHNCCD\Normal cases\Normal case (372).jpg,normal,normal,0.7940042614936829,0.7134785912930965,0.5990074910640237,0.011606434,True,True
MiniConvNet,external,Normal case (373).jpg,C:\Users\shrey\Downloads\MIP_project_part2\Lung-Cancer-Classification-\Lung-Cancer-Classification-\Data_External_IQOTHNCCD\Normal cases\Normal case (373).jpg,normal,normal,0.7925603985786438,0.7348764855414629,0.5783480018036687,0.008511321,True,True
MiniConvNet,external,Normal case (374).jpg,C:\Users\shrey\Downloads\MIP_project_part2\Lung-Cancer-Classification-\Lung-Cancer-Classification-\Data_External_IQOTHNCCD\Normal cases\Normal case (374).jpg,normal,normal,0.7959773540496826,0.7510643750429153,0.5611627532917676,0.0132856155,True,True
MiniConvNet,external,Normal case (375).jpg,C:\Users\shrey\Downloads\MIP_project_part2\Lung-Cancer-Classification-\Lung-Cancer-Classification-\Data_External_IQOTHNCCD\Normal cases\Normal case (375).jpg,normal,normal,0.792658269405365,0.7870842069387436,0.5177943306072654,0.0034084108,True,True
MiniConvNet,external,Normal case (376).jpg,C:\Users\shrey\Downloads\MIP_project_part2\Lung-Cancer-Classification-\Lung-Cancer-Classification-\Data_External_IQOTHNCCD\Normal cases\Normal case (376).jpg,normal,normal,0.7920916080474854,0.7864180561155081,0.518663997065959,0.0070373616,True,True
MiniConvNet,external,Normal case (377).jpg,C:\Users\shrey\Downloads\MIP_project_part2\Lung-Cancer-Classification-\Lung-Cancer-Classification-\Data_External_IQOTHNCCD\Normal cases\Normal case (377).jpg,normal,normal,0.821213960647583,0.8270377423614264,0.4605522894053998,0.004331496,True,True
MiniConvNet,external,Normal case (378).jpg,C:\Users\shrey\Downloads\MIP_project_part2\Lung-Cancer-Classification-\Lung-Cancer-Classification-\Data_External_IQOTHNCCD\Normal cases\Normal case (378).jpg,normal,normal,0.8343579173088074,0.7879978250712157,0.5165974728572581,0.01194761,True,True
MiniConvNet,external,Normal case (379).jpg,C:\Users\shrey\Downloads\MIP_project_part2\Lung-Cancer-Classification-\Lung-Cancer-Classification-\Data_External_IQOTHNCCD\Normal cases\Normal case (379).jpg,normal,normal,0.8286321759223938,0.8110006507486105,0.4847687107148971,0.0041541634,True,True
MiniConvNet,external,Normal case (38).jpg,C:\Users\shrey\Downloads\MIP_project_part2\Lung-Cancer-Classification-\Lung-Cancer-Classification-\Data_External_IQOTHNCCD\Normal cases\Normal case (38).jpg,normal,normal,0.8403189778327942,0.808983625844121,0.4876933674345374,0.010266486,True,True
MiniConvNet,external,Normal case (380).jpg,C:\Users\shrey\Downloads\MIP_project_part2\Lung-Cancer-Classification-\Lung-Cancer-Classification-\Data_External_IQOTHNCCD\Normal cases\Normal case (380).jpg,normal,normal,0.8294934034347534,0.8319496251642704,0.452781351070422,0.00935954,True,True
MiniConvNet,external,Normal case (381).jpg,C:\Users\shrey\Downloads\MIP_project_part2\Lung-Cancer-Classification-\Lung-Cancer-Classification-\Data_External_IQOTHNCCD\Normal cases\Normal case (381).jpg,normal,normal,0.8246458172798157,0.792169526219368,0.5110679540441082,0.00839575,True,True
MiniConvNet,external,Normal case (382).jpg,C:\Users\shrey\Downloads\MIP_project_part2\Lung-Cancer-Classification-\Lung-Cancer-Classification-\Data_External_IQOTHNCCD\Normal cases\Normal case (382).jpg,normal,normal,0.8136410117149353,0.8230044730007648,0.4668069399532764,0.0064728814,True,True
MiniConvNet,external,Normal case (383).jpg,C:\Users\shrey\Downloads\MIP_project_part2\Lung-Cancer-Classification-\Lung-Cancer-Classification-\Data_External_IQOTHNCCD\Normal cases\Normal case (383).jpg,normal,normal,0.8028927445411682,0.7704361416399479,0.538748790109741,0.010259598,True,True
MiniConvNet,external,Normal case (384).jpg,C:\Users\shrey\Downloads\MIP_project_part2\Lung-Cancer-Classification-\Lung-Cancer-Classification-\Data_External_IQOTHNCCD\Normal cases\Normal case (384).jpg,normal,normal,0.7779313921928406,0.7739518545567989,0.5344570205716143,0.009948781,True,True
MiniConvNet,external,Normal case (385).jpg,C:\Users\shrey\Downloads\MIP_project_part2\Lung-Cancer-Classification-\Lung-Cancer-Classification-\Data_External_IQOTHNCCD\Normal cases\Normal case (385).jpg,normal,normal,0.887817919254303,0.846447835676372,0.4288214209090186,0.007217245,True,True
MiniConvNet,external,Normal case (386).jpg,C:\Users\shrey\Downloads\MIP_project_part2\Lung-Cancer-Classification-\Lung-Cancer-Classification-\Data_External_IQOTHNCCD\Normal cases\Normal case (386).jpg,normal,normal,0.6952784657478333,0.5959406513720751,0.6746233005744501,0.025572937,True,True
MiniConvNet,external,Normal case (387).jpg,C:\Users\shrey\Downloads\MIP_project_part2\Lung-Cancer-Classification-\Lung-Cancer-Classification-\Data_External_IQOTHNCCD\Normal cases\Normal case (387).jpg,normal,normal,0.6501376032829285,0.6675627594813704,0.6358911871724302,0.010050266,True,True
MiniConvNet,external,Normal case (388).jpg,C:\Users\shrey\Downloads\MIP_project_part2\Lung-Cancer-Classification-\Lung-Cancer-Classification-\Data_External_IQOTHNCCD\Normal cases\Normal case (388).jpg,normal,normal,0.7109062671661377,0.6841154145076871,0.6237283710103813,0.0067482325,True,True
MiniConvNet,external,Normal case (389).jpg,C:\Users\shrey\Downloads\MIP_project_part2\Lung-Cancer-Classification-\Lung-Cancer-Classification-\Data_External_IQOTHNCCD\Normal cases\Normal case (389).jpg,normal,normal,0.7090024948120117,0.758184377104044,0.5531637842958957,0.014898598,True,True
MiniConvNet,external,Normal case (39).jpg,C:\Users\shrey\Downloads\MIP_project_part2\Lung-Cancer-Classification-\Lung-Cancer-Classification-\Data_External_IQOTHNCCD\Normal cases\Normal case (39).jpg,normal,normal,0.5056971311569214,0.513248860836029,0.692796074837374,0.010765393,True,True
MiniConvNet,external,Normal case (390).jpg,C:\Users\shrey\Downloads\MIP_project_part2\Lung-Cancer-Classification-\Lung-Cancer-Classification-\Data_External_IQOTHNCCD\Normal cases\Normal case (390).jpg,normal,normal,0.708092451095581,0.6624066364020109,0.6394262924487412,0.014069961,True,True
MiniConvNet,external,Normal case (391).jpg,C:\Users\shrey\Downloads\MIP_project_part2\Lung-Cancer-Classification-\Lung-Cancer-Classification-\Data_External_IQOTHNCCD\Normal cases\Normal case (391).jpg,normal,normal,0.6925749778747559,0.6528735905885696,0.6456496108578411,0.019364579,True,True
MiniConvNet,external,Normal case (392).jpg,C:\Users\shrey\Downloads\MIP_project_part2\Lung-Cancer-Classification-\Lung-Cancer-Classification-\Data_External_IQOTHNCCD\Normal cases\Normal case (392).jpg,normal,normal,0.7070503830909729,0.6552534475922585,0.6441337377893694,0.034493722,True,True
MiniConvNet,external,Normal case (393).jpg,C:\Users\shrey\Downloads\MIP_project_part2\Lung-Cancer-Classification-\Lung-Cancer-Classification-\Data_External_IQOTHNCCD\Normal cases\Normal case (393).jpg,normal,normal,0.7267140746116638,0.6853477582335472,0.6227725724933775,0.021568645,True,True
MiniConvNet,external,Normal case (394).jpg,C:\Users\shrey\Downloads\MIP_project_part2\Lung-Cancer-Classification-\Lung-Cancer-Classification-\Data_External_IQOTHNCCD\Normal cases\Normal case (394).jpg,normal,normal,0.7313674688339233,0.7103894762694836,0.6018026102579632,0.022233183,True,True
MiniConvNet,external,Normal case (395).jpg,C:\Users\shrey\Downloads\MIP_project_part2\Lung-Cancer-Classification-\Lung-Cancer-Classification-\Data_External_IQOTHNCCD\Normal cases\Normal case (395).jpg,normal,normal,0.754031240940094,0.7415902353823185,0.5713870238539966,0.026199464,True,True
MiniConvNet,external,Normal case (396).jpg,C:\Users\shrey\Downloads\MIP_project_part2\Lung-Cancer-Classification-\Lung-Cancer-Classification-\Data_External_IQOTHNCCD\Normal cases\Normal case (396).jpg,normal,normal,0.7976029515266418,0.7823754381388426,0.523884907435803,0.01376714,True,True
MiniConvNet,external,Normal case (397).jpg,C:\Users\shrey\Downloads\MIP_project_part2\Lung-Cancer-Classification-\Lung-Cancer-Classification-\Data_External_IQOTHNCCD\Normal cases\Normal case (397).jpg,normal,normal,0.822510838508606,0.7242300575599074,0.5889136785839026,0.033249196,True,True
MiniConvNet,external,Normal case (398).jpg,C:\Users\shrey\Downloads\MIP_project_part2\Lung-Cancer-Classification-\Lung-Cancer-Classification-\Data_External_IQOTHNCCD\Normal cases\Normal case (398).jpg,normal,normal,0.8710169792175293,0.8673096220009029,0.3914691329702504,0.011318129,True,True
MiniConvNet,external,Normal case (399).jpg,C:\Users\shrey\Downloads\MIP_project_part2\Lung-Cancer-Classification-\Lung-Cancer-Classification-\Data_External_IQOTHNCCD\Normal cases\Normal case (399).jpg,normal,normal,0.9168637990951538,0.9136624000966549,0.2939815889574093,0.0024189102,True,True
MiniConvNet,external,Normal case (4).jpg,C:\Users\shrey\Downloads\MIP_project_part2\Lung-Cancer-Classification-\Lung-Cancer-Classification-\Data_External_IQOTHNCCD\Normal cases\Normal case (4).jpg,normal,normal,0.7917287349700928,0.7657860079780221,0.5443182446664029,0.02407387,True,True
MiniConvNet,external,Normal case (40).jpg,C:\Users\shrey\Downloads\MIP_project_part2\Lung-Cancer-Classification-\Lung-Cancer-Classification-\Data_External_IQOTHNCCD\Normal cases\Normal case (40).jpg,normal,normal,0.5118408203125,0.4721945486962795,0.69160009539564,0.022562714,True,False
MiniConvNet,external,Normal case (400).jpg,C:\Users\shrey\Downloads\MIP_project_part2\Lung-Cancer-Classification-\Lung-Cancer-Classification-\Data_External_IQOTHNCCD\Normal cases\Normal case (400).jpg,normal,normal,0.9536548256874084,0.9277189262211323,0.2594998520379294,0.005848983,True,True
MiniConvNet,external,Normal case (401).jpg,C:\Users\shrey\Downloads\MIP_project_part2\Lung-Cancer-Classification-\Lung-Cancer-Classification-\Data_External_IQOTHNCCD\Normal cases\Normal case (401).jpg,normal,normal,0.9553998112678528,0.9232317125424743,0.2708045591345636,0.006496521,True,True
MiniConvNet,external,Normal case (402).jpg,C:\Users\shrey\Downloads\MIP_project_part2\Lung-Cancer-Classification-\Lung-Cancer-Classification-\Data_External_IQOTHNCCD\Normal cases\Normal case (402).jpg,normal,normal,0.906289041042328,0.8929385077208281,0.3403272404682612,0.004243666,True,True
MiniConvNet,external,Normal case (403).jpg,C:\Users\shrey\Downloads\MIP_project_part2\Lung-Cancer-Classification-\Lung-Cancer-Classification-\Data_External_IQOTHNCCD\Normal cases\Normal case (403).jpg,normal,normal,0.8995746970176697,0.9085835991427303,0.3058025754401643,0.002359488,True,True
MiniConvNet,external,Normal case (404).jpg,C:\Users\shrey\Downloads\MIP_project_part2\Lung-Cancer-Classification-\Lung-Cancer-Classification-\Data_External_IQOTHNCCD\Normal cases\Normal case (404).jpg,normal,normal,0.9034169912338256,0.7983992714434862,0.5026135608014195,0.011140374,True,True
MiniConvNet,external,Normal case (405).jpg,C:\Users\shrey\Downloads\MIP_project_part2\Lung-Cancer-Classification-\Lung-Cancer-Classification-\Data_External_IQOTHNCCD\Normal cases\Normal case (405).jpg,normal,normal,0.9174500107765198,0.8943221578374505,0.3373822983131261,0.0041405535,True,True
MiniConvNet,external,Normal case (406).jpg,C:\Users\shrey\Downloads\MIP_project_part2\Lung-Cancer-Classification-\Lung-Cancer-Classification-\Data_External_IQOTHNCCD\Normal cases\Normal case (406).jpg,normal,normal,0.7833466529846191,0.7902158033102751,0.5136705713285086,0.0028823572,True,True
MiniConvNet,external,Normal case (407).jpg,C:\Users\shrey\Downloads\MIP_project_part2\Lung-Cancer-Classification-\Lung-Cancer-Classification-\Data_External_IQOTHNCCD\Normal cases\Normal case (407).jpg,normal,normal,0.777971625328064,0.7337688244879246,0.5794741868173054,0.010802333,True,True
MiniConvNet,external,Normal case (408).jpg,C:\Users\shrey\Downloads\MIP_project_part2\Lung-Cancer-Classification-\Lung-Cancer-Classification-\Data_External_IQOTHNCCD\Normal cases\Normal case (408).jpg,normal,normal,0.8022112250328064,0.7443485371768475,0.5684591705343338,0.007213515,True,True
MiniConvNet,external,Normal case (409).jpg,C:\Users\shrey\Downloads\MIP_project_part2\Lung-Cancer-Classification-\Lung-Cancer-Classification-\Data_External_IQOTHNCCD\Normal cases\Normal case (409).jpg,normal,normal,0.792658269405365,0.7453940343111753,0.5673389172335477,0.011659222,True,True
MiniConvNet,external,Normal case (41).jpg,C:\Users\shrey\Downloads\MIP_project_part2\Lung-Cancer-Classification-\Lung-Cancer-Classification-\Data_External_IQOTHNCCD\Normal cases\Normal case (41).jpg,normal,normal,0.516913115978241,0.5106475912034512,0.6929204197989791,0.015197548,True,True
MiniConvNet,external,Normal case (410).jpg,C:\Users\shrey\Downloads\MIP_project_part2\Lung-Cancer-Classification-\Lung-Cancer-Classification-\Data_External_IQOTHNCCD\Normal cases\Normal case (410).jpg,normal,normal,0.6606999039649963,0.601397356018424,0.6724410284584854,0.0149965165,True,True
MiniConvNet,external,Normal case (411).jpg,C:\Users\shrey\Downloads\MIP_project_part2\Lung-Cancer-Classification-\Lung-Cancer-Classification-\Data_External_IQOTHNCCD\Normal cases\Normal case (411).jpg,normal,normal,0.8319780826568604,0.8409126456826926,0.4381534551487679,0.004644987,True,True
MiniConvNet,external,Normal case (412).jpg,C:\Users\shrey\Downloads\MIP_project_part2\Lung-Cancer-Classification-\Lung-Cancer-Classification-\Data_External_IQOTHNCCD\Normal cases\Normal case (412).jpg,normal,normal,0.9516302347183228,0.8994287364184856,0.3263364210973416,0.0043848627,True,True
MiniConvNet,external,Normal case (413).jpg,C:\Users\shrey\Downloads\MIP_project_part2\Lung-Cancer-Classification-\Lung-Cancer-Classification-\Data_External_IQOTHNCCD\Normal cases\Normal case (413).jpg,normal,normal,0.7125868797302246,0.6950146108865738,0.6150294298963912,0.010103833,True,True
MiniConvNet,external,Normal case (414).jpg,C:\Users\shrey\Downloads\MIP_project_part2\Lung-Cancer-Classification-\Lung-Cancer-Classification-\Data_External_IQOTHNCCD\Normal cases\Normal case (414).jpg,normal,normal,0.9457768201828004,0.9052889440208673,0.3133040760378375,0.004437655,True,True
MiniConvNet,external,Normal case (415).jpg,C:\Users\shrey\Downloads\MIP_project_part2\Lung-Cancer-Classification-\Lung-Cancer-Classification-\Data_External_IQOTHNCCD\Normal cases\Normal case (415).jpg,normal,normal,0.7317113876342773,0.6588608343154192,0.6417881389500244,0.018965697,True,True
MiniConvNet,external,Normal case (416).jpg,C:\Users\shrey\Downloads\MIP_project_part2\Lung-Cancer-Classification-\Lung-Cancer-Classification-\Data_External_IQOTHNCCD\Normal cases\Normal case (416).jpg,normal,normal,0.7984036803245544,0.7515334170311689,0.5606442974694343,0.009605166,True,True
MiniConvNet,external,Normal case (42).jpg,C:\Users\shrey\Downloads\MIP_project_part2\Lung-Cancer-Classification-\Lung-Cancer-Classification-\Data_External_IQOTHNCCD\Normal cases\Normal case (42).jpg,normal,normal,0.6186848878860474,0.6024564784020185,0.6720030844387075,0.009562825,True,True
MiniConvNet,external,Normal case (43).jpg,C:\Users\shrey\Downloads\MIP_project_part2\Lung-Cancer-Classification-\Lung-Cancer-Classification-\Data_External_IQOTHNCCD\Normal cases\Normal case (43).jpg,normal,normal,0.6302005648612976,0.5915541779249907,0.6762878630237635,0.015816536,True,True
MiniConvNet,external,Normal case (44).jpg,C:\Users\shrey\Downloads\MIP_project_part2\Lung-Cancer-Classification-\Lung-Cancer-Classification-\Data_External_IQOTHNCCD\Normal cases\Normal case (44).jpg,normal,normal,0.663497805595398,0.6463098227977753,0.6497011399632102,0.022620436,True,True
MiniConvNet,external,Normal case (45).jpg,C:\Users\shrey\Downloads\MIP_project_part2\Lung-Cancer-Classification-\Lung-Cancer-Classification-\Data_External_IQOTHNCCD\Normal cases\Normal case (45).jpg,normal,normal,0.6696186661720276,0.6374527029693127,0.6548697081778962,0.03181035,True,True
MiniConvNet,external,Normal case (46).jpg,C:\Users\shrey\Downloads\MIP_project_part2\Lung-Cancer-Classification-\Lung-Cancer-Classification-\Data_External_IQOTHNCCD\Normal cases\Normal case (46).jpg,normal,normal,0.7079432606697083,0.6380779277533293,0.6545160495378455,0.01835206,True,True
MiniConvNet,external,Normal case (47).jpg,C:\Users\shrey\Downloads\MIP_project_part2\Lung-Cancer-Classification-\Lung-Cancer-Classification-\Data_External_IQOTHNCCD\Normal cases\Normal case (47).jpg,normal,normal,0.7269275784492493,0.6919547878205776,0.6175276936783021,0.009440366,True,True
MiniConvNet,external,Normal case (48).jpg,C:\Users\shrey\Downloads\MIP_project_part2\Lung-Cancer-Classification-\Lung-Cancer-Classification-\Data_External_IQOTHNCCD\Normal cases\Normal case (48).jpg,normal,normal,0.9605267643928528,0.9402101514860988,0.2263888240224665,0.0069802585,True,True
MiniConvNet,external,Normal case (49).jpg,C:\Users\shrey\Downloads\MIP_project_part2\Lung-Cancer-Classification-\Lung-Cancer-Classification-\Data_External_IQOTHNCCD\Normal cases\Normal case (49).jpg,normal,normal,0.9612889289855956,0.9340049708262086,0.2431539640419605,0.0048197405,True,True
MiniConvNet,external,Normal case (5).jpg,C:\Users\shrey\Downloads\MIP_project_part2\Lung-Cancer-Classification-\Lung-Cancer-Classification-\Data_External_IQOTHNCCD\Normal cases\Normal case (5).jpg,normal,normal,0.8071103096008301,0.7801344795152545,0.5267377326305194,0.00921441,True,True
MiniConvNet,external,Normal case (50).jpg,C:\Users\shrey\Downloads\MIP_project_part2\Lung-Cancer-Classification-\Lung-Cancer-Classification-\Data_External_IQOTHNCCD\Normal cases\Normal case (50).jpg,normal,malignant,0.6108569195494056,0.6206004992127419,0.6637693884924615,0.045550093,False,False
MiniConvNet,external,Normal case (51).jpg,C:\Users\shrey\Downloads\MIP_project_part2\Lung-Cancer-Classification-\Lung-Cancer-Classification-\Data_External_IQOTHNCCD\Normal cases\Normal case (51).jpg,normal,malignant,0.5737369107082486,0.5794349703937769,0.6804737202548738,0.032179143,False,False
MiniConvNet,external,Normal case (52).jpg,C:\Users\shrey\Downloads\MIP_project_part2\Lung-Cancer-Classification-\Lung-Cancer-Classification-\Data_External_IQOTHNCCD\Normal cases\Normal case (52).jpg,normal,malignant,0.5740786120295525,0.6385550424456596,0.6542450435587829,0.028816523,False,False
MiniConvNet,external,Normal case (53).jpg,C:\Users\shrey\Downloads\MIP_project_part2\Lung-Cancer-Classification-\Lung-Cancer-Classification-\Data_External_IQOTHNCCD\Normal cases\Normal case (53).jpg,normal,malignant,0.5752321118488908,0.5746341906487942,0.681964908339322,0.029130545,False,False
MiniConvNet,external,Normal case (54).jpg,C:\Users\shrey\Downloads\MIP_project_part2\Lung-Cancer-Classification-\Lung-Cancer-Classification-\Data_External_IQOTHNCCD\Normal cases\Normal case (54).jpg,normal,malignant,0.535959655418992,0.4660826157778501,0.6908446189132138,0.039344095,False,True
MiniConvNet,external,Normal case (55).jpg,C:\Users\shrey\Downloads\MIP_project_part2\Lung-Cancer-Classification-\Lung-Cancer-Classification-\Data_External_IQOTHNCCD\Normal cases\Normal case (55).jpg,normal,malignant,0.5287904925644398,0.5882971584796906,0.6774723243699905,0.023024298,False,False
MiniConvNet,external,Normal case (56).jpg,C:\Users\shrey\Downloads\MIP_project_part2\Lung-Cancer-Classification-\Lung-Cancer-Classification-\Data_External_IQOTHNCCD\Normal cases\Normal case (56).jpg,normal,normal,0.6083213686943054,0.5422755600884557,0.6895684450530855,0.021012338,True,True
MiniConvNet,external,Normal case (57).jpg,C:\Users\shrey\Downloads\MIP_project_part2\Lung-Cancer-Classification-\Lung-Cancer-Classification-\Data_External_IQOTHNCCD\Normal cases\Normal case (57).jpg,normal,normal,0.6975057721138,0.7153210956603289,0.5973182313028415,0.009242101,True,True
MiniConvNet,external,Normal case (58).jpg,C:\Users\shrey\Downloads\MIP_project_part2\Lung-Cancer-Classification-\Lung-Cancer-Classification-\Data_External_IQOTHNCCD\Normal cases\Normal case (58).jpg,normal,normal,0.7578297257423401,0.7154232747852802,0.5972240324246018,0.030869128,True,True
MiniConvNet,external,Normal case (59).jpg,C:\Users\shrey\Downloads\MIP_project_part2\Lung-Cancer-Classification-\Lung-Cancer-Classification-\Data_External_IQOTHNCCD\Normal cases\Normal case (59).jpg,normal,normal,0.7327912449836731,0.6954724323004484,0.6146517649470731,0.016926553,True,True
MiniConvNet,external,Normal case (6).jpg,C:\Users\shrey\Downloads\MIP_project_part2\Lung-Cancer-Classification-\Lung-Cancer-Classification-\Data_External_IQOTHNCCD\Normal cases\Normal case (6).jpg,normal,normal,0.5935114026069641,0.5090370830148458,0.6929838357396455,0.013780576,True,True
MiniConvNet,external,Normal case (60).jpg,C:\Users\shrey\Downloads\MIP_project_part2\Lung-Cancer-Classification-\Lung-Cancer-Classification-\Data_External_IQOTHNCCD\Normal cases\Normal case (60).jpg,normal,normal,0.7654152512550354,0.7584511209279299,0.5528587347491585,0.011519344,True,True
MiniConvNet,external,Normal case (61).jpg,C:\Users\shrey\Downloads\MIP_project_part2\Lung-Cancer-Classification-\Lung-Cancer-Classification-\Data_External_IQOTHNCCD\Normal cases\Normal case (61).jpg,normal,normal,0.7017102837562561,0.6701285094022751,0.6340875452404555,0.016694786,True,True
MiniConvNet,external,Normal case (62).jpg,C:\Users\shrey\Downloads\MIP_project_part2\Lung-Cancer-Classification-\Lung-Cancer-Classification-\Data_External_IQOTHNCCD\Normal cases\Normal case (62).jpg,normal,normal,0.6604412794113159,0.65627296641469,0.6434766774215163,0.013768464,True,True
MiniConvNet,external,Normal case (63).jpg,C:\Users\shrey\Downloads\MIP_project_part2\Lung-Cancer-Classification-\Lung-Cancer-Classification-\Data_External_IQOTHNCCD\Normal cases\Normal case (63).jpg,normal,normal,0.6532891988754272,0.6630226019769907,0.6390101963898261,0.012842589,True,True
MiniConvNet,external,Normal case (64).jpg,C:\Users\shrey\Downloads\MIP_project_part2\Lung-Cancer-Classification-\Lung-Cancer-Classification-\Data_External_IQOTHNCCD\Normal cases\Normal case (64).jpg,normal,normal,0.7874680161476135,0.7322470732033253,0.5810110316302297,0.018819323,True,True
MiniConvNet,external,Normal case (65).jpg,C:\Users\shrey\Downloads\MIP_project_part2\Lung-Cancer-Classification-\Lung-Cancer-Classification-\Data_External_IQOTHNCCD\Normal cases\Normal case (65).jpg,normal,normal,0.7398108243942261,0.7161369808018208,0.5965649149557444,0.018046115,True,True
MiniConvNet,external,Normal case (66).jpg,C:\Users\shrey\Downloads\MIP_project_part2\Lung-Cancer-Classification-\Lung-Cancer-Classification-\Data_External_IQOTHNCCD\Normal cases\Normal case (66).jpg,normal,normal,0.6931564807891846,0.663863055408001,0.6384398534244999,0.014804936,True,True
MiniConvNet,external,Normal case (67).jpg,C:\Users\shrey\Downloads\MIP_project_part2\Lung-Cancer-Classification-\Lung-Cancer-Classification-\Data_External_IQOTHNCCD\Normal cases\Normal case (67).jpg,normal,normal,0.8133713603019714,0.808048389852047,0.4890405417628231,0.0105193835,True,True
MiniConvNet,external,Normal case (68).jpg,C:\Users\shrey\Downloads\MIP_project_part2\Lung-Cancer-Classification-\Lung-Cancer-Classification-\Data_External_IQOTHNCCD\Normal cases\Normal case (68).jpg,normal,normal,0.8483728170394897,0.8345021288841963,0.4486751519269447,0.009156618,True,True
MiniConvNet,external,Normal case (69).jpg,C:\Users\shrey\Downloads\MIP_project_part2\Lung-Cancer-Classification-\Lung-Cancer-Classification-\Data_External_IQOTHNCCD\Normal cases\Normal case (69).jpg,normal,normal,0.8578706383705139,0.8322687279433012,0.4522705138663588,0.013414153,True,True
MiniConvNet,external,Normal case (7).jpg,C:\Users\shrey\Downloads\MIP_project_part2\Lung-Cancer-Classification-\Lung-Cancer-Classification-\Data_External_IQOTHNCCD\Normal cases\Normal case (7).jpg,normal,normal,0.6467626690864563,0.6786950193345547,0.6278492026403395,0.022436451,True,True
MiniConvNet,external,Normal case (70).jpg,C:\Users\shrey\Downloads\MIP_project_part2\Lung-Cancer-Classification-\Lung-Cancer-Classification-\Data_External_IQOTHNCCD\Normal cases\Normal case (70).jpg,normal,normal,0.834290623664856,0.8136809710413218,0.4808412979114235,0.009951161,True,True
MiniConvNet,external,Normal case (71).jpg,C:\Users\shrey\Downloads\MIP_project_part2\Lung-Cancer-Classification-\Lung-Cancer-Classification-\Data_External_IQOTHNCCD\Normal cases\Normal case (71).jpg,normal,normal,0.8359546661376953,0.822177641093731,0.4680752572943651,0.006475823,True,True
MiniConvNet,external,Normal case (72).jpg,C:\Users\shrey\Downloads\MIP_project_part2\Lung-Cancer-Classification-\Lung-Cancer-Classification-\Data_External_IQOTHNCCD\Normal cases\Normal case (72).jpg,normal,normal,0.8120806813240051,0.7957004774361849,0.5063053558440821,0.005756228,True,True
MiniConvNet,external,Normal case (73).jpg,C:\Users\shrey\Downloads\MIP_project_part2\Lung-Cancer-Classification-\Lung-Cancer-Classification-\Data_External_IQOTHNCCD\Normal cases\Normal case (73).jpg,normal,normal,0.7320879697799683,0.6648151353001595,0.6377898854516152,0.012964951,True,True
MiniConvNet,external,Normal case (74).jpg,C:\Users\shrey\Downloads\MIP_project_part2\Lung-Cancer-Classification-\Lung-Cancer-Classification-\Data_External_IQOTHNCCD\Normal cases\Normal case (74).jpg,normal,normal,0.7457326650619507,0.7137758322060108,0.598736124923061,0.014022893,True,True
MiniConvNet,external,Normal case (75).jpg,C:\Users\shrey\Downloads\MIP_project_part2\Lung-Cancer-Classification-\Lung-Cancer-Classification-\Data_External_IQOTHNCCD\Normal cases\Normal case (75).jpg,normal,normal,0.7111660242080688,0.7047525309026241,0.6067835682545393,0.010910592,True,True
MiniConvNet,external,Normal case (76).jpg,C:\Users\shrey\Downloads\MIP_project_part2\Lung-Cancer-Classification-\Lung-Cancer-Classification-\Data_External_IQOTHNCCD\Normal cases\Normal case (76).jpg,normal,normal,0.7197737097740173,0.7211532015353441,0.5918608630494611,0.0149639435,True,True
MiniConvNet,external,Normal case (77).jpg,C:\Users\shrey\Downloads\MIP_project_part2\Lung-Cancer-Classification-\Lung-Cancer-Classification-\Data_External_IQOTHNCCD\Normal cases\Normal case (77).jpg,normal,normal,0.738135814666748,0.711940810084343,0.6004047038660867,0.013187482,True,True
MiniConvNet,external,Normal case (78).jpg,C:\Users\shrey\Downloads\MIP_project_part2\Lung-Cancer-Classification-\Lung-Cancer-Classification-\Data_External_IQOTHNCCD\Normal cases\Normal case (78).jpg,normal,normal,0.8015790581703186,0.7721105460077525,0.53671351579051,0.0105946055,True,True
MiniConvNet,external,Normal case (79).jpg,C:\Users\shrey\Downloads\MIP_project_part2\Lung-Cancer-Classification-\Lung-Cancer-Classification-\Data_External_IQOTHNCCD\Normal cases\Normal case (79).jpg,normal,normal,0.7936511039733887,0.767403481528163,0.5423948020459912,0.014200898,True,True
MiniConvNet,external,Normal case (8).jpg,C:\Users\shrey\Downloads\MIP_project_part2\Lung-Cancer-Classification-\Lung-Cancer-Classification-\Data_External_IQOTHNCCD\Normal cases\Normal case (8).jpg,normal,normal,0.93696528673172,0.9063860569149256,0.3108203572626186,0.0032108906,True,True
MiniConvNet,external,Normal case (80).jpg,C:\Users\shrey\Downloads\MIP_project_part2\Lung-Cancer-Classification-\Lung-Cancer-Classification-\Data_External_IQOTHNCCD\Normal cases\Normal case (80).jpg,normal,normal,0.7708212733268738,0.7458218522369862,0.5668788995687782,0.006142157,True,True
MiniConvNet,external,Normal case (81).jpg,C:\Users\shrey\Downloads\MIP_project_part2\Lung-Cancer-Classification-\Lung-Cancer-Classification-\Data_External_IQOTHNCCD\Normal cases\Normal case (81).jpg,normal,normal,0.6420149207115173,0.6079206457361579,0.6696691254901725,0.031967606,True,True
MiniConvNet,external,Normal case (82).jpg,C:\Users\shrey\Downloads\MIP_project_part2\Lung-Cancer-Classification-\Lung-Cancer-Classification-\Data_External_IQOTHNCCD\Normal cases\Normal case (82).jpg,normal,normal,0.6651319265365601,0.6488674688152969,0.6481448918458905,0.02453025,True,True
MiniConvNet,external,Normal case (83).jpg,C:\Users\shrey\Downloads\MIP_project_part2\Lung-Cancer-Classification-\Lung-Cancer-Classification-\Data_External_IQOTHNCCD\Normal cases\Normal case (83).jpg,normal,normal,0.6451265215873718,0.6458162423223257,0.649998135556584,0.012100802,True,True
MiniConvNet,external,Normal case (84).jpg,C:\Users\shrey\Downloads\MIP_project_part2\Lung-Cancer-Classification-\Lung-Cancer-Classification-\Data_External_IQOTHNCCD\Normal cases\Normal case (84).jpg,normal,normal,0.7227107286453247,0.6658194409683347,0.6370997911311153,0.030511845,True,True
MiniConvNet,external,Normal case (85).jpg,C:\Users\shrey\Downloads\MIP_project_part2\Lung-Cancer-Classification-\Lung-Cancer-Classification-\Data_External_IQOTHNCCD\Normal cases\Normal case (85).jpg,normal,normal,0.7358096241950989,0.797208807663992,0.5042475465803876,0.0063905576,True,True
MiniConvNet,external,Normal case (86).jpg,C:\Users\shrey\Downloads\MIP_project_part2\Lung-Cancer-Classification-\Lung-Cancer-Classification-\Data_External_IQOTHNCCD\Normal cases\Normal case (86).jpg,normal,normal,0.7483373880386353,0.6958513911813498,0.6143385414854152,0.025021873,True,True
MiniConvNet,external,Normal case (87).jpg,C:\Users\shrey\Downloads\MIP_project_part2\Lung-Cancer-Classification-\Lung-Cancer-Classification-\Data_External_IQOTHNCCD\Normal cases\Normal case (87).jpg,normal,normal,0.7583386301994324,0.7219659322872758,0.5910869862625427,0.015032608,True,True
MiniConvNet,external,Normal case (88).jpg,C:\Users\shrey\Downloads\MIP_project_part2\Lung-Cancer-Classification-\Lung-Cancer-Classification-\Data_External_IQOTHNCCD\Normal cases\Normal case (88).jpg,normal,normal,0.82164067029953,0.7814785819500685,0.525030143319517,0.008760769,True,True
MiniConvNet,external,Normal case (89).jpg,C:\Users\shrey\Downloads\MIP_project_part2\Lung-Cancer-Classification-\Lung-Cancer-Classification-\Data_External_IQOTHNCCD\Normal cases\Normal case (89).jpg,normal,normal,0.7586127519607544,0.7010473795235157,0.6099743348479493,0.012985962,True,True
MiniConvNet,external,Normal case (9).jpg,C:\Users\shrey\Downloads\MIP_project_part2\Lung-Cancer-Classification-\Lung-Cancer-Classification-\Data_External_IQOTHNCCD\Normal cases\Normal case (9).jpg,normal,normal,0.9440827965736388,0.9260249584913254,0.2638017821311109,0.0032874297,True,True
MiniConvNet,external,Normal case (90).jpg,C:\Users\shrey\Downloads\MIP_project_part2\Lung-Cancer-Classification-\Lung-Cancer-Classification-\Data_External_IQOTHNCCD\Normal cases\Normal case (90).jpg,normal,normal,0.7537238001823425,0.7309492118656635,0.5823124375619242,0.010803449,True,True
MiniConvNet,external,Normal case (91).jpg,C:\Users\shrey\Downloads\MIP_project_part2\Lung-Cancer-Classification-\Lung-Cancer-Classification-\Data_External_IQOTHNCCD\Normal cases\Normal case (91).jpg,normal,normal,0.733204185962677,0.6714893132448196,0.6331188796297256,0.018987281,True,True
MiniConvNet,external,Normal case (92).jpg,C:\Users\shrey\Downloads\MIP_project_part2\Lung-Cancer-Classification-\Lung-Cancer-Classification-\Data_External_IQOTHNCCD\Normal cases\Normal case (92).jpg,normal,normal,0.7946393489837646,0.7716059219092131,0.5373285163270104,0.0052857893,True,True
MiniConvNet,external,Normal case (93).jpg,C:\Users\shrey\Downloads\MIP_project_part2\Lung-Cancer-Classification-\Lung-Cancer-Classification-\Data_External_IQOTHNCCD\Normal cases\Normal case (93).jpg,normal,normal,0.7776577472686768,0.736277811229229,0.5769143099675682,0.007178032,True,True
MiniConvNet,external,Normal case (94).jpg,C:\Users\shrey\Downloads\MIP_project_part2\Lung-Cancer-Classification-\Lung-Cancer-Classification-\Data_External_IQOTHNCCD\Normal cases\Normal case (94).jpg,normal,normal,0.7852087616920471,0.7310327533632517,0.5822289081543156,0.0068941265,True,True
MiniConvNet,external,Normal case (95).jpg,C:\Users\shrey\Downloads\MIP_project_part2\Lung-Cancer-Classification-\Lung-Cancer-Classification-\Data_External_IQOTHNCCD\Normal cases\Normal case (95).jpg,normal,normal,0.7872985005378723,0.8016821425408125,0.4980615929625072,0.010202077,True,True
MiniConvNet,external,Normal case (96).jpg,C:\Users\shrey\Downloads\MIP_project_part2\Lung-Cancer-Classification-\Lung-Cancer-Classification-\Data_External_IQOTHNCCD\Normal cases\Normal case (96).jpg,normal,normal,0.7928462028503418,0.6990970484912395,0.6116274379788077,0.0067958427,True,True
MiniConvNet,external,Normal case (97).jpg,C:\Users\shrey\Downloads\MIP_project_part2\Lung-Cancer-Classification-\Lung-Cancer-Classification-\Data_External_IQOTHNCCD\Normal cases\Normal case (97).jpg,normal,normal,0.779930055141449,0.768892552703619,0.5406109990815142,0.008034009,True,True
MiniConvNet,external,Normal case (98).jpg,C:\Users\shrey\Downloads\MIP_project_part2\Lung-Cancer-Classification-\Lung-Cancer-Classification-\Data_External_IQOTHNCCD\Normal cases\Normal case (98).jpg,normal,normal,0.9714372158050536,0.9528862787410617,0.1899273735129339,0.0024727844,True,True
MiniConvNet,external,Normal case (99).jpg,C:\Users\shrey\Downloads\MIP_project_part2\Lung-Cancer-Classification-\Lung-Cancer-Classification-\Data_External_IQOTHNCCD\Normal cases\Normal case (99).jpg,normal,normal,0.9763532876968384,0.9587874645367265,0.1717788260348712,0.0029636757,True,True
VGG16,internal,000108 (3).png,C:\Users\shrey\Downloads\MIP_project_part2\Lung-Cancer-Classification-\Lung-Cancer-Classification-\Data\test\adenocarcinoma\000108 (3).png,adenocarcinoma,adenocarcinoma,0.8307176828384399,0.72431946,0.78525555,0.06748585,True,True
VGG16,internal,000109 (2).png,C:\Users\shrey\Downloads\MIP_project_part2\Lung-Cancer-Classification-\Lung-Cancer-Classification-\Data\test\adenocarcinoma\000109 (2).png,adenocarcinoma,adenocarcinoma,0.5865753293037415,0.46668628,1.0850501,0.040756907,True,True
VGG16,internal,000109 (4).png,C:\Users\shrey\Downloads\MIP_project_part2\Lung-Cancer-Classification-\Lung-Cancer-Classification-\Data\test\adenocarcinoma\000109 (4).png,adenocarcinoma,adenocarcinoma,0.8551112413406372,0.7712897,0.720742,0.012030499,True,True
VGG16,internal,000109 (5).png,C:\Users\shrey\Downloads\MIP_project_part2\Lung-Cancer-Classification-\Lung-Cancer-Classification-\Data\test\adenocarcinoma\000109 (5).png,adenocarcinoma,adenocarcinoma,0.915841281414032,0.87803596,0.48574027,0.025652856,True,True
VGG16,internal,000112 (2).png,C:\Users\shrey\Downloads\MIP_project_part2\Lung-Cancer-Classification-\Lung-Cancer-Classification-\Data\test\adenocarcinoma\000112 (2).png,adenocarcinoma,adenocarcinoma,0.9689671993255616,0.87540245,0.5117984,0.041299928,True,True
VGG16,internal,000113 (7).png,C:\Users\shrey\Downloads\MIP_project_part2\Lung-Cancer-Classification-\Lung-Cancer-Classification-\Data\test\adenocarcinoma\000113 (7).png,adenocarcinoma,adenocarcinoma,0.9715943932533264,0.9204257,0.3560648,0.018271945,True,True
VGG16,internal,000114 (5).png,C:\Users\shrey\Downloads\MIP_project_part2\Lung-Cancer-Classification-\Lung-Cancer-Classification-\Data\test\adenocarcinoma\000114 (5).png,adenocarcinoma,adenocarcinoma,0.6937955617904663,0.71552855,0.73300767,0.036446385,True,True
VGG16,internal,000114.png,C:\Users\shrey\Downloads\MIP_project_part2\Lung-Cancer-Classification-\Lung-Cancer-Classification-\Data\test\adenocarcinoma\000114.png,adenocarcinoma,adenocarcinoma,0.5865342617034912,0.5910772,0.974944,0.058626227,True,True
VGG16,internal,000115 (4).png,C:\Users\shrey\Downloads\MIP_project_part2\Lung-Cancer-Classification-\Lung-Cancer-Classification-\Data\test\adenocarcinoma\000115 (4).png,adenocarcinoma,large.cell.carcinoma,0.8121623992919922,0.71080244,0.8546763,0.051536776,False,False
VGG16,internal,000115 (8).png,C:\Users\shrey\Downloads\MIP_project_part2\Lung-Cancer-Classification-\Lung-Cancer-Classification-\Data\test\adenocarcinoma\000115 (8).png,adenocarcinoma,adenocarcinoma,0.9712415933609008,0.89180624,0.42416692,0.027289268,True,True
VGG16,internal,000115.png,C:\Users\shrey\Downloads\MIP_project_part2\Lung-Cancer-Classification-\Lung-Cancer-Classification-\Data\test\adenocarcinoma\000115.png,adenocarcinoma,adenocarcinoma,0.4803813695907593,0.4921595,1.0021833,0.054494653,True,True
VGG16,internal,000116 (5).png,C:\Users\shrey\Downloads\MIP_project_part2\Lung-Cancer-Classification-\Lung-Cancer-Classification-\Data\test\adenocarcinoma\000116 (5).png,adenocarcinoma,large.cell.carcinoma,0.3896651864051819,0.35911256,1.2492805,0.06798858,False,False
VGG16,internal,000116 (7).png,C:\Users\shrey\Downloads\MIP_project_part2\Lung-Cancer-Classification-\Lung-Cancer-Classification-\Data\test\adenocarcinoma\000116 (7).png,adenocarcinoma,adenocarcinoma,0.9411100745201112,0.86611915,0.53983533,0.015353589,True,True
VGG16,internal,000116 (9).png,C:\Users\shrey\Downloads\MIP_project_part2\Lung-Cancer-Classification-\Lung-Cancer-Classification-\Data\test\adenocarcinoma\000116 (9).png,adenocarcinoma,adenocarcinoma,0.8276195526123047,0.6586057,0.76831543,0.06257146,True,True
VGG16,internal,000117 (4).png,C:\Users\shrey\Downloads\MIP_project_part2\Lung-Cancer-Classification-\Lung-Cancer-Classification-\Data\test\adenocarcinoma\000117 (4).png,adenocarcinoma,adenocarcinoma,0.474008709192276,0.47974575,1.1941042,0.02694298,True,True
VGG16,internal,000117 (8).png,C:\Users\shrey\Downloads\MIP_project_part2\Lung-Cancer-Classification-\Lung-Cancer-Classification-\Data\test\adenocarcinoma\000117 (8).png,adenocarcinoma,adenocarcinoma,0.8707135319709778,0.76101875,0.67240554,0.021235665,True,True
VGG16,internal,000117.png,C:\Users\shrey\Downloads\MIP_project_part2\Lung-Cancer-Classification-\Lung-Cancer-Classification-\Data\test\adenocarcinoma\000117.png,adenocarcinoma,large.cell.carcinoma,0.5327292084693909,0.5309498,1.1595268,0.051579222,False,False
VGG16,internal,000118 (5).png,C:\Users\shrey\Downloads\MIP_project_part2\Lung-Cancer-Classification-\Lung-Cancer-Classification-\Data\test\adenocarcinoma\000118 (5).png,adenocarcinoma,adenocarcinoma,0.8555939793586731,0.69188297,0.75952363,0.09016315,True,True
VGG16,internal,000118 (7).png,C:\Users\shrey\Downloads\MIP_project_part2\Lung-Cancer-Classification-\Lung-Cancer-Classification-\Data\test\adenocarcinoma\000118 (7).png,adenocarcinoma,adenocarcinoma,0.7678741216659546,0.65873116,0.8141809,0.062471353,True,True
VGG16,internal,000119 (4).png,C:\Users\shrey\Downloads\MIP_project_part2\Lung-Cancer-Classification-\Lung-Cancer-Classification-\Data\test\adenocarcinoma\000119 (4).png,adenocarcinoma,adenocarcinoma,0.8900958895683289,0.63634187,0.69092804,0.10202919,True,True
VGG16,internal,000119 (5).png,C:\Users\shrey\Downloads\MIP_project_part2\Lung-Cancer-Classification-\Lung-Cancer-Classification-\Data\test\adenocarcinoma\000119 (5).png,adenocarcinoma,adenocarcinoma,0.7740799784660339,0.769653,0.68134326,0.044691287,True,True
VGG16,internal,000119 (6).png,C:\Users\shrey\Downloads\MIP_project_part2\Lung-Cancer-Classification-\Lung-Cancer-Classification-\Data\test\adenocarcinoma\000119 (6).png,adenocarcinoma,adenocarcinoma,0.669406533241272,0.5793709,1.1353873,0.03912202,True,True
VGG16,internal,000120.png,C:\Users\shrey\Downloads\MIP_project_part2\Lung-Cancer-Classification-\Lung-Cancer-Classification-\Data\test\adenocarcinoma\000120.png,adenocarcinoma,adenocarcinoma,0.8437422513961792,0.6503838,0.97052884,0.054452967,True,True
VGG16,internal,000121 (6).png,C:\Users\shrey\Downloads\MIP_project_part2\Lung-Cancer-Classification-\Lung-Cancer-Classification-\Data\test\adenocarcinoma\000121 (6).png,adenocarcinoma,adenocarcinoma,0.954539120197296,0.9130373,0.3456081,0.007925164,True,True
VGG16,internal,000121 (7).png,C:\Users\shrey\Downloads\MIP_project_part2\Lung-Cancer-Classification-\Lung-Cancer-Classification-\Data\test\adenocarcinoma\000121 (7).png,adenocarcinoma,adenocarcinoma,0.8314501047134399,0.78234833,0.578123,0.045493104,True,True
VGG16,internal,000121.png,C:\Users\shrey\Downloads\MIP_project_part2\Lung-Cancer-Classification-\Lung-Cancer-Classification-\Data\test\adenocarcinoma\000121.png,adenocarcinoma,adenocarcinoma,0.7193577289581299,0.6444109,0.9657383,0.03728353,True,True
VGG16,internal,000122 (4).png,C:\Users\shrey\Downloads\MIP_project_part2\Lung-Cancer-Classification-\Lung-Cancer-Classification-\Data\test\adenocarcinoma\000122 (4).png,adenocarcinoma,adenocarcinoma,0.9645282030105592,0.93004316,0.30371884,0.01836979,True,True
VGG16,internal,000122.png,C:\Users\shrey\Downloads\MIP_project_part2\Lung-Cancer-Classification-\Lung-Cancer-Classification-\Data\test\adenocarcinoma\000122.png,adenocarcinoma,adenocarcinoma,0.8945767283439636,0.81970996,0.6675326,0.023801772,True,True
VGG16,internal,000123 (4).png,C:\Users\shrey\Downloads\MIP_project_part2\Lung-Cancer-Classification-\Lung-Cancer-Classification-\Data\test\adenocarcinoma\000123 (4).png,adenocarcinoma,adenocarcinoma,0.871059000492096,0.88648576,0.46531436,0.0065549877,True,True
VGG16,internal,000123 (6).png,C:\Users\shrey\Downloads\MIP_project_part2\Lung-Cancer-Classification-\Lung-Cancer-Classification-\Data\test\adenocarcinoma\000123 (6).png,adenocarcinoma,large.cell.carcinoma,0.6451524496078491,0.529415,1.0051987,0.053864017,False,False
VGG16,internal,000123 (9).png,C:\Users\shrey\Downloads\MIP_project_part2\Lung-Cancer-Classification-\Lung-Cancer-Classification-\Data\test\adenocarcinoma\000123 (9).png,adenocarcinoma,adenocarcinoma,0.889630138874054,0.8231916,0.55107534,0.029691316,True,True
VGG16,internal,000124 (6).png,C:\Users\shrey\Downloads\MIP_project_part2\Lung-Cancer-Classification-\Lung-Cancer-Classification-\Data\test\adenocarcinoma\000124 (6).png,adenocarcinoma,adenocarcinoma,0.4001587629318237,0.39049873,1.1708258,0.04517011,True,False
VGG16,internal,000124 (9).png,C:\Users\shrey\Downloads\MIP_project_part2\Lung-Cancer-Classification-\Lung-Cancer-Classification-\Data\test\adenocarcinoma\000124 (9).png,adenocarcinoma,adenocarcinoma,0.8616231679916382,0.7816704,0.74602515,0.02541476,True,True
VGG16,internal,000125 (2).png,C:\Users\shrey\Downloads\MIP_project_part2\Lung-Cancer-Classification-\Lung-Cancer-Classification-\Data\test\adenocarcinoma\000125 (2).png,adenocarcinoma,adenocarcinoma,0.6492624282836914,0.64903665,0.9835001,0.06086979,True,True
VGG16,internal,000125 (4).png,C:\Users\shrey\Downloads\MIP_project_part2\Lung-Cancer-Classification-\Lung-Cancer-Classification-\Data\test\adenocarcinoma\000125 (4).png,adenocarcinoma,adenocarcinoma,0.9773492217063904,0.9274136,0.3154101,0.008763657,True,True
VGG16,internal,000125 (5).png,C:\Users\shrey\Downloads\MIP_project_part2\Lung-Cancer-Classification-\Lung-Cancer-Classification-\Data\test\adenocarcinoma\000125 (5).png,adenocarcinoma,adenocarcinoma,0.7149572372436523,0.69754016,0.7488979,0.043836042,True,True
VGG16,internal,000125 (6).png,C:\Users\shrey\Downloads\MIP_project_part2\Lung-Cancer-Classification-\Lung-Cancer-Classification-\Data\test\adenocarcinoma\000125 (6).png,adenocarcinoma,adenocarcinoma,0.7418415546417236,0.6239288,0.86755824,0.09937407,True,True
VGG16,internal,000125 (8).png,C:\Users\shrey\Downloads\MIP_project_part2\Lung-Cancer-Classification-\Lung-Cancer-Classification-\Data\test\adenocarcinoma\000125 (8).png,adenocarcinoma,adenocarcinoma,0.6233295798301697,0.51590896,1.1340885,0.05694437,True,True
VGG16,internal,000126 (6).png,C:\Users\shrey\Downloads\MIP_project_part2\Lung-Cancer-Classification-\Lung-Cancer-Classification-\Data\test\adenocarcinoma\000126 (6).png,adenocarcinoma,adenocarcinoma,0.8813528418540955,0.80110127,0.6518892,0.03539443,True,True
VGG16,internal,000127 (5).png,C:\Users\shrey\Downloads\MIP_project_part2\Lung-Cancer-Classification-\Lung-Cancer-Classification-\Data\test\adenocarcinoma\000127 (5).png,adenocarcinoma,adenocarcinoma,0.9553301930427552,0.9019541,0.36655778,0.020415809,True,True
VGG16,internal,000128 (5).png,C:\Users\shrey\Downloads\MIP_project_part2\Lung-Cancer-Classification-\Lung-Cancer-Classification-\Data\test\adenocarcinoma\000128 (5).png,adenocarcinoma,adenocarcinoma,0.5467485785484314,0.3799146,1.2150936,0.10444876,True,True
VGG16,internal,000129 (5).png,C:\Users\shrey\Downloads\MIP_project_part2\Lung-Cancer-Classification-\Lung-Cancer-Classification-\Data\test\adenocarcinoma\000129 (5).png,adenocarcinoma,adenocarcinoma,0.8826500177383423,0.8337735,0.53441274,0.025628475,True,True
VGG16,internal,000129.png,C:\Users\shrey\Downloads\MIP_project_part2\Lung-Cancer-Classification-\Lung-Cancer-Classification-\Data\test\adenocarcinoma\000129.png,adenocarcinoma,adenocarcinoma,0.9254291653633118,0.84230995,0.59492975,0.020036979,True,True
VGG16,internal,000130 (6).png,C:\Users\shrey\Downloads\MIP_project_part2\Lung-Cancer-Classification-\Lung-Cancer-Classification-\Data\test\adenocarcinoma\000130 (6).png,adenocarcinoma,adenocarcinoma,0.7754988074302673,0.74954987,0.76970524,0.038754568,True,True
VGG16,internal,000131 (2).png,C:\Users\shrey\Downloads\MIP_project_part2\Lung-Cancer-Classification-\Lung-Cancer-Classification-\Data\test\adenocarcinoma\000131 (2).png,adenocarcinoma,adenocarcinoma,0.6159805059432983,0.5373266,0.88013065,0.051220078,True,False
VGG16,internal,000132 (2).png,C:\Users\shrey\Downloads\MIP_project_part2\Lung-Cancer-Classification-\Lung-Cancer-Classification-\Data\test\adenocarcinoma\000132 (2).png,adenocarcinoma,adenocarcinoma,0.4591836631298065,0.4262663,1.1333373,0.043417796,True,True
VGG16,internal,000132 (7).png,C:\Users\shrey\Downloads\MIP_project_part2\Lung-Cancer-Classification-\Lung-Cancer-Classification-\Data\test\adenocarcinoma\000132 (7).png,adenocarcinoma,adenocarcinoma,0.9306212663650512,0.7021829,0.91210204,0.08922099,True,True
VGG16,internal,000132 (8).png,C:\Users\shrey\Downloads\MIP_project_part2\Lung-Cancer-Classification-\Lung-Cancer-Classification-\Data\test\adenocarcinoma\000132 (8).png,adenocarcinoma,adenocarcinoma,0.8056048154830933,0.50228626,1.2337848,0.07135168,True,True
VGG16,internal,000132.png,C:\Users\shrey\Downloads\MIP_project_part2\Lung-Cancer-Classification-\Lung-Cancer-Classification-\Data\test\adenocarcinoma\000132.png,adenocarcinoma,adenocarcinoma,0.7399930357933044,0.6990516,0.8686956,0.031768955,True,True
VGG16,internal,000133 (2).png,C:\Users\shrey\Downloads\MIP_project_part2\Lung-Cancer-Classification-\Lung-Cancer-Classification-\Data\test\adenocarcinoma\000133 (2).png,adenocarcinoma,adenocarcinoma,0.6457313299179077,0.50022775,1.240487,0.052658893,True,True
VGG16,internal,000133 (4).png,C:\Users\shrey\Downloads\MIP_project_part2\Lung-Cancer-Classification-\Lung-Cancer-Classification-\Data\test\adenocarcinoma\000133 (4).png,adenocarcinoma,squamous.cell.carcinoma,0.4393103420734405,0.4349712,1.1288298,0.07235645,False,False
VGG16,internal,000134 (2).png,C:\Users\shrey\Downloads\MIP_project_part2\Lung-Cancer-Classification-\Lung-Cancer-Classification-\Data\test\adenocarcinoma\000134 (2).png,adenocarcinoma,adenocarcinoma,0.7897951602935791,0.72233856,0.88669443,0.028599592,True,True
VGG16,internal,000134 (9).png,C:\Users\shrey\Downloads\MIP_project_part2\Lung-Cancer-Classification-\Lung-Cancer-Classification-\Data\test\adenocarcinoma\000134 (9).png,adenocarcinoma,adenocarcinoma,0.7706848382949829,0.5544794,1.1479082,0.055767994,True,True
VGG16,internal,000134.png,C:\Users\shrey\Downloads\MIP_project_part2\Lung-Cancer-Classification-\Lung-Cancer-Classification-\Data\test\adenocarcinoma\000134.png,adenocarcinoma,squamous.cell.carcinoma,0.4701792001724243,0.517209,1.0523648,0.07238897,False,False
VGG16,internal,000135 (5).png,C:\Users\shrey\Downloads\MIP_project_part2\Lung-Cancer-Classification-\Lung-Cancer-Classification-\Data\test\adenocarcinoma\000135 (5).png,adenocarcinoma,adenocarcinoma,0.8995958566665649,0.89935887,0.3610016,0.0123423925,True,True
VGG16,internal,000136 (2).png,C:\Users\shrey\Downloads\MIP_project_part2\Lung-Cancer-Classification-\Lung-Cancer-Classification-\Data\test\adenocarcinoma\000136 (2).png,adenocarcinoma,large.cell.carcinoma,0.3975687325000763,0.3177512,1.3523489,0.0592572,False,True
VGG16,internal,000136 (8).png,C:\Users\shrey\Downloads\MIP_project_part2\Lung-Cancer-Classification-\Lung-Cancer-Classification-\Data\test\adenocarcinoma\000136 (8).png,adenocarcinoma,adenocarcinoma,0.8453412652015686,0.6592674,0.9291416,0.045304213,True,True
VGG16,internal,000137 (2).png,C:\Users\shrey\Downloads\MIP_project_part2\Lung-Cancer-Classification-\Lung-Cancer-Classification-\Data\test\adenocarcinoma\000137 (2).png,adenocarcinoma,adenocarcinoma,0.8261973261833191,0.735728,0.79202664,0.03974034,True,True
VGG16,internal,000137 (4).png,C:\Users\shrey\Downloads\MIP_project_part2\Lung-Cancer-Classification-\Lung-Cancer-Classification-\Data\test\adenocarcinoma\000137 (4).png,adenocarcinoma,adenocarcinoma,0.8621421456336975,0.805524,0.6014228,0.028839707,True,True
VGG16,internal,000137 (8).png,C:\Users\shrey\Downloads\MIP_project_part2\Lung-Cancer-Classification-\Lung-Cancer-Classification-\Data\test\adenocarcinoma\000137 (8).png,adenocarcinoma,adenocarcinoma,0.6012559533119202,0.5798766,0.89235616,0.05888524,True,True
VGG16,internal,000138 (6).png,C:\Users\shrey\Downloads\MIP_project_part2\Lung-Cancer-Classification-\Lung-Cancer-Classification-\Data\test\adenocarcinoma\000138 (6).png,adenocarcinoma,large.cell.carcinoma,0.6893709301948547,0.60419446,0.8423546,0.06936692,False,False
VGG16,internal,000138 (9).png,C:\Users\shrey\Downloads\MIP_project_part2\Lung-Cancer-Classification-\Lung-Cancer-Classification-\Data\test\adenocarcinoma\000138 (9).png,adenocarcinoma,adenocarcinoma,0.8801799416542053,0.76786846,0.7313798,0.025287438,True,True
VGG16,internal,000139 (5).png,C:\Users\shrey\Downloads\MIP_project_part2\Lung-Cancer-Classification-\Lung-Cancer-Classification-\Data\test\adenocarcinoma\000139 (5).png,adenocarcinoma,adenocarcinoma,0.8970426321029663,0.76304585,0.73553,0.033200666,True,True
VGG16,internal,000139 (6).png,C:\Users\shrey\Downloads\MIP_project_part2\Lung-Cancer-Classification-\Lung-Cancer-Classification-\Data\test\adenocarcinoma\000139 (6).png,adenocarcinoma,squamous.cell.carcinoma,0.779754638671875,0.7582492,0.6152605,0.043620415,False,False
VGG16,internal,000139 (8).png,C:\Users\shrey\Downloads\MIP_project_part2\Lung-Cancer-Classification-\Lung-Cancer-Classification-\Data\test\adenocarcinoma\000139 (8).png,adenocarcinoma,adenocarcinoma,0.9708151817321776,0.9187513,0.35826558,0.012541924,True,True
VGG16,internal,000139 (9).png,C:\Users\shrey\Downloads\MIP_project_part2\Lung-Cancer-Classification-\Lung-Cancer-Classification-\Data\test\adenocarcinoma\000139 (9).png,adenocarcinoma,adenocarcinoma,0.7204843759536743,0.6526519,0.9059315,0.043490183,True,True
VGG16,internal,000139.png,C:\Users\shrey\Downloads\MIP_project_part2\Lung-Cancer-Classification-\Lung-Cancer-Classification-\Data\test\adenocarcinoma\000139.png,adenocarcinoma,adenocarcinoma,0.7680013179779053,0.6167224,1.0645641,0.08850082,True,True
VGG16,internal,000140.png,C:\Users\shrey\Downloads\MIP_project_part2\Lung-Cancer-Classification-\Lung-Cancer-Classification-\Data\test\adenocarcinoma\000140.png,adenocarcinoma,squamous.cell.carcinoma,0.4704479873180389,0.46888486,1.0853676,0.04331404,False,True
VGG16,internal,000141 (2).png,C:\Users\shrey\Downloads\MIP_project_part2\Lung-Cancer-Classification-\Lung-Cancer-Classification-\Data\test\adenocarcinoma\000141 (2).png,adenocarcinoma,adenocarcinoma,0.4738677740097046,0.43701425,1.2184029,0.10211053,True,True
VGG16,internal,000142.png,C:\Users\shrey\Downloads\MIP_project_part2\Lung-Cancer-Classification-\Lung-Cancer-Classification-\Data\test\adenocarcinoma\000142.png,adenocarcinoma,adenocarcinoma,0.9145718216896056,0.8715819,0.52393734,0.011880757,True,True
VGG16,internal,000143 (5).png,C:\Users\shrey\Downloads\MIP_project_part2\Lung-Cancer-Classification-\Lung-Cancer-Classification-\Data\test\adenocarcinoma\000143 (5).png,adenocarcinoma,adenocarcinoma,0.6410470604896545,0.53665286,1.0238302,0.06242978,True,True
VGG16,internal,000143 (6).png,C:\Users\shrey\Downloads\MIP_project_part2\Lung-Cancer-Classification-\Lung-Cancer-Classification-\Data\test\adenocarcinoma\000143 (6).png,adenocarcinoma,squamous.cell.carcinoma,0.5132126808166504,0.45681232,1.0314708,0.045734145,False,False
VGG16,internal,000144 (2).png,C:\Users\shrey\Downloads\MIP_project_part2\Lung-Cancer-Classification-\Lung-Cancer-Classification-\Data\test\adenocarcinoma\000144 (2).png,adenocarcinoma,adenocarcinoma,0.6854801177978516,0.5019359,1.0452456,0.07941313,True,True
VGG16,internal,000144 (5).png,C:\Users\shrey\Downloads\MIP_project_part2\Lung-Cancer-Classification-\Lung-Cancer-Classification-\Data\test\adenocarcinoma\000144 (5).png,adenocarcinoma,adenocarcinoma,0.8349703550338745,0.74389684,0.7784575,0.024527438,True,True
VGG16,internal,000145 (9).png,C:\Users\shrey\Downloads\MIP_project_part2\Lung-Cancer-Classification-\Lung-Cancer-Classification-\Data\test\adenocarcinoma\000145 (9).png,adenocarcinoma,adenocarcinoma,0.8126732110977173,0.6704839,0.91614646,0.058294788,True,True
VGG16,internal,000146 (3).png,C:\Users\shrey\Downloads\MIP_project_part2\Lung-Cancer-Classification-\Lung-Cancer-Classification-\Data\test\adenocarcinoma\000146 (3).png,adenocarcinoma,adenocarcinoma,0.7474392056465149,0.62845457,0.96669257,0.0681437,True,True
VGG16,internal,000146 (6).png,C:\Users\shrey\Downloads\MIP_project_part2\Lung-Cancer-Classification-\Lung-Cancer-Classification-\Data\test\adenocarcinoma\000146 (6).png,adenocarcinoma,adenocarcinoma,0.6309623718261719,0.5373744,0.9242883,0.064830475,True,True
VGG16,internal,000147.png,C:\Users\shrey\Downloads\MIP_project_part2\Lung-Cancer-Classification-\Lung-Cancer-Classification-\Data\test\adenocarcinoma\000147.png,adenocarcinoma,adenocarcinoma,0.5701339840888977,0.53307277,1.095992,0.03304345,True,True
VGG16,internal,000148 (3).png,C:\Users\shrey\Downloads\MIP_project_part2\Lung-Cancer-Classification-\Lung-Cancer-Classification-\Data\test\adenocarcinoma\000148 (3).png,adenocarcinoma,adenocarcinoma,0.6439722180366516,0.5478345,0.97184426,0.028224204,True,True
VGG16,internal,000148 (6).png,C:\Users\shrey\Downloads\MIP_project_part2\Lung-Cancer-Classification-\Lung-Cancer-Classification-\Data\test\adenocarcinoma\000148 (6).png,adenocarcinoma,adenocarcinoma,0.5433740019798279,0.62658656,0.9060966,0.03703044,True,True
VGG16,internal,000148 (8).png,C:\Users\shrey\Downloads\MIP_project_part2\Lung-Cancer-Classification-\Lung-Cancer-Classification-\Data\test\adenocarcinoma\000148 (8).png,adenocarcinoma,adenocarcinoma,0.8322768211364746,0.7902491,0.62394506,0.02682185,True,True
VGG16,internal,000148.png,C:\Users\shrey\Downloads\MIP_project_part2\Lung-Cancer-Classification-\Lung-Cancer-Classification-\Data\test\adenocarcinoma\000148.png,adenocarcinoma,adenocarcinoma,0.9707037210464478,0.866852,0.5263383,0.030735511,True,True
VGG16,internal,000149 (2).png,C:\Users\shrey\Downloads\MIP_project_part2\Lung-Cancer-Classification-\Lung-Cancer-Classification-\Data\test\adenocarcinoma\000149 (2).png,adenocarcinoma,adenocarcinoma,0.7421368956565857,0.7201877,0.84055674,0.028736403,True,True
VGG16,internal,000149 (4).png,C:\Users\shrey\Downloads\MIP_project_part2\Lung-Cancer-Classification-\Lung-Cancer-Classification-\Data\test\adenocarcinoma\000149 (4).png,adenocarcinoma,adenocarcinoma,0.6768734455108643,0.6383573,0.9478138,0.07102338,True,True
VGG16,internal,000149 (7).png,C:\Users\shrey\Downloads\MIP_project_part2\Lung-Cancer-Classification-\Lung-Cancer-Classification-\Data\test\adenocarcinoma\000149 (7).png,adenocarcinoma,adenocarcinoma,0.8487275242805481,0.69696957,0.77454686,0.04704351,True,True
VGG16,internal,000151 (5).png,C:\Users\shrey\Downloads\MIP_project_part2\Lung-Cancer-Classification-\Lung-Cancer-Classification-\Data\test\adenocarcinoma\000151 (5).png,adenocarcinoma,adenocarcinoma,0.8146116137504578,0.70693916,0.8867924,0.045401618,True,True
VGG16,internal,000153 (5).png,C:\Users\shrey\Downloads\MIP_project_part2\Lung-Cancer-Classification-\Lung-Cancer-Classification-\Data\test\adenocarcinoma\000153 (5).png,adenocarcinoma,squamous.cell.carcinoma,0.473874032497406,0.42887893,1.2331996,0.031043904,False,False
VGG16,internal,000155 (4).png,C:\Users\shrey\Downloads\MIP_project_part2\Lung-Cancer-Classification-\Lung-Cancer-Classification-\Data\test\adenocarcinoma\000155 (4).png,adenocarcinoma,adenocarcinoma,0.7254015207290649,0.57968456,0.86881715,0.07256033,True,True
VGG16,internal,000155.png,C:\Users\shrey\Downloads\MIP_project_part2\Lung-Cancer-Classification-\Lung-Cancer-Classification-\Data\test\adenocarcinoma\000155.png,adenocarcinoma,squamous.cell.carcinoma,0.3563663959503174,0.39525932,1.1771811,0.088348486,False,False
VGG16,internal,000156 (4).png,C:\Users\shrey\Downloads\MIP_project_part2\Lung-Cancer-Classification-\Lung-Cancer-Classification-\Data\test\adenocarcinoma\000156 (4).png,adenocarcinoma,adenocarcinoma,0.9218949675559998,0.8089243,0.61484987,0.026539927,True,True
VGG16,internal,000157 (5).png,C:\Users\shrey\Downloads\MIP_project_part2\Lung-Cancer-Classification-\Lung-Cancer-Classification-\Data\test\adenocarcinoma\000157 (5).png,adenocarcinoma,adenocarcinoma,0.8025413155555725,0.862559,0.5438867,0.0152520705,True,True
VGG16,internal,000157 (6).png,C:\Users\shrey\Downloads\MIP_project_part2\Lung-Cancer-Classification-\Lung-Cancer-Classification-\Data\test\adenocarcinoma\000157 (6).png,adenocarcinoma,adenocarcinoma,0.9364317655563354,0.8526091,0.5450397,0.020409202,True,True
VGG16,internal,000158 (2).png,C:\Users\shrey\Downloads\MIP_project_part2\Lung-Cancer-Classification-\Lung-Cancer-Classification-\Data\test\adenocarcinoma\000158 (2).png,adenocarcinoma,adenocarcinoma,0.7023736238479614,0.6002096,0.89782995,0.07798593,True,True
VGG16,internal,000158 (3).png,C:\Users\shrey\Downloads\MIP_project_part2\Lung-Cancer-Classification-\Lung-Cancer-Classification-\Data\test\adenocarcinoma\000158 (3).png,adenocarcinoma,large.cell.carcinoma,0.8069302439689636,0.76640606,0.66767913,0.009039521,False,False
VGG16,internal,000158 (5).png,C:\Users\shrey\Downloads\MIP_project_part2\Lung-Cancer-Classification-\Lung-Cancer-Classification-\Data\test\adenocarcinoma\000158 (5).png,adenocarcinoma,adenocarcinoma,0.8699622750282288,0.7987057,0.65630746,0.03201912,True,True
VGG16,internal,000158 (6).png,C:\Users\shrey\Downloads\MIP_project_part2\Lung-Cancer-Classification-\Lung-Cancer-Classification-\Data\test\adenocarcinoma\000158 (6).png,adenocarcinoma,adenocarcinoma,0.8339870572090149,0.7214481,0.8355027,0.032313906,True,True
VGG16,internal,000158.png,C:\Users\shrey\Downloads\MIP_project_part2\Lung-Cancer-Classification-\Lung-Cancer-Classification-\Data\test\adenocarcinoma\000158.png,adenocarcinoma,adenocarcinoma,0.7070831060409546,0.63077015,1.032096,0.063618526,True,True
VGG16,internal,000160 (4).png,C:\Users\shrey\Downloads\MIP_project_part2\Lung-Cancer-Classification-\Lung-Cancer-Classification-\Data\test\adenocarcinoma\000160 (4).png,adenocarcinoma,adenocarcinoma,0.9292654991149902,0.8314275,0.5857408,0.03204851,True,True
VGG16,internal,000160 (6).png,C:\Users\shrey\Downloads\MIP_project_part2\Lung-Cancer-Classification-\Lung-Cancer-Classification-\Data\test\adenocarcinoma\000160 (6).png,adenocarcinoma,adenocarcinoma,0.5970118641853333,0.4919176,0.9044754,0.05225559,True,True
VGG16,internal,000161 (4).png,C:\Users\shrey\Downloads\MIP_project_part2\Lung-Cancer-Classification-\Lung-Cancer-Classification-\Data\test\adenocarcinoma\000161 (4).png,adenocarcinoma,adenocarcinoma,0.9050915241241456,0.7322828,0.7864389,0.05530434,True,True
VGG16,internal,000161 (5).png,C:\Users\shrey\Downloads\MIP_project_part2\Lung-Cancer-Classification-\Lung-Cancer-Classification-\Data\test\adenocarcinoma\000161 (5).png,adenocarcinoma,adenocarcinoma,0.7331351041793823,0.687687,0.8029568,0.042580977,True,True
VGG16,internal,000163 (3).png,C:\Users\shrey\Downloads\MIP_project_part2\Lung-Cancer-Classification-\Lung-Cancer-Classification-\Data\test\adenocarcinoma\000163 (3).png,adenocarcinoma,adenocarcinoma,0.939952313899994,0.865426,0.5089356,0.01923972,True,True
VGG16,internal,000163 (7).png,C:\Users\shrey\Downloads\MIP_project_part2\Lung-Cancer-Classification-\Lung-Cancer-Classification-\Data\test\adenocarcinoma\000163 (7).png,adenocarcinoma,adenocarcinoma,0.5607975125312805,0.54001904,0.78194976,0.06827001,True,True
VGG16,internal,000164 (5).png,C:\Users\shrey\Downloads\MIP_project_part2\Lung-Cancer-Classification-\Lung-Cancer-Classification-\Data\test\adenocarcinoma\000164 (5).png,adenocarcinoma,adenocarcinoma,0.8644362688064575,0.64122266,0.9212427,0.04886709,True,True
VGG16,internal,000165 (6).png,C:\Users\shrey\Downloads\MIP_project_part2\Lung-Cancer-Classification-\Lung-Cancer-Classification-\Data\test\adenocarcinoma\000165 (6).png,adenocarcinoma,adenocarcinoma,0.9624673128128052,0.68608665,0.8948591,0.07737844,True,True
VGG16,internal,000166 (2).png,C:\Users\shrey\Downloads\MIP_project_part2\Lung-Cancer-Classification-\Lung-Cancer-Classification-\Data\test\adenocarcinoma\000166 (2).png,adenocarcinoma,adenocarcinoma,0.5636904239654541,0.49481264,1.2021405,0.062014274,True,True
VGG16,internal,000166 (3).png,C:\Users\shrey\Downloads\MIP_project_part2\Lung-Cancer-Classification-\Lung-Cancer-Classification-\Data\test\adenocarcinoma\000166 (3).png,adenocarcinoma,large.cell.carcinoma,0.84246826171875,0.7994019,0.65227735,0.017689245,False,False
VGG16,internal,000166 (4).png,C:\Users\shrey\Downloads\MIP_project_part2\Lung-Cancer-Classification-\Lung-Cancer-Classification-\Data\test\adenocarcinoma\000166 (4).png,adenocarcinoma,adenocarcinoma,0.8805390000343323,0.78223735,0.7417767,0.03132033,True,True
VGG16,internal,000167 (3).png,C:\Users\shrey\Downloads\MIP_project_part2\Lung-Cancer-Classification-\Lung-Cancer-Classification-\Data\test\adenocarcinoma\000167 (3).png,adenocarcinoma,adenocarcinoma,0.577677309513092,0.41659483,1.2363474,0.042243227,True,True
VGG16,internal,000167 (8).png,C:\Users\shrey\Downloads\MIP_project_part2\Lung-Cancer-Classification-\Lung-Cancer-Classification-\Data\test\adenocarcinoma\000167 (8).png,adenocarcinoma,adenocarcinoma,0.9579787254333496,0.85127765,0.47149247,0.026678763,True,True
VGG16,internal,000168 (3).png,C:\Users\shrey\Downloads\MIP_project_part2\Lung-Cancer-Classification-\Lung-Cancer-Classification-\Data\test\adenocarcinoma\000168 (3).png,adenocarcinoma,adenocarcinoma,0.8707772493362427,0.8000806,0.53615284,0.03527578,True,True
VGG16,internal,000171 (5).png,C:\Users\shrey\Downloads\MIP_project_part2\Lung-Cancer-Classification-\Lung-Cancer-Classification-\Data\test\adenocarcinoma\000171 (5).png,adenocarcinoma,adenocarcinoma,0.953881561756134,0.7563799,0.72801757,0.083383046,True,True
VGG16,internal,000171.png,C:\Users\shrey\Downloads\MIP_project_part2\Lung-Cancer-Classification-\Lung-Cancer-Classification-\Data\test\adenocarcinoma\000171.png,adenocarcinoma,adenocarcinoma,0.9505102038383484,0.92286146,0.34989092,0.004594545,True,True
VGG16,internal,000172 (3).png,C:\Users\shrey\Downloads\MIP_project_part2\Lung-Cancer-Classification-\Lung-Cancer-Classification-\Data\test\adenocarcinoma\000172 (3).png,adenocarcinoma,adenocarcinoma,0.8946790099143982,0.6020031,1.0376631,0.08093319,True,True
VGG16,internal,000173 (5).png,C:\Users\shrey\Downloads\MIP_project_part2\Lung-Cancer-Classification-\Lung-Cancer-Classification-\Data\test\adenocarcinoma\000173 (5).png,adenocarcinoma,adenocarcinoma,0.9265300035476683,0.8074339,0.6585577,0.049995888,True,True
VGG16,internal,000173 (7).png,C:\Users\shrey\Downloads\MIP_project_part2\Lung-Cancer-Classification-\Lung-Cancer-Classification-\Data\test\adenocarcinoma\000173 (7).png,adenocarcinoma,squamous.cell.carcinoma,0.9773667454719543,0.97201306,0.1329816,0.0014262524,False,False
VGG16,internal,000174 (4).png,C:\Users\shrey\Downloads\MIP_project_part2\Lung-Cancer-Classification-\Lung-Cancer-Classification-\Data\test\adenocarcinoma\000174 (4).png,adenocarcinoma,adenocarcinoma,0.6972389221191406,0.60777515,1.0495286,0.029761394,True,True
VGG16,internal,000176 (2).png,C:\Users\shrey\Downloads\MIP_project_part2\Lung-Cancer-Classification-\Lung-Cancer-Classification-\Data\test\adenocarcinoma\000176 (2).png,adenocarcinoma,adenocarcinoma,0.7220391035079956,0.5931612,0.8464496,0.10751947,True,True
VGG16,internal,000177 (4).png,C:\Users\shrey\Downloads\MIP_project_part2\Lung-Cancer-Classification-\Lung-Cancer-Classification-\Data\test\adenocarcinoma\000177 (4).png,adenocarcinoma,adenocarcinoma,0.5107585787773132,0.62865853,0.7555988,0.08062182,True,False
VGG16,internal,000177.png,C:\Users\shrey\Downloads\MIP_project_part2\Lung-Cancer-Classification-\Lung-Cancer-Classification-\Data\test\adenocarcinoma\000177.png,adenocarcinoma,squamous.cell.carcinoma,0.6409017443656921,0.70741487,0.7918279,0.05850581,False,False
VGG16,internal,000108.png,C:\Users\shrey\Downloads\MIP_project_part2\Lung-Cancer-Classification-\Lung-Cancer-Classification-\Data\test\large.cell.carcinoma\000108.png,large.cell.carcinoma,adenocarcinoma,0.6947944760322571,0.60061556,0.91165787,0.051273905,False,False
VGG16,internal,000110.png,C:\Users\shrey\Downloads\MIP_project_part2\Lung-Cancer-Classification-\Lung-Cancer-Classification-\Data\test\large.cell.carcinoma\000110.png,large.cell.carcinoma,adenocarcinoma,0.4875140786170959,0.43219575,1.1443882,0.082321376,False,False
VGG16,internal,000111 (2).png,C:\Users\shrey\Downloads\MIP_project_part2\Lung-Cancer-Classification-\Lung-Cancer-Classification-\Data\test\large.cell.carcinoma\000111 (2).png,large.cell.carcinoma,adenocarcinoma,0.7246204614639282,0.68229425,0.8526055,0.049815785,False,False
VGG16,internal,000111.png,C:\Users\shrey\Downloads\MIP_project_part2\Lung-Cancer-Classification-\Lung-Cancer-Classification-\Data\test\large.cell.carcinoma\000111.png,large.cell.carcinoma,large.cell.carcinoma,0.5868420004844666,0.59446126,1.0418768,0.034758605,True,True
VGG16,internal,000113 (2).png,C:\Users\shrey\Downloads\MIP_project_part2\Lung-Cancer-Classification-\Lung-Cancer-Classification-\Data\test\large.cell.carcinoma\000113 (2).png,large.cell.carcinoma,adenocarcinoma,0.6421781182289124,0.6080388,1.0256811,0.047880925,False,False
VGG16,internal,000113.png,C:\Users\shrey\Downloads\MIP_project_part2\Lung-Cancer-Classification-\Lung-Cancer-Classification-\Data\test\large.cell.carcinoma\000113.png,large.cell.carcinoma,normal,0.5512080788612366,0.5274529,0.8742047,0.08490138,False,False
VGG16,internal,000114.png,C:\Users\shrey\Downloads\MIP_project_part2\Lung-Cancer-Classification-\Lung-Cancer-Classification-\Data\test\large.cell.carcinoma\000114.png,large.cell.carcinoma,large.cell.carcinoma,0.9032788276672364,0.77844214,0.70234144,0.055707816,True,True
VGG16,internal,000115 (2).png,C:\Users\shrey\Downloads\MIP_project_part2\Lung-Cancer-Classification-\Lung-Cancer-Classification-\Data\test\large.cell.carcinoma\000115 (2).png,large.cell.carcinoma,adenocarcinoma,0.8791952729225159,0.77820724,0.7595854,0.015126509,False,False
VGG16,internal,000116.png,C:\Users\shrey\Downloads\MIP_project_part2\Lung-Cancer-Classification-\Lung-Cancer-Classification-\Data\test\large.cell.carcinoma\000116.png,large.cell.carcinoma,adenocarcinoma,0.4963546395301819,0.5314048,0.7796615,0.057870723,False,True
VGG16,internal,000118.png,C:\Users\shrey\Downloads\MIP_project_part2\Lung-Cancer-Classification-\Lung-Cancer-Classification-\Data\test\large.cell.carcinoma\000118.png,large.cell.carcinoma,large.cell.carcinoma,0.4880119860172272,0.45079032,1.0144247,0.07453164,True,False
VGG16,internal,000120.png,C:\Users\shrey\Downloads\MIP_project_part2\Lung-Cancer-Classification-\Lung-Cancer-Classification-\Data\test\large.cell.carcinoma\000120.png,large.cell.carcinoma,adenocarcinoma,0.6159430146217346,0.39730018,1.2675288,0.07123608,False,False
VGG16,internal,000122.png,C:\Users\shrey\Downloads\MIP_project_part2\Lung-Cancer-Classification-\Lung-Cancer-Classification-\Data\test\large.cell.carcinoma\000122.png,large.cell.carcinoma,large.cell.carcinoma,0.8529108166694641,0.7570204,0.68736136,0.04223911,True,True
VGG16,internal,000123.png,C:\Users\shrey\Downloads\MIP_project_part2\Lung-Cancer-Classification-\Lung-Cancer-Classification-\Data\test\large.cell.carcinoma\000123.png,large.cell.carcinoma,large.cell.carcinoma,0.8149299025535583,0.7577179,0.742585,0.030006805,True,True
VGG16,internal,000124 (2).png,C:\Users\shrey\Downloads\MIP_project_part2\Lung-Cancer-Classification-\Lung-Cancer-Classification-\Data\test\large.cell.carcinoma\000124 (2).png,large.cell.carcinoma,large.cell.carcinoma,0.9158464074134828,0.808636,0.61156607,0.054203708,True,True
VGG16,internal,000126.png,C:\Users\shrey\Downloads\MIP_project_part2\Lung-Cancer-Classification-\Lung-Cancer-Classification-\Data\test\large.cell.carcinoma\000126.png,large.cell.carcinoma,large.cell.carcinoma,0.8089687824249268,0.7206586,0.82618743,0.026994402,True,True
VGG16,internal,000127 (2).png,C:\Users\shrey\Downloads\MIP_project_part2\Lung-Cancer-Classification-\Lung-Cancer-Classification-\Data\test\large.cell.carcinoma\000127 (2).png,large.cell.carcinoma,adenocarcinoma,0.651398777961731,0.59627384,0.90614635,0.06357327,False,False
VGG16,internal,000128 (2).png,C:\Users\shrey\Downloads\MIP_project_part2\Lung-Cancer-Classification-\Lung-Cancer-Classification-\Data\test\large.cell.carcinoma\000128 (2).png,large.cell.carcinoma,large.cell.carcinoma,0.9580241441726683,0.9104001,0.3667789,0.00475489,True,True
VGG16,internal,000128.png,C:\Users\shrey\Downloads\MIP_project_part2\Lung-Cancer-Classification-\Lung-Cancer-Classification-\Data\test\large.cell.carcinoma\000128.png,large.cell.carcinoma,adenocarcinoma,0.515375554561615,0.52341646,0.9263836,0.05386012,False,True
VGG16,internal,000130.png,C:\Users\shrey\Downloads\MIP_project_part2\Lung-Cancer-Classification-\Lung-Cancer-Classification-\Data\test\large.cell.carcinoma\000130.png,large.cell.carcinoma,large.cell.carcinoma,0.8958793878555298,0.775739,0.6652583,0.03819172,True,True
VGG16,internal,000131 (2).png,C:\Users\shrey\Downloads\MIP_project_part2\Lung-Cancer-Classification-\Lung-Cancer-Classification-\Data\test\large.cell.carcinoma\000131 (2).png,large.cell.carcinoma,large.cell.carcinoma,0.498190313577652,0.578325,0.8314401,0.04765945,True,True
VGG16,internal,000131.png,C:\Users\shrey\Downloads\MIP_project_part2\Lung-Cancer-Classification-\Lung-Cancer-Classification-\Data\test\large.cell.carcinoma\000131.png,large.cell.carcinoma,large.cell.carcinoma,0.8097394108772278,0.60443884,0.99916667,0.05449094,True,True
VGG16,internal,000132 (2).png,C:\Users\shrey\Downloads\MIP_project_part2\Lung-Cancer-Classification-\Lung-Cancer-Classification-\Data\test\large.cell.carcinoma\000132 (2).png,large.cell.carcinoma,adenocarcinoma,0.7326092720031738,0.6136639,0.90169233,0.053543225,False,False
VGG16,internal,000133 (2).png,C:\Users\shrey\Downloads\MIP_project_part2\Lung-Cancer-Classification-\Lung-Cancer-Classification-\Data\test\large.cell.carcinoma\000133 (2).png,large.cell.carcinoma,large.cell.carcinoma,0.5376026630401611,0.4304082,1.0830301,0.04653676,True,True
VGG16,internal,000133.png,C:\Users\shrey\Downloads\MIP_project_part2\Lung-Cancer-Classification-\Lung-Cancer-Classification-\Data\test\large.cell.carcinoma\000133.png,large.cell.carcinoma,large.cell.carcinoma,0.7198259234428406,0.61224145,0.94069004,0.029431712,True,True
VGG16,internal,000136 (2).png,C:\Users\shrey\Downloads\MIP_project_part2\Lung-Cancer-Classification-\Lung-Cancer-Classification-\Data\test\large.cell.carcinoma\000136 (2).png,large.cell.carcinoma,large.cell.carcinoma,0.9697956442832948,0.88448447,0.47819987,0.019333053,True,True
VGG16,internal,000137.png,C:\Users\shrey\Downloads\MIP_project_part2\Lung-Cancer-Classification-\Lung-Cancer-Classification-\Data\test\large.cell.carcinoma\000137.png,large.cell.carcinoma,large.cell.carcinoma,0.5865562558174133,0.5078203,1.071501,0.04339539,True,True
VGG16,internal,000138 (2).png,C:\Users\shrey\Downloads\MIP_project_part2\Lung-Cancer-Classification-\Lung-Cancer-Classification-\Data\test\large.cell.carcinoma\000138 (2).png,large.cell.carcinoma,large.cell.carcinoma,0.6347756385803223,0.48230276,1.0564706,0.103153914,True,True
VGG16,internal,000141.png,C:\Users\shrey\Downloads\MIP_project_part2\Lung-Cancer-Classification-\Lung-Cancer-Classification-\Data\test\large.cell.carcinoma\000141.png,large.cell.carcinoma,large.cell.carcinoma,0.8565438985824585,0.6426929,0.9309456,0.07185173,True,True
VGG16,internal,000143.png,C:\Users\shrey\Downloads\MIP_project_part2\Lung-Cancer-Classification-\Lung-Cancer-Classification-\Data\test\large.cell.carcinoma\000143.png,large.cell.carcinoma,normal,0.5793869495391846,0.5181655,1.183895,0.05795658,False,False
VGG16,internal,000147 (2).png,C:\Users\shrey\Downloads\MIP_project_part2\Lung-Cancer-Classification-\Lung-Cancer-Classification-\Data\test\large.cell.carcinoma\000147 (2).png,large.cell.carcinoma,large.cell.carcinoma,0.690376877784729,0.7054655,0.8669644,0.05745514,True,True
VGG16,internal,000148 (2).png,C:\Users\shrey\Downloads\MIP_project_part2\Lung-Cancer-Classification-\Lung-Cancer-Classification-\Data\test\large.cell.carcinoma\000148 (2).png,large.cell.carcinoma,squamous.cell.carcinoma,0.4954719245433807,0.47128356,0.90127856,0.074542664,False,False
VGG16,internal,000148.png,C:\Users\shrey\Downloads\MIP_project_part2\Lung-Cancer-Classification-\Lung-Cancer-Classification-\Data\test\large.cell.carcinoma\000148.png,large.cell.carcinoma,adenocarcinoma,0.812330961227417,0.6620606,0.9685642,0.044245675,False,False
VGG16,internal,000149.png,C:\Users\shrey\Downloads\MIP_project_part2\Lung-Cancer-Classification-\Lung-Cancer-Classification-\Data\test\large.cell.carcinoma\000149.png,large.cell.carcinoma,large.cell.carcinoma,0.5425704121589661,0.4755176,1.0933213,0.101196505,True,True
VGG16,internal,000150.png,C:\Users\shrey\Downloads\MIP_project_part2\Lung-Cancer-Classification-\Lung-Cancer-Classification-\Data\test\large.cell.carcinoma\000150.png,large.cell.carcinoma,large.cell.carcinoma,0.9570411443710328,0.9383009,0.28290763,0.0075053647,True,True
VGG16,internal,000154 (2).png,C:\Users\shrey\Downloads\MIP_project_part2\Lung-Cancer-Classification-\Lung-Cancer-Classification-\Data\test\large.cell.carcinoma\000154 (2).png,large.cell.carcinoma,large.cell.carcinoma,0.9707751870155334,0.92404014,0.32903302,0.009894692,True,True
VGG16,internal,000154.png,C:\Users\shrey\Downloads\MIP_project_part2\Lung-Cancer-Classification-\Lung-Cancer-Classification-\Data\test\large.cell.carcinoma\000154.png,large.cell.carcinoma,large.cell.carcinoma,0.6381783485412598,0.5532,0.9632522,0.07320016,True,True
VGG16,internal,000155.png,C:\Users\shrey\Downloads\MIP_project_part2\Lung-Cancer-Classification-\Lung-Cancer-Classification-\Data\test\large.cell.carcinoma\000155.png,large.cell.carcinoma,large.cell.carcinoma,0.7828795909881592,0.58960634,0.962186,0.081676856,True,True
VGG16,internal,000158.png,C:\Users\shrey\Downloads\MIP_project_part2\Lung-Cancer-Classification-\Lung-Cancer-Classification-\Data\test\large.cell.carcinoma\000158.png,large.cell.carcinoma,large.cell.carcinoma,0.7329145073890686,0.6716614,0.9469925,0.07455472,True,True
VGG16,internal,000159 (2).png,C:\Users\shrey\Downloads\MIP_project_part2\Lung-Cancer-Classification-\Lung-Cancer-Classification-\Data\test\large.cell.carcinoma\000159 (2).png,large.cell.carcinoma,adenocarcinoma,0.5722581148147583,0.44328204,1.2208407,0.08319973,False,False
VGG16,internal,000159.png,C:\Users\shrey\Downloads\MIP_project_part2\Lung-Cancer-Classification-\Lung-Cancer-Classification-\Data\test\large.cell.carcinoma\000159.png,large.cell.carcinoma,large.cell.carcinoma,0.801544189453125,0.84411615,0.48910356,0.022284953,True,True
VGG16,internal,000160.png,C:\Users\shrey\Downloads\MIP_project_part2\Lung-Cancer-Classification-\Lung-Cancer-Classification-\Data\test\large.cell.carcinoma\000160.png,large.cell.carcinoma,large.cell.carcinoma,0.5768707394599915,0.4633092,1.0258495,0.041365188,True,True
VGG16,internal,000162.png,C:\Users\shrey\Downloads\MIP_project_part2\Lung-Cancer-Classification-\Lung-Cancer-Classification-\Data\test\large.cell.carcinoma\000162.png,large.cell.carcinoma,large.cell.carcinoma,0.9309843182563782,0.9106405,0.36451975,0.007691739,True,True
VGG16,internal,000163.png,C:\Users\shrey\Downloads\MIP_project_part2\Lung-Cancer-Classification-\Lung-Cancer-Classification-\Data\test\large.cell.carcinoma\000163.png,large.cell.carcinoma,large.cell.carcinoma,0.4588973224163055,0.50925297,1.0566583,0.05006026,True,True
VGG16,internal,000169.png,C:\Users\shrey\Downloads\MIP_project_part2\Lung-Cancer-Classification-\Lung-Cancer-Classification-\Data\test\large.cell.carcinoma\000169.png,large.cell.carcinoma,large.cell.carcinoma,0.8634130954742432,0.7746164,0.7124384,0.03555359,True,True
VGG16,internal,000170.png,C:\Users\shrey\Downloads\MIP_project_part2\Lung-Cancer-Classification-\Lung-Cancer-Classification-\Data\test\large.cell.carcinoma\000170.png,large.cell.carcinoma,adenocarcinoma,0.8691942095756531,0.78710896,0.63565654,0.026157374,False,False
VGG16,internal,000171.png,C:\Users\shrey\Downloads\MIP_project_part2\Lung-Cancer-Classification-\Lung-Cancer-Classification-\Data\test\large.cell.carcinoma\000171.png,large.cell.carcinoma,large.cell.carcinoma,0.8183305263519287,0.7335769,0.8638642,0.042991187,True,True
VGG16,internal,000172 (2).png,C:\Users\shrey\Downloads\MIP_project_part2\Lung-Cancer-Classification-\Lung-Cancer-Classification-\Data\test\large.cell.carcinoma\000172 (2).png,large.cell.carcinoma,large.cell.carcinoma,0.9583552479743958,0.8781651,0.47414738,0.021094138,True,True
VGG16,internal,000172.png,C:\Users\shrey\Downloads\MIP_project_part2\Lung-Cancer-Classification-\Lung-Cancer-Classification-\Data\test\large.cell.carcinoma\000172.png,large.cell.carcinoma,large.cell.carcinoma,0.808792769908905,0.71624446,0.7542543,0.029318215,True,True
VGG16,internal,000173 (2).png,C:\Users\shrey\Downloads\MIP_project_part2\Lung-Cancer-Classification-\Lung-Cancer-Classification-\Data\test\large.cell.carcinoma\000173 (2).png,large.cell.carcinoma,large.cell.carcinoma,0.4787710011005401,0.40117204,1.1250131,0.062452506,True,True
VGG16,internal,000173.png,C:\Users\shrey\Downloads\MIP_project_part2\Lung-Cancer-Classification-\Lung-Cancer-Classification-\Data\test\large.cell.carcinoma\000173.png,large.cell.carcinoma,large.cell.carcinoma,0.4730382263660431,0.48990476,1.1634225,0.056956403,True,True
VGG16,internal,000174.png,C:\Users\shrey\Downloads\MIP_project_part2\Lung-Cancer-Classification-\Lung-Cancer-Classification-\Data\test\large.cell.carcinoma\000174.png,large.cell.carcinoma,large.cell.carcinoma,0.5885956883430481,0.50742745,0.8270238,0.075177185,True,False
VGG16,internal,10 (2) - Copy.png,C:\Users\shrey\Downloads\MIP_project_part2\Lung-Cancer-Classification-\Lung-Cancer-Classification-\Data\test\normal\10 (2) - Copy.png,normal,normal,0.9995655417442322,0.99843055,0.01244643,6.921151e-06,True,True
VGG16,internal,10 (2).png,C:\Users\shrey\Downloads\MIP_project_part2\Lung-Cancer-Classification-\Lung-Cancer-Classification-\Data\test\normal\10 (2).png,normal,normal,0.9995655417442322,0.9708723,0.14535128,0.011170606,True,True
VGG16,internal,10 - Copy (2) - Copy.png,C:\Users\shrey\Downloads\MIP_project_part2\Lung-Cancer-Classification-\Lung-Cancer-Classification-\Data\test\normal\10 - Copy (2) - Copy.png,normal,normal,0.9997972846031188,0.9745333,0.13268758,0.0071678394,True,True
VGG16,internal,10 - Copy (2).png,C:\Users\shrey\Downloads\MIP_project_part2\Lung-Cancer-Classification-\Lung-Cancer-Classification-\Data\test\normal\10 - Copy (2).png,normal,normal,0.9997972846031188,0.9989223,0.009407039,5.135824e-06,True,True
VGG16,internal,10 - Copy (3).png,C:\Users\shrey\Downloads\MIP_project_part2\Lung-Cancer-Classification-\Lung-Cancer-Classification-\Data\test\normal\10 - Copy (3).png,normal,normal,0.999837040901184,0.99556774,0.032307565,8.706344e-05,True,True
VGG16,internal,10 - Copy - Copy.png,C:\Users\shrey\Downloads\MIP_project_part2\Lung-Cancer-Classification-\Lung-Cancer-Classification-\Data\test\normal\10 - Copy - Copy.png,normal,normal,0.9999161958694458,0.98702645,0.07428272,0.001830936,True,True
VGG16,internal,10 - Copy.png,C:\Users\shrey\Downloads\MIP_project_part2\Lung-Cancer-Classification-\Lung-Cancer-Classification-\Data\test\normal\10 - Copy.png,normal,normal,0.9999161958694458,0.9976119,0.018851593,2.8315671e-05,True,True
VGG16,internal,10.png,C:\Users\shrey\Downloads\MIP_project_part2\Lung-Cancer-Classification-\Lung-Cancer-Classification-\Data\test\normal\10.png,normal,normal,0.999837040901184,0.9997365,0.0026352974,1.6884309e-07,True,True
VGG16,internal,11 (2) - Copy.png,C:\Users\shrey\Downloads\MIP_project_part2\Lung-Cancer-Classification-\Lung-Cancer-Classification-\Data\test\normal\11 (2) - Copy.png,normal,normal,0.9999971389770508,0.999899,0.0011187751,4.8841454e-08,True,True
VGG16,internal,11 (2).png,C:\Users\shrey\Downloads\MIP_project_part2\Lung-Cancer-Classification-\Lung-Cancer-Classification-\Data\test\normal\11 (2).png,normal,normal,0.9999971389770508,0.9975216,0.01816832,7.1384406e-05,True,True
VGG16,internal,11 - Copy (2) - Copy.png,C:\Users\shrey\Downloads\MIP_project_part2\Lung-Cancer-Classification-\Lung-Cancer-Classification-\Data\test\normal\11 - Copy (2) - Copy.png,normal,normal,0.9999886751174928,0.99985415,0.0015014654,1.1841927e-07,True,True
VGG16,internal,11 - Copy (2).png,C:\Users\shrey\Downloads\MIP_project_part2\Lung-Cancer-Classification-\Lung-Cancer-Classification-\Data\test\normal\11 - Copy (2).png,normal,normal,0.9999886751174928,0.97288007,0.1300019,0.010060832,True,True
VGG16,internal,11 - Copy (3).png,C:\Users\shrey\Downloads\MIP_project_part2\Lung-Cancer-Classification-\Lung-Cancer-Classification-\Data\test\normal\11 - Copy (3).png,normal,normal,0.9999983310699464,0.99990165,0.0010606318,3.4216523e-08,True,True
VGG16,internal,11 - Copy - Copy.png,C:\Users\shrey\Downloads\MIP_project_part2\Lung-Cancer-Classification-\Lung-Cancer-Classification-\Data\test\normal\11 - Copy - Copy.png,normal,normal,0.9999935626983644,0.99727196,0.01939667,8.410508e-05,True,True
VGG16,internal,11 - Copy.png,C:\Users\shrey\Downloads\MIP_project_part2\Lung-Cancer-Classification-\Lung-Cancer-Classification-\Data\test\normal\11 - Copy.png,normal,normal,0.9999935626983644,0.99997973,0.00025923102,7.14013e-10,True,True
VGG16,internal,11.png,C:\Users\shrey\Downloads\MIP_project_part2\Lung-Cancer-Classification-\Lung-Cancer-Classification-\Data\test\normal\11.png,normal,normal,0.9999983310699464,0.9975663,0.019067958,2.3051418e-05,True,True
VGG16,internal,12 (2) - Copy.png,C:\Users\shrey\Downloads\MIP_project_part2\Lung-Cancer-Classification-\Lung-Cancer-Classification-\Data\test\normal\12 (2) - Copy.png,normal,normal,0.9999998807907104,0.99935275,0.00545319,5.789474e-06,True,True
VGG16,internal,12 (2).png,C:\Users\shrey\Downloads\MIP_project_part2\Lung-Cancer-Classification-\Lung-Cancer-Classification-\Data\test\normal\12 (2).png,normal,normal,0.9999998807907104,0.99861795,0.010655216,2.6534184e-05,True,True
VGG16,internal,12 - Copy (2) - Copy.png,C:\Users\shrey\Downloads\MIP_project_part2\Lung-Cancer-Classification-\Lung-Cancer-Classification-\Data\test\normal\12 - Copy (2) - Copy.png,normal,normal,0.9999997615814208,0.99990815,0.00096673716,2.9818217e-08,True,True
VGG16,internal,12 - Copy (2).png,C:\Users\shrey\Downloads\MIP_project_part2\Lung-Cancer-Classification-\Lung-Cancer-Classification-\Data\test\normal\12 - Copy (2).png,normal,normal,0.9999997615814208,0.9969028,0.021171331,6.909893e-05,True,True
VGG16,internal,12 - Copy (3).png,C:\Users\shrey\Downloads\MIP_project_part2\Lung-Cancer-Classification-\Lung-Cancer-Classification-\Data\test\normal\12 - Copy (3).png,normal,normal,0.9999997615814208,0.9983052,0.012629672,2.4959534e-05,True,True
VGG16,internal,12 - Copy - Copy.png,C:\Users\shrey\Downloads\MIP_project_part2\Lung-Cancer-Classification-\Lung-Cancer-Classification-\Data\test\normal\12 - Copy - Copy.png,normal,normal,0.9999998807907104,0.99989456,0.0011506788,7.034399e-08,True,True
VGG16,internal,12 - Copy.png,C:\Users\shrey\Downloads\MIP_project_part2\Lung-Cancer-Classification-\Lung-Cancer-Classification-\Data\test\normal\12 - Copy.png,normal,normal,0.9999998807907104,0.998658,0.010823765,1.6826403e-05,True,True
VGG16,internal,21.png,C:\Users\shrey\Downloads\MIP_project_part2\Lung-Cancer-Classification-\Lung-Cancer-Classification-\Data\test\normal\21.png,normal,normal,0.9999996423721312,0.9972251,0.01917487,7.27753e-05,True,True
VGG16,internal,22.png,C:\Users\shrey\Downloads\MIP_project_part2\Lung-Cancer-Classification-\Lung-Cancer-Classification-\Data\test\normal\22.png,normal,normal,0.9823363423347472,0.8635935,0.51508904,0.031639494,True,True
VGG16,internal,23.png,C:\Users\shrey\Downloads\MIP_project_part2\Lung-Cancer-Classification-\Lung-Cancer-Classification-\Data\test\normal\23.png,normal,normal,0.9879796504974364,0.95336175,0.2180723,0.002392882,True,True
VGG16,internal,24 - Copy.png,C:\Users\shrey\Downloads\MIP_project_part2\Lung-Cancer-Classification-\Lung-Cancer-Classification-\Data\test\normal\24 - Copy.png,normal,normal,0.9983935952186584,0.9639118,0.1625687,0.01570266,True,True
VGG16,internal,24.png,C:\Users\shrey\Downloads\MIP_project_part2\Lung-Cancer-Classification-\Lung-Cancer-Classification-\Data\test\normal\24.png,normal,normal,0.9982945322990416,0.96510786,0.15317707,0.009949522,True,True
VGG16,internal,25.png,C:\Users\shrey\Downloads\MIP_project_part2\Lung-Cancer-Classification-\Lung-Cancer-Classification-\Data\test\normal\25.png,normal,normal,0.9983701109886168,0.9813804,0.10132876,0.0009596214,True,True
VGG16,internal,6 (2) - Copy.png,C:\Users\shrey\Downloads\MIP_project_part2\Lung-Cancer-Classification-\Lung-Cancer-Classification-\Data\test\normal\6 (2) - Copy.png,normal,normal,0.9999985694885254,0.9999363,0.00071346614,2.5452378e-08,True,True
VGG16,internal,6 (2).png,C:\Users\shrey\Downloads\MIP_project_part2\Lung-Cancer-Classification-\Lung-Cancer-Classification-\Data\test\normal\6 (2).png,normal,normal,0.9999985694885254,0.9996928,0.0029185254,8.89586e-07,True,True
VGG16,internal,6 - Copy (2) - Copy.png,C:\Users\shrey\Downloads\MIP_project_part2\Lung-Cancer-Classification-\Lung-Cancer-Classification-\Data\test\normal\6 - Copy (2) - Copy.png,normal,normal,1.0,0.9994185,0.0049182475,4.578225e-06,True,True
VGG16,internal,6 - Copy (2).png,C:\Users\shrey\Downloads\MIP_project_part2\Lung-Cancer-Classification-\Lung-Cancer-Classification-\Data\test\normal\6 - Copy (2).png,normal,normal,1.0,0.99999905,1.5676118e-05,4.2556774e-12,True,True
VGG16,internal,6 - Copy (3).png,C:\Users\shrey\Downloads\MIP_project_part2\Lung-Cancer-Classification-\Lung-Cancer-Classification-\Data\test\normal\6 - Copy (3).png,normal,normal,0.9999985694885254,0.9998465,0.0016009202,7.766184e-08,True,True
VGG16,internal,6 - Copy.png,C:\Users\shrey\Downloads\MIP_project_part2\Lung-Cancer-Classification-\Lung-Cancer-Classification-\Data\test\normal\6 - Copy.png,normal,normal,1.0,0.9999997,6.059173e-06,3.844036e-13,True,True
VGG16,internal,6.png,C:\Users\shrey\Downloads\MIP_project_part2\Lung-Cancer-Classification-\Lung-Cancer-Classification-\Data\test\normal\6.png,normal,normal,0.9999985694885254,0.99996006,0.00046825712,8.540697e-09,True,True
VGG16,internal,7 (2) - Copy.png,C:\Users\shrey\Downloads\MIP_project_part2\Lung-Cancer-Classification-\Lung-Cancer-Classification-\Data\test\normal\7 (2) - Copy.png,normal,normal,0.9994874000549316,0.9897364,0.067004204,0.0002346158,True,True
VGG16,internal,7 (2).png,C:\Users\shrey\Downloads\MIP_project_part2\Lung-Cancer-Classification-\Lung-Cancer-Classification-\Data\test\normal\7 (2).png,normal,normal,0.9994874000549316,0.94060063,0.2676683,0.042684026,True,True
VGG16,internal,7 - Copy (2) - Copy.png,C:\Users\shrey\Downloads\MIP_project_part2\Lung-Cancer-Classification-\Lung-Cancer-Classification-\Data\test\normal\7 - Copy (2) - Copy.png,normal,normal,0.9991017580032348,0.89430434,0.3415538,0.05338892,True,True
VGG16,internal,7 - Copy (2).png,C:\Users\shrey\Downloads\MIP_project_part2\Lung-Cancer-Classification-\Lung-Cancer-Classification-\Data\test\normal\7 - Copy (2).png,normal,normal,0.9991017580032348,0.94737875,0.20874974,0.016930226,True,True
VGG16,internal,7 - Copy (3).png,C:\Users\shrey\Downloads\MIP_project_part2\Lung-Cancer-Classification-\Lung-Cancer-Classification-\Data\test\normal\7 - Copy (3).png,normal,normal,0.9994874000549316,0.94578844,0.23216315,0.03199382,True,True
VGG16,internal,7 - Copy - Copy.png,C:\Users\shrey\Downloads\MIP_project_part2\Lung-Cancer-Classification-\Lung-Cancer-Classification-\Data\test\normal\7 - Copy - Copy.png,normal,normal,0.9991017580032348,0.98675895,0.08026044,0.000625755,True,True
VGG16,internal,7 - Copy.png,C:\Users\shrey\Downloads\MIP_project_part2\Lung-Cancer-Classification-\Lung-Cancer-Classification-\Data\test\normal\7 - Copy.png,normal,normal,0.9991017580032348,0.9900268,0.059905585,0.0004564948,True,True
VGG16,internal,7.png,C:\Users\shrey\Downloads\MIP_project_part2\Lung-Cancer-Classification-\Lung-Cancer-Classification-\Data\test\normal\7.png,normal,normal,0.9994874000549316,0.98386514,0.0877992,0.0029463929,True,True
VGG16,internal,8 (2) - Copy.png,C:\Users\shrey\Downloads\MIP_project_part2\Lung-Cancer-Classification-\Lung-Cancer-Classification-\Data\test\normal\8 (2) - Copy.png,normal,normal,0.9999996423721312,0.9999286,0.0007936436,5.1072433e-08,True,True
VGG16,internal,8 (2).png,C:\Users\shrey\Downloads\MIP_project_part2\Lung-Cancer-Classification-\Lung-Cancer-Classification-\Data\test\normal\8 (2).png,normal,normal,0.9999996423721312,0.9997958,0.0020733145,3.5648517e-07,True,True
VGG16,internal,8 - Copy (2) - Copy.png,C:\Users\shrey\Downloads\MIP_project_part2\Lung-Cancer-Classification-\Lung-Cancer-Classification-\Data\test\normal\8 - Copy (2) - Copy.png,normal,normal,0.9999985694885254,0.9998852,0.0012053632,6.3188715e-08,True,True
VGG16,internal,8 - Copy (2).png,C:\Users\shrey\Downloads\MIP_project_part2\Lung-Cancer-Classification-\Lung-Cancer-Classification-\Data\test\normal\8 - Copy (2).png,normal,normal,0.9999985694885254,0.9999743,0.00032189538,7.715349e-09,True,True
VGG16,internal,8 - Copy (3).png,C:\Users\shrey\Downloads\MIP_project_part2\Lung-Cancer-Classification-\Lung-Cancer-Classification-\Data\test\normal\8 - Copy (3).png,normal,normal,0.9999980926513672,0.9999729,0.00034011638,1.4252917e-09,True,True
VGG16,internal,8 - Copy - Copy.png,C:\Users\shrey\Downloads\MIP_project_part2\Lung-Cancer-Classification-\Lung-Cancer-Classification-\Data\test\normal\8 - Copy - Copy.png,normal,normal,0.9999985694885254,0.9999125,0.00097648834,3.6721385e-08,True,True
VGG16,internal,8 - Copy.png,C:\Users\shrey\Downloads\MIP_project_part2\Lung-Cancer-Classification-\Lung-Cancer-Classification-\Data\test\normal\8 - Copy.png,normal,normal,0.9999985694885254,0.9999561,0.0004970174,2.0061062e-08,True,True
VGG16,internal,8.png,C:\Users\shrey\Downloads\MIP_project_part2\Lung-Cancer-Classification-\Lung-Cancer-Classification-\Data\test\normal\8.png,normal,normal,0.9999980926513672,0.99998975,0.00013617231,5.943754e-10,True,True
VGG16,internal,normal - Copy.png,C:\Users\shrey\Downloads\MIP_project_part2\Lung-Cancer-Classification-\Lung-Cancer-Classification-\Data\test\normal\normal - Copy.png,normal,normal,0.9715967774391174,0.9420043,0.2606808,0.008369315,True,True
VGG16,internal,normal.png,C:\Users\shrey\Downloads\MIP_project_part2\Lung-Cancer-Classification-\Lung-Cancer-Classification-\Data\test\normal\normal.png,normal,normal,0.9598501920700072,0.8473083,0.59353614,0.027514845,True,True
VGG16,internal,000108 (6).png,C:\Users\shrey\Downloads\MIP_project_part2\Lung-Cancer-Classification-\Lung-Cancer-Classification-\Data\test\squamous.cell.carcinoma\000108 (6).png,squamous.cell.carcinoma,adenocarcinoma,0.5765347480773926,0.57006663,0.8945855,0.0826646,False,False
VGG16,internal,000110 (2).png,C:\Users\shrey\Downloads\MIP_project_part2\Lung-Cancer-Classification-\Lung-Cancer-Classification-\Data\test\squamous.cell.carcinoma\000110 (2).png,squamous.cell.carcinoma,adenocarcinoma,0.4869950115680694,0.4231591,1.0765058,0.09131451,False,True
VGG16,internal,000111.png,C:\Users\shrey\Downloads\MIP_project_part2\Lung-Cancer-Classification-\Lung-Cancer-Classification-\Data\test\squamous.cell.carcinoma\000111.png,squamous.cell.carcinoma,squamous.cell.carcinoma,0.7690000534057617,0.74136287,0.8102201,0.012317595,True,True
VGG16,internal,000112.png,C:\Users\shrey\Downloads\MIP_project_part2\Lung-Cancer-Classification-\Lung-Cancer-Classification-\Data\test\squamous.cell.carcinoma\000112.png,squamous.cell.carcinoma,squamous.cell.carcinoma,0.6384993195533752,0.5551453,0.94530666,0.0835756,True,True
VGG16,internal,000114 (2).png,C:\Users\shrey\Downloads\MIP_project_part2\Lung-Cancer-Classification-\Lung-Cancer-Classification-\Data\test\squamous.cell.carcinoma\000114 (2).png,squamous.cell.carcinoma,adenocarcinoma,0.5664464235305786,0.53354156,1.0895764,0.0572442,False,False
VGG16,internal,000114 (3).png,C:\Users\shrey\Downloads\MIP_project_part2\Lung-Cancer-Classification-\Lung-Cancer-Classification-\Data\test\squamous.cell.carcinoma\000114 (3).png,squamous.cell.carcinoma,adenocarcinoma,0.8317705988883972,0.8183823,0.5630529,0.016572416,False,False
VGG16,internal,000115 (4).png,C:\Users\shrey\Downloads\MIP_project_part2\Lung-Cancer-Classification-\Lung-Cancer-Classification-\Data\test\squamous.cell.carcinoma\000115 (4).png,squamous.cell.carcinoma,squamous.cell.carcinoma,0.9465191960334778,0.85548306,0.45518237,0.025294773,True,True
VGG16,internal,000115 (5).png,C:\Users\shrey\Downloads\MIP_project_part2\Lung-Cancer-Classification-\Lung-Cancer-Classification-\Data\test\squamous.cell.carcinoma\000115 (5).png,squamous.cell.carcinoma,squamous.cell.carcinoma,0.6803120374679565,0.63589936,0.6798341,0.062610984,True,True
VGG16,internal,000116 (5).png,C:\Users\shrey\Downloads\MIP_project_part2\Lung-Cancer-Classification-\Lung-Cancer-Classification-\Data\test\squamous.cell.carcinoma\000116 (5).png,squamous.cell.carcinoma,adenocarcinoma,0.548346996307373,0.58832973,0.7130391,0.044886097,False,True
VGG16,internal,000117 (2).png,C:\Users\shrey\Downloads\MIP_project_part2\Lung-Cancer-Classification-\Lung-Cancer-Classification-\Data\test\squamous.cell.carcinoma\000117 (2).png,squamous.cell.carcinoma,adenocarcinoma,0.5469256043434143,0.39826116,1.135619,0.057098683,False,False
VGG16,internal,000117 (3).png,C:\Users\shrey\Downloads\MIP_project_part2\Lung-Cancer-Classification-\Lung-Cancer-Classification-\Data\test\squamous.cell.carcinoma\000117 (3).png,squamous.cell.carcinoma,adenocarcinoma,0.9130254983901978,0.8128136,0.6541563,0.040175375,False,False
VGG16,internal,000117 (5).png,C:\Users\shrey\Downloads\MIP_project_part2\Lung-Cancer-Classification-\Lung-Cancer-Classification-\Data\test\squamous.cell.carcinoma\000117 (5).png,squamous.cell.carcinoma,adenocarcinoma,0.808535099029541,0.72714,0.76765186,0.03865265,False,False
VGG16,internal,000118 (3).png,C:\Users\shrey\Downloads\MIP_project_part2\Lung-Cancer-Classification-\Lung-Cancer-Classification-\Data\test\squamous.cell.carcinoma\000118 (3).png,squamous.cell.carcinoma,adenocarcinoma,0.5270862579345703,0.55500126,0.88670087,0.042613283,False,False
VGG16,internal,000118 (4).png,C:\Users\shrey\Downloads\MIP_project_part2\Lung-Cancer-Classification-\Lung-Cancer-Classification-\Data\test\squamous.cell.carcinoma\000118 (4).png,squamous.cell.carcinoma,adenocarcinoma,0.6834708452224731,0.5012178,0.7683709,0.045416888,False,False
VGG16,internal,000119 (4).png,C:\Users\shrey\Downloads\MIP_project_part2\Lung-Cancer-Classification-\Lung-Cancer-Classification-\Data\test\squamous.cell.carcinoma\000119 (4).png,squamous.cell.carcinoma,adenocarcinoma,0.4196301102638244,0.40405053,1.1730342,0.07133817,False,False
VGG16,internal,000119.png,C:\Users\shrey\Downloads\MIP_project_part2\Lung-Cancer-Classification-\Lung-Cancer-Classification-\Data\test\squamous.cell.carcinoma\000119.png,squamous.cell.carcinoma,squamous.cell.carcinoma,0.4680201709270477,0.4253114,1.1321038,0.082574405,True,True
VGG16,internal,000120 (2).png,C:\Users\shrey\Downloads\MIP_project_part2\Lung-Cancer-Classification-\Lung-Cancer-Classification-\Data\test\squamous.cell.carcinoma\000120 (2).png,squamous.cell.carcinoma,normal,0.4855278134346008,0.53632575,1.0613835,0.07495863,False,False
VGG16,internal,000120 (3).png,C:\Users\shrey\Downloads\MIP_project_part2\Lung-Cancer-Classification-\Lung-Cancer-Classification-\Data\test\squamous.cell.carcinoma\000120 (3).png,squamous.cell.carcinoma,adenocarcinoma,0.4720265865325928,0.45206884,1.1064135,0.08551357,False,False
VGG16,internal,000120 (5).png,C:\Users\shrey\Downloads\MIP_project_part2\Lung-Cancer-Classification-\Lung-Cancer-Classification-\Data\test\squamous.cell.carcinoma\000120 (5).png,squamous.cell.carcinoma,squamous.cell.carcinoma,0.9887795448303224,0.95758617,0.18849185,0.008420737,True,True
VGG16,internal,000121 (5).png,C:\Users\shrey\Downloads\MIP_project_part2\Lung-Cancer-Classification-\Lung-Cancer-Classification-\Data\test\squamous.cell.carcinoma\000121 (5).png,squamous.cell.carcinoma,squamous.cell.carcinoma,0.9659574031829834,0.91165507,0.30429193,0.027019972,True,True
VGG16,internal,000121.png,C:\Users\shrey\Downloads\MIP_project_part2\Lung-Cancer-Classification-\Lung-Cancer-Classification-\Data\test\squamous.cell.carcinoma\000121.png,squamous.cell.carcinoma,squamous.cell.carcinoma,0.6476283073425293,0.434881,1.1249332,0.08877537,True,True
VGG16,internal,000122 (6).png,C:\Users\shrey\Downloads\MIP_project_part2\Lung-Cancer-Classification-\Lung-Cancer-Classification-\Data\test\squamous.cell.carcinoma\000122 (6).png,squamous.cell.carcinoma,squamous.cell.carcinoma,0.6455411911010742,0.60289353,0.9523561,0.045738272,True,True
VGG16,internal,000122.png,C:\Users\shrey\Downloads\MIP_project_part2\Lung-Cancer-Classification-\Lung-Cancer-Classification-\Data\test\squamous.cell.carcinoma\000122.png,squamous.cell.carcinoma,squamous.cell.carcinoma,0.9382954239845276,0.70105153,0.88256127,0.073317975,True,True
VGG16,internal,000124 (4).png,C:\Users\shrey\Downloads\MIP_project_part2\Lung-Cancer-Classification-\Lung-Cancer-Classification-\Data\test\squamous.cell.carcinoma\000124 (4).png,squamous.cell.carcinoma,squamous.cell.carcinoma,0.7617520689964294,0.7078104,0.8616218,0.07913963,True,True
VGG16,internal,000124 (5).png,C:\Users\shrey\Downloads\MIP_project_part2\Lung-Cancer-Classification-\Lung-Cancer-Classification-\Data\test\squamous.cell.carcinoma\000124 (5).png,squamous.cell.carcinoma,adenocarcinoma,0.5083174109458923,0.5360945,0.7650895,0.03001109,False,True
VGG16,internal,000124.png,C:\Users\shrey\Downloads\MIP_project_part2\Lung-Cancer-Classification-\Lung-Cancer-Classification-\Data\test\squamous.cell.carcinoma\000124.png,squamous.cell.carcinoma,adenocarcinoma,0.807848334312439,0.65085715,0.9050231,0.059549667,False,False
VGG16,internal,000125 (2).png,C:\Users\shrey\Downloads\MIP_project_part2\Lung-Cancer-Classification-\Lung-Cancer-Classification-\Data\test\squamous.cell.carcinoma\000125 (2).png,squamous.cell.carcinoma,adenocarcinoma,0.6367380023002625,0.46316108,1.223688,0.08669858,False,False
VGG16,internal,000125 (6).png,C:\Users\shrey\Downloads\MIP_project_part2\Lung-Cancer-Classification-\Lung-Cancer-Classification-\Data\test\squamous.cell.carcinoma\000125 (6).png,squamous.cell.carcinoma,squamous.cell.carcinoma,0.6814478635787964,0.52068835,1.0114441,0.103600614,True,True
VGG16,internal,000125.png,C:\Users\shrey\Downloads\MIP_project_part2\Lung-Cancer-Classification-\Lung-Cancer-Classification-\Data\test\squamous.cell.carcinoma\000125.png,squamous.cell.carcinoma,squamous.cell.carcinoma,0.561831533908844,0.47528687,0.92522824,0.10371279,True,False
VGG16,internal,000126 (4).png,C:\Users\shrey\Downloads\MIP_project_part2\Lung-Cancer-Classification-\Lung-Cancer-Classification-\Data\test\squamous.cell.carcinoma\000126 (4).png,squamous.cell.carcinoma,squamous.cell.carcinoma,0.5464053153991699,0.6436723,0.67098916,0.03329657,True,True
VGG16,internal,000127 (2).png,C:\Users\shrey\Downloads\MIP_project_part2\Lung-Cancer-Classification-\Lung-Cancer-Classification-\Data\test\squamous.cell.carcinoma\000127 (2).png,squamous.cell.carcinoma,adenocarcinoma,0.7247456908226013,0.6394384,0.9919499,0.04049865,False,False
VGG16,internal,000127 (6).png,C:\Users\shrey\Downloads\MIP_project_part2\Lung-Cancer-Classification-\Lung-Cancer-Classification-\Data\test\squamous.cell.carcinoma\000127 (6).png,squamous.cell.carcinoma,squamous.cell.carcinoma,0.641289234161377,0.48358238,0.9653126,0.077964626,True,True
VGG16,internal,000127.png,C:\Users\shrey\Downloads\MIP_project_part2\Lung-Cancer-Classification-\Lung-Cancer-Classification-\Data\test\squamous.cell.carcinoma\000127.png,squamous.cell.carcinoma,squamous.cell.carcinoma,0.6967436075210571,0.57118106,1.052886,0.09795232,True,True
VGG16,internal,000129 (2).png,C:\Users\shrey\Downloads\MIP_project_part2\Lung-Cancer-Classification-\Lung-Cancer-Classification-\Data\test\squamous.cell.carcinoma\000129 (2).png,squamous.cell.carcinoma,squamous.cell.carcinoma,0.4725971519947052,0.4511804,1.0557814,0.058507126,True,False
VGG16,internal,000129 (6).png,C:\Users\shrey\Downloads\MIP_project_part2\Lung-Cancer-Classification-\Lung-Cancer-Classification-\Data\test\squamous.cell.carcinoma\000129 (6).png,squamous.cell.carcinoma,adenocarcinoma,0.525472104549408,0.35984805,1.1118088,0.07517804,False,False
VGG16,internal,000130 (4).png,C:\Users\shrey\Downloads\MIP_project_part2\Lung-Cancer-Classification-\Lung-Cancer-Classification-\Data\test\squamous.cell.carcinoma\000130 (4).png,squamous.cell.carcinoma,squamous.cell.carcinoma,0.7563695907592773,0.7494123,0.8063447,0.041564345,True,True
VGG16,internal,000131 (6).png,C:\Users\shrey\Downloads\MIP_project_part2\Lung-Cancer-Classification-\Lung-Cancer-Classification-\Data\test\squamous.cell.carcinoma\000131 (6).png,squamous.cell.carcinoma,squamous.cell.carcinoma,0.9438402056694032,0.88970447,0.41254544,0.02015021,True,True
VGG16,internal,000132 (4).png,C:\Users\shrey\Downloads\MIP_project_part2\Lung-Cancer-Classification-\Lung-Cancer-Classification-\Data\test\squamous.cell.carcinoma\000132 (4).png,squamous.cell.carcinoma,squamous.cell.carcinoma,0.640585720539093,0.5790409,1.1194593,0.07252646,True,True
VGG16,internal,000133 (2).png,C:\Users\shrey\Downloads\MIP_project_part2\Lung-Cancer-Classification-\Lung-Cancer-Classification-\Data\test\squamous.cell.carcinoma\000133 (2).png,squamous.cell.carcinoma,squamous.cell.carcinoma,0.3159275650978088,0.34835947,1.359836,0.049609892,True,False
VGG16,internal,000133 (3).png,C:\Users\shrey\Downloads\MIP_project_part2\Lung-Cancer-Classification-\Lung-Cancer-Classification-\Data\test\squamous.cell.carcinoma\000133 (3).png,squamous.cell.carcinoma,squamous.cell.carcinoma,0.6185619831085205,0.61059344,0.938623,0.05409758,True,True
VGG16,internal,000134 (5).png,C:\Users\shrey\Downloads\MIP_project_part2\Lung-Cancer-Classification-\Lung-Cancer-Classification-\Data\test\squamous.cell.carcinoma\000134 (5).png,squamous.cell.carcinoma,squamous.cell.carcinoma,0.506272554397583,0.48776844,0.80701876,0.061725896,True,False
VGG16,internal,000135 (4).png,C:\Users\shrey\Downloads\MIP_project_part2\Lung-Cancer-Classification-\Lung-Cancer-Classification-\Data\test\squamous.cell.carcinoma\000135 (4).png,squamous.cell.carcinoma,adenocarcinoma,0.5748187899589539,0.37571442,1.3290507,0.06725044,False,False
VGG16,internal,000135.png,C:\Users\shrey\Downloads\MIP_project_part2\Lung-Cancer-Classification-\Lung-Cancer-Classification-\Data\test\squamous.cell.carcinoma\000135.png,squamous.cell.carcinoma,adenocarcinoma,0.4934045076370239,0.43555266,1.0622126,0.042394266,False,False
VGG16,internal,000136 (4).png,C:\Users\shrey\Downloads\MIP_project_part2\Lung-Cancer-Classification-\Lung-Cancer-Classification-\Data\test\squamous.cell.carcinoma\000136 (4).png,squamous.cell.carcinoma,squamous.cell.carcinoma,0.7108939290046692,0.61330414,0.8523158,0.068044014,True,True
VGG16,internal,000136 (6).png,C:\Users\shrey\Downloads\MIP_project_part2\Lung-Cancer-Classification-\Lung-Cancer-Classification-\Data\test\squamous.cell.carcinoma\000136 (6).png,squamous.cell.carcinoma,adenocarcinoma,0.6404812932014465,0.58818334,1.0189338,0.052397422,False,False
VGG16,internal,000137 (3).png,C:\Users\shrey\Downloads\MIP_project_part2\Lung-Cancer-Classification-\Lung-Cancer-Classification-\Data\test\squamous.cell.carcinoma\000137 (3).png,squamous.cell.carcinoma,adenocarcinoma,0.9580528140068054,0.9161379,0.36507592,0.007238743,False,False
VGG16,internal,000137.png,C:\Users\shrey\Downloads\MIP_project_part2\Lung-Cancer-Classification-\Lung-Cancer-Classification-\Data\test\squamous.cell.carcinoma\000137.png,squamous.cell.carcinoma,squamous.cell.carcinoma,0.5236752033233643,0.49513915,1.1938887,0.047023535,True,True
VGG16,internal,000139 (4).png,C:\Users\shrey\Downloads\MIP_project_part2\Lung-Cancer-Classification-\Lung-Cancer-Classification-\Data\test\squamous.cell.carcinoma\000139 (4).png,squamous.cell.carcinoma,squamous.cell.carcinoma,0.5521078705787659,0.50228065,0.8609564,0.07516885,True,True
VGG16,internal,000139 (5).png,C:\Users\shrey\Downloads\MIP_project_part2\Lung-Cancer-Classification-\Lung-Cancer-Classification-\Data\test\squamous.cell.carcinoma\000139 (5).png,squamous.cell.carcinoma,adenocarcinoma,0.873245358467102,0.9142588,0.3180014,0.003658779,False,False
VGG16,internal,000139 (6).png,C:\Users\shrey\Downloads\MIP_project_part2\Lung-Cancer-Classification-\Lung-Cancer-Classification-\Data\test\squamous.cell.carcinoma\000139 (6).png,squamous.cell.carcinoma,squamous.cell.carcinoma,0.7234324216842651,0.64229,0.76544887,0.07986227,True,True
VGG16,internal,000141 (2).png,C:\Users\shrey\Downloads\MIP_project_part2\Lung-Cancer-Classification-\Lung-Cancer-Classification-\Data\test\squamous.cell.carcinoma\000141 (2).png,squamous.cell.carcinoma,adenocarcinoma,0.5660048723220825,0.54175097,1.0425711,0.06806087,False,False
VGG16,internal,000141 (4).png,C:\Users\shrey\Downloads\MIP_project_part2\Lung-Cancer-Classification-\Lung-Cancer-Classification-\Data\test\squamous.cell.carcinoma\000141 (4).png,squamous.cell.carcinoma,squamous.cell.carcinoma,0.7477009892463684,0.66041315,0.9526901,0.056108043,True,True
VGG16,internal,000142 (5).png,C:\Users\shrey\Downloads\MIP_project_part2\Lung-Cancer-Classification-\Lung-Cancer-Classification-\Data\test\squamous.cell.carcinoma\000142 (5).png,squamous.cell.carcinoma,adenocarcinoma,0.764075756072998,0.72580415,0.6924431,0.044787217,False,False
VGG16,internal,000142 (6).png,C:\Users\shrey\Downloads\MIP_project_part2\Lung-Cancer-Classification-\Lung-Cancer-Classification-\Data\test\squamous.cell.carcinoma\000142 (6).png,squamous.cell.carcinoma,squamous.cell.carcinoma,0.5924338698387146,0.64701897,0.9152811,0.052860636,True,True
VGG16,internal,000144 (5).png,C:\Users\shrey\Downloads\MIP_project_part2\Lung-Cancer-Classification-\Lung-Cancer-Classification-\Data\test\squamous.cell.carcinoma\000144 (5).png,squamous.cell.carcinoma,adenocarcinoma,0.7713583111763,0.701491,0.897624,0.037921496,False,False
VGG16,internal,000145 (6).png,C:\Users\shrey\Downloads\MIP_project_part2\Lung-Cancer-Classification-\Lung-Cancer-Classification-\Data\test\squamous.cell.carcinoma\000145 (6).png,squamous.cell.carcinoma,squamous.cell.carcinoma,0.8542459607124329,0.78642726,0.55439544,0.046836488,True,True
VGG16,internal,000146 (6).png,C:\Users\shrey\Downloads\MIP_project_part2\Lung-Cancer-Classification-\Lung-Cancer-Classification-\Data\test\squamous.cell.carcinoma\000146 (6).png,squamous.cell.carcinoma,squamous.cell.carcinoma,0.8086568713188171,0.69424325,0.7205739,0.07086505,True,True
VGG16,internal,000148 (3).png,C:\Users\shrey\Downloads\MIP_project_part2\Lung-Cancer-Classification-\Lung-Cancer-Classification-\Data\test\squamous.cell.carcinoma\000148 (3).png,squamous.cell.carcinoma,squamous.cell.carcinoma,0.7876577973365784,0.656443,0.8225135,0.07131786,True,True
VGG16,internal,000148 (4).png,C:\Users\shrey\Downloads\MIP_project_part2\Lung-Cancer-Classification-\Lung-Cancer-Classification-\Data\test\squamous.cell.carcinoma\000148 (4).png,squamous.cell.carcinoma,squamous.cell.carcinoma,0.8633823990821838,0.7117045,0.9105838,0.058449503,True,True
VGG16,internal,000149 (4).png,C:\Users\shrey\Downloads\MIP_project_part2\Lung-Cancer-Classification-\Lung-Cancer-Classification-\Data\test\squamous.cell.carcinoma\000149 (4).png,squamous.cell.carcinoma,adenocarcinoma,0.8295190930366516,0.6595102,0.93472993,0.068585925,False,False
VGG16,internal,000151 (6).png,C:\Users\shrey\Downloads\MIP_project_part2\Lung-Cancer-Classification-\Lung-Cancer-Classification-\Data\test\squamous.cell.carcinoma\000151 (6).png,squamous.cell.carcinoma,squamous.cell.carcinoma,0.5663214325904846,0.5507977,0.9649124,0.08568206,True,True
VGG16,internal,000151.png,C:\Users\shrey\Downloads\MIP_project_part2\Lung-Cancer-Classification-\Lung-Cancer-Classification-\Data\test\squamous.cell.carcinoma\000151.png,squamous.cell.carcinoma,squamous.cell.carcinoma,0.6924107670783997,0.5572846,0.86661726,0.04957146,True,True
VGG16,internal,000153 (3).png,C:\Users\shrey\Downloads\MIP_project_part2\Lung-Cancer-Classification-\Lung-Cancer-Classification-\Data\test\squamous.cell.carcinoma\000153 (3).png,squamous.cell.carcinoma,squamous.cell.carcinoma,0.6450007557868958,0.48116812,0.9722571,0.059599437,True,True
VGG16,internal,000153 (4).png,C:\Users\shrey\Downloads\MIP_project_part2\Lung-Cancer-Classification-\Lung-Cancer-Classification-\Data\test\squamous.cell.carcinoma\000153 (4).png,squamous.cell.carcinoma,squamous.cell.carcinoma,0.8840922117233276,0.7805655,0.622165,0.018512664,True,True
VGG16,internal,000153.png,C:\Users\shrey\Downloads\MIP_project_part2\Lung-Cancer-Classification-\Lung-Cancer-Classification-\Data\test\squamous.cell.carcinoma\000153.png,squamous.cell.carcinoma,large.cell.carcinoma,0.6701063513755798,0.4159997,1.2726223,0.091651045,False,False
VGG16,internal,000154 (2).png,C:\Users\shrey\Downloads\MIP_project_part2\Lung-Cancer-Classification-\Lung-Cancer-Classification-\Data\test\squamous.cell.carcinoma\000154 (2).png,squamous.cell.carcinoma,adenocarcinoma,0.3959116637706756,0.3374751,1.3462657,0.10599871,False,True
VGG16,internal,000154 (3).png,C:\Users\shrey\Downloads\MIP_project_part2\Lung-Cancer-Classification-\Lung-Cancer-Classification-\Data\test\squamous.cell.carcinoma\000154 (3).png,squamous.cell.carcinoma,squamous.cell.carcinoma,0.7553988695144653,0.72748005,0.7148951,0.034518942,True,True
VGG16,internal,000154 (4).png,C:\Users\shrey\Downloads\MIP_project_part2\Lung-Cancer-Classification-\Lung-Cancer-Classification-\Data\test\squamous.cell.carcinoma\000154 (4).png,squamous.cell.carcinoma,large.cell.carcinoma,0.3462319672107696,0.39796534,1.2869197,0.061635878,False,False
VGG16,internal,000155 (3).png,C:\Users\shrey\Downloads\MIP_project_part2\Lung-Cancer-Classification-\Lung-Cancer-Classification-\Data\test\squamous.cell.carcinoma\000155 (3).png,squamous.cell.carcinoma,squamous.cell.carcinoma,0.5592581629753113,0.45510972,1.2017403,0.058940075,True,True
VGG16,internal,000155.png,C:\Users\shrey\Downloads\MIP_project_part2\Lung-Cancer-Classification-\Lung-Cancer-Classification-\Data\test\squamous.cell.carcinoma\000155.png,squamous.cell.carcinoma,squamous.cell.carcinoma,0.764012336730957,0.6423479,0.74371755,0.09597104,True,True
VGG16,internal,000156 (2).png,C:\Users\shrey\Downloads\MIP_project_part2\Lung-Cancer-Classification-\Lung-Cancer-Classification-\Data\test\squamous.cell.carcinoma\000156 (2).png,squamous.cell.carcinoma,adenocarcinoma,0.6193568110466003,0.4815469,1.0916057,0.104811445,False,False
VGG16,internal,000157 (6).png,C:\Users\shrey\Downloads\MIP_project_part2\Lung-Cancer-Classification-\Lung-Cancer-Classification-\Data\test\squamous.cell.carcinoma\000157 (6).png,squamous.cell.carcinoma,squamous.cell.carcinoma,0.5897364616394043,0.58439857,0.9189373,0.049825113,True,True
VGG16,internal,000158 (4).png,C:\Users\shrey\Downloads\MIP_project_part2\Lung-Cancer-Classification-\Lung-Cancer-Classification-\Data\test\squamous.cell.carcinoma\000158 (4).png,squamous.cell.carcinoma,squamous.cell.carcinoma,0.8949835300445557,0.822629,0.56425726,0.021990264,True,True
VGG16,internal,000158 (6).png,C:\Users\shrey\Downloads\MIP_project_part2\Lung-Cancer-Classification-\Lung-Cancer-Classification-\Data\test\squamous.cell.carcinoma\000158 (6).png,squamous.cell.carcinoma,squamous.cell.carcinoma,0.843484103679657,0.77663606,0.54319656,0.04429784,True,True
VGG16,internal,000159 (5).png,C:\Users\shrey\Downloads\MIP_project_part2\Lung-Cancer-Classification-\Lung-Cancer-Classification-\Data\test\squamous.cell.carcinoma\000159 (5).png,squamous.cell.carcinoma,adenocarcinoma,0.5335628986358643,0.56248397,0.86556983,0.042417806,False,False
VGG16,internal,000160 (4).png,C:\Users\shrey\Downloads\MIP_project_part2\Lung-Cancer-Classification-\Lung-Cancer-Classification-\Data\test\squamous.cell.carcinoma\000160 (4).png,squamous.cell.carcinoma,squamous.cell.carcinoma,0.8876362442970276,0.7439304,0.7186409,0.047470912,True,True
VGG16,internal,000162 (2).png,C:\Users\shrey\Downloads\MIP_project_part2\Lung-Cancer-Classification-\Lung-Cancer-Classification-\Data\test\squamous.cell.carcinoma\000162 (2).png,squamous.cell.carcinoma,adenocarcinoma,0.7704504132270813,0.66982305,0.95651495,0.05338544,False,False
VGG16,internal,000162.png,C:\Users\shrey\Downloads\MIP_project_part2\Lung-Cancer-Classification-\Lung-Cancer-Classification-\Data\test\squamous.cell.carcinoma\000162.png,squamous.cell.carcinoma,squamous.cell.carcinoma,0.6669121980667114,0.55409014,0.9985174,0.084836714,True,True
VGG16,internal,000163 (4).png,C:\Users\shrey\Downloads\MIP_project_part2\Lung-Cancer-Classification-\Lung-Cancer-Classification-\Data\test\squamous.cell.carcinoma\000163 (4).png,squamous.cell.carcinoma,squamous.cell.carcinoma,0.6866765022277832,0.6158427,0.7776484,0.047137536,True,True
VGG16,internal,000163 (5).png,C:\Users\shrey\Downloads\MIP_project_part2\Lung-Cancer-Classification-\Lung-Cancer-Classification-\Data\test\squamous.cell.carcinoma\000163 (5).png,squamous.cell.carcinoma,squamous.cell.carcinoma,0.8385225534439087,0.8236691,0.5127422,0.015075466,True,True
VGG16,internal,000163 (6).png,C:\Users\shrey\Downloads\MIP_project_part2\Lung-Cancer-Classification-\Lung-Cancer-Classification-\Data\test\squamous.cell.carcinoma\000163 (6).png,squamous.cell.carcinoma,squamous.cell.carcinoma,0.8762758374214172,0.81285745,0.5313372,0.04980602,True,True
VGG16,internal,000164 (5).png,C:\Users\shrey\Downloads\MIP_project_part2\Lung-Cancer-Classification-\Lung-Cancer-Classification-\Data\test\squamous.cell.carcinoma\000164 (5).png,squamous.cell.carcinoma,adenocarcinoma,0.7754660844802856,0.66728175,0.71992326,0.059678692,False,False
VGG16,internal,000166 (4).png,C:\Users\shrey\Downloads\MIP_project_part2\Lung-Cancer-Classification-\Lung-Cancer-Classification-\Data\test\squamous.cell.carcinoma\000166 (4).png,squamous.cell.carcinoma,squamous.cell.carcinoma,0.9894384741783142,0.9330149,0.29898542,0.011159514,True,True
VGG16,internal,000167 (2).png,C:\Users\shrey\Downloads\MIP_project_part2\Lung-Cancer-Classification-\Lung-Cancer-Classification-\Data\test\squamous.cell.carcinoma\000167 (2).png,squamous.cell.carcinoma,adenocarcinoma,0.7822723388671875,0.63381314,0.8834886,0.087693825,False,False
VGG16,internal,000168 (2).png,C:\Users\shrey\Downloads\MIP_project_part2\Lung-Cancer-Classification-\Lung-Cancer-Classification-\Data\test\squamous.cell.carcinoma\000168 (2).png,squamous.cell.carcinoma,adenocarcinoma,0.5525256991386414,0.5049285,1.2213564,0.06581829,False,False
VGG16,internal,000169 (6).png,C:\Users\shrey\Downloads\MIP_project_part2\Lung-Cancer-Classification-\Lung-Cancer-Classification-\Data\test\squamous.cell.carcinoma\000169 (6).png,squamous.cell.carcinoma,adenocarcinoma,0.7738794088363647,0.6409948,0.93800575,0.124959566,False,False
VGG16,internal,000170 (2).png,C:\Users\shrey\Downloads\MIP_project_part2\Lung-Cancer-Classification-\Lung-Cancer-Classification-\Data\test\squamous.cell.carcinoma\000170 (2).png,squamous.cell.carcinoma,adenocarcinoma,0.8334425091743469,0.75728506,0.78273135,0.038426712,False,False
VGG16,internal,000172 (6).png,C:\Users\shrey\Downloads\MIP_project_part2\Lung-Cancer-Classification-\Lung-Cancer-Classification-\Data\test\squamous.cell.carcinoma\000172 (6).png,squamous.cell.carcinoma,squamous.cell.carcinoma,0.8803309202194214,0.6617035,0.7599704,0.09026282,True,True
VGG16,internal,000174 (3).png,C:\Users\shrey\Downloads\MIP_project_part2\Lung-Cancer-Classification-\Lung-Cancer-Classification-\Data\test\squamous.cell.carcinoma\000174 (3).png,squamous.cell.carcinoma,squamous.cell.carcinoma,0.7266768217086792,0.5667742,0.9810325,0.115185484,True,True
VGG16,internal,000177 (3).png,C:\Users\shrey\Downloads\MIP_project_part2\Lung-Cancer-Classification-\Lung-Cancer-Classification-\Data\test\squamous.cell.carcinoma\000177 (3).png,squamous.cell.carcinoma,adenocarcinoma,0.6643742918968201,0.521928,0.8058799,0.052427378,False,True
VGG16,external,Malignant case (1).jpg,C:\Users\shrey\Downloads\MIP_project_part2\Lung-Cancer-Classification-\Lung-Cancer-Classification-\Data_External_IQOTHNCCD\Malignant cases\Malignant case (1).jpg,malignant,malignant,0.7572629041969776,0.8106652200222015,0.4852569597906155,0.028701875,True,True
VGG16,external,Malignant case (10).jpg,C:\Users\shrey\Downloads\MIP_project_part2\Lung-Cancer-Classification-\Lung-Cancer-Classification-\Data_External_IQOTHNCCD\Malignant cases\Malignant case (10).jpg,malignant,normal,0.994751513004303,0.9696375303901732,0.1359999163087348,0.00508025,False,False
VGG16,external,Malignant case (100).jpg,C:\Users\shrey\Downloads\MIP_project_part2\Lung-Cancer-Classification-\Lung-Cancer-Classification-\Data_External_IQOTHNCCD\Malignant cases\Malignant case (100).jpg,malignant,normal,0.6440871953964233,0.39326031506061554,0.6701841462764019,0.08135221,False,True
VGG16,external,Malignant case (101).jpg,C:\Users\shrey\Downloads\MIP_project_part2\Lung-Cancer-Classification-\Lung-Cancer-Classification-\Data_External_IQOTHNCCD\Malignant cases\Malignant case (101).jpg,malignant,normal,0.6923311352729797,0.4473755806684494,0.6875982532924949,0.07001,False,True
VGG16,external,Malignant case (102).jpg,C:\Users\shrey\Downloads\MIP_project_part2\Lung-Cancer-Classification-\Lung-Cancer-Classification-\Data_External_IQOTHNCCD\Malignant cases\Malignant case (102).jpg,malignant,normal,0.6497091054916382,0.42310815304517746,0.6812754002441495,0.07328968,False,True
VGG16,external,Malignant case (103).jpg,C:\Users\shrey\Downloads\MIP_project_part2\Lung-Cancer-Classification-\Lung-Cancer-Classification-\Data_External_IQOTHNCCD\Malignant cases\Malignant case (103).jpg,malignant,normal,0.7931066155433655,0.5429169535636902,0.6894589372784179,0.07637734,False,False
VGG16,external,Malignant case (104).jpg,C:\Users\shrey\Downloads\MIP_project_part2\Lung-Cancer-Classification-\Lung-Cancer-Classification-\Data_External_IQOTHNCCD\Malignant cases\Malignant case (104).jpg,malignant,normal,0.6810382604598999,0.47513052076101303,0.6919096861097095,0.07630163,False,True
VGG16,external,Malignant case (105).jpg,C:\Users\shrey\Downloads\MIP_project_part2\Lung-Cancer-Classification-\Lung-Cancer-Classification-\Data_External_IQOTHNCCD\Malignant cases\Malignant case (105).jpg,malignant,normal,0.6041886210441589,0.45003002882003784,0.6881448317871917,0.08825784,False,True
VGG16,external,Malignant case (106).jpg,C:\Users\shrey\Downloads\MIP_project_part2\Lung-Cancer-Classification-\Lung-Cancer-Classification-\Data_External_IQOTHNCCD\Malignant cases\Malignant case (106).jpg,malignant,normal,0.6389846205711365,0.4819750599563122,0.6924972619326611,0.07972201,False,True
VGG16,external,Malignant case (107).jpg,C:\Users\shrey\Downloads\MIP_project_part2\Lung-Cancer-Classification-\Lung-Cancer-Classification-\Data_External_IQOTHNCCD\Malignant cases\Malignant case (107).jpg,malignant,malignant,0.5904580792412162,0.6995201520621777,0.6112703364197993,0.076571845,True,True
VGG16,external,Malignant case (108).jpg,C:\Users\shrey\Downloads\MIP_project_part2\Lung-Cancer-Classification-\Lung-Cancer-Classification-\Data_External_IQOTHNCCD\Malignant cases\Malignant case (108).jpg,malignant,normal,0.518989086151123,0.562254716642201,0.6853756986585333,0.11019969,False,False
VGG16,external,Malignant case (109).jpg,C:\Users\shrey\Downloads\MIP_project_part2\Lung-Cancer-Classification-\Lung-Cancer-Classification-\Data_External_IQOTHNCCD\Malignant cases\Malignant case (109).jpg,malignant,malignant,0.7059337943792343,0.7356807440519333,0.5775263984359521,0.07371645,True,True
VGG16,external,Malignant case (11).jpg,C:\Users\shrey\Downloads\MIP_project_part2\Lung-Cancer-Classification-\Lung-Cancer-Classification-\Data_External_IQOTHNCCD\Malignant cases\Malignant case (11).jpg,malignant,normal,0.9931702613830566,0.9431793093681335,0.2181284641522472,0.019385364,False,False
VGG16,external,Malignant case (110).jpg,C:\Users\shrey\Downloads\MIP_project_part2\Lung-Cancer-Classification-\Lung-Cancer-Classification-\Data_External_IQOTHNCCD\Malignant cases\Malignant case (110).jpg,malignant,normal,0.654350996017456,0.5084711201488972,0.6930036503209238,0.09114369,False,False
VGG16,external,Malignant case (111).jpg,C:\Users\shrey\Downloads\MIP_project_part2\Lung-Cancer-Classification-\Lung-Cancer-Classification-\Data_External_IQOTHNCCD\Malignant cases\Malignant case (111).jpg,malignant,normal,0.9354923963546752,0.767652727663517,0.5420971298070157,0.04735892,False,False
VGG16,external,Malignant case (112).jpg,C:\Users\shrey\Downloads\MIP_project_part2\Lung-Cancer-Classification-\Lung-Cancer-Classification-\Data_External_IQOTHNCCD\Malignant cases\Malignant case (112).jpg,malignant,normal,0.9823482632637024,0.9558340893127025,0.18096480945125,0.003798308,False,False
VGG16,external,Malignant case (113).jpg,C:\Users\shrey\Downloads\MIP_project_part2\Lung-Cancer-Classification-\Lung-Cancer-Classification-\Data_External_IQOTHNCCD\Malignant cases\Malignant case (113).jpg,malignant,normal,0.9923616647720336,0.9828706276020966,0.0866462333493517,0.00032247268,False,False
VGG16,external,Malignant case (114).jpg,C:\Users\shrey\Downloads\MIP_project_part2\Lung-Cancer-Classification-\Lung-Cancer-Classification-\Data_External_IQOTHNCCD\Malignant cases\Malignant case (114).jpg,malignant,normal,0.9891993403434752,0.9335997165180743,0.2442265165225401,0.0077429833,False,False
VGG16,external,Malignant case (115).jpg,C:\Users\shrey\Downloads\MIP_project_part2\Lung-Cancer-Classification-\Lung-Cancer-Classification-\Data_External_IQOTHNCCD\Malignant cases\Malignant case (115).jpg,malignant,normal,0.9903140664100648,0.9538634796626866,0.1869783886672299,0.0027316897,False,False
VGG16,external,Malignant case (116).jpg,C:\Users\shrey\Downloads\MIP_project_part2\Lung-Cancer-Classification-\Lung-Cancer-Classification-\Data_External_IQOTHNCCD\Malignant cases\Malignant case (116).jpg,malignant,normal,0.995743453502655,0.9783706211019308,0.1043143822692792,0.0025603108,False,False
VGG16,external,Malignant case (117).jpg,C:\Users\shrey\Downloads\MIP_project_part2\Lung-Cancer-Classification-\Lung-Cancer-Classification-\Data_External_IQOTHNCCD\Malignant cases\Malignant case (117).jpg,malignant,normal,0.982978880405426,0.9013561308383942,0.3220930175782177,0.0216106,False,False
VGG16,external,Malignant case (118).jpg,C:\Users\shrey\Downloads\MIP_project_part2\Lung-Cancer-Classification-\Lung-Cancer-Classification-\Data_External_IQOTHNCCD\Malignant cases\Malignant case (118).jpg,malignant,normal,0.9972272515296936,0.9944289670092986,0.0344700957262536,4.9586102e-05,False,False
VGG16,external,Malignant case (119).jpg,C:\Users\shrey\Downloads\MIP_project_part2\Lung-Cancer-Classification-\Lung-Cancer-Classification-\Data_External_IQOTHNCCD\Malignant cases\Malignant case (119).jpg,malignant,normal,0.9996203184127808,0.9974968331807759,0.0174946064852905,8.2312035e-06,False,False
VGG16,external,Malignant case (12).jpg,C:\Users\shrey\Downloads\MIP_project_part2\Lung-Cancer-Classification-\Lung-Cancer-Classification-\Data_External_IQOTHNCCD\Malignant cases\Malignant case (12).jpg,malignant,normal,0.9811386466026306,0.9211059166118503,0.2760601007697401,0.0058079045,False,False
VGG16,external,Malignant case (120).jpg,C:\Users\shrey\Downloads\MIP_project_part2\Lung-Cancer-Classification-\Lung-Cancer-Classification-\Data_External_IQOTHNCCD\Malignant cases\Malignant case (120).jpg,malignant,normal,0.9980136156082152,0.9755559980403632,0.1148635691577017,0.0013850605,False,False
VGG16,external,Malignant case (121).jpg,C:\Users\shrey\Downloads\MIP_project_part2\Lung-Cancer-Classification-\Lung-Cancer-Classification-\Data_External_IQOTHNCCD\Malignant cases\Malignant case (121).jpg,malignant,normal,0.9988516569137572,0.9681554338894784,0.1410966029534918,0.003160038,False,False
VGG16,external,Malignant case (122).jpg,C:\Users\shrey\Downloads\MIP_project_part2\Lung-Cancer-Classification-\Lung-Cancer-Classification-\Data_External_IQOTHNCCD\Malignant cases\Malignant case (122).jpg,malignant,malignant,0.9753590319305658,0.922746740281582,0.272008951874449,0.07240226,True,True
VGG16,external,Malignant case (123).jpg,C:\Users\shrey\Downloads\MIP_project_part2\Lung-Cancer-Classification-\Lung-Cancer-Classification-\Data_External_IQOTHNCCD\Malignant cases\Malignant case (123).jpg,malignant,malignant,0.9382009785622358,0.9124293439090252,0.2968809194430897,0.086565495,True,True
VGG16,external,Malignant case (124).jpg,C:\Users\shrey\Downloads\MIP_project_part2\Lung-Cancer-Classification-\Lung-Cancer-Classification-\Data_External_IQOTHNCCD\Malignant cases\Malignant case (124).jpg,malignant,malignant,0.7338587325066328,0.7309583313763142,0.5823033364132078,0.06395729,True,True
VGG16,external,Malignant case (125).jpg,C:\Users\shrey\Downloads\MIP_project_part2\Lung-Cancer-Classification-\Lung-Cancer-Classification-\Data_External_IQOTHNCCD\Malignant cases\Malignant case (125).jpg,malignant,malignant,0.8474046401679516,0.8749250806868076,0.3769158937187336,0.097143516,True,True
VGG16,external,Malignant case (126).jpg,C:\Users\shrey\Downloads\MIP_project_part2\Lung-Cancer-Classification-\Lung-Cancer-Classification-\Data_External_IQOTHNCCD\Malignant cases\Malignant case (126).jpg,malignant,malignant,0.7902071196585894,0.8280630856752396,0.4589442508518806,0.06386295,True,True
VGG16,external,Malignant case (127).jpg,C:\Users\shrey\Downloads\MIP_project_part2\Lung-Cancer-Classification-\Lung-Cancer-Classification-\Data_External_IQOTHNCCD\Malignant cases\Malignant case (127).jpg,malignant,malignant,0.7880474785342813,0.7752968296408653,0.5327964618462369,0.059339844,True,True
VGG16,external,Malignant case (128).jpg,C:\Users\shrey\Downloads\MIP_project_part2\Lung-Cancer-Classification-\Lung-Cancer-Classification-\Data_External_IQOTHNCCD\Malignant cases\Malignant case (128).jpg,malignant,malignant,0.7518126387149096,0.6750999167561531,0.6305079712402474,0.049450215,True,True
VGG16,external,Malignant case (129).jpg,C:\Users\shrey\Downloads\MIP_project_part2\Lung-Cancer-Classification-\Lung-Cancer-Classification-\Data_External_IQOTHNCCD\Malignant cases\Malignant case (129).jpg,malignant,malignant,0.8629033789038658,0.8618630841374397,0.4015669273364279,0.05324576,True,True
VGG16,external,Malignant case (13).jpg,C:\Users\shrey\Downloads\MIP_project_part2\Lung-Cancer-Classification-\Lung-Cancer-Classification-\Data_External_IQOTHNCCD\Malignant cases\Malignant case (13).jpg,malignant,normal,0.993444800376892,0.9572615463985131,0.1765516766442461,0.0077804425,False,False
VGG16,external,Malignant case (130).jpg,C:\Users\shrey\Downloads\MIP_project_part2\Lung-Cancer-Classification-\Lung-Cancer-Classification-\Data_External_IQOTHNCCD\Malignant cases\Malignant case (130).jpg,malignant,normal,0.6281452775001526,0.4909191131591797,0.6929822378796751,0.037973087,False,True
VGG16,external,Malignant case (131).jpg,C:\Users\shrey\Downloads\MIP_project_part2\Lung-Cancer-Classification-\Lung-Cancer-Classification-\Data_External_IQOTHNCCD\Malignant cases\Malignant case (131).jpg,malignant,normal,0.5557061433792114,0.5187515541911125,0.69244377148586,0.079602875,False,False
VGG16,external,Malignant case (132).jpg,C:\Users\shrey\Downloads\MIP_project_part2\Lung-Cancer-Classification-\Lung-Cancer-Classification-\Data_External_IQOTHNCCD\Malignant cases\Malignant case (132).jpg,malignant,normal,0.747031569480896,0.6244004797190428,0.6618687129995828,0.05206545,False,False
VGG16,external,Malignant case (133).jpg,C:\Users\shrey\Downloads\MIP_project_part2\Lung-Cancer-Classification-\Lung-Cancer-Classification-\Data_External_IQOTHNCCD\Malignant cases\Malignant case (133).jpg,malignant,normal,0.8304465413093567,0.6859178617596626,0.6223280446740844,0.03965539,False,False
VGG16,external,Malignant case (134).jpg,C:\Users\shrey\Downloads\MIP_project_part2\Lung-Cancer-Classification-\Lung-Cancer-Classification-\Data_External_IQOTHNCCD\Malignant cases\Malignant case (134).jpg,malignant,normal,0.7742275595664978,0.6897517256438732,0.6192991577542848,0.060159814,False,False
VGG16,external,Malignant case (135).jpg,C:\Users\shrey\Downloads\MIP_project_part2\Lung-Cancer-Classification-\Lung-Cancer-Classification-\Data_External_IQOTHNCCD\Malignant cases\Malignant case (135).jpg,malignant,normal,0.6856223344802856,0.5242973789572716,0.69196597696717,0.06589367,False,False
VGG16,external,Malignant case (136).jpg,C:\Users\shrey\Downloads\MIP_project_part2\Lung-Cancer-Classification-\Lung-Cancer-Classification-\Data_External_IQOTHNCCD\Malignant cases\Malignant case (136).jpg,malignant,normal,0.5651274919509888,0.4374299393966794,0.6852965908674151,0.0522727,False,True
VGG16,external,Malignant case (137).jpg,C:\Users\shrey\Downloads\MIP_project_part2\Lung-Cancer-Classification-\Lung-Cancer-Classification-\Data_External_IQOTHNCCD\Malignant cases\Malignant case (137).jpg,malignant,normal,0.7073562145233154,0.6022366117686033,0.6720943624609957,0.07038877,False,False
VGG16,external,Malignant case (138).jpg,C:\Users\shrey\Downloads\MIP_project_part2\Lung-Cancer-Classification-\Lung-Cancer-Classification-\Data_External_IQOTHNCCD\Malignant cases\Malignant case (138).jpg,malignant,normal,0.994751513004303,0.9822076719719917,0.0893182464532126,0.0005450212,False,False
VGG16,external,Malignant case (139).jpg,C:\Users\shrey\Downloads\MIP_project_part2\Lung-Cancer-Classification-\Lung-Cancer-Classification-\Data_External_IQOTHNCCD\Malignant cases\Malignant case (139).jpg,malignant,normal,0.9931702613830566,0.9532438958995045,0.1888506620260379,0.008460978,False,False
VGG16,external,Malignant case (14).jpg,C:\Users\shrey\Downloads\MIP_project_part2\Lung-Cancer-Classification-\Lung-Cancer-Classification-\Data_External_IQOTHNCCD\Malignant cases\Malignant case (14).jpg,malignant,normal,0.9963293671607972,0.9833241958694999,0.0848032982383817,0.0007435911,False,False
VGG16,external,Malignant case (140).jpg,C:\Users\shrey\Downloads\MIP_project_part2\Lung-Cancer-Classification-\Lung-Cancer-Classification-\Data_External_IQOTHNCCD\Malignant cases\Malignant case (140).jpg,malignant,normal,0.9811386466026306,0.8756113182753325,0.375578943030065,0.0152112795,False,False
VGG16,external,Malignant case (141).jpg,C:\Users\shrey\Downloads\MIP_project_part2\Lung-Cancer-Classification-\Lung-Cancer-Classification-\Data_External_IQOTHNCCD\Malignant cases\Malignant case (141).jpg,malignant,normal,0.993444800376892,0.972800576244481,0.1248681411039504,0.0013391386,False,False
VGG16,external,Malignant case (142).jpg,C:\Users\shrey\Downloads\MIP_project_part2\Lung-Cancer-Classification-\Lung-Cancer-Classification-\Data_External_IQOTHNCCD\Malignant cases\Malignant case (142).jpg,malignant,normal,0.966311514377594,0.9148184387013317,0.2912455509411145,0.0049993265,False,False
VGG16,external,Malignant case (143).jpg,C:\Users\shrey\Downloads\MIP_project_part2\Lung-Cancer-Classification-\Lung-Cancer-Classification-\Data_External_IQOTHNCCD\Malignant cases\Malignant case (143).jpg,malignant,normal,0.9930307269096376,0.9712929405504838,0.1302185582555692,0.002175246,False,False
VGG16,external,Malignant case (144).jpg,C:\Users\shrey\Downloads\MIP_project_part2\Lung-Cancer-Classification-\Lung-Cancer-Classification-\Data_External_IQOTHNCCD\Malignant cases\Malignant case (144).jpg,malignant,normal,0.952244222164154,0.9366216487251223,0.2361637070577868,0.0046168277,False,False
VGG16,external,Malignant case (145).jpg,C:\Users\shrey\Downloads\MIP_project_part2\Lung-Cancer-Classification-\Lung-Cancer-Classification-\Data_External_IQOTHNCCD\Malignant cases\Malignant case (145).jpg,malignant,normal,0.8664785623550415,0.625301469117403,0.6614090401716052,0.051910084,False,False
VGG16,external,Malignant case (146).jpg,C:\Users\shrey\Downloads\MIP_project_part2\Lung-Cancer-Classification-\Lung-Cancer-Classification-\Data_External_IQOTHNCCD\Malignant cases\Malignant case (146).jpg,malignant,normal,0.9531103372573853,0.8775707660242916,0.3717372538719508,0.017880391,False,False
VGG16,external,Malignant case (147).jpg,C:\Users\shrey\Downloads\MIP_project_part2\Lung-Cancer-Classification-\Lung-Cancer-Classification-\Data_External_IQOTHNCCD\Malignant cases\Malignant case (147).jpg,malignant,normal,0.969971001148224,0.9435622785240412,0.2170511489084588,0.002801248,False,False
VGG16,external,Malignant case (148).jpg,C:\Users\shrey\Downloads\MIP_project_part2\Lung-Cancer-Classification-\Lung-Cancer-Classification-\Data_External_IQOTHNCCD\Malignant cases\Malignant case (148).jpg,malignant,normal,0.9963293671607972,0.9817040066700429,0.091331326630399,0.0006499694,False,False
VGG16,external,Malignant case (149).jpg,C:\Users\shrey\Downloads\MIP_project_part2\Lung-Cancer-Classification-\Lung-Cancer-Classification-\Data_External_IQOTHNCCD\Malignant cases\Malignant case (149).jpg,malignant,normal,0.9815821647644044,0.9121959183103173,0.2974276102640591,0.02115948,False,False
VGG16,external,Malignant case (15).jpg,C:\Users\shrey\Downloads\MIP_project_part2\Lung-Cancer-Classification-\Lung-Cancer-Classification-\Data_External_IQOTHNCCD\Malignant cases\Malignant case (15).jpg,malignant,normal,0.9874738454818726,0.9145713665056974,0.2918317386606327,0.02899077,False,False
VGG16,external,Malignant case (150).jpg,C:\Users\shrey\Downloads\MIP_project_part2\Lung-Cancer-Classification-\Lung-Cancer-Classification-\Data_External_IQOTHNCCD\Malignant cases\Malignant case (150).jpg,malignant,normal,0.9653061628341676,0.8888246043352411,0.3489657705098781,0.017794283,False,False
VGG16,external,Malignant case (151).jpg,C:\Users\shrey\Downloads\MIP_project_part2\Lung-Cancer-Classification-\Lung-Cancer-Classification-\Data_External_IQOTHNCCD\Malignant cases\Malignant case (151).jpg,malignant,normal,0.990555226802826,0.9875102344085464,0.0671521282619769,0.000206127,False,False
VGG16,external,Malignant case (152).jpg,C:\Users\shrey\Downloads\MIP_project_part2\Lung-Cancer-Classification-\Lung-Cancer-Classification-\Data_External_IQOTHNCCD\Malignant cases\Malignant case (152).jpg,malignant,normal,0.9874738454818726,0.91372978547588,0.2938225056438028,0.00893082,False,False
VGG16,external,Malignant case (153).jpg,C:\Users\shrey\Downloads\MIP_project_part2\Lung-Cancer-Classification-\Lung-Cancer-Classification-\Data_External_IQOTHNCCD\Malignant cases\Malignant case (153).jpg,malignant,normal,0.9808763861656188,0.9390498506836594,0.229573993625006,0.00865345,False,False
VGG16,external,Malignant case (154).jpg,C:\Users\shrey\Downloads\MIP_project_part2\Lung-Cancer-Classification-\Lung-Cancer-Classification-\Data_External_IQOTHNCCD\Malignant cases\Malignant case (154).jpg,malignant,normal,0.9647589325904846,0.8381951712071896,0.4426506369924168,0.034177758,False,False
VGG16,external,Malignant case (155).jpg,C:\Users\shrey\Downloads\MIP_project_part2\Lung-Cancer-Classification-\Lung-Cancer-Classification-\Data_External_IQOTHNCCD\Malignant cases\Malignant case (155).jpg,malignant,normal,0.8889273405075073,0.8322474965825677,0.4523045592578863,0.021068333,False,False
VGG16,external,Malignant case (156).jpg,C:\Users\shrey\Downloads\MIP_project_part2\Lung-Cancer-Classification-\Lung-Cancer-Classification-\Data_External_IQOTHNCCD\Malignant cases\Malignant case (156).jpg,malignant,normal,0.9947746396064758,0.9888074572663755,0.0614122712193068,0.0002307735,False,False
VGG16,external,Malignant case (157).jpg,C:\Users\shrey\Downloads\MIP_project_part2\Lung-Cancer-Classification-\Lung-Cancer-Classification-\Data_External_IQOTHNCCD\Malignant cases\Malignant case (157).jpg,malignant,normal,0.911295473575592,0.8362003508955241,0.4459170914081881,0.043426964,False,False
VGG16,external,Malignant case (158).jpg,C:\Users\shrey\Downloads\MIP_project_part2\Lung-Cancer-Classification-\Lung-Cancer-Classification-\Data_External_IQOTHNCCD\Malignant cases\Malignant case (158).jpg,malignant,normal,0.9832573533058168,0.9114210717380047,0.2992374962065315,0.0099599,False,False
VGG16,external,Malignant case (159).jpg,C:\Users\shrey\Downloads\MIP_project_part2\Lung-Cancer-Classification-\Lung-Cancer-Classification-\Data_External_IQOTHNCCD\Malignant cases\Malignant case (159).jpg,malignant,normal,0.9863429665565492,0.952065858989954,0.1923870136354442,0.0054851635,False,False
VGG16,external,Malignant case (16).jpg,C:\Users\shrey\Downloads\MIP_project_part2\Lung-Cancer-Classification-\Lung-Cancer-Classification-\Data_External_IQOTHNCCD\Malignant cases\Malignant case (16).jpg,malignant,malignant,0.6236424669623375,0.4893993735313415,0.6929224171548554,0.041114412,True,False
VGG16,external,Malignant case (160).jpg,C:\Users\shrey\Downloads\MIP_project_part2\Lung-Cancer-Classification-\Lung-Cancer-Classification-\Data_External_IQOTHNCCD\Malignant cases\Malignant case (160).jpg,malignant,normal,0.986684501171112,0.8529280535876751,0.4175962887899955,0.045836892,False,False
VGG16,external,Malignant case (161).jpg,C:\Users\shrey\Downloads\MIP_project_part2\Lung-Cancer-Classification-\Lung-Cancer-Classification-\Data_External_IQOTHNCCD\Malignant cases\Malignant case (161).jpg,malignant,normal,0.9345805644989014,0.803650402231142,0.4953001221942024,0.03980322,False,False
VGG16,external,Malignant case (162).jpg,C:\Users\shrey\Downloads\MIP_project_part2\Lung-Cancer-Classification-\Lung-Cancer-Classification-\Data_External_IQOTHNCCD\Malignant cases\Malignant case (162).jpg,malignant,normal,0.9117135405540466,0.7716918869409711,0.5372238967645672,0.04609755,False,False
VGG16,external,Malignant case (163).jpg,C:\Users\shrey\Downloads\MIP_project_part2\Lung-Cancer-Classification-\Lung-Cancer-Classification-\Data_External_IQOTHNCCD\Malignant cases\Malignant case (163).jpg,malignant,normal,0.9122634530067444,0.7310522082261741,0.5822094302599838,0.049419794,False,False
VGG16,external,Malignant case (164).jpg,C:\Users\shrey\Downloads\MIP_project_part2\Lung-Cancer-Classification-\Lung-Cancer-Classification-\Data_External_IQOTHNCCD\Malignant cases\Malignant case (164).jpg,malignant,normal,0.9588689804077148,0.8252594796940684,0.4633238361866522,0.058071733,False,False
VGG16,external,Malignant case (165).jpg,C:\Users\shrey\Downloads\MIP_project_part2\Lung-Cancer-Classification-\Lung-Cancer-Classification-\Data_External_IQOTHNCCD\Malignant cases\Malignant case (165).jpg,malignant,normal,0.9417961239814758,0.7826197496906389,0.5235722490094497,0.0771613,False,False
VGG16,external,Malignant case (166).jpg,C:\Users\shrey\Downloads\MIP_project_part2\Lung-Cancer-Classification-\Lung-Cancer-Classification-\Data_External_IQOTHNCCD\Malignant cases\Malignant case (166).jpg,malignant,normal,0.9180845022201538,0.8871169114136137,0.3525008941630144,0.021731395,False,False
VGG16,external,Malignant case (167).jpg,C:\Users\shrey\Downloads\MIP_project_part2\Lung-Cancer-Classification-\Lung-Cancer-Classification-\Data_External_IQOTHNCCD\Malignant cases\Malignant case (167).jpg,malignant,malignant,0.8237288910895586,0.8942235205322504,0.3375929051640933,0.055591308,True,True
VGG16,external,Malignant case (168).jpg,C:\Users\shrey\Downloads\MIP_project_part2\Lung-Cancer-Classification-\Lung-Cancer-Classification-\Data_External_IQOTHNCCD\Malignant cases\Malignant case (168).jpg,malignant,malignant,0.7445820141583681,0.7420656159520149,0.5708852536079092,0.07983833,True,True
VGG16,external,Malignant case (169).jpg,C:\Users\shrey\Downloads\MIP_project_part2\Lung-Cancer-Classification-\Lung-Cancer-Classification-\Data_External_IQOTHNCCD\Malignant cases\Malignant case (169).jpg,malignant,malignant,0.530450148973614,0.6834468562155962,0.624243962864054,0.063516594,True,True
VGG16,external,Malignant case (17).jpg,C:\Users\shrey\Downloads\MIP_project_part2\Lung-Cancer-Classification-\Lung-Cancer-Classification-\Data_External_IQOTHNCCD\Malignant cases\Malignant case (17).jpg,malignant,malignant,0.9333193227648736,0.9150009751319884,0.2908121180134961,0.09105005,True,True
VGG16,external,Malignant case (170).jpg,C:\Users\shrey\Downloads\MIP_project_part2\Lung-Cancer-Classification-\Lung-Cancer-Classification-\Data_External_IQOTHNCCD\Malignant cases\Malignant case (170).jpg,malignant,normal,0.9555032849311828,0.9312285110354424,0.2504495639856187,0.004800457,False,False
VGG16,external,Malignant case (171).jpg,C:\Users\shrey\Downloads\MIP_project_part2\Lung-Cancer-Classification-\Lung-Cancer-Classification-\Data_External_IQOTHNCCD\Malignant cases\Malignant case (171).jpg,malignant,normal,0.8989853858947754,0.7517384849488736,0.5604171489743474,0.056998726,False,False
VGG16,external,Malignant case (172).jpg,C:\Users\shrey\Downloads\MIP_project_part2\Lung-Cancer-Classification-\Lung-Cancer-Classification-\Data_External_IQOTHNCCD\Malignant cases\Malignant case (172).jpg,malignant,malignant,0.9200769001618028,0.9008035287261008,0.3233139033484571,0.08702614,True,True
VGG16,external,Malignant case (173).jpg,C:\Users\shrey\Downloads\MIP_project_part2\Lung-Cancer-Classification-\Lung-Cancer-Classification-\Data_External_IQOTHNCCD\Malignant cases\Malignant case (173).jpg,malignant,malignant,0.9249289501458406,0.9061665683984756,0.3113184446532242,0.04443228,True,True
VGG16,external,Malignant case (174).jpg,C:\Users\shrey\Downloads\MIP_project_part2\Lung-Cancer-Classification-\Lung-Cancer-Classification-\Data_External_IQOTHNCCD\Malignant cases\Malignant case (174).jpg,malignant,malignant,0.9192578233778476,0.9290028437972068,0.2562107502110052,0.033174057,True,True
VGG16,external,Malignant case (175).jpg,C:\Users\shrey\Downloads\MIP_project_part2\Lung-Cancer-Classification-\Lung-Cancer-Classification-\Data_External_IQOTHNCCD\Malignant cases\Malignant case (175).jpg,malignant,malignant,0.8309117574244738,0.7985964938998222,0.5023419556590352,0.043430805,True,True
VGG16,external,Malignant case (176).jpg,C:\Users\shrey\Downloads\MIP_project_part2\Lung-Cancer-Classification-\Lung-Cancer-Classification-\Data_External_IQOTHNCCD\Malignant cases\Malignant case (176).jpg,malignant,malignant,0.8780284374952316,0.8149473108351231,0.4789692513595685,0.06520198,True,True
VGG16,external,Malignant case (177).jpg,C:\Users\shrey\Downloads\MIP_project_part2\Lung-Cancer-Classification-\Lung-Cancer-Classification-\Data_External_IQOTHNCCD\Malignant cases\Malignant case (177).jpg,malignant,malignant,0.8953639511018991,0.9014240130782128,0.3219428422185011,0.071755596,True,True
VGG16,external,Malignant case (178).jpg,C:\Users\shrey\Downloads\MIP_project_part2\Lung-Cancer-Classification-\Lung-Cancer-Classification-\Data_External_IQOTHNCCD\Malignant cases\Malignant case (178).jpg,malignant,malignant,0.9364086911082268,0.9355414174497128,0.2390632888287685,0.10434592,True,True
VGG16,external,Malignant case (179).jpg,C:\Users\shrey\Downloads\MIP_project_part2\Lung-Cancer-Classification-\Lung-Cancer-Classification-\Data_External_IQOTHNCCD\Malignant cases\Malignant case (179).jpg,malignant,malignant,0.930243955925107,0.9452379941940308,0.2123046753691742,0.06647878,True,True
VGG16,external,Malignant case (18).jpg,C:\Users\shrey\Downloads\MIP_project_part2\Lung-Cancer-Classification-\Lung-Cancer-Classification-\Data_External_IQOTHNCCD\Malignant cases\Malignant case (18).jpg,malignant,malignant,0.9295952171087264,0.9098213091492652,0.3029510012938306,0.058714017,True,True
VGG16,external,Malignant case (180).jpg,C:\Users\shrey\Downloads\MIP_project_part2\Lung-Cancer-Classification-\Lung-Cancer-Classification-\Data_External_IQOTHNCCD\Malignant cases\Malignant case (180).jpg,malignant,malignant,0.5998785123229027,0.6551446467638016,0.6442035967906353,0.042983837,True,True
VGG16,external,Malignant case (181).jpg,C:\Users\shrey\Downloads\MIP_project_part2\Lung-Cancer-Classification-\Lung-Cancer-Classification-\Data_External_IQOTHNCCD\Malignant cases\Malignant case (181).jpg,malignant,normal,0.6713049411773682,0.6382983103394508,0.6543910595211664,0.04991417,False,False
VGG16,external,Malignant case (182).jpg,C:\Users\shrey\Downloads\MIP_project_part2\Lung-Cancer-Classification-\Lung-Cancer-Classification-\Data_External_IQOTHNCCD\Malignant cases\Malignant case (182).jpg,malignant,malignant,0.6522039100527763,0.8008084297180176,0.4992796301125972,0.04983963,True,True
VGG16,external,Malignant case (183).jpg,C:\Users\shrey\Downloads\MIP_project_part2\Lung-Cancer-Classification-\Lung-Cancer-Classification-\Data_External_IQOTHNCCD\Malignant cases\Malignant case (183).jpg,malignant,malignant,0.8028911761939526,0.8173692189157009,0.4753592849304541,0.05192814,True,True
VGG16,external,Malignant case (184).jpg,C:\Users\shrey\Downloads\MIP_project_part2\Lung-Cancer-Classification-\Lung-Cancer-Classification-\Data_External_IQOTHNCCD\Malignant cases\Malignant case (184).jpg,malignant,malignant,0.912020929157734,0.8874839171767235,0.3517436341199049,0.066715635,True,True
VGG16,external,Malignant case (185).jpg,C:\Users\shrey\Downloads\MIP_project_part2\Lung-Cancer-Classification-\Lung-Cancer-Classification-\Data_External_IQOTHNCCD\Malignant cases\Malignant case (185).jpg,malignant,normal,0.6861988306045532,0.5209749639034271,0.6922670137113633,0.055692784,False,False
VGG16,external,Malignant case (186).jpg,C:\Users\shrey\Downloads\MIP_project_part2\Lung-Cancer-Classification-\Lung-Cancer-Classification-\Data_External_IQOTHNCCD\Malignant cases\Malignant case (186).jpg,malignant,normal,0.6599042415618896,0.6476987712085247,0.6488595691142014,0.039906844,False,False
VGG16,external,Malignant case (187).jpg,C:\Users\shrey\Downloads\MIP_project_part2\Lung-Cancer-Classification-\Lung-Cancer-Classification-\Data_External_IQOTHNCCD\Malignant cases\Malignant case (187).jpg,malignant,malignant,0.7067735381424427,0.753181803971529,0.5588124853891296,0.0884039,True,True
VGG16,external,Malignant case (188).jpg,C:\Users\shrey\Downloads\MIP_project_part2\Lung-Cancer-Classification-\Lung-Cancer-Classification-\Data_External_IQOTHNCCD\Malignant cases\Malignant case (188).jpg,malignant,malignant,0.9423776566982268,0.8832384161651134,0.3604225191960472,0.05782481,True,True
VGG16,external,Malignant case (189).jpg,C:\Users\shrey\Downloads\MIP_project_part2\Lung-Cancer-Classification-\Lung-Cancer-Classification-\Data_External_IQOTHNCCD\Malignant cases\Malignant case (189).jpg,malignant,malignant,0.7259644567966461,0.7305955216288567,0.5826656277565855,0.06429824,True,True
VGG16,external,Malignant case (19).jpg,C:\Users\shrey\Downloads\MIP_project_part2\Lung-Cancer-Classification-\Lung-Cancer-Classification-\Data_External_IQOTHNCCD\Malignant cases\Malignant case (19).jpg,malignant,malignant,0.7571401670575142,0.8446766957640648,0.4318328258890673,0.035747748,True,True
VGG16,external,Malignant case (190).jpg,C:\Users\shrey\Downloads\MIP_project_part2\Lung-Cancer-Classification-\Lung-Cancer-Classification-\Data_External_IQOTHNCCD\Malignant cases\Malignant case (190).jpg,malignant,malignant,0.6492404248565435,0.6067441739141941,0.670182200434341,0.109195285,True,True
VGG16,external,Malignant case (191).jpg,C:\Users\shrey\Downloads\MIP_project_part2\Lung-Cancer-Classification-\Lung-Cancer-Classification-\Data_External_IQOTHNCCD\Malignant cases\Malignant case (191).jpg,malignant,malignant,0.8987331129610538,0.9335871767252684,0.24425954691795,0.054789837,True,True
VGG16,external,Malignant case (192).jpg,C:\Users\shrey\Downloads\MIP_project_part2\Lung-Cancer-Classification-\Lung-Cancer-Classification-\Data_External_IQOTHNCCD\Malignant cases\Malignant case (192).jpg,malignant,normal,0.958822786808014,0.9013812281191349,0.3220374391278019,0.012467667,False,False
VGG16,external,Malignant case (193).jpg,C:\Users\shrey\Downloads\MIP_project_part2\Lung-Cancer-Classification-\Lung-Cancer-Classification-\Data_External_IQOTHNCCD\Malignant cases\Malignant case (193).jpg,malignant,normal,0.9035160541534424,0.799703985452652,0.5008124899672151,0.03256454,False,False
VGG16,external,Malignant case (194).jpg,C:\Users\shrey\Downloads\MIP_project_part2\Lung-Cancer-Classification-\Lung-Cancer-Classification-\Data_External_IQOTHNCCD\Malignant cases\Malignant case (194).jpg,malignant,normal,0.9550852179527284,0.9495689312461764,0.1997826085584459,0.0033942559,False,False
VGG16,external,Malignant case (195).jpg,C:\Users\shrey\Downloads\MIP_project_part2\Lung-Cancer-Classification-\Lung-Cancer-Classification-\Data_External_IQOTHNCCD\Malignant cases\Malignant case (195).jpg,malignant,normal,0.8893299102783203,0.7779622953385115,0.5294749200621067,0.04818817,False,False
VGG16,external,Malignant case (196).jpg,C:\Users\shrey\Downloads\MIP_project_part2\Lung-Cancer-Classification-\Lung-Cancer-Classification-\Data_External_IQOTHNCCD\Malignant cases\Malignant case (196).jpg,malignant,normal,0.9844726920127868,0.9431377062574029,0.2182453829410582,0.0056111966,False,False
VGG16,external,Malignant case (197).jpg,C:\Users\shrey\Downloads\MIP_project_part2\Lung-Cancer-Classification-\Lung-Cancer-Classification-\Data_External_IQOTHNCCD\Malignant cases\Malignant case (197).jpg,malignant,normal,0.9770769476890564,0.9217195641249419,0.2745493909060873,0.0087506315,False,False
VGG16,external,Malignant case (198).jpg,C:\Users\shrey\Downloads\MIP_project_part2\Lung-Cancer-Classification-\Lung-Cancer-Classification-\Data_External_IQOTHNCCD\Malignant cases\Malignant case (198).jpg,malignant,normal,0.9864521026611328,0.9239734233124182,0.2689560123817115,0.028469026,False,False
VGG16,external,Malignant case (199).jpg,C:\Users\shrey\Downloads\MIP_project_part2\Lung-Cancer-Classification-\Lung-Cancer-Classification-\Data_External_IQOTHNCCD\Malignant cases\Malignant case (199).jpg,malignant,normal,0.987933874130249,0.9531791230547242,0.1890459736294945,0.008681953,False,False
VGG16,external,Malignant case (2).jpg,C:\Users\shrey\Downloads\MIP_project_part2\Lung-Cancer-Classification-\Lung-Cancer-Classification-\Data_External_IQOTHNCCD\Malignant cases\Malignant case (2).jpg,malignant,normal,0.96904456615448,0.7836759379133582,0.5222159411998153,0.052852046,False,False
VGG16,external,Malignant case (20).jpg,C:\Users\shrey\Downloads\MIP_project_part2\Lung-Cancer-Classification-\Lung-Cancer-Classification-\Data_External_IQOTHNCCD\Malignant cases\Malignant case (20).jpg,malignant,malignant,0.849152222275734,0.8773366138339043,0.3721983008146213,0.070062496,True,True
VGG16,external,Malignant case (200).jpg,C:\Users\shrey\Downloads\MIP_project_part2\Lung-Cancer-Classification-\Lung-Cancer-Classification-\Data_External_IQOTHNCCD\Malignant cases\Malignant case (200).jpg,malignant,normal,0.8569156527519226,0.7505296971648932,0.561752500097546,0.067720614,False,False
VGG16,external,Malignant case (201).jpg,C:\Users\shrey\Downloads\MIP_project_part2\Lung-Cancer-Classification-\Lung-Cancer-Classification-\Data_External_IQOTHNCCD\Malignant cases\Malignant case (201).jpg,malignant,normal,0.9294055104255676,0.8111985698342324,0.4844803809068363,0.04078014,False,False
VGG16,external,Malignant case (202).jpg,C:\Users\shrey\Downloads\MIP_project_part2\Lung-Cancer-Classification-\Lung-Cancer-Classification-\Data_External_IQOTHNCCD\Malignant cases\Malignant case (202).jpg,malignant,normal,0.5644175410270691,0.4957640469074249,0.6931112935314454,0.055549737,False,True
VGG16,external,Malignant case (203).jpg,C:\Users\shrey\Downloads\MIP_project_part2\Lung-Cancer-Classification-\Lung-Cancer-Classification-\Data_External_IQOTHNCCD\Malignant cases\Malignant case (203).jpg,malignant,normal,0.6950320601463318,0.7042715884745121,0.60720149184495,0.074999355,False,False
VGG16,external,Malignant case (204).jpg,C:\Users\shrey\Downloads\MIP_project_part2\Lung-Cancer-Classification-\Lung-Cancer-Classification-\Data_External_IQOTHNCCD\Malignant cases\Malignant case (204).jpg,malignant,normal,0.6067455410957336,0.5213046278804541,0.6922391592542841,0.07623739,False,False
VGG16,external,Malignant case (205).jpg,C:\Users\shrey\Downloads\MIP_project_part2\Lung-Cancer-Classification-\Lung-Cancer-Classification-\Data_External_IQOTHNCCD\Malignant cases\Malignant case (205).jpg,malignant,normal,0.6810469031333923,0.5089840684086084,0.6929857575995686,0.067347445,False,False
VGG16,external,Malignant case (206).jpg,C:\Users\shrey\Downloads\MIP_project_part2\Lung-Cancer-Classification-\Lung-Cancer-Classification-\Data_External_IQOTHNCCD\Malignant cases\Malignant case (206).jpg,malignant,normal,0.5760743021965027,0.5063913185149431,0.693065490546912,0.054674976,False,False
VGG16,external,Malignant case (207).jpg,C:\Users\shrey\Downloads\MIP_project_part2\Lung-Cancer-Classification-\Lung-Cancer-Classification-\Data_External_IQOTHNCCD\Malignant cases\Malignant case (207).jpg,malignant,normal,0.6472439169883728,0.5388227449730039,0.6901297009407927,0.041295487,False,False
VGG16,external,Malignant case (208).jpg,C:\Users\shrey\Downloads\MIP_project_part2\Lung-Cancer-Classification-\Lung-Cancer-Classification-\Data_External_IQOTHNCCD\Malignant cases\Malignant case (208).jpg,malignant,normal,0.8873135447502136,0.7338901106268167,0.5793510970085873,0.05150713,False,False
VGG16,external,Malignant case (209).jpg,C:\Users\shrey\Downloads\MIP_project_part2\Lung-Cancer-Classification-\Lung-Cancer-Classification-\Data_External_IQOTHNCCD\Malignant cases\Malignant case (209).jpg,malignant,normal,0.802046537399292,0.647902166005224,0.6487355693758803,0.08793022,False,False
VGG16,external,Malignant case (21).jpg,C:\Users\shrey\Downloads\MIP_project_part2\Lung-Cancer-Classification-\Lung-Cancer-Classification-\Data_External_IQOTHNCCD\Malignant cases\Malignant case (21).jpg,malignant,malignant,0.8759617526084185,0.8269268944859505,0.4607256893523278,0.074297234,True,True
VGG16,external,Malignant case (210).jpg,C:\Users\shrey\Downloads\MIP_project_part2\Lung-Cancer-Classification-\Lung-Cancer-Classification-\Data_External_IQOTHNCCD\Malignant cases\Malignant case (210).jpg,malignant,normal,0.5593552589416504,0.4847198407514952,0.6926801407817429,0.07819659,False,True
VGG16,external,Malignant case (211).jpg,C:\Users\shrey\Downloads\MIP_project_part2\Lung-Cancer-Classification-\Lung-Cancer-Classification-\Data_External_IQOTHNCCD\Malignant cases\Malignant case (211).jpg,malignant,malignant,0.5979959953110665,0.7120617548935115,0.6002952811060394,0.07524196,True,True
VGG16,external,Malignant case (212).jpg,C:\Users\shrey\Downloads\MIP_project_part2\Lung-Cancer-Classification-\Lung-Cancer-Classification-\Data_External_IQOTHNCCD\Malignant cases\Malignant case (212).jpg,malignant,normal,0.7594252228736877,0.840954484010581,0.4380837336598112,0.024287006,False,False
VGG16,external,Malignant case (213).jpg,C:\Users\shrey\Downloads\MIP_project_part2\Lung-Cancer-Classification-\Lung-Cancer-Classification-\Data_External_IQOTHNCCD\Malignant cases\Malignant case (213).jpg,malignant,normal,0.6050440669059753,0.6315590997692198,0.6581206662357955,0.061508622,False,False
VGG16,external,Malignant case (214).jpg,C:\Users\shrey\Downloads\MIP_project_part2\Lung-Cancer-Classification-\Lung-Cancer-Classification-\Data_External_IQOTHNCCD\Malignant cases\Malignant case (214).jpg,malignant,normal,0.6308629512786865,0.5071691814810038,0.6930443809149894,0.079358555,False,False
VGG16,external,Malignant case (215).jpg,C:\Users\shrey\Downloads\MIP_project_part2\Lung-Cancer-Classification-\Lung-Cancer-Classification-\Data_External_IQOTHNCCD\Malignant cases\Malignant case (215).jpg,malignant,normal,0.5380512475967407,0.5331715556094423,0.690944844840292,0.1203746,False,False
VGG16,external,Malignant case (216).jpg,C:\Users\shrey\Downloads\MIP_project_part2\Lung-Cancer-Classification-\Lung-Cancer-Classification-\Data_External_IQOTHNCCD\Malignant cases\Malignant case (216).jpg,malignant,malignant,0.763392856621067,0.7693518725864124,0.5400582624326669,0.06950011,True,True
VGG16,external,Malignant case (217).jpg,C:\Users\shrey\Downloads\MIP_project_part2\Lung-Cancer-Classification-\Lung-Cancer-Classification-\Data_External_IQOTHNCCD\Malignant cases\Malignant case (217).jpg,malignant,malignant,0.9687522571175576,0.7411333984928206,0.5718680892594379,0.10734139,True,True
VGG16,external,Malignant case (218).jpg,C:\Users\shrey\Downloads\MIP_project_part2\Lung-Cancer-Classification-\Lung-Cancer-Classification-\Data_External_IQOTHNCCD\Malignant cases\Malignant case (218).jpg,malignant,malignant,0.8589596631936729,0.7406405435176566,0.5723858385273084,0.08778794,True,True
VGG16,external,Malignant case (219).jpg,C:\Users\shrey\Downloads\MIP_project_part2\Lung-Cancer-Classification-\Lung-Cancer-Classification-\Data_External_IQOTHNCCD\Malignant cases\Malignant case (219).jpg,malignant,malignant,0.9684750187880128,0.8292285442585126,0.4571072861343175,0.079508655,True,True
VGG16,external,Malignant case (22).jpg,C:\Users\shrey\Downloads\MIP_project_part2\Lung-Cancer-Classification-\Lung-Cancer-Classification-\Data_External_IQOTHNCCD\Malignant cases\Malignant case (22).jpg,malignant,malignant,0.9120181426405908,0.8774984143674374,0.3718797019013287,0.11481816,True,True
VGG16,external,Malignant case (220).jpg,C:\Users\shrey\Downloads\MIP_project_part2\Lung-Cancer-Classification-\Lung-Cancer-Classification-\Data_External_IQOTHNCCD\Malignant cases\Malignant case (220).jpg,malignant,malignant,0.982139999163337,0.9716341253370048,0.1290151461835544,0.09720195,True,True
VGG16,external,Malignant case (221).jpg,C:\Users\shrey\Downloads\MIP_project_part2\Lung-Cancer-Classification-\Lung-Cancer-Classification-\Data_External_IQOTHNCCD\Malignant cases\Malignant case (221).jpg,malignant,malignant,0.9674762361682951,0.9698175741359591,0.1353755857421445,0.031916868,True,True
VGG16,external,Malignant case (222).jpg,C:\Users\shrey\Downloads\MIP_project_part2\Lung-Cancer-Classification-\Lung-Cancer-Classification-\Data_External_IQOTHNCCD\Malignant cases\Malignant case (222).jpg,malignant,malignant,0.9579415449406952,0.9667689381167291,0.1458002299475886,0.060246762,True,True
VGG16,external,Malignant case (223).jpg,C:\Users\shrey\Downloads\MIP_project_part2\Lung-Cancer-Classification-\Lung-Cancer-Classification-\Data_External_IQOTHNCCD\Malignant cases\Malignant case (223).jpg,malignant,malignant,0.9636765496106818,0.868551311083138,0.3891313370418384,0.054743793,True,True
VGG16,external,Malignant case (224).jpg,C:\Users\shrey\Downloads\MIP_project_part2\Lung-Cancer-Classification-\Lung-Cancer-Classification-\Data_External_IQOTHNCCD\Malignant cases\Malignant case (224).jpg,malignant,malignant,0.7500557689927518,0.6942667551338673,0.6156440742542562,0.028186025,True,True
VGG16,external,Malignant case (225).jpg,C:\Users\shrey\Downloads\MIP_project_part2\Lung-Cancer-Classification-\Lung-Cancer-Classification-\Data_External_IQOTHNCCD\Malignant cases\Malignant case (225).jpg,malignant,malignant,0.9592785220884252,0.9217580742551944,0.2744544220634795,0.035517506,True,True
VGG16,external,Malignant case (226).jpg,C:\Users\shrey\Downloads\MIP_project_part2\Lung-Cancer-Classification-\Lung-Cancer-Classification-\Data_External_IQOTHNCCD\Malignant cases\Malignant case (226).jpg,malignant,malignant,0.9788536197011126,0.9482331251492724,0.2036850756471317,0.019857798,True,True
VGG16,external,Malignant case (227).jpg,C:\Users\shrey\Downloads\MIP_project_part2\Lung-Cancer-Classification-\Lung-Cancer-Classification-\Data_External_IQOTHNCCD\Malignant cases\Malignant case (227).jpg,malignant,malignant,0.9396777946676592,0.8288615106721409,0.457686863722974,0.039535835,True,True
VGG16,external,Malignant case (228).jpg,C:\Users\shrey\Downloads\MIP_project_part2\Lung-Cancer-Classification-\Lung-Cancer-Classification-\Data_External_IQOTHNCCD\Malignant cases\Malignant case (228).jpg,malignant,normal,0.9668989181518556,0.8479540795087814,0.4262415773669801,0.044140235,False,False
VGG16,external,Malignant case (229).jpg,C:\Users\shrey\Downloads\MIP_project_part2\Lung-Cancer-Classification-\Lung-Cancer-Classification-\Data_External_IQOTHNCCD\Malignant cases\Malignant case (229).jpg,malignant,normal,0.9400981664657592,0.7102139331400394,0.6019600411687628,0.07873642,False,False
VGG16,external,Malignant case (23).jpg,C:\Users\shrey\Downloads\MIP_project_part2\Lung-Cancer-Classification-\Lung-Cancer-Classification-\Data_External_IQOTHNCCD\Malignant cases\Malignant case (23).jpg,malignant,malignant,0.8951072031632066,0.8522221110761166,0.418835083455625,0.06391735,True,True
VGG16,external,Malignant case (230).jpg,C:\Users\shrey\Downloads\MIP_project_part2\Lung-Cancer-Classification-\Lung-Cancer-Classification-\Data_External_IQOTHNCCD\Malignant cases\Malignant case (230).jpg,malignant,normal,0.997422695159912,0.9483103071106598,0.2034607514528501,0.023238206,False,False
VGG16,external,Malignant case (231).jpg,C:\Users\shrey\Downloads\MIP_project_part2\Lung-Cancer-Classification-\Lung-Cancer-Classification-\Data_External_IQOTHNCCD\Malignant cases\Malignant case (231).jpg,malignant,normal,0.9974026083946228,0.9897102296672529,0.0573289396975056,0.00034102975,False,False
VGG16,external,Malignant case (232).jpg,C:\Users\shrey\Downloads\MIP_project_part2\Lung-Cancer-Classification-\Lung-Cancer-Classification-\Data_External_IQOTHNCCD\Malignant cases\Malignant case (232).jpg,malignant,normal,0.9966817498207092,0.9754380265803775,0.1152981224161273,0.0012295095,False,False
VGG16,external,Malignant case (233).jpg,C:\Users\shrey\Downloads\MIP_project_part2\Lung-Cancer-Classification-\Lung-Cancer-Classification-\Data_External_IQOTHNCCD\Malignant cases\Malignant case (233).jpg,malignant,normal,0.9968597888946532,0.980952090700157,0.0943103196604415,0.001076451,False,False
VGG16,external,Malignant case (234).jpg,C:\Users\shrey\Downloads\MIP_project_part2\Lung-Cancer-Classification-\Lung-Cancer-Classification-\Data_External_IQOTHNCCD\Malignant cases\Malignant case (234).jpg,malignant,normal,0.9971582889556884,0.9746521387642134,0.1181787576138038,0.0034321619,False,False
VGG16,external,Malignant case (235).jpg,C:\Users\shrey\Downloads\MIP_project_part2\Lung-Cancer-Classification-\Lung-Cancer-Classification-\Data_External_IQOTHNCCD\Malignant cases\Malignant case (235).jpg,malignant,normal,0.9996121525764464,0.9950886549777352,0.0310090708414583,0.00011594368,False,False
VGG16,external,Malignant case (236).jpg,C:\Users\shrey\Downloads\MIP_project_part2\Lung-Cancer-Classification-\Lung-Cancer-Classification-\Data_External_IQOTHNCCD\Malignant cases\Malignant case (236).jpg,malignant,normal,0.9964165687561036,0.9840883385040798,0.0816698364678902,0.0008588583,False,False
VGG16,external,Malignant case (237).jpg,C:\Users\shrey\Downloads\MIP_project_part2\Lung-Cancer-Classification-\Lung-Cancer-Classification-\Data_External_IQOTHNCCD\Malignant cases\Malignant case (237).jpg,malignant,normal,0.9958510398864746,0.9805039424682037,0.0960714108975111,0.0011234903,False,False
VGG16,external,Malignant case (238).jpg,C:\Users\shrey\Downloads\MIP_project_part2\Lung-Cancer-Classification-\Lung-Cancer-Classification-\Data_External_IQOTHNCCD\Malignant cases\Malignant case (238).jpg,malignant,normal,0.9878215193748474,0.9688176305498928,0.1388284603485232,0.0026488984,False,False
VGG16,external,Malignant case (239).jpg,C:\Users\shrey\Downloads\MIP_project_part2\Lung-Cancer-Classification-\Lung-Cancer-Classification-\Data_External_IQOTHNCCD\Malignant cases\Malignant case (239).jpg,malignant,normal,0.9980158805847168,0.97444044490112,0.1189504270413855,0.0036860341,False,False
VGG16,external,Malignant case (24).jpg,C:\Users\shrey\Downloads\MIP_project_part2\Lung-Cancer-Classification-\Lung-Cancer-Classification-\Data_External_IQOTHNCCD\Malignant cases\Malignant case (24).jpg,malignant,malignant,0.7292365443427116,0.7660126625560224,0.5440495767466506,0.05072349,True,True
VGG16,external,Malignant case (240).jpg,C:\Users\shrey\Downloads\MIP_project_part2\Lung-Cancer-Classification-\Lung-Cancer-Classification-\Data_External_IQOTHNCCD\Malignant cases\Malignant case (240).jpg,malignant,normal,0.9978487491607666,0.9888390845735558,0.0612704735523912,0.00025907383,False,False
VGG16,external,Malignant case (241).jpg,C:\Users\shrey\Downloads\MIP_project_part2\Lung-Cancer-Classification-\Lung-Cancer-Classification-\Data_External_IQOTHNCCD\Malignant cases\Malignant case (241).jpg,malignant,normal,0.998354196548462,0.9846511060823105,0.0793383580620478,0.0009118709,False,False
VGG16,external,Malignant case (242).jpg,C:\Users\shrey\Downloads\MIP_project_part2\Lung-Cancer-Classification-\Lung-Cancer-Classification-\Data_External_IQOTHNCCD\Malignant cases\Malignant case (242).jpg,malignant,normal,0.9977636337280272,0.9524548738554586,0.1912225811786174,0.02498431,False,False
VGG16,external,Malignant case (243).jpg,C:\Users\shrey\Downloads\MIP_project_part2\Lung-Cancer-Classification-\Lung-Cancer-Classification-\Data_External_IQOTHNCCD\Malignant cases\Malignant case (243).jpg,malignant,normal,0.9974727034568788,0.9743107699323446,0.1194222415068752,0.0021441253,False,False
VGG16,external,Malignant case (244).jpg,C:\Users\shrey\Downloads\MIP_project_part2\Lung-Cancer-Classification-\Lung-Cancer-Classification-\Data_External_IQOTHNCCD\Malignant cases\Malignant case (244).jpg,malignant,normal,0.9936962723731996,0.9041547756642104,0.3158568895329841,0.018637346,False,False
VGG16,external,Malignant case (245).jpg,C:\Users\shrey\Downloads\MIP_project_part2\Lung-Cancer-Classification-\Lung-Cancer-Classification-\Data_External_IQOTHNCCD\Malignant cases\Malignant case (245).jpg,malignant,normal,0.9721025228500366,0.8987470711581409,0.3278272365991167,0.029762533,False,False
VGG16,external,Malignant case (246).jpg,C:\Users\shrey\Downloads\MIP_project_part2\Lung-Cancer-Classification-\Lung-Cancer-Classification-\Data_External_IQOTHNCCD\Malignant cases\Malignant case (246).jpg,malignant,normal,0.9701865911483764,0.9242592018563301,0.268241701040857,0.005156228,False,False
VGG16,external,Malignant case (247).jpg,C:\Users\shrey\Downloads\MIP_project_part2\Lung-Cancer-Classification-\Lung-Cancer-Classification-\Data_External_IQOTHNCCD\Malignant cases\Malignant case (247).jpg,malignant,normal,0.9754524230957032,0.9683717871375848,0.1403572601870914,0.0020867165,False,False
VGG16,external,Malignant case (248).jpg,C:\Users\shrey\Downloads\MIP_project_part2\Lung-Cancer-Classification-\Lung-Cancer-Classification-\Data_External_IQOTHNCCD\Malignant cases\Malignant case (248).jpg,malignant,normal,0.7015368938446045,0.6361781670711935,0.6555855082115183,0.07074136,False,False
VGG16,external,Malignant case (249).jpg,C:\Users\shrey\Downloads\MIP_project_part2\Lung-Cancer-Classification-\Lung-Cancer-Classification-\Data_External_IQOTHNCCD\Malignant cases\Malignant case (249).jpg,malignant,normal,0.5038052201271057,0.6035280134528875,0.6715552193681896,0.0201781,False,False
VGG16,external,Malignant case (25).jpg,C:\Users\shrey\Downloads\MIP_project_part2\Lung-Cancer-Classification-\Lung-Cancer-Classification-\Data_External_IQOTHNCCD\Malignant cases\Malignant case (25).jpg,malignant,malignant,0.6746073378890287,0.639448400848778,0.653734904353725,0.11149389,True,True
VGG16,external,Malignant case (250).jpg,C:\Users\shrey\Downloads\MIP_project_part2\Lung-Cancer-Classification-\Lung-Cancer-Classification-\Data_External_IQOTHNCCD\Malignant cases\Malignant case (250).jpg,malignant,normal,0.6298311352729797,0.7029439862817526,0.6083491977239892,0.059604604,False,False
VGG16,external,Malignant case (251).jpg,C:\Users\shrey\Downloads\MIP_project_part2\Lung-Cancer-Classification-\Lung-Cancer-Classification-\Data_External_IQOTHNCCD\Malignant cases\Malignant case (251).jpg,malignant,malignant,0.7085742321796715,0.5791703064460307,0.6805583918409224,0.099290766,True,True
VGG16,external,Malignant case (252).jpg,C:\Users\shrey\Downloads\MIP_project_part2\Lung-Cancer-Classification-\Lung-Cancer-Classification-\Data_External_IQOTHNCCD\Malignant cases\Malignant case (252).jpg,malignant,normal,0.747957706451416,0.6817454905249178,0.6255467246485217,0.06280181,False,False
VGG16,external,Malignant case (253).jpg,C:\Users\shrey\Downloads\MIP_project_part2\Lung-Cancer-Classification-\Lung-Cancer-Classification-\Data_External_IQOTHNCCD\Malignant cases\Malignant case (253).jpg,malignant,normal,0.7031125426292419,0.7018657737644389,0.6092750872529415,0.0692815,False,False
VGG16,external,Malignant case (254).jpg,C:\Users\shrey\Downloads\MIP_project_part2\Lung-Cancer-Classification-\Lung-Cancer-Classification-\Data_External_IQOTHNCCD\Malignant cases\Malignant case (254).jpg,malignant,normal,0.9642042517662048,0.8555214311927557,0.41301086450469,0.047550958,False,False
VGG16,external,Malignant case (255).jpg,C:\Users\shrey\Downloads\MIP_project_part2\Lung-Cancer-Classification-\Lung-Cancer-Classification-\Data_External_IQOTHNCCD\Malignant cases\Malignant case (255).jpg,malignant,normal,0.9218056201934814,0.9437564637046308,0.2165038607776982,0.01068405,False,False
VGG16,external,Malignant case (256).jpg,C:\Users\shrey\Downloads\MIP_project_part2\Lung-Cancer-Classification-\Lung-Cancer-Classification-\Data_External_IQOTHNCCD\Malignant cases\Malignant case (256).jpg,malignant,normal,0.6644015908241272,0.6289111715741456,0.6595326177679898,0.11258494,False,False
VGG16,external,Malignant case (257).jpg,C:\Users\shrey\Downloads\MIP_project_part2\Lung-Cancer-Classification-\Lung-Cancer-Classification-\Data_External_IQOTHNCCD\Malignant cases\Malignant case (257).jpg,malignant,normal,0.9518505930900574,0.8602869752794505,0.4044422200859824,0.02296217,False,False
VGG16,external,Malignant case (258).jpg,C:\Users\shrey\Downloads\MIP_project_part2\Lung-Cancer-Classification-\Lung-Cancer-Classification-\Data_External_IQOTHNCCD\Malignant cases\Malignant case (258).jpg,malignant,normal,0.9394268989562988,0.7881390799302608,0.5164118173726665,0.09034197,False,False
VGG16,external,Malignant case (259).jpg,C:\Users\shrey\Downloads\MIP_project_part2\Lung-Cancer-Classification-\Lung-Cancer-Classification-\Data_External_IQOTHNCCD\Malignant cases\Malignant case (259).jpg,malignant,normal,0.9586580395698548,0.9039403768256307,0.3163378452460571,0.03087637,False,False
VGG16,external,Malignant case (26).jpg,C:\Users\shrey\Downloads\MIP_project_part2\Lung-Cancer-Classification-\Lung-Cancer-Classification-\Data_External_IQOTHNCCD\Malignant cases\Malignant case (26).jpg,malignant,malignant,0.9408697495109664,0.8704349549952894,0.3855591000621654,0.054823406,True,True
VGG16,external,Malignant case (260).jpg,C:\Users\shrey\Downloads\MIP_project_part2\Lung-Cancer-Classification-\Lung-Cancer-Classification-\Data_External_IQOTHNCCD\Malignant cases\Malignant case (260).jpg,malignant,normal,0.8757213354110718,0.8574394905008376,0.4095844903416765,0.03917843,False,False
VGG16,external,Malignant case (261).jpg,C:\Users\shrey\Downloads\MIP_project_part2\Lung-Cancer-Classification-\Lung-Cancer-Classification-\Data_External_IQOTHNCCD\Malignant cases\Malignant case (261).jpg,malignant,normal,0.9519550800323486,0.8132434790022672,0.481485582326475,0.055518884,False,False
VGG16,external,Malignant case (262).jpg,C:\Users\shrey\Downloads\MIP_project_part2\Lung-Cancer-Classification-\Lung-Cancer-Classification-\Data_External_IQOTHNCCD\Malignant cases\Malignant case (262).jpg,malignant,malignant,0.8240762874484062,0.880729429423809,0.3654690716592562,0.061668154,True,True
VGG16,external,Malignant case (263).jpg,C:\Users\shrey\Downloads\MIP_project_part2\Lung-Cancer-Classification-\Lung-Cancer-Classification-\Data_External_IQOTHNCCD\Malignant cases\Malignant case (263).jpg,malignant,malignant,0.7573517858982086,0.8225984945893288,0.467430300839191,0.10096284,True,True
VGG16,external,Malignant case (264).jpg,C:\Users\shrey\Downloads\MIP_project_part2\Lung-Cancer-Classification-\Lung-Cancer-Classification-\Data_External_IQOTHNCCD\Malignant cases\Malignant case (264).jpg,malignant,normal,0.5801442861557007,0.32708535343408585,0.6320952891636857,0.07936581,False,True
VGG16,external,Malignant case (265).jpg,C:\Users\shrey\Downloads\MIP_project_part2\Lung-Cancer-Classification-\Lung-Cancer-Classification-\Data_External_IQOTHNCCD\Malignant cases\Malignant case (265).jpg,malignant,normal,0.7325733304023743,0.6348057650029659,0.6563483567584065,0.12227659,False,False
VGG16,external,Malignant case (266).jpg,C:\Users\shrey\Downloads\MIP_project_part2\Lung-Cancer-Classification-\Lung-Cancer-Classification-\Data_External_IQOTHNCCD\Malignant cases\Malignant case (266).jpg,malignant,malignant,0.9607291221618652,0.907060980796814,0.3092854564334565,0.06546083,True,True
VGG16,external,Malignant case (267).jpg,C:\Users\shrey\Downloads\MIP_project_part2\Lung-Cancer-Classification-\Lung-Cancer-Classification-\Data_External_IQOTHNCCD\Malignant cases\Malignant case (267).jpg,malignant,malignant,0.8794971033930779,0.9208703190088272,0.2766385534814473,0.05736954,True,True
VGG16,external,Malignant case (268).jpg,C:\Users\shrey\Downloads\MIP_project_part2\Lung-Cancer-Classification-\Lung-Cancer-Classification-\Data_External_IQOTHNCCD\Malignant cases\Malignant case (268).jpg,malignant,malignant,0.8156914561986923,0.8581984341144562,0.4082204474644844,0.040303484,True,True
VGG16,external,Malignant case (269).jpg,C:\Users\shrey\Downloads\MIP_project_part2\Lung-Cancer-Classification-\Lung-Cancer-Classification-\Data_External_IQOTHNCCD\Malignant cases\Malignant case (269).jpg,malignant,normal,0.9985798597335817,0.9936439226148651,0.0384870428014552,7.4511736e-05,False,False
VGG16,external,Malignant case (27).jpg,C:\Users\shrey\Downloads\MIP_project_part2\Lung-Cancer-Classification-\Lung-Cancer-Classification-\Data_External_IQOTHNCCD\Malignant cases\Malignant case (27).jpg,malignant,malignant,0.9667137861251832,0.9665362760424614,0.1465836713520389,0.0718782,True,True
VGG16,external,Malignant case (270).jpg,C:\Users\shrey\Downloads\MIP_project_part2\Lung-Cancer-Classification-\Lung-Cancer-Classification-\Data_External_IQOTHNCCD\Malignant cases\Malignant case (270).jpg,malignant,normal,0.9989527463912964,0.9796511251479388,0.0993938151148512,0.0020359221,False,False
VGG16,external,Malignant case (271).jpg,C:\Users\shrey\Downloads\MIP_project_part2\Lung-Cancer-Classification-\Lung-Cancer-Classification-\Data_External_IQOTHNCCD\Malignant cases\Malignant case (271).jpg,malignant,normal,0.9981328845024108,0.9444192531518639,0.214630510458372,0.007912505,False,False
VGG16,external,Malignant case (272).jpg,C:\Users\shrey\Downloads\MIP_project_part2\Lung-Cancer-Classification-\Lung-Cancer-Classification-\Data_External_IQOTHNCCD\Malignant cases\Malignant case (272).jpg,malignant,normal,0.9989466071128844,0.9963515289709904,0.0241222952705402,1.9304955e-05,False,False
VGG16,external,Malignant case (273).jpg,C:\Users\shrey\Downloads\MIP_project_part2\Lung-Cancer-Classification-\Lung-Cancer-Classification-\Data_External_IQOTHNCCD\Malignant cases\Malignant case (273).jpg,malignant,normal,0.9939184188842772,0.9502956084907055,0.1976439595122816,0.009694497,False,False
VGG16,external,Malignant case (274).jpg,C:\Users\shrey\Downloads\MIP_project_part2\Lung-Cancer-Classification-\Lung-Cancer-Classification-\Data_External_IQOTHNCCD\Malignant cases\Malignant case (274).jpg,malignant,normal,0.984288215637207,0.8884039390832186,0.3498393200490404,0.035529897,False,False
VGG16,external,Malignant case (275).jpg,C:\Users\shrey\Downloads\MIP_project_part2\Lung-Cancer-Classification-\Lung-Cancer-Classification-\Data_External_IQOTHNCCD\Malignant cases\Malignant case (275).jpg,malignant,normal,0.9858940839767456,0.9011182705871761,0.3226189041444564,0.014118143,False,False
VGG16,external,Malignant case (276).jpg,C:\Users\shrey\Downloads\MIP_project_part2\Lung-Cancer-Classification-\Lung-Cancer-Classification-\Data_External_IQOTHNCCD\Malignant cases\Malignant case (276).jpg,malignant,normal,0.9980352520942688,0.9716825213981793,0.1288439840890745,0.006378986,False,False
VGG16,external,Malignant case (277).jpg,C:\Users\shrey\Downloads\MIP_project_part2\Lung-Cancer-Classification-\Lung-Cancer-Classification-\Data_External_IQOTHNCCD\Malignant cases\Malignant case (277).jpg,malignant,normal,0.9896619319915771,0.909339539706707,0.3040631692138832,0.012366724,False,False
VGG16,external,Malignant case (278).jpg,C:\Users\shrey\Downloads\MIP_project_part2\Lung-Cancer-Classification-\Lung-Cancer-Classification-\Data_External_IQOTHNCCD\Malignant cases\Malignant case (278).jpg,malignant,normal,0.9939437508583068,0.9383664652705193,0.2314387301361299,0.014026837,False,False
VGG16,external,Malignant case (279).jpg,C:\Users\shrey\Downloads\MIP_project_part2\Lung-Cancer-Classification-\Lung-Cancer-Classification-\Data_External_IQOTHNCCD\Malignant cases\Malignant case (279).jpg,malignant,normal,0.9885194897651672,0.9214583489228972,0.2751930897631978,0.03672533,False,False
VGG16,external,Malignant case (28).jpg,C:\Users\shrey\Downloads\MIP_project_part2\Lung-Cancer-Classification-\Lung-Cancer-Classification-\Data_External_IQOTHNCCD\Malignant cases\Malignant case (28).jpg,malignant,malignant,0.942545548081398,0.9276470243930816,0.2596832377930853,0.054630633,True,True
VGG16,external,Malignant case (280).jpg,C:\Users\shrey\Downloads\MIP_project_part2\Lung-Cancer-Classification-\Lung-Cancer-Classification-\Data_External_IQOTHNCCD\Malignant cases\Malignant case (280).jpg,malignant,normal,0.9980395436286926,0.9917832168284804,0.047636460458763,0.00015317676,False,False
VGG16,external,Malignant case (281).jpg,C:\Users\shrey\Downloads\MIP_project_part2\Lung-Cancer-Classification-\Lung-Cancer-Classification-\Data_External_IQOTHNCCD\Malignant cases\Malignant case (281).jpg,malignant,normal,0.9934126734733582,0.9792261151596904,0.101035789769507,0.000841376,False,False
VGG16,external,Malignant case (282).jpg,C:\Users\shrey\Downloads\MIP_project_part2\Lung-Cancer-Classification-\Lung-Cancer-Classification-\Data_External_IQOTHNCCD\Malignant cases\Malignant case (282).jpg,malignant,normal,0.9925806522369384,0.9348436563741416,0.2409256791990698,0.010624857,False,False
VGG16,external,Malignant case (283).jpg,C:\Users\shrey\Downloads\MIP_project_part2\Lung-Cancer-Classification-\Lung-Cancer-Classification-\Data_External_IQOTHNCCD\Malignant cases\Malignant case (283).jpg,malignant,normal,0.9877070784568788,0.9221148556098342,0.2735734245030623,0.015908169,False,False
VGG16,external,Malignant case (284).jpg,C:\Users\shrey\Downloads\MIP_project_part2\Lung-Cancer-Classification-\Lung-Cancer-Classification-\Data_External_IQOTHNCCD\Malignant cases\Malignant case (284).jpg,malignant,normal,0.997698962688446,0.9595187506638468,0.1694706562495166,0.011292849,False,False
VGG16,external,Malignant case (285).jpg,C:\Users\shrey\Downloads\MIP_project_part2\Lung-Cancer-Classification-\Lung-Cancer-Classification-\Data_External_IQOTHNCCD\Malignant cases\Malignant case (285).jpg,malignant,normal,0.997192680835724,0.9839713892433793,0.0821517722546625,0.0004925554,False,False
VGG16,external,Malignant case (286).jpg,C:\Users\shrey\Downloads\MIP_project_part2\Lung-Cancer-Classification-\Lung-Cancer-Classification-\Data_External_IQOTHNCCD\Malignant cases\Malignant case (286).jpg,malignant,normal,0.9885892868041992,0.8944684239104391,0.337069805590197,0.029567597,False,False
VGG16,external,Malignant case (287).jpg,C:\Users\shrey\Downloads\MIP_project_part2\Lung-Cancer-Classification-\Lung-Cancer-Classification-\Data_External_IQOTHNCCD\Malignant cases\Malignant case (287).jpg,malignant,normal,0.9920119643211364,0.963701511733234,0.1559966349375143,0.004169991,False,False
VGG16,external,Malignant case (288).jpg,C:\Users\shrey\Downloads\MIP_project_part2\Lung-Cancer-Classification-\Lung-Cancer-Classification-\Data_External_IQOTHNCCD\Malignant cases\Malignant case (288).jpg,malignant,malignant,0.8689005821943283,0.9203941822052002,0.2778056304888912,0.0463411,True,True
VGG16,external,Malignant case (289).jpg,C:\Users\shrey\Downloads\MIP_project_part2\Lung-Cancer-Classification-\Lung-Cancer-Classification-\Data_External_IQOTHNCCD\Malignant cases\Malignant case (289).jpg,malignant,malignant,0.7936945110559464,0.7745894566178322,0.5336710987204002,0.03175307,True,True
VGG16,external,Malignant case (29).jpg,C:\Users\shrey\Downloads\MIP_project_part2\Lung-Cancer-Classification-\Lung-Cancer-Classification-\Data_External_IQOTHNCCD\Malignant cases\Malignant case (29).jpg,malignant,malignant,0.9813155978918076,0.9692931622266768,0.1371904779361551,0.044391155,True,True
VGG16,external,Malignant case (290).jpg,C:\Users\shrey\Downloads\MIP_project_part2\Lung-Cancer-Classification-\Lung-Cancer-Classification-\Data_External_IQOTHNCCD\Malignant cases\Malignant case (290).jpg,malignant,malignant,0.7697886973619461,0.8378517478704453,0.4432150765233055,0.0563137,True,True
VGG16,external,Malignant case (291).jpg,C:\Users\shrey\Downloads\MIP_project_part2\Lung-Cancer-Classification-\Lung-Cancer-Classification-\Data_External_IQOTHNCCD\Malignant cases\Malignant case (291).jpg,malignant,normal,0.6055757999420166,0.49439872801303864,0.6930844263450873,0.055734243,False,True
VGG16,external,Malignant case (292).jpg,C:\Users\shrey\Downloads\MIP_project_part2\Lung-Cancer-Classification-\Lung-Cancer-Classification-\Data_External_IQOTHNCCD\Malignant cases\Malignant case (292).jpg,malignant,malignant,0.5027418583631516,0.5142839252948761,0.692739047429269,0.06935461,True,True
VGG16,external,Malignant case (293).jpg,C:\Users\shrey\Downloads\MIP_project_part2\Lung-Cancer-Classification-\Lung-Cancer-Classification-\Data_External_IQOTHNCCD\Malignant cases\Malignant case (293).jpg,malignant,normal,0.7888889908790588,0.6906840205192566,0.6185522722626187,0.062779486,False,False
VGG16,external,Malignant case (294).jpg,C:\Users\shrey\Downloads\MIP_project_part2\Lung-Cancer-Classification-\Lung-Cancer-Classification-\Data_External_IQOTHNCCD\Malignant cases\Malignant case (294).jpg,malignant,normal,0.9751980900764464,0.8642054572701455,0.3972553207697619,0.043707516,False,False
VGG16,external,Malignant case (295).jpg,C:\Users\shrey\Downloads\MIP_project_part2\Lung-Cancer-Classification-\Lung-Cancer-Classification-\Data_External_IQOTHNCCD\Malignant cases\Malignant case (295).jpg,malignant,normal,0.980158269405365,0.9733747870195657,0.1228079053028862,0.0004124257,False,False
VGG16,external,Malignant case (296).jpg,C:\Users\shrey\Downloads\MIP_project_part2\Lung-Cancer-Classification-\Lung-Cancer-Classification-\Data_External_IQOTHNCCD\Malignant cases\Malignant case (296).jpg,malignant,normal,0.9490478038787842,0.8906037043780088,0.3452513208639844,0.010431569,False,False
VGG16,external,Malignant case (297).jpg,C:\Users\shrey\Downloads\MIP_project_part2\Lung-Cancer-Classification-\Lung-Cancer-Classification-\Data_External_IQOTHNCCD\Malignant cases\Malignant case (297).jpg,malignant,normal,0.9626830220222472,0.868156535550952,0.3898761292321128,0.03764705,False,False
VGG16,external,Malignant case (298).jpg,C:\Users\shrey\Downloads\MIP_project_part2\Lung-Cancer-Classification-\Lung-Cancer-Classification-\Data_External_IQOTHNCCD\Malignant cases\Malignant case (298).jpg,malignant,normal,0.9737454652786256,0.9147980231791735,0.2912940941030721,0.00901657,False,False
VGG16,external,Malignant case (299).jpg,C:\Users\shrey\Downloads\MIP_project_part2\Lung-Cancer-Classification-\Lung-Cancer-Classification-\Data_External_IQOTHNCCD\Malignant cases\Malignant case (299).jpg,malignant,normal,0.9843069314956664,0.9408555608242751,0.2246068966225264,0.0038190486,False,False
VGG16,external,Malignant case (3).jpg,C:\Users\shrey\Downloads\MIP_project_part2\Lung-Cancer-Classification-\Lung-Cancer-Classification-\Data_External_IQOTHNCCD\Malignant cases\Malignant case (3).jpg,malignant,normal,0.9001333117485046,0.8013711590319872,0.4984957096038251,0.03806345,False,False
VGG16,external,Malignant case (30).jpg,C:\Users\shrey\Downloads\MIP_project_part2\Lung-Cancer-Classification-\Lung-Cancer-Classification-\Data_External_IQOTHNCCD\Malignant cases\Malignant case (30).jpg,malignant,normal,0.7332211136817932,0.5042820665985346,0.6931105296562874,0.08925345,False,False
VGG16,external,Malignant case (300).jpg,C:\Users\shrey\Downloads\MIP_project_part2\Lung-Cancer-Classification-\Lung-Cancer-Classification-\Data_External_IQOTHNCCD\Malignant cases\Malignant case (300).jpg,malignant,normal,0.9749533534049988,0.8798107840120792,0.3673018507037142,0.02819457,False,False
VGG16,external,Malignant case (301).jpg,C:\Users\shrey\Downloads\MIP_project_part2\Lung-Cancer-Classification-\Lung-Cancer-Classification-\Data_External_IQOTHNCCD\Malignant cases\Malignant case (301).jpg,malignant,normal,0.9696672558784484,0.8661014372482896,0.3937310785645484,0.027828513,False,False
VGG16,external,Malignant case (302).jpg,C:\Users\shrey\Downloads\MIP_project_part2\Lung-Cancer-Classification-\Lung-Cancer-Classification-\Data_External_IQOTHNCCD\Malignant cases\Malignant case (302).jpg,malignant,normal,0.9782520532608032,0.972891053010244,0.1245443493734092,0.00046705894,False,False
VGG16,external,Malignant case (303).jpg,C:\Users\shrey\Downloads\MIP_project_part2\Lung-Cancer-Classification-\Lung-Cancer-Classification-\Data_External_IQOTHNCCD\Malignant cases\Malignant case (303).jpg,malignant,normal,0.9926275610923768,0.9781720587197925,0.1050703218277215,0.0024113392,False,False
VGG16,external,Malignant case (304).jpg,C:\Users\shrey\Downloads\MIP_project_part2\Lung-Cancer-Classification-\Lung-Cancer-Classification-\Data_External_IQOTHNCCD\Malignant cases\Malignant case (304).jpg,malignant,normal,0.9951157569885254,0.9796031595906243,0.0995796000664293,0.0019096945,False,False
VGG16,external,Malignant case (305).jpg,C:\Users\shrey\Downloads\MIP_project_part2\Lung-Cancer-Classification-\Lung-Cancer-Classification-\Data_External_IQOTHNCCD\Malignant cases\Malignant case (305).jpg,malignant,normal,0.9962950348854064,0.9896276330982801,0.0577057195203848,0.00016736545,False,False
VGG16,external,Malignant case (306).jpg,C:\Users\shrey\Downloads\MIP_project_part2\Lung-Cancer-Classification-\Lung-Cancer-Classification-\Data_External_IQOTHNCCD\Malignant cases\Malignant case (306).jpg,malignant,normal,0.9979238510131836,0.9755554834555369,0.1148654294187484,0.003956249,False,False
VGG16,external,Malignant case (307).jpg,C:\Users\shrey\Downloads\MIP_project_part2\Lung-Cancer-Classification-\Lung-Cancer-Classification-\Data_External_IQOTHNCCD\Malignant cases\Malignant case (307).jpg,malignant,normal,0.9923829436302184,0.9517986084101722,0.1931849518228372,0.010032973,False,False
VGG16,external,Malignant case (308).jpg,C:\Users\shrey\Downloads\MIP_project_part2\Lung-Cancer-Classification-\Lung-Cancer-Classification-\Data_External_IQOTHNCCD\Malignant cases\Malignant case (308).jpg,malignant,normal,0.9817349314689636,0.9129525066528004,0.2956530157515257,0.023148114,False,False
VGG16,external,Malignant case (309).jpg,C:\Users\shrey\Downloads\MIP_project_part2\Lung-Cancer-Classification-\Lung-Cancer-Classification-\Data_External_IQOTHNCCD\Malignant cases\Malignant case (309).jpg,malignant,normal,0.9921658039093018,0.984535423669513,0.0798193678820674,0.0004511281,False,False
VGG16,external,Malignant case (31).jpg,C:\Users\shrey\Downloads\MIP_project_part2\Lung-Cancer-Classification-\Lung-Cancer-Classification-\Data_External_IQOTHNCCD\Malignant cases\Malignant case (31).jpg,malignant,normal,0.7722182273864746,0.6338353436440229,0.6568828309736546,0.07702926,False,False
VGG16,external,Malignant case (310).jpg,C:\Users\shrey\Downloads\MIP_project_part2\Lung-Cancer-Classification-\Lung-Cancer-Classification-\Data_External_IQOTHNCCD\Malignant cases\Malignant case (310).jpg,malignant,normal,0.99428790807724,0.9263587408931926,0.2629576035783564,0.011658745,False,False
VGG16,external,Malignant case (311).jpg,C:\Users\shrey\Downloads\MIP_project_part2\Lung-Cancer-Classification-\Lung-Cancer-Classification-\Data_External_IQOTHNCCD\Malignant cases\Malignant case (311).jpg,malignant,normal,0.9988812804222108,0.948332901345566,0.203395013909186,0.006836141,False,False
VGG16,external,Malignant case (312).jpg,C:\Users\shrey\Downloads\MIP_project_part2\Lung-Cancer-Classification-\Lung-Cancer-Classification-\Data_External_IQOTHNCCD\Malignant cases\Malignant case (312).jpg,malignant,normal,0.9908353090286256,0.9683928259182722,0.1402852657663977,0.002063289,False,False
VGG16,external,Malignant case (313).jpg,C:\Users\shrey\Downloads\MIP_project_part2\Lung-Cancer-Classification-\Lung-Cancer-Classification-\Data_External_IQOTHNCCD\Malignant cases\Malignant case (313).jpg,malignant,normal,0.9905475974082948,0.9368463031714783,0.2355582002980114,0.013831163,False,False
VGG16,external,Malignant case (314).jpg,C:\Users\shrey\Downloads\MIP_project_part2\Lung-Cancer-Classification-\Lung-Cancer-Classification-\Data_External_IQOTHNCCD\Malignant cases\Malignant case (314).jpg,malignant,normal,0.9962732791900636,0.9867784652160481,0.0703289170775265,0.00034363245,False,False
VGG16,external,Malignant case (315).jpg,C:\Users\shrey\Downloads\MIP_project_part2\Lung-Cancer-Classification-\Lung-Cancer-Classification-\Data_External_IQOTHNCCD\Malignant cases\Malignant case (315).jpg,malignant,normal,0.997018814086914,0.9598681912757457,0.1683627584698841,0.004039786,False,False
VGG16,external,Malignant case (316).jpg,C:\Users\shrey\Downloads\MIP_project_part2\Lung-Cancer-Classification-\Lung-Cancer-Classification-\Data_External_IQOTHNCCD\Malignant cases\Malignant case (316).jpg,malignant,normal,0.9984900951385498,0.9851252411608585,0.0773579502974142,0.001466653,False,False
VGG16,external,Malignant case (317).jpg,C:\Users\shrey\Downloads\MIP_project_part2\Lung-Cancer-Classification-\Lung-Cancer-Classification-\Data_External_IQOTHNCCD\Malignant cases\Malignant case (317).jpg,malignant,normal,0.9970786571502686,0.9769108542241157,0.1098294490941226,0.00045338494,False,False
VGG16,external,Malignant case (318).jpg,C:\Users\shrey\Downloads\MIP_project_part2\Lung-Cancer-Classification-\Lung-Cancer-Classification-\Data_External_IQOTHNCCD\Malignant cases\Malignant case (318).jpg,malignant,normal,0.9970988035202026,0.9748917991528288,0.117302968609709,0.0031094362,False,False
VGG16,external,Malignant case (319).jpg,C:\Users\shrey\Downloads\MIP_project_part2\Lung-Cancer-Classification-\Lung-Cancer-Classification-\Data_External_IQOTHNCCD\Malignant cases\Malignant case (319).jpg,malignant,normal,0.997668445110321,0.9905452346429229,0.0534808451230085,0.00015742613,False,False
VGG16,external,Malignant case (32).jpg,C:\Users\shrey\Downloads\MIP_project_part2\Lung-Cancer-Classification-\Lung-Cancer-Classification-\Data_External_IQOTHNCCD\Malignant cases\Malignant case (32).jpg,malignant,normal,0.8896937370300293,0.768935052677989,0.540559907490101,0.062365435,False,False
VGG16,external,Malignant case (320).jpg,C:\Users\shrey\Downloads\MIP_project_part2\Lung-Cancer-Classification-\Lung-Cancer-Classification-\Data_External_IQOTHNCCD\Malignant cases\Malignant case (320).jpg,malignant,normal,0.9968589544296264,0.9759769483935088,0.1133078531590467,0.0012007247,False,False
VGG16,external,Malignant case (321).jpg,C:\Users\shrey\Downloads\MIP_project_part2\Lung-Cancer-Classification-\Lung-Cancer-Classification-\Data_External_IQOTHNCCD\Malignant cases\Malignant case (321).jpg,malignant,normal,0.9959920048713684,0.949526404030621,0.1999072834637224,0.0046456414,False,False
VGG16,external,Malignant case (322).jpg,C:\Users\shrey\Downloads\MIP_project_part2\Lung-Cancer-Classification-\Lung-Cancer-Classification-\Data_External_IQOTHNCCD\Malignant cases\Malignant case (322).jpg,malignant,normal,0.9945259690284728,0.9634277052246035,0.156893280800952,0.0033454376,False,False
VGG16,external,Malignant case (323).jpg,C:\Users\shrey\Downloads\MIP_project_part2\Lung-Cancer-Classification-\Lung-Cancer-Classification-\Data_External_IQOTHNCCD\Malignant cases\Malignant case (323).jpg,malignant,malignant,0.9969812761992216,0.9886923879384996,0.0619269070197529,0.039838366,True,True
VGG16,external,Malignant case (324).jpg,C:\Users\shrey\Downloads\MIP_project_part2\Lung-Cancer-Classification-\Lung-Cancer-Classification-\Data_External_IQOTHNCCD\Malignant cases\Malignant case (324).jpg,malignant,malignant,0.9958512932062148,0.9842520467936992,0.080993623596468,0.040168125,True,True
VGG16,external,Malignant case (325).jpg,C:\Users\shrey\Downloads\MIP_project_part2\Lung-Cancer-Classification-\Lung-Cancer-Classification-\Data_External_IQOTHNCCD\Malignant cases\Malignant case (325).jpg,malignant,malignant,0.9344504997134208,0.943814404308796,0.2163403539691197,0.06149985,True,True
VGG16,external,Malignant case (326).jpg,C:\Users\shrey\Downloads\MIP_project_part2\Lung-Cancer-Classification-\Lung-Cancer-Classification-\Data_External_IQOTHNCCD\Malignant cases\Malignant case (326).jpg,malignant,malignant,0.9548140168190002,0.8942336738109589,0.3375711916794075,0.06333375,True,True
VGG16,external,Malignant case (327).jpg,C:\Users\shrey\Downloads\MIP_project_part2\Lung-Cancer-Classification-\Lung-Cancer-Classification-\Data_External_IQOTHNCCD\Malignant cases\Malignant case (327).jpg,malignant,normal,0.6311637163162231,0.507451131939888,0.6930361233346821,0.0884655,False,False
VGG16,external,Malignant case (328).jpg,C:\Users\shrey\Downloads\MIP_project_part2\Lung-Cancer-Classification-\Lung-Cancer-Classification-\Data_External_IQOTHNCCD\Malignant cases\Malignant case (328).jpg,malignant,normal,0.8196231126785278,0.6763060097582638,0.6296226284863615,0.087424226,False,False
VGG16,external,Malignant case (329).jpg,C:\Users\shrey\Downloads\MIP_project_part2\Lung-Cancer-Classification-\Lung-Cancer-Classification-\Data_External_IQOTHNCCD\Malignant cases\Malignant case (329).jpg,malignant,normal,0.7425869703292847,0.5700233958195895,0.6833083349365943,0.062228,False,False
VGG16,external,Malignant case (33).jpg,C:\Users\shrey\Downloads\MIP_project_part2\Lung-Cancer-Classification-\Lung-Cancer-Classification-\Data_External_IQOTHNCCD\Malignant cases\Malignant case (33).jpg,malignant,normal,0.8918296694755554,0.7312251767143607,0.5820365112260033,0.07525614,False,False
VGG16,external,Malignant case (330).jpg,C:\Users\shrey\Downloads\MIP_project_part2\Lung-Cancer-Classification-\Lung-Cancer-Classification-\Data_External_IQOTHNCCD\Malignant cases\Malignant case (330).jpg,malignant,normal,0.6446268558502197,0.4316003955900669,0.6837607641495614,0.08170627,False,True
VGG16,external,Malignant case (331).jpg,C:\Users\shrey\Downloads\MIP_project_part2\Lung-Cancer-Classification-\Lung-Cancer-Classification-\Data_External_IQOTHNCCD\Malignant cases\Malignant case (331).jpg,malignant,normal,0.6619508862495422,0.4551405720412731,0.6891170294211275,0.06506098,False,True
VGG16,external,Malignant case (332).jpg,C:\Users\shrey\Downloads\MIP_project_part2\Lung-Cancer-Classification-\Lung-Cancer-Classification-\Data_External_IQOTHNCCD\Malignant cases\Malignant case (332).jpg,malignant,normal,0.7474340200424194,0.49533054418861866,0.6931035817082768,0.11507346,False,True
VGG16,external,Malignant case (333).jpg,C:\Users\shrey\Downloads\MIP_project_part2\Lung-Cancer-Classification-\Lung-Cancer-Classification-\Data_External_IQOTHNCCD\Malignant cases\Malignant case (333).jpg,malignant,normal,0.6537098288536072,0.5743785062804818,0.6820417178117769,0.08873903,False,False
VGG16,external,Malignant case (334).jpg,C:\Users\shrey\Downloads\MIP_project_part2\Lung-Cancer-Classification-\Lung-Cancer-Classification-\Data_External_IQOTHNCCD\Malignant cases\Malignant case (334).jpg,malignant,normal,0.6568341851234436,0.6060191411525011,0.6704955084985278,0.073594116,False,False
VGG16,external,Malignant case (335).jpg,C:\Users\shrey\Downloads\MIP_project_part2\Lung-Cancer-Classification-\Lung-Cancer-Classification-\Data_External_IQOTHNCCD\Malignant cases\Malignant case (335).jpg,malignant,normal,0.8942928910255432,0.6577592734247446,0.6425105774954194,0.088950194,False,False
VGG16,external,Malignant case (336).jpg,C:\Users\shrey\Downloads\MIP_project_part2\Lung-Cancer-Classification-\Lung-Cancer-Classification-\Data_External_IQOTHNCCD\Malignant cases\Malignant case (336).jpg,malignant,normal,0.8544430136680603,0.5653371512889862,0.6845848406821002,0.13843468,False,False
VGG16,external,Malignant case (337).jpg,C:\Users\shrey\Downloads\MIP_project_part2\Lung-Cancer-Classification-\Lung-Cancer-Classification-\Data_External_IQOTHNCCD\Malignant cases\Malignant case (337).jpg,malignant,normal,0.8601785898208618,0.6561637027189136,0.6435473790963466,0.098733105,False,False
VGG16,external,Malignant case (338).jpg,C:\Users\shrey\Downloads\MIP_project_part2\Lung-Cancer-Classification-\Lung-Cancer-Classification-\Data_External_IQOTHNCCD\Malignant cases\Malignant case (338).jpg,malignant,normal,0.9566474556922911,0.7920141485519708,0.5112758388874005,0.051949665,False,False
VGG16,external,Malignant case (339).jpg,C:\Users\shrey\Downloads\MIP_project_part2\Lung-Cancer-Classification-\Lung-Cancer-Classification-\Data_External_IQOTHNCCD\Malignant cases\Malignant case (339).jpg,malignant,normal,0.9527430534362792,0.7803564004134387,0.526456502080941,0.0646983,False,False
VGG16,external,Malignant case (34).jpg,C:\Users\shrey\Downloads\MIP_project_part2\Lung-Cancer-Classification-\Lung-Cancer-Classification-\Data_External_IQOTHNCCD\Malignant cases\Malignant case (34).jpg,malignant,normal,0.9344521760940552,0.7653284054249525,0.544859798778337,0.053003423,False,False
VGG16,external,Malignant case (340).jpg,C:\Users\shrey\Downloads\MIP_project_part2\Lung-Cancer-Classification-\Lung-Cancer-Classification-\Data_External_IQOTHNCCD\Malignant cases\Malignant case (340).jpg,malignant,normal,0.8272975087165833,0.7277143084211275,0.5855190165188284,0.07441855,False,False
VGG16,external,Malignant case (341).jpg,C:\Users\shrey\Downloads\MIP_project_part2\Lung-Cancer-Classification-\Lung-Cancer-Classification-\Data_External_IQOTHNCCD\Malignant cases\Malignant case (341).jpg,malignant,normal,0.7718843817710876,0.7659784387797118,0.5440901946992132,0.043872595,False,False
VGG16,external,Malignant case (342).jpg,C:\Users\shrey\Downloads\MIP_project_part2\Lung-Cancer-Classification-\Lung-Cancer-Classification-\Data_External_IQOTHNCCD\Malignant cases\Malignant case (342).jpg,malignant,normal,0.6091260313987732,0.5170511715114117,0.6925656069901615,0.091347486,False,False
VGG16,external,Malignant case (343).jpg,C:\Users\shrey\Downloads\MIP_project_part2\Lung-Cancer-Classification-\Lung-Cancer-Classification-\Data_External_IQOTHNCCD\Malignant cases\Malignant case (343).jpg,malignant,normal,0.5426335334777832,0.583263223990798,0.6792168483008496,0.065661654,False,False
VGG16,external,Malignant case (344).jpg,C:\Users\shrey\Downloads\MIP_project_part2\Lung-Cancer-Classification-\Lung-Cancer-Classification-\Data_External_IQOTHNCCD\Malignant cases\Malignant case (344).jpg,malignant,normal,0.7166939377784729,0.6564195463433862,0.6433818393093536,0.057517,False,False
VGG16,external,Malignant case (345).jpg,C:\Users\shrey\Downloads\MIP_project_part2\Lung-Cancer-Classification-\Lung-Cancer-Classification-\Data_External_IQOTHNCCD\Malignant cases\Malignant case (345).jpg,malignant,normal,0.6793087720870972,0.5590147571638227,0.6861654421646621,0.09689174,False,False
VGG16,external,Malignant case (346).jpg,C:\Users\shrey\Downloads\MIP_project_part2\Lung-Cancer-Classification-\Lung-Cancer-Classification-\Data_External_IQOTHNCCD\Malignant cases\Malignant case (346).jpg,malignant,normal,0.8252089023590088,0.6995271407067776,0.611264458419581,0.046632938,False,False
VGG16,external,Malignant case (347).jpg,C:\Users\shrey\Downloads\MIP_project_part2\Lung-Cancer-Classification-\Lung-Cancer-Classification-\Data_External_IQOTHNCCD\Malignant cases\Malignant case (347).jpg,malignant,normal,0.7033639550209045,0.6163536692038178,0.6658209881445338,0.043817367,False,False
VGG16,external,Malignant case (348).jpg,C:\Users\shrey\Downloads\MIP_project_part2\Lung-Cancer-Classification-\Lung-Cancer-Classification-\Data_External_IQOTHNCCD\Malignant cases\Malignant case (348).jpg,malignant,normal,0.6557006239891052,0.5834457874298096,0.6791554297824626,0.09733231,False,False
VGG16,external,Malignant case (349).jpg,C:\Users\shrey\Downloads\MIP_project_part2\Lung-Cancer-Classification-\Lung-Cancer-Classification-\Data_External_IQOTHNCCD\Malignant cases\Malignant case (349).jpg,malignant,normal,0.710737943649292,0.577736503444612,0.681012088720945,0.06687213,False,False
VGG16,external,Malignant case (35).jpg,C:\Users\shrey\Downloads\MIP_project_part2\Lung-Cancer-Classification-\Lung-Cancer-Classification-\Data_External_IQOTHNCCD\Malignant cases\Malignant case (35).jpg,malignant,normal,0.9142986536026,0.7869956030044705,0.5179101274790162,0.07959108,False,False
VGG16,external,Malignant case (350).jpg,C:\Users\shrey\Downloads\MIP_project_part2\Lung-Cancer-Classification-\Lung-Cancer-Classification-\Data_External_IQOTHNCCD\Malignant cases\Malignant case (350).jpg,malignant,normal,0.9474294781684875,0.8539514103904366,0.4157933016025719,0.05360221,False,False
VGG16,external,Malignant case (351).jpg,C:\Users\shrey\Downloads\MIP_project_part2\Lung-Cancer-Classification-\Lung-Cancer-Classification-\Data_External_IQOTHNCCD\Malignant cases\Malignant case (351).jpg,malignant,normal,0.7336100339889526,0.6570778992027044,0.6429546857261557,0.05180488,False,False
VGG16,external,Malignant case (352).jpg,C:\Users\shrey\Downloads\MIP_project_part2\Lung-Cancer-Classification-\Lung-Cancer-Classification-\Data_External_IQOTHNCCD\Malignant cases\Malignant case (352).jpg,malignant,normal,0.8746503591537476,0.7078351061791182,0.6040787087627325,0.0894389,False,False
VGG16,external,Malignant case (353).jpg,C:\Users\shrey\Downloads\MIP_project_part2\Lung-Cancer-Classification-\Lung-Cancer-Classification-\Data_External_IQOTHNCCD\Malignant cases\Malignant case (353).jpg,malignant,normal,0.854953944683075,0.6696142219007015,0.6344515171257707,0.08164202,False,False
VGG16,external,Malignant case (354).jpg,C:\Users\shrey\Downloads\MIP_project_part2\Lung-Cancer-Classification-\Lung-Cancer-Classification-\Data_External_IQOTHNCCD\Malignant cases\Malignant case (354).jpg,malignant,normal,0.9311373233795166,0.7384091895073652,0.5747142233531722,0.054057393,False,False
VGG16,external,Malignant case (355).jpg,C:\Users\shrey\Downloads\MIP_project_part2\Lung-Cancer-Classification-\Lung-Cancer-Classification-\Data_External_IQOTHNCCD\Malignant cases\Malignant case (355).jpg,malignant,normal,0.9687414169311525,0.8945968328043818,0.3367953514127805,0.015800208,False,False
VGG16,external,Malignant case (356).jpg,C:\Users\shrey\Downloads\MIP_project_part2\Lung-Cancer-Classification-\Lung-Cancer-Classification-\Data_External_IQOTHNCCD\Malignant cases\Malignant case (356).jpg,malignant,malignant,0.8280109534971416,0.7553960867226124,0.5563289022666142,0.07039456,True,True
VGG16,external,Malignant case (357).jpg,C:\Users\shrey\Downloads\MIP_project_part2\Lung-Cancer-Classification-\Lung-Cancer-Classification-\Data_External_IQOTHNCCD\Malignant cases\Malignant case (357).jpg,malignant,malignant,0.913577850908041,0.8646952994167805,0.3963476300533882,0.07388316,True,True
VGG16,external,Malignant case (358).jpg,C:\Users\shrey\Downloads\MIP_project_part2\Lung-Cancer-Classification-\Lung-Cancer-Classification-\Data_External_IQOTHNCCD\Malignant cases\Malignant case (358).jpg,malignant,malignant,0.5531898513436317,0.546371191740036,0.6888404194211961,0.049080696,True,True
VGG16,external,Malignant case (359).jpg,C:\Users\shrey\Downloads\MIP_project_part2\Lung-Cancer-Classification-\Lung-Cancer-Classification-\Data_External_IQOTHNCCD\Malignant cases\Malignant case (359).jpg,malignant,normal,0.7757318019866943,0.5670690573751926,0.6841234642903098,0.110700265,False,False
VGG16,external,Malignant case (36).jpg,C:\Users\shrey\Downloads\MIP_project_part2\Lung-Cancer-Classification-\Lung-Cancer-Classification-\Data_External_IQOTHNCCD\Malignant cases\Malignant case (36).jpg,malignant,malignant,0.7250995226204395,0.6463480535894632,0.6496780696747192,0.082859725,True,True
VGG16,external,Malignant case (360).jpg,C:\Users\shrey\Downloads\MIP_project_part2\Lung-Cancer-Classification-\Lung-Cancer-Classification-\Data_External_IQOTHNCCD\Malignant cases\Malignant case (360).jpg,malignant,malignant,0.8671499229967594,0.8979150652885437,0.3296400315204618,0.08214767,True,True
VGG16,external,Malignant case (361).jpg,C:\Users\shrey\Downloads\MIP_project_part2\Lung-Cancer-Classification-\Lung-Cancer-Classification-\Data_External_IQOTHNCCD\Malignant cases\Malignant case (361).jpg,malignant,malignant,0.8545652814209461,0.7360315695405006,0.5771669707306948,0.080230795,True,True
VGG16,external,Malignant case (362).jpg,C:\Users\shrey\Downloads\MIP_project_part2\Lung-Cancer-Classification-\Lung-Cancer-Classification-\Data_External_IQOTHNCCD\Malignant cases\Malignant case (362).jpg,malignant,malignant,0.87129295617342,0.7838886827230453,0.5219419368927539,0.08886446,True,True
VGG16,external,Malignant case (363).jpg,C:\Users\shrey\Downloads\MIP_project_part2\Lung-Cancer-Classification-\Lung-Cancer-Classification-\Data_External_IQOTHNCCD\Malignant cases\Malignant case (363).jpg,malignant,normal,0.5945948362350464,0.43105922266840935,0.683611170167479,0.111570515,False,True
VGG16,external,Malignant case (364).jpg,C:\Users\shrey\Downloads\MIP_project_part2\Lung-Cancer-Classification-\Lung-Cancer-Classification-\Data_External_IQOTHNCCD\Malignant cases\Malignant case (364).jpg,malignant,malignant,0.754216592758894,0.7464150935411453,0.566239409939515,0.08077331,True,True
VGG16,external,Malignant case (365).jpg,C:\Users\shrey\Downloads\MIP_project_part2\Lung-Cancer-Classification-\Lung-Cancer-Classification-\Data_External_IQOTHNCCD\Malignant cases\Malignant case (365).jpg,malignant,normal,0.9765912294387816,0.9325338783673943,0.2470346233868745,0.022620477,False,False
VGG16,external,Malignant case (366).jpg,C:\Users\shrey\Downloads\MIP_project_part2\Lung-Cancer-Classification-\Lung-Cancer-Classification-\Data_External_IQOTHNCCD\Malignant cases\Malignant case (366).jpg,malignant,normal,0.9909810423851012,0.9262739585246891,0.2631720368162217,0.01144412,False,False
VGG16,external,Malignant case (367).jpg,C:\Users\shrey\Downloads\MIP_project_part2\Lung-Cancer-Classification-\Lung-Cancer-Classification-\Data_External_IQOTHNCCD\Malignant cases\Malignant case (367).jpg,malignant,normal,0.895734965801239,0.7014623135328293,0.6096201812301948,0.06778611,False,False
VGG16,external,Malignant case (368).jpg,C:\Users\shrey\Downloads\MIP_project_part2\Lung-Cancer-Classification-\Lung-Cancer-Classification-\Data_External_IQOTHNCCD\Malignant cases\Malignant case (368).jpg,malignant,normal,0.9716913104057312,0.8425976764410735,0.4353370859980046,0.052349884,False,False
VGG16,external,Malignant case (369).jpg,C:\Users\shrey\Downloads\MIP_project_part2\Lung-Cancer-Classification-\Lung-Cancer-Classification-\Data_External_IQOTHNCCD\Malignant cases\Malignant case (369).jpg,malignant,normal,0.9700994491577148,0.9035453563556076,0.317222484037068,0.013782952,False,False
VGG16,external,Malignant case (37).jpg,C:\Users\shrey\Downloads\MIP_project_part2\Lung-Cancer-Classification-\Lung-Cancer-Classification-\Data_External_IQOTHNCCD\Malignant cases\Malignant case (37).jpg,malignant,normal,0.5258381366729736,0.3311808556318283,0.6350117469923651,0.08155267,False,True
VGG16,external,Malignant case (370).jpg,C:\Users\shrey\Downloads\MIP_project_part2\Lung-Cancer-Classification-\Lung-Cancer-Classification-\Data_External_IQOTHNCCD\Malignant cases\Malignant case (370).jpg,malignant,normal,0.967580020427704,0.8410400168504566,0.43794126458349,0.055550124,False,False
VGG16,external,Malignant case (371).jpg,C:\Users\shrey\Downloads\MIP_project_part2\Lung-Cancer-Classification-\Lung-Cancer-Classification-\Data_External_IQOTHNCCD\Malignant cases\Malignant case (371).jpg,malignant,normal,0.9882633090019226,0.948104917712044,0.2040577813107438,0.007038033,False,False
VGG16,external,Malignant case (372).jpg,C:\Users\shrey\Downloads\MIP_project_part2\Lung-Cancer-Classification-\Lung-Cancer-Classification-\Data_External_IQOTHNCCD\Malignant cases\Malignant case (372).jpg,malignant,normal,0.9671684503555298,0.8875625085784123,0.3515813988939807,0.016689384,False,False
VGG16,external,Malignant case (373).jpg,C:\Users\shrey\Downloads\MIP_project_part2\Lung-Cancer-Classification-\Lung-Cancer-Classification-\Data_External_IQOTHNCCD\Malignant cases\Malignant case (373).jpg,malignant,normal,0.973042130470276,0.7924877479672432,0.5106419346669648,0.06292853,False,False
VGG16,external,Malignant case (374).jpg,C:\Users\shrey\Downloads\MIP_project_part2\Lung-Cancer-Classification-\Lung-Cancer-Classification-\Data_External_IQOTHNCCD\Malignant cases\Malignant case (374).jpg,malignant,normal,0.9541997909545898,0.8661832166835666,0.3935784267376468,0.034255393,False,False
VGG16,external,Malignant case (375).jpg,C:\Users\shrey\Downloads\MIP_project_part2\Lung-Cancer-Classification-\Lung-Cancer-Classification-\Data_External_IQOTHNCCD\Malignant cases\Malignant case (375).jpg,malignant,normal,0.972668468952179,0.7908735657110811,0.5127969881511539,0.07818877,False,False
VGG16,external,Malignant case (376).jpg,C:\Users\shrey\Downloads\MIP_project_part2\Lung-Cancer-Classification-\Lung-Cancer-Classification-\Data_External_IQOTHNCCD\Malignant cases\Malignant case (376).jpg,malignant,normal,0.9707631468772888,0.8162745870649815,0.4769957461593864,0.034247197,False,False
VGG16,external,Malignant case (377).jpg,C:\Users\shrey\Downloads\MIP_project_part2\Lung-Cancer-Classification-\Lung-Cancer-Classification-\Data_External_IQOTHNCCD\Malignant cases\Malignant case (377).jpg,malignant,normal,0.9768347144126892,0.9537437488324941,0.1873408379305588,0.003233318,False,False
VGG16,external,Malignant case (378).jpg,C:\Users\shrey\Downloads\MIP_project_part2\Lung-Cancer-Classification-\Lung-Cancer-Classification-\Data_External_IQOTHNCCD\Malignant cases\Malignant case (378).jpg,malignant,normal,0.9843361377716064,0.9112330410862342,0.2996756176797701,0.047417056,False,False
VGG16,external,Malignant case (379).jpg,C:\Users\shrey\Downloads\MIP_project_part2\Lung-Cancer-Classification-\Lung-Cancer-Classification-\Data_External_IQOTHNCCD\Malignant cases\Malignant case (379).jpg,malignant,normal,0.982810378074646,0.9618831018451602,0.1619125825230659,0.0012961633,False,False
VGG16,external,Malignant case (38).jpg,C:\Users\shrey\Downloads\MIP_project_part2\Lung-Cancer-Classification-\Lung-Cancer-Classification-\Data_External_IQOTHNCCD\Malignant cases\Malignant case (38).jpg,malignant,malignant,0.6421696934849024,0.5720848888158798,0.6827184076289365,0.07851985,True,True
VGG16,external,Malignant case (380).jpg,C:\Users\shrey\Downloads\MIP_project_part2\Lung-Cancer-Classification-\Lung-Cancer-Classification-\Data_External_IQOTHNCCD\Malignant cases\Malignant case (380).jpg,malignant,normal,0.995989978313446,0.9475717355962843,0.2056039631512655,0.011042501,False,False
VGG16,external,Malignant case (381).jpg,C:\Users\shrey\Downloads\MIP_project_part2\Lung-Cancer-Classification-\Lung-Cancer-Classification-\Data_External_IQOTHNCCD\Malignant cases\Malignant case (381).jpg,malignant,malignant,0.9955541901290416,0.9703337326645852,0.1335800848470412,0.10190392,True,True
VGG16,external,Malignant case (382).jpg,C:\Users\shrey\Downloads\MIP_project_part2\Lung-Cancer-Classification-\Lung-Cancer-Classification-\Data_External_IQOTHNCCD\Malignant cases\Malignant case (382).jpg,malignant,malignant,0.9981234893202782,0.9973126649856568,0.0185905729822033,0.049403016,True,True
VGG16,external,Malignant case (383).jpg,C:\Users\shrey\Downloads\MIP_project_part2\Lung-Cancer-Classification-\Lung-Cancer-Classification-\Data_External_IQOTHNCCD\Malignant cases\Malignant case (383).jpg,malignant,malignant,0.995402529835701,0.9958972185850145,0.0266434361849933,0.04830993,True,True
VGG16,external,Malignant case (384).jpg,C:\Users\shrey\Downloads\MIP_project_part2\Lung-Cancer-Classification-\Lung-Cancer-Classification-\Data_External_IQOTHNCCD\Malignant cases\Malignant case (384).jpg,malignant,malignant,0.994124636054039,0.9935272186994552,0.0390757471694156,0.080295846,True,True
VGG16,external,Malignant case (385).jpg,C:\Users\shrey\Downloads\MIP_project_part2\Lung-Cancer-Classification-\Lung-Cancer-Classification-\Data_External_IQOTHNCCD\Malignant cases\Malignant case (385).jpg,malignant,malignant,0.9808158725500108,0.9516199231147766,0.1937176517790608,0.06624201,True,True
VGG16,external,Malignant case (386).jpg,C:\Users\shrey\Downloads\MIP_project_part2\Lung-Cancer-Classification-\Lung-Cancer-Classification-\Data_External_IQOTHNCCD\Malignant cases\Malignant case (386).jpg,malignant,malignant,0.987077295780182,0.953427292406559,0.1882972949813249,0.05142214,True,True
VGG16,external,Malignant case (387).jpg,C:\Users\shrey\Downloads\MIP_project_part2\Lung-Cancer-Classification-\Lung-Cancer-Classification-\Data_External_IQOTHNCCD\Malignant cases\Malignant case (387).jpg,malignant,malignant,0.9224047362804412,0.851042702794075,0.4208961291558469,0.058173712,True,True
VGG16,external,Malignant case (388).jpg,C:\Users\shrey\Downloads\MIP_project_part2\Lung-Cancer-Classification-\Lung-Cancer-Classification-\Data_External_IQOTHNCCD\Malignant cases\Malignant case (388).jpg,malignant,malignant,0.7055653259158134,0.7011593654751778,0.6098787668533966,0.064504825,True,True
VGG16,external,Malignant case (389).jpg,C:\Users\shrey\Downloads\MIP_project_part2\Lung-Cancer-Classification-\Lung-Cancer-Classification-\Data_External_IQOTHNCCD\Malignant cases\Malignant case (389).jpg,malignant,normal,0.7822915315628052,0.631087701767683,0.6583742386887985,0.10966708,False,False
VGG16,external,Malignant case (39).jpg,C:\Users\shrey\Downloads\MIP_project_part2\Lung-Cancer-Classification-\Lung-Cancer-Classification-\Data_External_IQOTHNCCD\Malignant cases\Malignant case (39).jpg,malignant,malignant,0.5358573365956545,0.6173219233751297,0.6653599641147463,0.04166633,True,True
VGG16,external,Malignant case (390).jpg,C:\Users\shrey\Downloads\MIP_project_part2\Lung-Cancer-Classification-\Lung-Cancer-Classification-\Data_External_IQOTHNCCD\Malignant cases\Malignant case (390).jpg,malignant,normal,0.857721209526062,0.776208309456706,0.5316652778708261,0.03988249,False,False
VGG16,external,Malignant case (391).jpg,C:\Users\shrey\Downloads\MIP_project_part2\Lung-Cancer-Classification-\Lung-Cancer-Classification-\Data_External_IQOTHNCCD\Malignant cases\Malignant case (391).jpg,malignant,normal,0.9433988332748412,0.8756347391754389,0.3755332828254266,0.0154507505,False,False
VGG16,external,Malignant case (392).jpg,C:\Users\shrey\Downloads\MIP_project_part2\Lung-Cancer-Classification-\Lung-Cancer-Classification-\Data_External_IQOTHNCCD\Malignant cases\Malignant case (392).jpg,malignant,normal,0.9434858560562134,0.9368348475545645,0.2355890279026723,0.0026176674,False,False
VGG16,external,Malignant case (393).jpg,C:\Users\shrey\Downloads\MIP_project_part2\Lung-Cancer-Classification-\Lung-Cancer-Classification-\Data_External_IQOTHNCCD\Malignant cases\Malignant case (393).jpg,malignant,normal,0.8610897660255432,0.6964223831892014,0.6138651936693449,0.03985869,False,False
VGG16,external,Malignant case (394).jpg,C:\Users\shrey\Downloads\MIP_project_part2\Lung-Cancer-Classification-\Lung-Cancer-Classification-\Data_External_IQOTHNCCD\Malignant cases\Malignant case (394).jpg,malignant,normal,0.8320565819740295,0.6613812744617462,0.6401150150779892,0.082720436,False,False
VGG16,external,Malignant case (395).jpg,C:\Users\shrey\Downloads\MIP_project_part2\Lung-Cancer-Classification-\Lung-Cancer-Classification-\Data_External_IQOTHNCCD\Malignant cases\Malignant case (395).jpg,malignant,normal,0.9503191709518432,0.7863587141036988,0.5187413101076811,0.036864974,False,False
VGG16,external,Malignant case (396).jpg,C:\Users\shrey\Downloads\MIP_project_part2\Lung-Cancer-Classification-\Lung-Cancer-Classification-\Data_External_IQOTHNCCD\Malignant cases\Malignant case (396).jpg,malignant,normal,0.9385316371917723,0.7575198709964753,0.5539218785460127,0.05682098,False,False
VGG16,external,Malignant case (397).jpg,C:\Users\shrey\Downloads\MIP_project_part2\Lung-Cancer-Classification-\Lung-Cancer-Classification-\Data_External_IQOTHNCCD\Malignant cases\Malignant case (397).jpg,malignant,normal,0.9270368218421936,0.8096102569252253,0.4867876572031199,0.03150192,False,False
VGG16,external,Malignant case (398).jpg,C:\Users\shrey\Downloads\MIP_project_part2\Lung-Cancer-Classification-\Lung-Cancer-Classification-\Data_External_IQOTHNCCD\Malignant cases\Malignant case (398).jpg,malignant,normal,0.96786367893219,0.888499777764082,0.3496403949769544,0.0156145925,False,False
VGG16,external,Malignant case (399).jpg,C:\Users\shrey\Downloads\MIP_project_part2\Lung-Cancer-Classification-\Lung-Cancer-Classification-\Data_External_IQOTHNCCD\Malignant cases\Malignant case (399).jpg,malignant,normal,0.89253169298172,0.8085505068302155,0.4883179083089183,0.040145148,False,False
VGG16,external,Malignant case (4).jpg,C:\Users\shrey\Downloads\MIP_project_part2\Lung-Cancer-Classification-\Lung-Cancer-Classification-\Data_External_IQOTHNCCD\Malignant cases\Malignant case (4).jpg,malignant,normal,0.8542028665542603,0.7682863175868988,0.541338748386014,0.064219214,False,False
VGG16,external,Malignant case (40).jpg,C:\Users\shrey\Downloads\MIP_project_part2\Lung-Cancer-Classification-\Lung-Cancer-Classification-\Data_External_IQOTHNCCD\Malignant cases\Malignant case (40).jpg,malignant,malignant,0.530317198485136,0.6482518017292023,0.6485221305300151,0.058352467,True,True
VGG16,external,Malignant case (400).jpg,C:\Users\shrey\Downloads\MIP_project_part2\Lung-Cancer-Classification-\Lung-Cancer-Classification-\Data_External_IQOTHNCCD\Malignant cases\Malignant case (400).jpg,malignant,normal,0.9254999160766602,0.8866160027682782,0.3535323885588529,0.027954487,False,False
VGG16,external,Malignant case (401).jpg,C:\Users\shrey\Downloads\MIP_project_part2\Lung-Cancer-Classification-\Lung-Cancer-Classification-\Data_External_IQOTHNCCD\Malignant cases\Malignant case (401).jpg,malignant,normal,0.9575679898262024,0.7886939849704504,0.5156819258699238,0.08376109,False,False
VGG16,external,Malignant case (402).jpg,C:\Users\shrey\Downloads\MIP_project_part2\Lung-Cancer-Classification-\Lung-Cancer-Classification-\Data_External_IQOTHNCCD\Malignant cases\Malignant case (402).jpg,malignant,normal,0.6686599850654602,0.47263475600630045,0.6916487171545298,0.09036283,False,True
VGG16,external,Malignant case (403).jpg,C:\Users\shrey\Downloads\MIP_project_part2\Lung-Cancer-Classification-\Lung-Cancer-Classification-\Data_External_IQOTHNCCD\Malignant cases\Malignant case (403).jpg,malignant,normal,0.9296376705169678,0.7179693318903446,0.594861015760569,0.081811465,False,False
VGG16,external,Malignant case (404).jpg,C:\Users\shrey\Downloads\MIP_project_part2\Lung-Cancer-Classification-\Lung-Cancer-Classification-\Data_External_IQOTHNCCD\Malignant cases\Malignant case (404).jpg,malignant,normal,0.9000140428543091,0.754721618257463,0.5570881979456771,0.035733975,False,False
VGG16,external,Malignant case (405).jpg,C:\Users\shrey\Downloads\MIP_project_part2\Lung-Cancer-Classification-\Lung-Cancer-Classification-\Data_External_IQOTHNCCD\Malignant cases\Malignant case (405).jpg,malignant,normal,0.9058166742324828,0.7742743849521503,0.534059727971383,0.07762322,False,False
VGG16,external,Malignant case (406).jpg,C:\Users\shrey\Downloads\MIP_project_part2\Lung-Cancer-Classification-\Lung-Cancer-Classification-\Data_External_IQOTHNCCD\Malignant cases\Malignant case (406).jpg,malignant,normal,0.5663049817085266,0.6859534531831741,0.6223002086626643,0.07469652,False,False
VGG16,external,Malignant case (407).jpg,C:\Users\shrey\Downloads\MIP_project_part2\Lung-Cancer-Classification-\Lung-Cancer-Classification-\Data_External_IQOTHNCCD\Malignant cases\Malignant case (407).jpg,malignant,malignant,0.883511008694768,0.742327329237014,0.5706084993374513,0.07088741,True,True
VGG16,external,Malignant case (408).jpg,C:\Users\shrey\Downloads\MIP_project_part2\Lung-Cancer-Classification-\Lung-Cancer-Classification-\Data_External_IQOTHNCCD\Malignant cases\Malignant case (408).jpg,malignant,normal,0.6323890089988708,0.713132631033659,0.5993229005778538,0.048409995,False,False
VGG16,external,Malignant case (409).jpg,C:\Users\shrey\Downloads\MIP_project_part2\Lung-Cancer-Classification-\Lung-Cancer-Classification-\Data_External_IQOTHNCCD\Malignant cases\Malignant case (409).jpg,malignant,normal,0.5768944621086121,0.47462679259479046,0.6918590237715426,0.09334115,False,True
VGG16,external,Malignant case (41).jpg,C:\Users\shrey\Downloads\MIP_project_part2\Lung-Cancer-Classification-\Lung-Cancer-Classification-\Data_External_IQOTHNCCD\Malignant cases\Malignant case (41).jpg,malignant,normal,0.7018852829933167,0.4684399366378784,0.6911537804586523,0.07555161,False,True
VGG16,external,Malignant case (410).jpg,C:\Users\shrey\Downloads\MIP_project_part2\Lung-Cancer-Classification-\Lung-Cancer-Classification-\Data_External_IQOTHNCCD\Malignant cases\Malignant case (410).jpg,malignant,normal,0.7422325015068054,0.67036186857149,0.6339220648593309,0.12203614,False,False
VGG16,external,Malignant case (411).jpg,C:\Users\shrey\Downloads\MIP_project_part2\Lung-Cancer-Classification-\Lung-Cancer-Classification-\Data_External_IQOTHNCCD\Malignant cases\Malignant case (411).jpg,malignant,normal,0.7942109107971191,0.6727859880775213,0.6321880931866259,0.059398912,False,False
VGG16,external,Malignant case (412).jpg,C:\Users\shrey\Downloads\MIP_project_part2\Lung-Cancer-Classification-\Lung-Cancer-Classification-\Data_External_IQOTHNCCD\Malignant cases\Malignant case (412).jpg,malignant,normal,0.7664336562156677,0.6872506118379533,0.621282785808559,0.0774077,False,False
VGG16,external,Malignant case (413).jpg,C:\Users\shrey\Downloads\MIP_project_part2\Lung-Cancer-Classification-\Lung-Cancer-Classification-\Data_External_IQOTHNCCD\Malignant cases\Malignant case (413).jpg,malignant,normal,0.7630254626274109,0.6323571652173996,0.6576891887329381,0.082090706,False,False
VGG16,external,Malignant case (414).jpg,C:\Users\shrey\Downloads\MIP_project_part2\Lung-Cancer-Classification-\Lung-Cancer-Classification-\Data_External_IQOTHNCCD\Malignant cases\Malignant case (414).jpg,malignant,normal,0.9461821913719176,0.8257781304419041,0.4625177764007459,0.025051564,False,False
VGG16,external,Malignant case (415).jpg,C:\Users\shrey\Downloads\MIP_project_part2\Lung-Cancer-Classification-\Lung-Cancer-Classification-\Data_External_IQOTHNCCD\Malignant cases\Malignant case (415).jpg,malignant,normal,0.9677852988243104,0.9089566364418716,0.304945153042051,0.04848146,False,False
VGG16,external,Malignant case (416).jpg,C:\Users\shrey\Downloads\MIP_project_part2\Lung-Cancer-Classification-\Lung-Cancer-Classification-\Data_External_IQOTHNCCD\Malignant cases\Malignant case (416).jpg,malignant,normal,0.9947006702423096,0.9253506413660944,0.2655026898114062,0.007579753,False,False
VGG16,external,Malignant case (417).jpg,C:\Users\shrey\Downloads\MIP_project_part2\Lung-Cancer-Classification-\Lung-Cancer-Classification-\Data_External_IQOTHNCCD\Malignant cases\Malignant case (417).jpg,malignant,normal,0.9970990419387816,0.9898039399413392,0.0569004952546377,0.0002080849,False,False
VGG16,external,Malignant case (418).jpg,C:\Users\shrey\Downloads\MIP_project_part2\Lung-Cancer-Classification-\Lung-Cancer-Classification-\Data_External_IQOTHNCCD\Malignant cases\Malignant case (418).jpg,malignant,normal,0.996882438659668,0.9853642891102937,0.0763536115243729,0.00088514556,False,False
VGG16,external,Malignant case (419).jpg,C:\Users\shrey\Downloads\MIP_project_part2\Lung-Cancer-Classification-\Lung-Cancer-Classification-\Data_External_IQOTHNCCD\Malignant cases\Malignant case (419).jpg,malignant,normal,0.9880048632621764,0.7986098807305098,0.5023235775032349,0.0795262,False,False
VGG16,external,Malignant case (42).jpg,C:\Users\shrey\Downloads\MIP_project_part2\Lung-Cancer-Classification-\Lung-Cancer-Classification-\Data_External_IQOTHNCCD\Malignant cases\Malignant case (42).jpg,malignant,normal,0.7443409562110901,0.5566595885902643,0.686712778627878,0.08195525,False,False
VGG16,external,Malignant case (420).jpg,C:\Users\shrey\Downloads\MIP_project_part2\Lung-Cancer-Classification-\Lung-Cancer-Classification-\Data_External_IQOTHNCCD\Malignant cases\Malignant case (420).jpg,malignant,normal,0.9987313151359558,0.9347826308221557,0.241088260210955,0.023365922,False,False
VGG16,external,Malignant case (421).jpg,C:\Users\shrey\Downloads\MIP_project_part2\Lung-Cancer-Classification-\Lung-Cancer-Classification-\Data_External_IQOTHNCCD\Malignant cases\Malignant case (421).jpg,malignant,normal,0.992212176322937,0.9757460693363101,0.1141620227347894,0.0015080129,False,False
VGG16,external,Malignant case (422).jpg,C:\Users\shrey\Downloads\MIP_project_part2\Lung-Cancer-Classification-\Lung-Cancer-Classification-\Data_External_IQOTHNCCD\Malignant cases\Malignant case (422).jpg,malignant,normal,0.9990332126617432,0.9713586601428688,0.1299872580467396,0.0018885764,False,False
VGG16,external,Malignant case (423).jpg,C:\Users\shrey\Downloads\MIP_project_part2\Lung-Cancer-Classification-\Lung-Cancer-Classification-\Data_External_IQOTHNCCD\Malignant cases\Malignant case (423).jpg,malignant,normal,0.9970133304595948,0.9269738036673516,0.2613973974900935,0.038031686,False,False
VGG16,external,Malignant case (424).jpg,C:\Users\shrey\Downloads\MIP_project_part2\Lung-Cancer-Classification-\Lung-Cancer-Classification-\Data_External_IQOTHNCCD\Malignant cases\Malignant case (424).jpg,malignant,normal,0.9236344695091248,0.7246123277582228,0.5885441916228449,0.10112565,False,False
VGG16,external,Malignant case (425).jpg,C:\Users\shrey\Downloads\MIP_project_part2\Lung-Cancer-Classification-\Lung-Cancer-Classification-\Data_External_IQOTHNCCD\Malignant cases\Malignant case (425).jpg,malignant,normal,0.930429995059967,0.8791597889503465,0.3685958043579552,0.042368878,False,False
VGG16,external,Malignant case (426).jpg,C:\Users\shrey\Downloads\MIP_project_part2\Lung-Cancer-Classification-\Lung-Cancer-Classification-\Data_External_IQOTHNCCD\Malignant cases\Malignant case (426).jpg,malignant,normal,0.975109875202179,0.8623271788237616,0.4007165036610476,0.030395303,False,False
VGG16,external,Malignant case (427).jpg,C:\Users\shrey\Downloads\MIP_project_part2\Lung-Cancer-Classification-\Lung-Cancer-Classification-\Data_External_IQOTHNCCD\Malignant cases\Malignant case (427).jpg,malignant,malignant,0.5535931475460529,0.6328769214451313,0.6574067621386992,0.06881159,True,True
VGG16,external,Malignant case (428).jpg,C:\Users\shrey\Downloads\MIP_project_part2\Lung-Cancer-Classification-\Lung-Cancer-Classification-\Data_External_IQOTHNCCD\Malignant cases\Malignant case (428).jpg,malignant,malignant,0.5087014064192772,0.6691136360168457,0.6348045695799123,0.051413797,True,True
VGG16,external,Malignant case (429).jpg,C:\Users\shrey\Downloads\MIP_project_part2\Lung-Cancer-Classification-\Lung-Cancer-Classification-\Data_External_IQOTHNCCD\Malignant cases\Malignant case (429).jpg,malignant,normal,0.7018623948097229,0.5918282940983772,0.6761862305367702,0.07101176,False,False
VGG16,external,Malignant case (43).jpg,C:\Users\shrey\Downloads\MIP_project_part2\Lung-Cancer-Classification-\Lung-Cancer-Classification-\Data_External_IQOTHNCCD\Malignant cases\Malignant case (43).jpg,malignant,normal,0.8320138454437256,0.6255910061299801,0.6612606056212902,0.06672146,False,False
VGG16,external,Malignant case (430).jpg,C:\Users\shrey\Downloads\MIP_project_part2\Lung-Cancer-Classification-\Lung-Cancer-Classification-\Data_External_IQOTHNCCD\Malignant cases\Malignant case (430).jpg,malignant,malignant,0.5997068658471107,0.6713719069957733,0.6332028224762047,0.09652237,True,True
VGG16,external,Malignant case (431).jpg,C:\Users\shrey\Downloads\MIP_project_part2\Lung-Cancer-Classification-\Lung-Cancer-Classification-\Data_External_IQOTHNCCD\Malignant cases\Malignant case (431).jpg,malignant,malignant,0.8057895377278328,0.6566631197929382,0.643224038129887,0.08881337,True,True
VGG16,external,Malignant case (432).jpg,C:\Users\shrey\Downloads\MIP_project_part2\Lung-Cancer-Classification-\Lung-Cancer-Classification-\Data_External_IQOTHNCCD\Malignant cases\Malignant case (432).jpg,malignant,malignant,0.9159005284309388,0.8821968883275986,0.3625248882056445,0.06505158,True,True
VGG16,external,Malignant case (433).jpg,C:\Users\shrey\Downloads\MIP_project_part2\Lung-Cancer-Classification-\Lung-Cancer-Classification-\Data_External_IQOTHNCCD\Malignant cases\Malignant case (433).jpg,malignant,malignant,0.7680293396115303,0.8324769921600819,0.451936791677842,0.082263485,True,True
VGG16,external,Malignant case (434).jpg,C:\Users\shrey\Downloads\MIP_project_part2\Lung-Cancer-Classification-\Lung-Cancer-Classification-\Data_External_IQOTHNCCD\Malignant cases\Malignant case (434).jpg,malignant,malignant,0.6319057997316122,0.6941170413047075,0.6157668216933104,0.065784566,True,True
VGG16,external,Malignant case (435).jpg,C:\Users\shrey\Downloads\MIP_project_part2\Lung-Cancer-Classification-\Lung-Cancer-Classification-\Data_External_IQOTHNCCD\Malignant cases\Malignant case (435).jpg,malignant,malignant,0.586218249052763,0.5888908766210079,0.677259684349182,0.036079694,True,True
VGG16,external,Malignant case (436).jpg,C:\Users\shrey\Downloads\MIP_project_part2\Lung-Cancer-Classification-\Lung-Cancer-Classification-\Data_External_IQOTHNCCD\Malignant cases\Malignant case (436).jpg,malignant,normal,0.6995695233345032,0.49042196944355965,0.6929636887831216,0.0654867,False,True
VGG16,external,Malignant case (437).jpg,C:\Users\shrey\Downloads\MIP_project_part2\Lung-Cancer-Classification-\Lung-Cancer-Classification-\Data_External_IQOTHNCCD\Malignant cases\Malignant case (437).jpg,malignant,normal,0.8705062866210938,0.5326082073152065,0.6910190787781889,0.10492112,False,False
VGG16,external,Malignant case (438).jpg,C:\Users\shrey\Downloads\MIP_project_part2\Lung-Cancer-Classification-\Lung-Cancer-Classification-\Data_External_IQOTHNCCD\Malignant cases\Malignant case (438).jpg,malignant,normal,0.8801904320716858,0.7369380444288254,0.5762353956589633,0.04313942,False,False
VGG16,external,Malignant case (439).jpg,C:\Users\shrey\Downloads\MIP_project_part2\Lung-Cancer-Classification-\Lung-Cancer-Classification-\Data_External_IQOTHNCCD\Malignant cases\Malignant case (439).jpg,malignant,normal,0.9548420310020448,0.8880828656256199,0.3505049478726874,0.0135158,False,False
VGG16,external,Malignant case (44).jpg,C:\Users\shrey\Downloads\MIP_project_part2\Lung-Cancer-Classification-\Lung-Cancer-Classification-\Data_External_IQOTHNCCD\Malignant cases\Malignant case (44).jpg,malignant,normal,0.9628665447235109,0.87939050514251,0.3681376863357766,0.04826448,False,False
VGG16,external,Malignant case (440).jpg,C:\Users\shrey\Downloads\MIP_project_part2\Lung-Cancer-Classification-\Lung-Cancer-Classification-\Data_External_IQOTHNCCD\Malignant cases\Malignant case (440).jpg,malignant,malignant,0.9793757200241088,0.9715895801782608,0.1291724376439034,0.09001038,True,True
VGG16,external,Malignant case (441).jpg,C:\Users\shrey\Downloads\MIP_project_part2\Lung-Cancer-Classification-\Lung-Cancer-Classification-\Data_External_IQOTHNCCD\Malignant cases\Malignant case (441).jpg,malignant,normal,0.7463554739952087,0.6487261541187763,0.6482316627040718,0.08641413,False,False
VGG16,external,Malignant case (442).jpg,C:\Users\shrey\Downloads\MIP_project_part2\Lung-Cancer-Classification-\Lung-Cancer-Classification-\Data_External_IQOTHNCCD\Malignant cases\Malignant case (442).jpg,malignant,malignant,0.5943093560636044,0.5908574610948563,0.6765449389559997,0.09253495,True,True
VGG16,external,Malignant case (443).jpg,C:\Users\shrey\Downloads\MIP_project_part2\Lung-Cancer-Classification-\Lung-Cancer-Classification-\Data_External_IQOTHNCCD\Malignant cases\Malignant case (443).jpg,malignant,malignant,0.5918036997318268,0.6714811623096466,0.6331247370893456,0.080524676,True,True
VGG16,external,Malignant case (444).jpg,C:\Users\shrey\Downloads\MIP_project_part2\Lung-Cancer-Classification-\Lung-Cancer-Classification-\Data_External_IQOTHNCCD\Malignant cases\Malignant case (444).jpg,malignant,normal,0.7633056044578552,0.5593253821134567,0.6860915628278317,0.10313752,False,False
VGG16,external,Malignant case (445).jpg,C:\Users\shrey\Downloads\MIP_project_part2\Lung-Cancer-Classification-\Lung-Cancer-Classification-\Data_External_IQOTHNCCD\Malignant cases\Malignant case (445).jpg,malignant,normal,0.6346327066421509,0.6113782897591591,0.668127555336494,0.069381066,False,False
VGG16,external,Malignant case (446).jpg,C:\Users\shrey\Downloads\MIP_project_part2\Lung-Cancer-Classification-\Lung-Cancer-Classification-\Data_External_IQOTHNCCD\Malignant cases\Malignant case (446).jpg,malignant,malignant,0.5517226420342922,0.6583811677992344,0.6421034099178007,0.06515415,True,True
VGG16,external,Malignant case (447).jpg,C:\Users\shrey\Downloads\MIP_project_part2\Lung-Cancer-Classification-\Lung-Cancer-Classification-\Data_External_IQOTHNCCD\Malignant cases\Malignant case (447).jpg,malignant,malignant,0.7403046637773514,0.7016068920493126,0.6094966176633995,0.027242145,True,True
VGG16,external,Malignant case (448).jpg,C:\Users\shrey\Downloads\MIP_project_part2\Lung-Cancer-Classification-\Lung-Cancer-Classification-\Data_External_IQOTHNCCD\Malignant cases\Malignant case (448).jpg,malignant,malignant,0.5292177572846413,0.6365941017866135,0.655352686487929,0.04861696,True,True
VGG16,external,Malignant case (449).jpg,C:\Users\shrey\Downloads\MIP_project_part2\Lung-Cancer-Classification-\Lung-Cancer-Classification-\Data_External_IQOTHNCCD\Malignant cases\Malignant case (449).jpg,malignant,malignant,0.7044028975069523,0.6407100446522236,0.6530085665777362,0.07219805,True,True
VGG16,external,Malignant case (45).jpg,C:\Users\shrey\Downloads\MIP_project_part2\Lung-Cancer-Classification-\Lung-Cancer-Classification-\Data_External_IQOTHNCCD\Malignant cases\Malignant case (45).jpg,malignant,normal,0.9328617453575134,0.8514294605702162,0.4202216082295218,0.034818705,False,False
VGG16,external,Malignant case (450).jpg,C:\Users\shrey\Downloads\MIP_project_part2\Lung-Cancer-Classification-\Lung-Cancer-Classification-\Data_External_IQOTHNCCD\Malignant cases\Malignant case (450).jpg,malignant,malignant,0.6766415238380432,0.7151020616292953,0.5975199395982238,0.065660566,True,True
VGG16,external,Malignant case (451).jpg,C:\Users\shrey\Downloads\MIP_project_part2\Lung-Cancer-Classification-\Lung-Cancer-Classification-\Data_External_IQOTHNCCD\Malignant cases\Malignant case (451).jpg,malignant,malignant,0.7672504000365734,0.7630979288369417,0.5474825975396382,0.049959455,True,True
VGG16,external,Malignant case (452).jpg,C:\Users\shrey\Downloads\MIP_project_part2\Lung-Cancer-Classification-\Lung-Cancer-Classification-\Data_External_IQOTHNCCD\Malignant cases\Malignant case (452).jpg,malignant,malignant,0.6311245681717992,0.6087198220193386,0.6693172832647261,0.043930717,True,True
VGG16,external,Malignant case (453).jpg,C:\Users\shrey\Downloads\MIP_project_part2\Lung-Cancer-Classification-\Lung-Cancer-Classification-\Data_External_IQOTHNCCD\Malignant cases\Malignant case (453).jpg,malignant,malignant,0.6396357738412917,0.5869486951269209,0.6779498754199945,0.06590718,True,True
VGG16,external,Malignant case (454).jpg,C:\Users\shrey\Downloads\MIP_project_part2\Lung-Cancer-Classification-\Lung-Cancer-Classification-\Data_External_IQOTHNCCD\Malignant cases\Malignant case (454).jpg,malignant,normal,0.6706674695014954,0.601328520104289,0.6724693045258087,0.03756528,False,False
VGG16,external,Malignant case (455).jpg,C:\Users\shrey\Downloads\MIP_project_part2\Lung-Cancer-Classification-\Lung-Cancer-Classification-\Data_External_IQOTHNCCD\Malignant cases\Malignant case (455).jpg,malignant,normal,0.737603485584259,0.6295970175415277,0.6591697794130962,0.07380839,False,False
VGG16,external,Malignant case (456).jpg,C:\Users\shrey\Downloads\MIP_project_part2\Lung-Cancer-Classification-\Lung-Cancer-Classification-\Data_External_IQOTHNCCD\Malignant cases\Malignant case (456).jpg,malignant,normal,0.8176496624946594,0.721665938384831,0.5913729437685517,0.062151447,False,False
VGG16,external,Malignant case (457).jpg,C:\Users\shrey\Downloads\MIP_project_part2\Lung-Cancer-Classification-\Lung-Cancer-Classification-\Data_External_IQOTHNCCD\Malignant cases\Malignant case (457).jpg,malignant,normal,0.7170155644416809,0.6020699329674244,0.6721634297658787,0.12297108,False,False
VGG16,external,Malignant case (458).jpg,C:\Users\shrey\Downloads\MIP_project_part2\Lung-Cancer-Classification-\Lung-Cancer-Classification-\Data_External_IQOTHNCCD\Malignant cases\Malignant case (458).jpg,malignant,malignant,0.5066331517882645,0.5038789473474026,0.6931171067307806,0.092610046,True,True
VGG16,external,Malignant case (459).jpg,C:\Users\shrey\Downloads\MIP_project_part2\Lung-Cancer-Classification-\Lung-Cancer-Classification-\Data_External_IQOTHNCCD\Malignant cases\Malignant case (459).jpg,malignant,malignant,0.9305203966796398,0.9270070791244508,0.2613129130783889,0.07566332,True,True
VGG16,external,Malignant case (46).jpg,C:\Users\shrey\Downloads\MIP_project_part2\Lung-Cancer-Classification-\Lung-Cancer-Classification-\Data_External_IQOTHNCCD\Malignant cases\Malignant case (46).jpg,malignant,normal,0.8385463356971741,0.7811829568818212,0.5254066590697336,0.048175257,False,False
VGG16,external,Malignant case (460).jpg,C:\Users\shrey\Downloads\MIP_project_part2\Lung-Cancer-Classification-\Lung-Cancer-Classification-\Data_External_IQOTHNCCD\Malignant cases\Malignant case (460).jpg,malignant,malignant,0.9777069929987192,0.9311005920171738,0.2507826834664142,0.061009873,True,True
VGG16,external,Malignant case (461).jpg,C:\Users\shrey\Downloads\MIP_project_part2\Lung-Cancer-Classification-\Lung-Cancer-Classification-\Data_External_IQOTHNCCD\Malignant cases\Malignant case (461).jpg,malignant,malignant,0.7738203220069408,0.7873297855257988,0.5174731443007412,0.028223557,True,True
VGG16,external,Malignant case (462).jpg,C:\Users\shrey\Downloads\MIP_project_part2\Lung-Cancer-Classification-\Lung-Cancer-Classification-\Data_External_IQOTHNCCD\Malignant cases\Malignant case (462).jpg,malignant,normal,0.5787150859832764,0.39360450208187103,0.6703331512293507,0.087418586,False,True
VGG16,external,Malignant case (463).jpg,C:\Users\shrey\Downloads\MIP_project_part2\Lung-Cancer-Classification-\Lung-Cancer-Classification-\Data_External_IQOTHNCCD\Malignant cases\Malignant case (463).jpg,malignant,malignant,0.827547088265419,0.8844112288206816,0.3580427862527592,0.09316795,True,True
VGG16,external,Malignant case (464).jpg,C:\Users\shrey\Downloads\MIP_project_part2\Lung-Cancer-Classification-\Lung-Cancer-Classification-\Data_External_IQOTHNCCD\Malignant cases\Malignant case (464).jpg,malignant,malignant,0.912394699640572,0.8982791323214769,0.3288477204066202,0.08219755,True,True
VGG16,external,Malignant case (465).jpg,C:\Users\shrey\Downloads\MIP_project_part2\Lung-Cancer-Classification-\Lung-Cancer-Classification-\Data_External_IQOTHNCCD\Malignant cases\Malignant case (465).jpg,malignant,malignant,0.8255773484706879,0.8802866712212563,0.3663533793158998,0.06818811,True,True
VGG16,external,Malignant case (466).jpg,C:\Users\shrey\Downloads\MIP_project_part2\Lung-Cancer-Classification-\Lung-Cancer-Classification-\Data_External_IQOTHNCCD\Malignant cases\Malignant case (466).jpg,malignant,malignant,0.5110046565532684,0.5134169012308121,0.6927870983604274,0.07385549,True,True
VGG16,external,Malignant case (467).jpg,C:\Users\shrey\Downloads\MIP_project_part2\Lung-Cancer-Classification-\Lung-Cancer-Classification-\Data_External_IQOTHNCCD\Malignant cases\Malignant case (467).jpg,malignant,normal,0.6770132184028625,0.7202979326248169,0.59267171132313,0.044600733,False,False
VGG16,external,Malignant case (468).jpg,C:\Users\shrey\Downloads\MIP_project_part2\Lung-Cancer-Classification-\Lung-Cancer-Classification-\Data_External_IQOTHNCCD\Malignant cases\Malignant case (468).jpg,malignant,malignant,0.5446404982358217,0.7077275570482016,0.6041738585484563,0.07430075,True,True
VGG16,external,Malignant case (469).jpg,C:\Users\shrey\Downloads\MIP_project_part2\Lung-Cancer-Classification-\Lung-Cancer-Classification-\Data_External_IQOTHNCCD\Malignant cases\Malignant case (469).jpg,malignant,malignant,0.5319898650050163,0.5478465929627419,0.688561584839729,0.102667704,True,True
VGG16,external,Malignant case (47).jpg,C:\Users\shrey\Downloads\MIP_project_part2\Lung-Cancer-Classification-\Lung-Cancer-Classification-\Data_External_IQOTHNCCD\Malignant cases\Malignant case (47).jpg,malignant,normal,0.8710432052612305,0.7309586480259895,0.5823030192122791,0.086693384,False,False
VGG16,external,Malignant case (470).jpg,C:\Users\shrey\Downloads\MIP_project_part2\Lung-Cancer-Classification-\Lung-Cancer-Classification-\Data_External_IQOTHNCCD\Malignant cases\Malignant case (470).jpg,malignant,malignant,0.5575368292629719,0.5444834977388382,0.6891843768634252,0.09679506,True,True
VGG16,external,Malignant case (471).jpg,C:\Users\shrey\Downloads\MIP_project_part2\Lung-Cancer-Classification-\Lung-Cancer-Classification-\Data_External_IQOTHNCCD\Malignant cases\Malignant case (471).jpg,malignant,malignant,0.7784682288765907,0.7698695696890354,0.5394338886354955,0.08316923,True,True
VGG16,external,Malignant case (472).jpg,C:\Users\shrey\Downloads\MIP_project_part2\Lung-Cancer-Classification-\Lung-Cancer-Classification-\Data_External_IQOTHNCCD\Malignant cases\Malignant case (472).jpg,malignant,normal,0.5739051699638367,0.628562418743968,0.6597163699773738,0.07566004,False,False
VGG16,external,Malignant case (473).jpg,C:\Users\shrey\Downloads\MIP_project_part2\Lung-Cancer-Classification-\Lung-Cancer-Classification-\Data_External_IQOTHNCCD\Malignant cases\Malignant case (473).jpg,malignant,malignant,0.6634991895407438,0.7549070212990046,0.5568797651022186,0.05762798,True,True
VGG16,external,Malignant case (474).jpg,C:\Users\shrey\Downloads\MIP_project_part2\Lung-Cancer-Classification-\Lung-Cancer-Classification-\Data_External_IQOTHNCCD\Malignant cases\Malignant case (474).jpg,malignant,malignant,0.7681119651533663,0.6799549432471395,0.6269033984212953,0.075543836,True,True
VGG16,external,Malignant case (475).jpg,C:\Users\shrey\Downloads\MIP_project_part2\Lung-Cancer-Classification-\Lung-Cancer-Classification-\Data_External_IQOTHNCCD\Malignant cases\Malignant case (475).jpg,malignant,malignant,0.6465789759531617,0.630962704308331,0.6584413243591922,0.07271254,True,True
VGG16,external,Malignant case (476).jpg,C:\Users\shrey\Downloads\MIP_project_part2\Lung-Cancer-Classification-\Lung-Cancer-Classification-\Data_External_IQOTHNCCD\Malignant cases\Malignant case (476).jpg,malignant,malignant,0.6798431221395731,0.5862530563026667,0.6781933106647042,0.07359632,True,True
VGG16,external,Malignant case (477).jpg,C:\Users\shrey\Downloads\MIP_project_part2\Lung-Cancer-Classification-\Lung-Cancer-Classification-\Data_External_IQOTHNCCD\Malignant cases\Malignant case (477).jpg,malignant,malignant,0.6904164808802307,0.485903225839138,0.6927496823252188,0.057519652,True,False
VGG16,external,Malignant case (478).jpg,C:\Users\shrey\Downloads\MIP_project_part2\Lung-Cancer-Classification-\Lung-Cancer-Classification-\Data_External_IQOTHNCCD\Malignant cases\Malignant case (478).jpg,malignant,malignant,0.9527613064274192,0.9187524542212486,0.2818058668881913,0.0445318,True,True
VGG16,external,Malignant case (479).jpg,C:\Users\shrey\Downloads\MIP_project_part2\Lung-Cancer-Classification-\Lung-Cancer-Classification-\Data_External_IQOTHNCCD\Malignant cases\Malignant case (479).jpg,malignant,malignant,0.9725350204389542,0.7897651768289506,0.5142676430302692,0.07327543,True,True
VGG16,external,Malignant case (48).jpg,C:\Users\shrey\Downloads\MIP_project_part2\Lung-Cancer-Classification-\Lung-Cancer-Classification-\Data_External_IQOTHNCCD\Malignant cases\Malignant case (48).jpg,malignant,normal,0.9522165656089784,0.9148850440979004,0.2910874298123372,0.008226172,False,False
VGG16,external,Malignant case (480).jpg,C:\Users\shrey\Downloads\MIP_project_part2\Lung-Cancer-Classification-\Lung-Cancer-Classification-\Data_External_IQOTHNCCD\Malignant cases\Malignant case (480).jpg,malignant,malignant,0.9649240774451756,0.8948760596103966,0.3361977345586861,0.08365223,True,True
VGG16,external,Malignant case (481).jpg,C:\Users\shrey\Downloads\MIP_project_part2\Lung-Cancer-Classification-\Lung-Cancer-Classification-\Data_External_IQOTHNCCD\Malignant cases\Malignant case (481).jpg,malignant,malignant,0.9753975161584094,0.9442364848218858,0.2151479471785772,0.027106235,True,True
VGG16,external,Malignant case (482).jpg,C:\Users\shrey\Downloads\MIP_project_part2\Lung-Cancer-Classification-\Lung-Cancer-Classification-\Data_External_IQOTHNCCD\Malignant cases\Malignant case (482).jpg,malignant,malignant,0.9853748828172684,0.935353308916092,0.2395661079713929,0.06881784,True,True
VGG16,external,Malignant case (483).jpg,C:\Users\shrey\Downloads\MIP_project_part2\Lung-Cancer-Classification-\Lung-Cancer-Classification-\Data_External_IQOTHNCCD\Malignant cases\Malignant case (483).jpg,malignant,normal,0.9902357459068298,0.8807881603715942,0.3653517012008782,0.03555222,False,False
VGG16,external,Malignant case (484).jpg,C:\Users\shrey\Downloads\MIP_project_part2\Lung-Cancer-Classification-\Lung-Cancer-Classification-\Data_External_IQOTHNCCD\Malignant cases\Malignant case (484).jpg,malignant,normal,0.993643283843994,0.9753052019514143,0.1157866906579519,0.0019837706,False,False
VGG16,external,Malignant case (485).jpg,C:\Users\shrey\Downloads\MIP_project_part2\Lung-Cancer-Classification-\Lung-Cancer-Classification-\Data_External_IQOTHNCCD\Malignant cases\Malignant case (485).jpg,malignant,normal,0.9968830943107604,0.9602586906403304,0.1671211685872111,0.005666298,False,False
VGG16,external,Malignant case (486).jpg,C:\Users\shrey\Downloads\MIP_project_part2\Lung-Cancer-Classification-\Lung-Cancer-Classification-\Data_External_IQOTHNCCD\Malignant cases\Malignant case (486).jpg,malignant,normal,0.997153639793396,0.991641621803865,0.0483138555513105,0.00018112648,False,False
VGG16,external,Malignant case (487).jpg,C:\Users\shrey\Downloads\MIP_project_part2\Lung-Cancer-Classification-\Lung-Cancer-Classification-\Data_External_IQOTHNCCD\Malignant cases\Malignant case (487).jpg,malignant,normal,0.999659776687622,0.9888717920985073,0.0611237455281064,0.001001023,False,False
VGG16,external,Malignant case (488).jpg,C:\Users\shrey\Downloads\MIP_project_part2\Lung-Cancer-Classification-\Lung-Cancer-Classification-\Data_External_IQOTHNCCD\Malignant cases\Malignant case (488).jpg,malignant,normal,0.9997360110282898,0.9981822456466035,0.0132863590550047,5.691371e-06,False,False
VGG16,external,Malignant case (489).jpg,C:\Users\shrey\Downloads\MIP_project_part2\Lung-Cancer-Classification-\Lung-Cancer-Classification-\Data_External_IQOTHNCCD\Malignant cases\Malignant case (489).jpg,malignant,normal,0.9997515082359314,0.9964259783737363,0.0237039445950236,4.4468186e-05,False,False
VGG16,external,Malignant case (49).jpg,C:\Users\shrey\Downloads\MIP_project_part2\Lung-Cancer-Classification-\Lung-Cancer-Classification-\Data_External_IQOTHNCCD\Malignant cases\Malignant case (49).jpg,malignant,normal,0.9078386425971984,0.8975117206573487,0.3305161881134799,0.025923265,False,False
VGG16,external,Malignant case (490).jpg,C:\Users\shrey\Downloads\MIP_project_part2\Lung-Cancer-Classification-\Lung-Cancer-Classification-\Data_External_IQOTHNCCD\Malignant cases\Malignant case (490).jpg,malignant,normal,0.9845601320266724,0.9547435189306271,0.1843039487401845,0.003846463,False,False
VGG16,external,Malignant case (491).jpg,C:\Users\shrey\Downloads\MIP_project_part2\Lung-Cancer-Classification-\Lung-Cancer-Classification-\Data_External_IQOTHNCCD\Malignant cases\Malignant case (491).jpg,malignant,normal,0.99738746881485,0.9936487344093621,0.0384627750847739,0.00010657703,False,False
VGG16,external,Malignant case (492).jpg,C:\Users\shrey\Downloads\MIP_project_part2\Lung-Cancer-Classification-\Lung-Cancer-Classification-\Data_External_IQOTHNCCD\Malignant cases\Malignant case (492).jpg,malignant,normal,0.9993947744369508,0.9958168793236837,0.0270839209631208,4.47229e-05,False,False
VGG16,external,Malignant case (493).jpg,C:\Users\shrey\Downloads\MIP_project_part2\Lung-Cancer-Classification-\Lung-Cancer-Classification-\Data_External_IQOTHNCCD\Malignant cases\Malignant case (493).jpg,malignant,normal,0.9913430213928224,0.9730012060608715,0.1241495557998543,0.00064892456,False,False
VGG16,external,Malignant case (494).jpg,C:\Users\shrey\Downloads\MIP_project_part2\Lung-Cancer-Classification-\Lung-Cancer-Classification-\Data_External_IQOTHNCCD\Malignant cases\Malignant case (494).jpg,malignant,malignant,0.5325024351477623,0.6543910279870033,0.644685967857662,0.038674746,True,True
VGG16,external,Malignant case (495).jpg,C:\Users\shrey\Downloads\MIP_project_part2\Lung-Cancer-Classification-\Lung-Cancer-Classification-\Data_External_IQOTHNCCD\Malignant cases\Malignant case (495).jpg,malignant,normal,0.6355023384094238,0.4842946492135525,0.6926537904885817,0.06823693,False,True
VGG16,external,Malignant case (496).jpg,C:\Users\shrey\Downloads\MIP_project_part2\Lung-Cancer-Classification-\Lung-Cancer-Classification-\Data_External_IQOTHNCCD\Malignant cases\Malignant case (496).jpg,malignant,normal,0.768775224685669,0.6253552120178938,0.6613815639946875,0.07577066,False,False
VGG16,external,Malignant case (497).jpg,C:\Users\shrey\Downloads\MIP_project_part2\Lung-Cancer-Classification-\Lung-Cancer-Classification-\Data_External_IQOTHNCCD\Malignant cases\Malignant case (497).jpg,malignant,normal,0.9592920541763306,0.8628240521065891,0.399803626695103,0.057033785,False,False
VGG16,external,Malignant case (498).jpg,C:\Users\shrey\Downloads\MIP_project_part2\Lung-Cancer-Classification-\Lung-Cancer-Classification-\Data_External_IQOTHNCCD\Malignant cases\Malignant case (498).jpg,malignant,normal,0.909002125263214,0.8602068775799125,0.4045877943228476,0.03300593,False,False
VGG16,external,Malignant case (499).jpg,C:\Users\shrey\Downloads\MIP_project_part2\Lung-Cancer-Classification-\Lung-Cancer-Classification-\Data_External_IQOTHNCCD\Malignant cases\Malignant case (499).jpg,malignant,malignant,0.552733764052391,0.5982006043195724,0.6737345209996632,0.067379706,True,True
VGG16,external,Malignant case (5).jpg,C:\Users\shrey\Downloads\MIP_project_part2\Lung-Cancer-Classification-\Lung-Cancer-Classification-\Data_External_IQOTHNCCD\Malignant cases\Malignant case (5).jpg,malignant,normal,0.9253398180007936,0.8809392247349024,0.3650494474228128,0.013565634,False,False
VGG16,external,Malignant case (50).jpg,C:\Users\shrey\Downloads\MIP_project_part2\Lung-Cancer-Classification-\Lung-Cancer-Classification-\Data_External_IQOTHNCCD\Malignant cases\Malignant case (50).jpg,malignant,normal,0.8824760317802429,0.8408892471343279,0.4381923847697667,0.022955354,False,False
VGG16,external,Malignant case (500).jpg,C:\Users\shrey\Downloads\MIP_project_part2\Lung-Cancer-Classification-\Lung-Cancer-Classification-\Data_External_IQOTHNCCD\Malignant cases\Malignant case (500).jpg,malignant,malignant,0.6305306851863861,0.7235189974308014,0.5895989675657336,0.07474984,True,True
VGG16,external,Malignant case (501).jpg,C:\Users\shrey\Downloads\MIP_project_part2\Lung-Cancer-Classification-\Lung-Cancer-Classification-\Data_External_IQOTHNCCD\Malignant cases\Malignant case (501).jpg,malignant,malignant,0.7104051113128662,0.7146958708763123,0.5978933687740495,0.06576209,True,True
VGG16,external,Malignant case (502).jpg,C:\Users\shrey\Downloads\MIP_project_part2\Lung-Cancer-Classification-\Lung-Cancer-Classification-\Data_External_IQOTHNCCD\Malignant cases\Malignant case (502).jpg,malignant,malignant,0.7275131344795227,0.7428657561540604,0.5700380380368582,0.05722636,True,True
VGG16,external,Malignant case (503).jpg,C:\Users\shrey\Downloads\MIP_project_part2\Lung-Cancer-Classification-\Lung-Cancer-Classification-\Data_External_IQOTHNCCD\Malignant cases\Malignant case (503).jpg,malignant,malignant,0.6918526738882065,0.7886300683021545,0.5157660890363709,0.039176825,True,True
VGG16,external,Malignant case (504).jpg,C:\Users\shrey\Downloads\MIP_project_part2\Lung-Cancer-Classification-\Lung-Cancer-Classification-\Data_External_IQOTHNCCD\Malignant cases\Malignant case (504).jpg,malignant,normal,0.7318769097328186,0.547052875161171,0.68871265786746,0.040987656,False,False
VGG16,external,Malignant case (505).jpg,C:\Users\shrey\Downloads\MIP_project_part2\Lung-Cancer-Classification-\Lung-Cancer-Classification-\Data_External_IQOTHNCCD\Malignant cases\Malignant case (505).jpg,malignant,normal,0.8571808338165283,0.8114060908555984,0.4841776949225941,0.039467342,False,False
VGG16,external,Malignant case (506).jpg,C:\Users\shrey\Downloads\MIP_project_part2\Lung-Cancer-Classification-\Lung-Cancer-Classification-\Data_External_IQOTHNCCD\Malignant cases\Malignant case (506).jpg,malignant,normal,0.8435004949569702,0.7289957031607628,0.5842552358500661,0.032592103,False,False
VGG16,external,Malignant case (507).jpg,C:\Users\shrey\Downloads\MIP_project_part2\Lung-Cancer-Classification-\Lung-Cancer-Classification-\Data_External_IQOTHNCCD\Malignant cases\Malignant case (507).jpg,malignant,malignant,0.5893072970211506,0.5848760940134525,0.6786692750407629,0.039904214,True,True
VGG16,external,Malignant case (508).jpg,C:\Users\shrey\Downloads\MIP_project_part2\Lung-Cancer-Classification-\Lung-Cancer-Classification-\Data_External_IQOTHNCCD\Malignant cases\Malignant case (508).jpg,malignant,malignant,0.5352105307392776,0.6662084446288645,0.6368313111519409,0.076920986,True,True
VGG16,external,Malignant case (509).jpg,C:\Users\shrey\Downloads\MIP_project_part2\Lung-Cancer-Classification-\Lung-Cancer-Classification-\Data_External_IQOTHNCCD\Malignant cases\Malignant case (509).jpg,malignant,normal,0.9895977973937988,0.9026857288554311,0.3191413448794049,0.01841798,False,False
VGG16,external,Malignant case (51).jpg,C:\Users\shrey\Downloads\MIP_project_part2\Lung-Cancer-Classification-\Lung-Cancer-Classification-\Data_External_IQOTHNCCD\Malignant cases\Malignant case (51).jpg,malignant,normal,0.5896483659744263,0.4635278098285198,0.69048438436484,0.053260446,False,True
VGG16,external,Malignant case (510).jpg,C:\Users\shrey\Downloads\MIP_project_part2\Lung-Cancer-Classification-\Lung-Cancer-Classification-\Data_External_IQOTHNCCD\Malignant cases\Malignant case (510).jpg,malignant,normal,0.8785384893417358,0.8036109646782279,0.4953556649470443,0.0454657,False,False
VGG16,external,Malignant case (511).jpg,C:\Users\shrey\Downloads\MIP_project_part2\Lung-Cancer-Classification-\Lung-Cancer-Classification-\Data_External_IQOTHNCCD\Malignant cases\Malignant case (511).jpg,malignant,normal,0.7402680516242981,0.7237842381000519,0.5893436543889087,0.046429597,False,False
VGG16,external,Malignant case (512).jpg,C:\Users\shrey\Downloads\MIP_project_part2\Lung-Cancer-Classification-\Lung-Cancer-Classification-\Data_External_IQOTHNCCD\Malignant cases\Malignant case (512).jpg,malignant,malignant,0.903725421987474,0.8626152500510216,0.4001875316883305,0.07624126,True,True
VGG16,external,Malignant case (513).jpg,C:\Users\shrey\Downloads\MIP_project_part2\Lung-Cancer-Classification-\Lung-Cancer-Classification-\Data_External_IQOTHNCCD\Malignant cases\Malignant case (513).jpg,malignant,malignant,0.8851098380982876,0.8849236303940415,0.3569988089026313,0.08689678,True,True
VGG16,external,Malignant case (514).jpg,C:\Users\shrey\Downloads\MIP_project_part2\Lung-Cancer-Classification-\Lung-Cancer-Classification-\Data_External_IQOTHNCCD\Malignant cases\Malignant case (514).jpg,malignant,malignant,0.760408679023385,0.6402671076357365,0.6532643572048871,0.060515564,True,True
VGG16,external,Malignant case (515).jpg,C:\Users\shrey\Downloads\MIP_project_part2\Lung-Cancer-Classification-\Lung-Cancer-Classification-\Data_External_IQOTHNCCD\Malignant cases\Malignant case (515).jpg,malignant,malignant,0.6076259817928076,0.6817199550569057,0.6255662081289036,0.059559043,True,True
VGG16,external,Malignant case (516).jpg,C:\Users\shrey\Downloads\MIP_project_part2\Lung-Cancer-Classification-\Lung-Cancer-Classification-\Data_External_IQOTHNCCD\Malignant cases\Malignant case (516).jpg,malignant,malignant,0.7155884653329849,0.7562464475631714,0.5553680737510347,0.024350494,True,True
VGG16,external,Malignant case (517).jpg,C:\Users\shrey\Downloads\MIP_project_part2\Lung-Cancer-Classification-\Lung-Cancer-Classification-\Data_External_IQOTHNCCD\Malignant cases\Malignant case (517).jpg,malignant,malignant,0.6484051868319511,0.705170027911663,0.6064198945847488,0.063568145,True,True
VGG16,external,Malignant case (518).jpg,C:\Users\shrey\Downloads\MIP_project_part2\Lung-Cancer-Classification-\Lung-Cancer-Classification-\Data_External_IQOTHNCCD\Malignant cases\Malignant case (518).jpg,malignant,malignant,0.5363862868398428,0.5407275818288326,0.6898260246177264,0.0896883,True,True
VGG16,external,Malignant case (519).jpg,C:\Users\shrey\Downloads\MIP_project_part2\Lung-Cancer-Classification-\Lung-Cancer-Classification-\Data_External_IQOTHNCCD\Malignant cases\Malignant case (519).jpg,malignant,normal,0.7450002431869507,0.5957942083477974,0.6746801347313716,0.052654035,False,False
VGG16,external,Malignant case (52).jpg,C:\Users\shrey\Downloads\MIP_project_part2\Lung-Cancer-Classification-\Lung-Cancer-Classification-\Data_External_IQOTHNCCD\Malignant cases\Malignant case (52).jpg,malignant,normal,0.9440260529518129,0.9075751465279609,0.3081123991667872,0.012155958,False,False
VGG16,external,Malignant case (520).jpg,C:\Users\shrey\Downloads\MIP_project_part2\Lung-Cancer-Classification-\Lung-Cancer-Classification-\Data_External_IQOTHNCCD\Malignant cases\Malignant case (520).jpg,malignant,normal,0.7986637353897095,0.6034650057554245,0.6715817128282103,0.14548393,False,False
VGG16,external,Malignant case (521).jpg,C:\Users\shrey\Downloads\MIP_project_part2\Lung-Cancer-Classification-\Lung-Cancer-Classification-\Data_External_IQOTHNCCD\Malignant cases\Malignant case (521).jpg,malignant,normal,0.9104520082473756,0.7222722005099058,0.5907945141245424,0.058315292,False,False
VGG16,external,Malignant case (522).jpg,C:\Users\shrey\Downloads\MIP_project_part2\Lung-Cancer-Classification-\Lung-Cancer-Classification-\Data_External_IQOTHNCCD\Malignant cases\Malignant case (522).jpg,malignant,normal,0.9746736884117126,0.8522706851363182,0.4187500193323236,0.029397877,False,False
VGG16,external,Malignant case (523).jpg,C:\Users\shrey\Downloads\MIP_project_part2\Lung-Cancer-Classification-\Lung-Cancer-Classification-\Data_External_IQOTHNCCD\Malignant cases\Malignant case (523).jpg,malignant,normal,0.609502375125885,0.5666806548833847,0.6842280057571862,0.05002827,False,False
VGG16,external,Malignant case (524).jpg,C:\Users\shrey\Downloads\MIP_project_part2\Lung-Cancer-Classification-\Lung-Cancer-Classification-\Data_External_IQOTHNCCD\Malignant cases\Malignant case (524).jpg,malignant,malignant,0.7454947382211685,0.7577238120138645,0.5536894606103135,0.045428015,True,True
VGG16,external,Malignant case (525).jpg,C:\Users\shrey\Downloads\MIP_project_part2\Lung-Cancer-Classification-\Lung-Cancer-Classification-\Data_External_IQOTHNCCD\Malignant cases\Malignant case (525).jpg,malignant,malignant,0.6695536002516747,0.6720214039087296,0.6327378560077963,0.04727959,True,True
VGG16,external,Malignant case (526).jpg,C:\Users\shrey\Downloads\MIP_project_part2\Lung-Cancer-Classification-\Lung-Cancer-Classification-\Data_External_IQOTHNCCD\Malignant cases\Malignant case (526).jpg,malignant,normal,0.6300216317176819,0.5413770079612732,0.6897191480525996,0.066704765,False,False
VGG16,external,Malignant case (527).jpg,C:\Users\shrey\Downloads\MIP_project_part2\Lung-Cancer-Classification-\Lung-Cancer-Classification-\Data_External_IQOTHNCCD\Malignant cases\Malignant case (527).jpg,malignant,malignant,0.9959499556571244,0.9896113760769368,0.0577797893941013,0.072929025,True,True
VGG16,external,Malignant case (528).jpg,C:\Users\shrey\Downloads\MIP_project_part2\Lung-Cancer-Classification-\Lung-Cancer-Classification-\Data_External_IQOTHNCCD\Malignant cases\Malignant case (528).jpg,malignant,malignant,0.5266220569610596,0.5816177800297737,0.6797644528577115,0.06592045,True,True
VGG16,external,Malignant case (529).jpg,C:\Users\shrey\Downloads\MIP_project_part2\Lung-Cancer-Classification-\Lung-Cancer-Classification-\Data_External_IQOTHNCCD\Malignant cases\Malignant case (529).jpg,malignant,malignant,0.961617473512888,0.9221289902925492,0.2735385243101185,0.08009489,True,True
VGG16,external,Malignant case (53).jpg,C:\Users\shrey\Downloads\MIP_project_part2\Lung-Cancer-Classification-\Lung-Cancer-Classification-\Data_External_IQOTHNCCD\Malignant cases\Malignant case (53).jpg,malignant,normal,0.9202338457107544,0.8246523085981607,0.4642651943620056,0.047780916,False,False
VGG16,external,Malignant case (530).jpg,C:\Users\shrey\Downloads\MIP_project_part2\Lung-Cancer-Classification-\Lung-Cancer-Classification-\Data_External_IQOTHNCCD\Malignant cases\Malignant case (530).jpg,malignant,malignant,0.892829492688179,0.8528675734996796,0.4177025875438372,0.06669894,True,True
VGG16,external,Malignant case (531).jpg,C:\Users\shrey\Downloads\MIP_project_part2\Lung-Cancer-Classification-\Lung-Cancer-Classification-\Data_External_IQOTHNCCD\Malignant cases\Malignant case (531).jpg,malignant,malignant,0.7937160469591618,0.8080271724611521,0.4890709599211591,0.0836263,True,True
VGG16,external,Malignant case (532).jpg,C:\Users\shrey\Downloads\MIP_project_part2\Lung-Cancer-Classification-\Lung-Cancer-Classification-\Data_External_IQOTHNCCD\Malignant cases\Malignant case (532).jpg,malignant,malignant,0.7181891836225986,0.6951493993401527,0.6149183578877799,0.050480716,True,True
VGG16,external,Malignant case (533).jpg,C:\Users\shrey\Downloads\MIP_project_part2\Lung-Cancer-Classification-\Lung-Cancer-Classification-\Data_External_IQOTHNCCD\Malignant cases\Malignant case (533).jpg,malignant,normal,0.9165729880332948,0.8021436370909214,0.4974163157883816,0.03871794,False,False
VGG16,external,Malignant case (534).jpg,C:\Users\shrey\Downloads\MIP_project_part2\Lung-Cancer-Classification-\Lung-Cancer-Classification-\Data_External_IQOTHNCCD\Malignant cases\Malignant case (534).jpg,malignant,normal,0.7474667429924011,0.6526432130485773,0.645794984627742,0.06291752,False,False
VGG16,external,Malignant case (535).jpg,C:\Users\shrey\Downloads\MIP_project_part2\Lung-Cancer-Classification-\Lung-Cancer-Classification-\Data_External_IQOTHNCCD\Malignant cases\Malignant case (535).jpg,malignant,normal,0.6427165865898132,0.42669209418818355,0.6823602440748979,0.05813437,False,True
VGG16,external,Malignant case (536).jpg,C:\Users\shrey\Downloads\MIP_project_part2\Lung-Cancer-Classification-\Lung-Cancer-Classification-\Data_External_IQOTHNCCD\Malignant cases\Malignant case (536).jpg,malignant,malignant,0.5251625590026379,0.5965674710460007,0.6743789127756254,0.07363055,True,True
VGG16,external,Malignant case (537).jpg,C:\Users\shrey\Downloads\MIP_project_part2\Lung-Cancer-Classification-\Lung-Cancer-Classification-\Data_External_IQOTHNCCD\Malignant cases\Malignant case (537).jpg,malignant,normal,0.6576235890388489,0.5718591567128897,0.6827838437853662,0.051028613,False,False
VGG16,external,Malignant case (538).jpg,C:\Users\shrey\Downloads\MIP_project_part2\Lung-Cancer-Classification-\Lung-Cancer-Classification-\Data_External_IQOTHNCCD\Malignant cases\Malignant case (538).jpg,malignant,malignant,0.9592766910791396,0.9263684451580048,0.262932866234969,0.07367318,True,True
VGG16,external,Malignant case (539).jpg,C:\Users\shrey\Downloads\MIP_project_part2\Lung-Cancer-Classification-\Lung-Cancer-Classification-\Data_External_IQOTHNCCD\Malignant cases\Malignant case (539).jpg,malignant,malignant,0.8805724009871483,0.7342719361186028,0.5789634136864154,0.08822533,True,True
VGG16,external,Malignant case (54).jpg,C:\Users\shrey\Downloads\MIP_project_part2\Lung-Cancer-Classification-\Lung-Cancer-Classification-\Data_External_IQOTHNCCD\Malignant cases\Malignant case (54).jpg,malignant,normal,0.950125217437744,0.827483557164669,0.4598539708539426,0.061250452,False,False
VGG16,external,Malignant case (540).jpg,C:\Users\shrey\Downloads\MIP_project_part2\Lung-Cancer-Classification-\Lung-Cancer-Classification-\Data_External_IQOTHNCCD\Malignant cases\Malignant case (540).jpg,malignant,malignant,0.5094552710652351,0.5453456863760948,0.6890290635114272,0.0567685,True,True
VGG16,external,Malignant case (541).jpg,C:\Users\shrey\Downloads\MIP_project_part2\Lung-Cancer-Classification-\Lung-Cancer-Classification-\Data_External_IQOTHNCCD\Malignant cases\Malignant case (541).jpg,malignant,malignant,0.5924379527568817,0.574345588684082,0.6820515486455985,0.07806984,True,True
VGG16,external,Malignant case (542).jpg,C:\Users\shrey\Downloads\MIP_project_part2\Lung-Cancer-Classification-\Lung-Cancer-Classification-\Data_External_IQOTHNCCD\Malignant cases\Malignant case (542).jpg,malignant,malignant,0.9256358966231346,0.8930870592594147,0.3400120462623205,0.0730487,True,True
VGG16,external,Malignant case (543).jpg,C:\Users\shrey\Downloads\MIP_project_part2\Lung-Cancer-Classification-\Lung-Cancer-Classification-\Data_External_IQOTHNCCD\Malignant cases\Malignant case (543).jpg,malignant,malignant,0.7900901380926371,0.7696023946627975,0.539756350299564,0.10671287,True,True
VGG16,external,Malignant case (544).jpg,C:\Users\shrey\Downloads\MIP_project_part2\Lung-Cancer-Classification-\Lung-Cancer-Classification-\Data_External_IQOTHNCCD\Malignant cases\Malignant case (544).jpg,malignant,normal,0.5905138850212097,0.485548235476017,0.6927294257216262,0.14221884,False,True
VGG16,external,Malignant case (545).jpg,C:\Users\shrey\Downloads\MIP_project_part2\Lung-Cancer-Classification-\Lung-Cancer-Classification-\Data_External_IQOTHNCCD\Malignant cases\Malignant case (545).jpg,malignant,malignant,0.6463739946484566,0.7251351773738861,0.5880376818137947,0.057012644,True,True
VGG16,external,Malignant case (546).jpg,C:\Users\shrey\Downloads\MIP_project_part2\Lung-Cancer-Classification-\Lung-Cancer-Classification-\Data_External_IQOTHNCCD\Malignant cases\Malignant case (546).jpg,malignant,malignant,0.7240230143070221,0.6166609972715378,0.6656750958935242,0.11149617,True,True
VGG16,external,Malignant case (547).jpg,C:\Users\shrey\Downloads\MIP_project_part2\Lung-Cancer-Classification-\Lung-Cancer-Classification-\Data_External_IQOTHNCCD\Malignant cases\Malignant case (547).jpg,malignant,malignant,0.6835435181856155,0.568383663892746,0.6837651518523011,0.08106236,True,True
VGG16,external,Malignant case (548).jpg,C:\Users\shrey\Downloads\MIP_project_part2\Lung-Cancer-Classification-\Lung-Cancer-Classification-\Data_External_IQOTHNCCD\Malignant cases\Malignant case (548).jpg,malignant,malignant,0.8135270196944475,0.8052699603140354,0.4930093311476379,0.08998336,True,True
VGG16,external,Malignant case (549).jpg,C:\Users\shrey\Downloads\MIP_project_part2\Lung-Cancer-Classification-\Lung-Cancer-Classification-\Data_External_IQOTHNCCD\Malignant cases\Malignant case (549).jpg,malignant,malignant,0.9539599707350136,0.8596553280949593,0.4055886068832462,0.06295533,True,True
VGG16,external,Malignant case (55).jpg,C:\Users\shrey\Downloads\MIP_project_part2\Lung-Cancer-Classification-\Lung-Cancer-Classification-\Data_External_IQOTHNCCD\Malignant cases\Malignant case (55).jpg,malignant,normal,0.8915643095970154,0.7419968014582992,0.5709578883666532,0.1038428,False,False
VGG16,external,Malignant case (550).jpg,C:\Users\shrey\Downloads\MIP_project_part2\Lung-Cancer-Classification-\Lung-Cancer-Classification-\Data_External_IQOTHNCCD\Malignant cases\Malignant case (550).jpg,malignant,malignant,0.9685685373842716,0.9108388428576292,0.3005926869053128,0.11016435,True,True
VGG16,external,Malignant case (551).jpg,C:\Users\shrey\Downloads\MIP_project_part2\Lung-Cancer-Classification-\Lung-Cancer-Classification-\Data_External_IQOTHNCCD\Malignant cases\Malignant case (551).jpg,malignant,malignant,0.7300977110862732,0.6834544315934181,0.6242381331229289,0.0678639,True,True
VGG16,external,Malignant case (552).jpg,C:\Users\shrey\Downloads\MIP_project_part2\Lung-Cancer-Classification-\Lung-Cancer-Classification-\Data_External_IQOTHNCCD\Malignant cases\Malignant case (552).jpg,malignant,malignant,0.9661179110407828,0.9360476210713388,0.2377069412456759,0.07674661,True,True
VGG16,external,Malignant case (553).jpg,C:\Users\shrey\Downloads\MIP_project_part2\Lung-Cancer-Classification-\Lung-Cancer-Classification-\Data_External_IQOTHNCCD\Malignant cases\Malignant case (553).jpg,malignant,normal,0.6433700919151306,0.5998197868466377,0.6730847022779435,0.07207098,False,False
VGG16,external,Malignant case (554).jpg,C:\Users\shrey\Downloads\MIP_project_part2\Lung-Cancer-Classification-\Lung-Cancer-Classification-\Data_External_IQOTHNCCD\Malignant cases\Malignant case (554).jpg,malignant,normal,0.7841522097587585,0.6184597089886665,0.6648131447771541,0.08456089,False,False
VGG16,external,Malignant case (555).jpg,C:\Users\shrey\Downloads\MIP_project_part2\Lung-Cancer-Classification-\Lung-Cancer-Classification-\Data_External_IQOTHNCCD\Malignant cases\Malignant case (555).jpg,malignant,normal,0.6872441172599792,0.4374677315354347,0.6853061020821367,0.088885315,False,True
VGG16,external,Malignant case (556).jpg,C:\Users\shrey\Downloads\MIP_project_part2\Lung-Cancer-Classification-\Lung-Cancer-Classification-\Data_External_IQOTHNCCD\Malignant cases\Malignant case (556).jpg,malignant,normal,0.6602732539176941,0.43402933049947023,0.6844174931012759,0.06816958,False,True
VGG16,external,Malignant case (557).jpg,C:\Users\shrey\Downloads\MIP_project_part2\Lung-Cancer-Classification-\Lung-Cancer-Classification-\Data_External_IQOTHNCCD\Malignant cases\Malignant case (557).jpg,malignant,normal,0.561406135559082,0.3665854260325432,0.6571133455432243,0.08055895,False,True
VGG16,external,Malignant case (558).jpg,C:\Users\shrey\Downloads\MIP_project_part2\Lung-Cancer-Classification-\Lung-Cancer-Classification-\Data_External_IQOTHNCCD\Malignant cases\Malignant case (558).jpg,malignant,malignant,0.778677768073976,0.7079184777103364,0.6040049407114932,0.060104538,True,True
VGG16,external,Malignant case (559).jpg,C:\Users\shrey\Downloads\MIP_project_part2\Lung-Cancer-Classification-\Lung-Cancer-Classification-\Data_External_IQOTHNCCD\Malignant cases\Malignant case (559).jpg,malignant,normal,0.63787841796875,0.46226466447114944,0.6902965614536435,0.12180181,False,True
VGG16,external,Malignant case (56).jpg,C:\Users\shrey\Downloads\MIP_project_part2\Lung-Cancer-Classification-\Lung-Cancer-Classification-\Data_External_IQOTHNCCD\Malignant cases\Malignant case (56).jpg,malignant,normal,0.8916667103767395,0.7692493833601475,0.5401817332533573,0.050173007,False,False
VGG16,external,Malignant case (560).jpg,C:\Users\shrey\Downloads\MIP_project_part2\Lung-Cancer-Classification-\Lung-Cancer-Classification-\Data_External_IQOTHNCCD\Malignant cases\Malignant case (560).jpg,malignant,normal,0.7632685899734497,0.613830216228962,0.6670038873929518,0.048605617,False,False
VGG16,external,Malignant case (561).jpg,C:\Users\shrey\Downloads\MIP_project_part2\Lung-Cancer-Classification-\Lung-Cancer-Classification-\Data_External_IQOTHNCCD\Malignant cases\Malignant case (561).jpg,malignant,malignant,0.7530852928757668,0.787394568324089,0.5173882760246757,0.040985327,True,True
VGG16,external,Malignant case (57).jpg,C:\Users\shrey\Downloads\MIP_project_part2\Lung-Cancer-Classification-\Lung-Cancer-Classification-\Data_External_IQOTHNCCD\Malignant cases\Malignant case (57).jpg,malignant,normal,0.917197048664093,0.8613557517528534,0.4024947232699108,0.026503814,False,False
VGG16,external,Malignant case (58).jpg,C:\Users\shrey\Downloads\MIP_project_part2\Lung-Cancer-Classification-\Lung-Cancer-Classification-\Data_External_IQOTHNCCD\Malignant cases\Malignant case (58).jpg,malignant,normal,0.7228232622146606,0.5049369651824236,0.6930984425429991,0.074886054,False,False
VGG16,external,Malignant case (59).jpg,C:\Users\shrey\Downloads\MIP_project_part2\Lung-Cancer-Classification-\Lung-Cancer-Classification-\Data_External_IQOTHNCCD\Malignant cases\Malignant case (59).jpg,malignant,normal,0.9229910373687744,0.7943550324998796,0.5081291202677104,0.03257092,False,False
VGG16,external,Malignant case (6).jpg,C:\Users\shrey\Downloads\MIP_project_part2\Lung-Cancer-Classification-\Lung-Cancer-Classification-\Data_External_IQOTHNCCD\Malignant cases\Malignant case (6).jpg,malignant,normal,0.8853194713592529,0.6805509347468615,0.626453481979564,0.08833392,False,False
VGG16,external,Malignant case (60).jpg,C:\Users\shrey\Downloads\MIP_project_part2\Lung-Cancer-Classification-\Lung-Cancer-Classification-\Data_External_IQOTHNCCD\Malignant cases\Malignant case (60).jpg,malignant,normal,0.9001334309577942,0.6408575354143977,0.6529232130789842,0.11252216,False,False
VGG16,external,Malignant case (61).jpg,C:\Users\shrey\Downloads\MIP_project_part2\Lung-Cancer-Classification-\Lung-Cancer-Classification-\Data_External_IQOTHNCCD\Malignant cases\Malignant case (61).jpg,malignant,normal,0.8456940650939941,0.7875817492604256,0.5171431479960386,0.055676803,False,False
VGG16,external,Malignant case (62).jpg,C:\Users\shrey\Downloads\MIP_project_part2\Lung-Cancer-Classification-\Lung-Cancer-Classification-\Data_External_IQOTHNCCD\Malignant cases\Malignant case (62).jpg,malignant,normal,0.8542028665542603,0.7569909654557705,0.5545236284551829,0.05691777,False,False
VGG16,external,Malignant case (63).jpg,C:\Users\shrey\Downloads\MIP_project_part2\Lung-Cancer-Classification-\Lung-Cancer-Classification-\Data_External_IQOTHNCCD\Malignant cases\Malignant case (63).jpg,malignant,normal,0.9300854206085204,0.782837500795722,0.5232930472870598,0.08348827,False,False
VGG16,external,Malignant case (64).jpg,C:\Users\shrey\Downloads\MIP_project_part2\Lung-Cancer-Classification-\Lung-Cancer-Classification-\Data_External_IQOTHNCCD\Malignant cases\Malignant case (64).jpg,malignant,normal,0.9433988332748412,0.7306622993201017,0.5825989979084839,0.07063263,False,False
VGG16,external,Malignant case (65).jpg,C:\Users\shrey\Downloads\MIP_project_part2\Lung-Cancer-Classification-\Lung-Cancer-Classification-\Data_External_IQOTHNCCD\Malignant cases\Malignant case (65).jpg,malignant,normal,0.9253398180007936,0.842280998826027,0.4358680441917859,0.045770433,False,False
VGG16,external,Malignant case (66).jpg,C:\Users\shrey\Downloads\MIP_project_part2\Lung-Cancer-Classification-\Lung-Cancer-Classification-\Data_External_IQOTHNCCD\Malignant cases\Malignant case (66).jpg,malignant,normal,0.9123069643974304,0.8211918789893389,0.469581388955065,0.04590898,False,False
VGG16,external,Malignant case (67).jpg,C:\Users\shrey\Downloads\MIP_project_part2\Lung-Cancer-Classification-\Lung-Cancer-Classification-\Data_External_IQOTHNCCD\Malignant cases\Malignant case (67).jpg,malignant,normal,0.8803091645240784,0.8176858257502317,0.4748845320011898,0.055334587,False,False
VGG16,external,Malignant case (68).jpg,C:\Users\shrey\Downloads\MIP_project_part2\Lung-Cancer-Classification-\Lung-Cancer-Classification-\Data_External_IQOTHNCCD\Malignant cases\Malignant case (68).jpg,malignant,normal,0.8853194713592529,0.6983780600130558,0.6122322562923348,0.05364373,False,False
VGG16,external,Malignant case (69).jpg,C:\Users\shrey\Downloads\MIP_project_part2\Lung-Cancer-Classification-\Lung-Cancer-Classification-\Data_External_IQOTHNCCD\Malignant cases\Malignant case (69).jpg,malignant,normal,0.9257963299751282,0.8846228802576662,0.3576118468945466,0.011969943,False,False
VGG16,external,Malignant case (7).jpg,C:\Users\shrey\Downloads\MIP_project_part2\Lung-Cancer-Classification-\Lung-Cancer-Classification-\Data_External_IQOTHNCCD\Malignant cases\Malignant case (7).jpg,malignant,normal,0.9500221014022828,0.8146310839802027,0.4794377122468037,0.05923251,False,False
VGG16,external,Malignant case (70).jpg,C:\Users\shrey\Downloads\MIP_project_part2\Lung-Cancer-Classification-\Lung-Cancer-Classification-\Data_External_IQOTHNCCD\Malignant cases\Malignant case (70).jpg,malignant,normal,0.9384694695472716,0.8499920796602964,0.4227228620655873,0.070625275,False,False
VGG16,external,Malignant case (71).jpg,C:\Users\shrey\Downloads\MIP_project_part2\Lung-Cancer-Classification-\Lung-Cancer-Classification-\Data_External_IQOTHNCCD\Malignant cases\Malignant case (71).jpg,malignant,normal,0.9500221014022828,0.7544070370495319,0.5574415146009468,0.09035087,False,False
VGG16,external,Malignant case (72).jpg,C:\Users\shrey\Downloads\MIP_project_part2\Lung-Cancer-Classification-\Lung-Cancer-Classification-\Data_External_IQOTHNCCD\Malignant cases\Malignant case (72).jpg,malignant,normal,0.9597559571266174,0.787189532071352,0.5176566395466317,0.0775851,False,False
VGG16,external,Malignant case (73).jpg,C:\Users\shrey\Downloads\MIP_project_part2\Lung-Cancer-Classification-\Lung-Cancer-Classification-\Data_External_IQOTHNCCD\Malignant cases\Malignant case (73).jpg,malignant,normal,0.96904456615448,0.8665266912430525,0.3929363616467857,0.030165847,False,False
VGG16,external,Malignant case (74).jpg,C:\Users\shrey\Downloads\MIP_project_part2\Lung-Cancer-Classification-\Lung-Cancer-Classification-\Data_External_IQOTHNCCD\Malignant cases\Malignant case (74).jpg,malignant,normal,0.96370667219162,0.8503843117505312,0.4220418447321384,0.06660017,False,False
VGG16,external,Malignant case (75).jpg,C:\Users\shrey\Downloads\MIP_project_part2\Lung-Cancer-Classification-\Lung-Cancer-Classification-\Data_External_IQOTHNCCD\Malignant cases\Malignant case (75).jpg,malignant,normal,0.9477072358131408,0.8904436901211739,0.3455866957265082,0.022436513,False,False
VGG16,external,Malignant case (76).jpg,C:\Users\shrey\Downloads\MIP_project_part2\Lung-Cancer-Classification-\Lung-Cancer-Classification-\Data_External_IQOTHNCCD\Malignant cases\Malignant case (76).jpg,malignant,normal,0.9593200087547302,0.8971194634214044,0.3313663974682275,0.02094538,False,False
VGG16,external,Malignant case (77).jpg,C:\Users\shrey\Downloads\MIP_project_part2\Lung-Cancer-Classification-\Lung-Cancer-Classification-\Data_External_IQOTHNCCD\Malignant cases\Malignant case (77).jpg,malignant,normal,0.961511254310608,0.9151050867512823,0.2905646005151871,0.013957261,False,False
VGG16,external,Malignant case (78).jpg,C:\Users\shrey\Downloads\MIP_project_part2\Lung-Cancer-Classification-\Lung-Cancer-Classification-\Data_External_IQOTHNCCD\Malignant cases\Malignant case (78).jpg,malignant,normal,0.9632140398025512,0.8637037919834257,0.3981826374291695,0.0386429,False,False
VGG16,external,Malignant case (79).jpg,C:\Users\shrey\Downloads\MIP_project_part2\Lung-Cancer-Classification-\Lung-Cancer-Classification-\Data_External_IQOTHNCCD\Malignant cases\Malignant case (79).jpg,malignant,malignant,0.9922576248645782,0.9891904555261136,0.0596891602980486,0.07978721,True,True
VGG16,external,Malignant case (8).jpg,C:\Users\shrey\Downloads\MIP_project_part2\Lung-Cancer-Classification-\Lung-Cancer-Classification-\Data_External_IQOTHNCCD\Malignant cases\Malignant case (8).jpg,malignant,normal,0.8889273405075073,0.8181367684155703,0.4742069350475971,0.012827521,False,False
VGG16,external,Malignant case (80).jpg,C:\Users\shrey\Downloads\MIP_project_part2\Lung-Cancer-Classification-\Lung-Cancer-Classification-\Data_External_IQOTHNCCD\Malignant cases\Malignant case (80).jpg,malignant,malignant,0.9364155605435373,0.9175176694989204,0.2847905566847719,0.10524261,True,True
VGG16,external,Malignant case (81).jpg,C:\Users\shrey\Downloads\MIP_project_part2\Lung-Cancer-Classification-\Lung-Cancer-Classification-\Data_External_IQOTHNCCD\Malignant cases\Malignant case (81).jpg,malignant,malignant,0.8004900738596916,0.7859684899449348,0.5192493679761909,0.07533779,True,True
VGG16,external,Malignant case (82).jpg,C:\Users\shrey\Downloads\MIP_project_part2\Lung-Cancer-Classification-\Lung-Cancer-Classification-\Data_External_IQOTHNCCD\Malignant cases\Malignant case (82).jpg,malignant,malignant,0.867304190993309,0.90952717512846,0.3036304254280006,0.06354729,True,True
VGG16,external,Malignant case (83).jpg,C:\Users\shrey\Downloads\MIP_project_part2\Lung-Cancer-Classification-\Lung-Cancer-Classification-\Data_External_IQOTHNCCD\Malignant cases\Malignant case (83).jpg,malignant,malignant,0.7070253267884254,0.651129961013794,0.6467443381213023,0.03567969,True,True
VGG16,external,Malignant case (84).jpg,C:\Users\shrey\Downloads\MIP_project_part2\Lung-Cancer-Classification-\Lung-Cancer-Classification-\Data_External_IQOTHNCCD\Malignant cases\Malignant case (84).jpg,malignant,malignant,0.8121875263750553,0.737407986074686,0.5757506509974895,0.08984377,True,True
VGG16,external,Malignant case (85).jpg,C:\Users\shrey\Downloads\MIP_project_part2\Lung-Cancer-Classification-\Lung-Cancer-Classification-\Data_External_IQOTHNCCD\Malignant cases\Malignant case (85).jpg,malignant,malignant,0.7997527606785297,0.6969725266098976,0.6134076940478703,0.04489037,True,True
VGG16,external,Malignant case (86).jpg,C:\Users\shrey\Downloads\MIP_project_part2\Lung-Cancer-Classification-\Lung-Cancer-Classification-\Data_External_IQOTHNCCD\Malignant cases\Malignant case (86).jpg,malignant,malignant,0.9406106574460864,0.8238692814484239,0.4654753039736771,0.09218092,True,True
VGG16,external,Malignant case (87).jpg,C:\Users\shrey\Downloads\MIP_project_part2\Lung-Cancer-Classification-\Lung-Cancer-Classification-\Data_External_IQOTHNCCD\Malignant cases\Malignant case (87).jpg,malignant,malignant,0.8265522842702921,0.7351465774700046,0.5780724522587622,0.08332981,True,True
VGG16,external,Malignant case (88).jpg,C:\Users\shrey\Downloads\MIP_project_part2\Lung-Cancer-Classification-\Lung-Cancer-Classification-\Data_External_IQOTHNCCD\Malignant cases\Malignant case (88).jpg,malignant,normal,0.5499371886253357,0.4421997219324112,0.6864504879519224,0.07052435,False,True
VGG16,external,Malignant case (89).jpg,C:\Users\shrey\Downloads\MIP_project_part2\Lung-Cancer-Classification-\Lung-Cancer-Classification-\Data_External_IQOTHNCCD\Malignant cases\Malignant case (89).jpg,malignant,normal,0.519794225692749,0.45946741104125977,0.689857803993349,0.03376504,False,True
VGG16,external,Malignant case (9).jpg,C:\Users\shrey\Downloads\MIP_project_part2\Lung-Cancer-Classification-\Lung-Cancer-Classification-\Data_External_IQOTHNCCD\Malignant cases\Malignant case (9).jpg,malignant,normal,0.9947746396064758,0.990856072457973,0.0520296937694477,0.000113534414,False,False
VGG16,external,Malignant case (90).jpg,C:\Users\shrey\Downloads\MIP_project_part2\Lung-Cancer-Classification-\Lung-Cancer-Classification-\Data_External_IQOTHNCCD\Malignant cases\Malignant case (90).jpg,malignant,normal,0.5546186566352844,0.40765975415706635,0.6759954529042023,0.060513966,False,True
VGG16,external,Malignant case (91).jpg,C:\Users\shrey\Downloads\MIP_project_part2\Lung-Cancer-Classification-\Lung-Cancer-Classification-\Data_External_IQOTHNCCD\Malignant cases\Malignant case (91).jpg,malignant,normal,0.6033728122711182,0.4989372342824936,0.6931449170735469,0.0845096,False,True
VGG16,external,Malignant case (92).jpg,C:\Users\shrey\Downloads\MIP_project_part2\Lung-Cancer-Classification-\Lung-Cancer-Classification-\Data_External_IQOTHNCCD\Malignant cases\Malignant case (92).jpg,malignant,normal,0.6210030913352966,0.5613167434930801,0.6856087389308076,0.08034109,False,False
VGG16,external,Malignant case (93).jpg,C:\Users\shrey\Downloads\MIP_project_part2\Lung-Cancer-Classification-\Lung-Cancer-Classification-\Data_External_IQOTHNCCD\Malignant cases\Malignant case (93).jpg,malignant,malignant,0.559734120965004,0.719124361872673,0.5937784115439065,0.05388858,True,True
VGG16,external,Malignant case (94).jpg,C:\Users\shrey\Downloads\MIP_project_part2\Lung-Cancer-Classification-\Lung-Cancer-Classification-\Data_External_IQOTHNCCD\Malignant cases\Malignant case (94).jpg,malignant,malignant,0.5661544501781464,0.6467755287885666,0.6494198924465717,0.04536741,True,True
VGG16,external,Malignant case (95).jpg,C:\Users\shrey\Downloads\MIP_project_part2\Lung-Cancer-Classification-\Lung-Cancer-Classification-\Data_External_IQOTHNCCD\Malignant cases\Malignant case (95).jpg,malignant,normal,0.5049059987068176,0.23781944811344147,0.5485533959464909,0.09475562,False,True
VGG16,external,Malignant case (96).jpg,C:\Users\shrey\Downloads\MIP_project_part2\Lung-Cancer-Classification-\Lung-Cancer-Classification-\Data_External_IQOTHNCCD\Malignant cases\Malignant case (96).jpg,malignant,malignant,0.6940152123570442,0.7365999892354012,0.5765832664807261,0.07529769,True,True
VGG16,external,Malignant case (97).jpg,C:\Users\shrey\Downloads\MIP_project_part2\Lung-Cancer-Classification-\Lung-Cancer-Classification-\Data_External_IQOTHNCCD\Malignant cases\Malignant case (97).jpg,malignant,malignant,0.7423341050744057,0.7511244565248489,0.5610964277416234,0.07965894,True,True
VGG16,external,Malignant case (98).jpg,C:\Users\shrey\Downloads\MIP_project_part2\Lung-Cancer-Classification-\Lung-Cancer-Classification-\Data_External_IQOTHNCCD\Malignant cases\Malignant case (98).jpg,malignant,malignant,0.5656377449631691,0.5587338767945766,0.6862318894904271,0.05466347,True,True
VGG16,external,Malignant case (99).jpg,C:\Users\shrey\Downloads\MIP_project_part2\Lung-Cancer-Classification-\Lung-Cancer-Classification-\Data_External_IQOTHNCCD\Malignant cases\Malignant case (99).jpg,malignant,malignant,0.5836415514349937,0.6653938367962837,0.6373927901832127,0.0775593,True,True
VGG16,external,Normal case (1).jpg,C:\Users\shrey\Downloads\MIP_project_part2\Lung-Cancer-Classification-\Lung-Cancer-Classification-\Data_External_IQOTHNCCD\Normal cases\Normal case (1).jpg,normal,normal,0.9050567150115968,0.8723493851721287,0.3818960975116583,0.016303351,True,True
VGG16,external,Normal case (10).jpg,C:\Users\shrey\Downloads\MIP_project_part2\Lung-Cancer-Classification-\Lung-Cancer-Classification-\Data_External_IQOTHNCCD\Normal cases\Normal case (10).jpg,normal,normal,0.9940524697303772,0.9628158018458635,0.1588896560971313,0.003260673,True,True
VGG16,external,Normal case (100).jpg,C:\Users\shrey\Downloads\MIP_project_part2\Lung-Cancer-Classification-\Lung-Cancer-Classification-\Data_External_IQOTHNCCD\Normal cases\Normal case (100).jpg,normal,normal,0.9745080471038818,0.9265690460742917,0.2624247380401383,0.013391966,True,True
VGG16,external,Normal case (101).jpg,C:\Users\shrey\Downloads\MIP_project_part2\Lung-Cancer-Classification-\Lung-Cancer-Classification-\Data_External_IQOTHNCCD\Normal cases\Normal case (101).jpg,normal,normal,0.8929017186164856,0.6180955592426471,0.6649887408721655,0.10575419,True,True
VGG16,external,Normal case (102).jpg,C:\Users\shrey\Downloads\MIP_project_part2\Lung-Cancer-Classification-\Lung-Cancer-Classification-\Data_External_IQOTHNCCD\Normal cases\Normal case (102).jpg,normal,normal,0.9538756012916564,0.8722298833727109,0.3821257078444228,0.028594578,True,True
VGG16,external,Normal case (103).jpg,C:\Users\shrey\Downloads\MIP_project_part2\Lung-Cancer-Classification-\Lung-Cancer-Classification-\Data_External_IQOTHNCCD\Normal cases\Normal case (103).jpg,normal,normal,0.977831244468689,0.8912358938832768,0.3439236867269007,0.056086186,True,True
VGG16,external,Normal case (104).jpg,C:\Users\shrey\Downloads\MIP_project_part2\Lung-Cancer-Classification-\Lung-Cancer-Classification-\Data_External_IQOTHNCCD\Normal cases\Normal case (104).jpg,normal,normal,0.9932466745376588,0.9454207124126697,0.2117841875651518,0.018638581,True,True
VGG16,external,Normal case (105).jpg,C:\Users\shrey\Downloads\MIP_project_part2\Lung-Cancer-Classification-\Lung-Cancer-Classification-\Data_External_IQOTHNCCD\Normal cases\Normal case (105).jpg,normal,normal,0.982711374759674,0.7278628989588469,0.5853728445852238,0.08883395,True,True
VGG16,external,Normal case (106).jpg,C:\Users\shrey\Downloads\MIP_project_part2\Lung-Cancer-Classification-\Lung-Cancer-Classification-\Data_External_IQOTHNCCD\Normal cases\Normal case (106).jpg,normal,normal,0.9775856733322144,0.79253264144063,0.5105817347191246,0.08639455,True,True
VGG16,external,Normal case (107).jpg,C:\Users\shrey\Downloads\MIP_project_part2\Lung-Cancer-Classification-\Lung-Cancer-Classification-\Data_External_IQOTHNCCD\Normal cases\Normal case (107).jpg,normal,normal,0.989443838596344,0.981473420659313,0.0922480930939039,0.0004907986,True,True
VGG16,external,Normal case (108).jpg,C:\Users\shrey\Downloads\MIP_project_part2\Lung-Cancer-Classification-\Lung-Cancer-Classification-\Data_External_IQOTHNCCD\Normal cases\Normal case (108).jpg,normal,normal,0.8923882246017456,0.591941106133163,0.6761442820054182,0.13075438,True,True
VGG16,external,Normal case (109).jpg,C:\Users\shrey\Downloads\MIP_project_part2\Lung-Cancer-Classification-\Lung-Cancer-Classification-\Data_External_IQOTHNCCD\Normal cases\Normal case (109).jpg,normal,normal,0.9570128321647644,0.8582571697188542,0.4081147033524869,0.044100944,True,True
VGG16,external,Normal case (11).jpg,C:\Users\shrey\Downloads\MIP_project_part2\Lung-Cancer-Classification-\Lung-Cancer-Classification-\Data_External_IQOTHNCCD\Normal cases\Normal case (11).jpg,normal,normal,0.9915426969528198,0.9307788964360952,0.2516195409900755,0.005325905,True,True
VGG16,external,Normal case (110).jpg,C:\Users\shrey\Downloads\MIP_project_part2\Lung-Cancer-Classification-\Lung-Cancer-Classification-\Data_External_IQOTHNCCD\Normal cases\Normal case (110).jpg,normal,normal,0.9914613962173462,0.817426786181386,0.4752730139861192,0.08760108,True,True
VGG16,external,Normal case (111).jpg,C:\Users\shrey\Downloads\MIP_project_part2\Lung-Cancer-Classification-\Lung-Cancer-Classification-\Data_External_IQOTHNCCD\Normal cases\Normal case (111).jpg,normal,normal,0.9449409246444702,0.7787446326110512,0.5284922480336983,0.06585236,True,True
VGG16,external,Normal case (112).jpg,C:\Users\shrey\Downloads\MIP_project_part2\Lung-Cancer-Classification-\Lung-Cancer-Classification-\Data_External_IQOTHNCCD\Normal cases\Normal case (112).jpg,normal,normal,0.9410661458969116,0.8688502442091703,0.3885666287615186,0.03878912,True,True
VGG16,external,Normal case (113).jpg,C:\Users\shrey\Downloads\MIP_project_part2\Lung-Cancer-Classification-\Lung-Cancer-Classification-\Data_External_IQOTHNCCD\Normal cases\Normal case (113).jpg,normal,normal,0.9987398982048036,0.9907742643845268,0.0524126643880944,0.00031773362,True,True
VGG16,external,Normal case (114).jpg,C:\Users\shrey\Downloads\MIP_project_part2\Lung-Cancer-Classification-\Lung-Cancer-Classification-\Data_External_IQOTHNCCD\Normal cases\Normal case (114).jpg,normal,normal,0.9992321729660034,0.9819036795524881,0.0905348158573592,0.00092706823,True,True
VGG16,external,Normal case (115).jpg,C:\Users\shrey\Downloads\MIP_project_part2\Lung-Cancer-Classification-\Lung-Cancer-Classification-\Data_External_IQOTHNCCD\Normal cases\Normal case (115).jpg,normal,normal,0.999525785446167,0.9871264677494765,0.0688234701116368,0.0006699198,True,True
VGG16,external,Normal case (116).jpg,C:\Users\shrey\Downloads\MIP_project_part2\Lung-Cancer-Classification-\Lung-Cancer-Classification-\Data_External_IQOTHNCCD\Normal cases\Normal case (116).jpg,normal,normal,0.995083749294281,0.9598989402875305,0.1682651800241937,0.004674329,True,True
VGG16,external,Normal case (117).jpg,C:\Users\shrey\Downloads\MIP_project_part2\Lung-Cancer-Classification-\Lung-Cancer-Classification-\Data_External_IQOTHNCCD\Normal cases\Normal case (117).jpg,normal,normal,0.9987502098083496,0.972694835771108,0.1252461602016945,0.006439522,True,True
VGG16,external,Normal case (118).jpg,C:\Users\shrey\Downloads\MIP_project_part2\Lung-Cancer-Classification-\Lung-Cancer-Classification-\Data_External_IQOTHNCCD\Normal cases\Normal case (118).jpg,normal,normal,0.9999178647994996,0.998674194663181,0.0101092824353415,2.7032256e-06,True,True
VGG16,external,Normal case (119).jpg,C:\Users\shrey\Downloads\MIP_project_part2\Lung-Cancer-Classification-\Lung-Cancer-Classification-\Data_External_IQOTHNCCD\Normal cases\Normal case (119).jpg,normal,normal,0.99972802400589,0.9983832884463482,0.0120066572468298,7.938052e-06,True,True
VGG16,external,Normal case (12).jpg,C:\Users\shrey\Downloads\MIP_project_part2\Lung-Cancer-Classification-\Lung-Cancer-Classification-\Data_External_IQOTHNCCD\Normal cases\Normal case (12).jpg,normal,normal,0.9957184195518494,0.9347263296076563,0.241238109063053,0.04065856,True,True
VGG16,external,Normal case (120).jpg,C:\Users\shrey\Downloads\MIP_project_part2\Lung-Cancer-Classification-\Lung-Cancer-Classification-\Data_External_IQOTHNCCD\Normal cases\Normal case (120).jpg,normal,normal,0.9996731281280518,0.9936510074767285,0.0384512382948529,0.0001088004,True,True
VGG16,external,Normal case (121).jpg,C:\Users\shrey\Downloads\MIP_project_part2\Lung-Cancer-Classification-\Lung-Cancer-Classification-\Data_External_IQOTHNCCD\Normal cases\Normal case (121).jpg,normal,normal,0.9965807795524596,0.9825725599657745,0.08785076262007,0.00097069074,True,True
VGG16,external,Normal case (122).jpg,C:\Users\shrey\Downloads\MIP_project_part2\Lung-Cancer-Classification-\Lung-Cancer-Classification-\Data_External_IQOTHNCCD\Normal cases\Normal case (122).jpg,normal,normal,0.5536802411079407,0.34993313252925873,0.6474052363645001,0.05748398,True,False
VGG16,external,Normal case (123).jpg,C:\Users\shrey\Downloads\MIP_project_part2\Lung-Cancer-Classification-\Lung-Cancer-Classification-\Data_External_IQOTHNCCD\Normal cases\Normal case (123).jpg,normal,normal,0.8577144742012024,0.8127813059836626,0.4821647938167803,0.024957243,True,True
VGG16,external,Normal case (124).jpg,C:\Users\shrey\Downloads\MIP_project_part2\Lung-Cancer-Classification-\Lung-Cancer-Classification-\Data_External_IQOTHNCCD\Normal cases\Normal case (124).jpg,normal,normal,0.6860928535461426,0.6662527192384005,0.6368007015785191,0.07516061,True,True
VGG16,external,Normal case (125).jpg,C:\Users\shrey\Downloads\MIP_project_part2\Lung-Cancer-Classification-\Lung-Cancer-Classification-\Data_External_IQOTHNCCD\Normal cases\Normal case (125).jpg,normal,normal,0.8586152195930481,0.7611254826188087,0.54977915834804,0.030987663,True,True
VGG16,external,Normal case (126).jpg,C:\Users\shrey\Downloads\MIP_project_part2\Lung-Cancer-Classification-\Lung-Cancer-Classification-\Data_External_IQOTHNCCD\Normal cases\Normal case (126).jpg,normal,normal,0.9638491868972778,0.8010808173567057,0.4989004327149592,0.05818432,True,True
VGG16,external,Normal case (127).jpg,C:\Users\shrey\Downloads\MIP_project_part2\Lung-Cancer-Classification-\Lung-Cancer-Classification-\Data_External_IQOTHNCCD\Normal cases\Normal case (127).jpg,normal,normal,0.9678051471710204,0.860368438065052,0.4042941053228325,0.033752047,True,True
VGG16,external,Normal case (128).jpg,C:\Users\shrey\Downloads\MIP_project_part2\Lung-Cancer-Classification-\Lung-Cancer-Classification-\Data_External_IQOTHNCCD\Normal cases\Normal case (128).jpg,normal,normal,0.9504175782203674,0.8771150091197342,0.3726339410051606,0.03393392,True,True
VGG16,external,Normal case (129).jpg,C:\Users\shrey\Downloads\MIP_project_part2\Lung-Cancer-Classification-\Lung-Cancer-Classification-\Data_External_IQOTHNCCD\Normal cases\Normal case (129).jpg,normal,normal,0.9791132807731628,0.9110258696600795,0.300157823102022,0.018770123,True,True
VGG16,external,Normal case (13).jpg,C:\Users\shrey\Downloads\MIP_project_part2\Lung-Cancer-Classification-\Lung-Cancer-Classification-\Data_External_IQOTHNCCD\Normal cases\Normal case (13).jpg,normal,normal,0.99355810880661,0.973509511735756,0.1223225940712605,0.0019237673,True,True
VGG16,external,Normal case (130).jpg,C:\Users\shrey\Downloads\MIP_project_part2\Lung-Cancer-Classification-\Lung-Cancer-Classification-\Data_External_IQOTHNCCD\Normal cases\Normal case (130).jpg,normal,normal,0.9971389770507812,0.9901510854251683,0.0553061574016219,0.000175563,True,True
VGG16,external,Normal case (131).jpg,C:\Users\shrey\Downloads\MIP_project_part2\Lung-Cancer-Classification-\Lung-Cancer-Classification-\Data_External_IQOTHNCCD\Normal cases\Normal case (131).jpg,normal,normal,0.9962145686149596,0.8698615804314613,0.3866497322645591,0.046944983,True,True
VGG16,external,Normal case (132).jpg,C:\Users\shrey\Downloads\MIP_project_part2\Lung-Cancer-Classification-\Lung-Cancer-Classification-\Data_External_IQOTHNCCD\Normal cases\Normal case (132).jpg,normal,normal,0.9933441877365112,0.9214177541434765,0.2752930870993887,0.009404538,True,True
VGG16,external,Normal case (133).jpg,C:\Users\shrey\Downloads\MIP_project_part2\Lung-Cancer-Classification-\Lung-Cancer-Classification-\Data_External_IQOTHNCCD\Normal cases\Normal case (133).jpg,normal,normal,0.9810266494750975,0.866707920562476,0.3925972914079653,0.04866774,True,True
VGG16,external,Normal case (134).jpg,C:\Users\shrey\Downloads\MIP_project_part2\Lung-Cancer-Classification-\Lung-Cancer-Classification-\Data_External_IQOTHNCCD\Normal cases\Normal case (134).jpg,normal,normal,0.9795684814453124,0.8652224512770772,0.3953688038263942,0.040472366,True,True
VGG16,external,Normal case (135).jpg,C:\Users\shrey\Downloads\MIP_project_part2\Lung-Cancer-Classification-\Lung-Cancer-Classification-\Data_External_IQOTHNCCD\Normal cases\Normal case (135).jpg,normal,malignant,0.6182096939883195,0.689798591658473,0.6192617149131169,0.064669274,False,False
VGG16,external,Normal case (136).jpg,C:\Users\shrey\Downloads\MIP_project_part2\Lung-Cancer-Classification-\Lung-Cancer-Classification-\Data_External_IQOTHNCCD\Normal cases\Normal case (136).jpg,normal,normal,0.5846036076545715,0.579594561830163,0.6804225317094406,0.08633054,True,True
VGG16,external,Normal case (137).jpg,C:\Users\shrey\Downloads\MIP_project_part2\Lung-Cancer-Classification-\Lung-Cancer-Classification-\Data_External_IQOTHNCCD\Normal cases\Normal case (137).jpg,normal,normal,0.6715606451034546,0.49979826156049967,0.693147115429122,0.07490181,True,False
VGG16,external,Normal case (138).jpg,C:\Users\shrey\Downloads\MIP_project_part2\Lung-Cancer-Classification-\Lung-Cancer-Classification-\Data_External_IQOTHNCCD\Normal cases\Normal case (138).jpg,normal,normal,0.8200274705886841,0.8167642131447792,0.476264742016694,0.025613248,True,True
VGG16,external,Normal case (139).jpg,C:\Users\shrey\Downloads\MIP_project_part2\Lung-Cancer-Classification-\Lung-Cancer-Classification-\Data_External_IQOTHNCCD\Normal cases\Normal case (139).jpg,normal,normal,0.7526705861091614,0.7302096907515079,0.5830501943020433,0.073479526,True,True
VGG16,external,Normal case (14).jpg,C:\Users\shrey\Downloads\MIP_project_part2\Lung-Cancer-Classification-\Lung-Cancer-Classification-\Data_External_IQOTHNCCD\Normal cases\Normal case (14).jpg,normal,malignant,0.6816807503346354,0.6571001731790602,0.6429402075361148,0.07964068,False,False
VGG16,external,Normal case (140).jpg,C:\Users\shrey\Downloads\MIP_project_part2\Lung-Cancer-Classification-\Lung-Cancer-Classification-\Data_External_IQOTHNCCD\Normal cases\Normal case (140).jpg,normal,normal,0.6908942461013794,0.6796844630734995,0.6271071100477773,0.08206662,True,True
VGG16,external,Normal case (141).jpg,C:\Users\shrey\Downloads\MIP_project_part2\Lung-Cancer-Classification-\Lung-Cancer-Classification-\Data_External_IQOTHNCCD\Normal cases\Normal case (141).jpg,normal,normal,0.7680693864822388,0.5245083477348089,0.6919453986611643,0.058803532,True,True
VGG16,external,Normal case (142).jpg,C:\Users\shrey\Downloads\MIP_project_part2\Lung-Cancer-Classification-\Lung-Cancer-Classification-\Data_External_IQOTHNCCD\Normal cases\Normal case (142).jpg,normal,normal,0.9037631750106812,0.7816355316899717,0.5248301674464451,0.07352546,True,True
VGG16,external,Normal case (143).jpg,C:\Users\shrey\Downloads\MIP_project_part2\Lung-Cancer-Classification-\Lung-Cancer-Classification-\Data_External_IQOTHNCCD\Normal cases\Normal case (143).jpg,normal,normal,0.91823548078537,0.8183884266763926,0.4738284337322686,0.063759334,True,True
VGG16,external,Normal case (144).jpg,C:\Users\shrey\Downloads\MIP_project_part2\Lung-Cancer-Classification-\Lung-Cancer-Classification-\Data_External_IQOTHNCCD\Normal cases\Normal case (144).jpg,normal,normal,0.852729082107544,0.5944171398878098,0.675210479889562,0.12218881,True,True
VGG16,external,Normal case (145).jpg,C:\Users\shrey\Downloads\MIP_project_part2\Lung-Cancer-Classification-\Lung-Cancer-Classification-\Data_External_IQOTHNCCD\Normal cases\Normal case (145).jpg,normal,normal,0.7058868408203125,0.6420648768544197,0.6522208822006333,0.09305741,True,True
VGG16,external,Normal case (146).jpg,C:\Users\shrey\Downloads\MIP_project_part2\Lung-Cancer-Classification-\Lung-Cancer-Classification-\Data_External_IQOTHNCCD\Normal cases\Normal case (146).jpg,normal,normal,0.850286066532135,0.7909724307246507,0.5126653425812404,0.04438403,True,True
VGG16,external,Normal case (147).jpg,C:\Users\shrey\Downloads\MIP_project_part2\Lung-Cancer-Classification-\Lung-Cancer-Classification-\Data_External_IQOTHNCCD\Normal cases\Normal case (147).jpg,normal,normal,0.94635009765625,0.8376142107881606,0.4436049974789959,0.057097115,True,True
VGG16,external,Normal case (148).jpg,C:\Users\shrey\Downloads\MIP_project_part2\Lung-Cancer-Classification-\Lung-Cancer-Classification-\Data_External_IQOTHNCCD\Normal cases\Normal case (148).jpg,normal,normal,0.9180294275283812,0.832277161302045,0.4522570288831232,0.035000872,True,True
VGG16,external,Normal case (149).jpg,C:\Users\shrey\Downloads\MIP_project_part2\Lung-Cancer-Classification-\Lung-Cancer-Classification-\Data_External_IQOTHNCCD\Normal cases\Normal case (149).jpg,normal,normal,0.9320991635322572,0.8394052870571613,0.4406547745798193,0.03950459,True,True
VGG16,external,Normal case (15).jpg,C:\Users\shrey\Downloads\MIP_project_part2\Lung-Cancer-Classification-\Lung-Cancer-Classification-\Data_External_IQOTHNCCD\Normal cases\Normal case (15).jpg,normal,malignant,0.632414203195367,0.5229312516748905,0.692095133738041,0.05479455,False,False
VGG16,external,Normal case (150).jpg,C:\Users\shrey\Downloads\MIP_project_part2\Lung-Cancer-Classification-\Lung-Cancer-Classification-\Data_External_IQOTHNCCD\Normal cases\Normal case (150).jpg,normal,normal,0.9274864792823792,0.8327460344880819,0.4515051452144569,0.028244054,True,True
VGG16,external,Normal case (151).jpg,C:\Users\shrey\Downloads\MIP_project_part2\Lung-Cancer-Classification-\Lung-Cancer-Classification-\Data_External_IQOTHNCCD\Normal cases\Normal case (151).jpg,normal,normal,0.9680381417274476,0.8394545987248421,0.4405731304644539,0.05997634,True,True
VGG16,external,Normal case (152).jpg,C:\Users\shrey\Downloads\MIP_project_part2\Lung-Cancer-Classification-\Lung-Cancer-Classification-\Data_External_IQOTHNCCD\Normal cases\Normal case (152).jpg,normal,normal,0.977005898952484,0.8910448607057333,0.3443252700626752,0.020758368,True,True
VGG16,external,Normal case (153).jpg,C:\Users\shrey\Downloads\MIP_project_part2\Lung-Cancer-Classification-\Lung-Cancer-Classification-\Data_External_IQOTHNCCD\Normal cases\Normal case (153).jpg,normal,normal,0.9817515015602112,0.8929246761836112,0.3403566277034124,0.009941923,True,True
VGG16,external,Normal case (154).jpg,C:\Users\shrey\Downloads\MIP_project_part2\Lung-Cancer-Classification-\Lung-Cancer-Classification-\Data_External_IQOTHNCCD\Normal cases\Normal case (154).jpg,normal,normal,0.963420569896698,0.9461304829455913,0.2097548674930935,0.0017466571,True,True
VGG16,external,Normal case (155).jpg,C:\Users\shrey\Downloads\MIP_project_part2\Lung-Cancer-Classification-\Lung-Cancer-Classification-\Data_External_IQOTHNCCD\Normal cases\Normal case (155).jpg,normal,normal,0.9841412901878356,0.872590352781117,0.3814327620939242,0.02152831,True,True
VGG16,external,Normal case (156).jpg,C:\Users\shrey\Downloads\MIP_project_part2\Lung-Cancer-Classification-\Lung-Cancer-Classification-\Data_External_IQOTHNCCD\Normal cases\Normal case (156).jpg,normal,normal,0.9786919951438904,0.9079100182279944,0.307346767198872,0.036868833,True,True
VGG16,external,Normal case (157).jpg,C:\Users\shrey\Downloads\MIP_project_part2\Lung-Cancer-Classification-\Lung-Cancer-Classification-\Data_External_IQOTHNCCD\Normal cases\Normal case (157).jpg,normal,normal,0.996295154094696,0.9790388308465481,0.1017566592832612,0.00088216405,True,True
VGG16,external,Normal case (158).jpg,C:\Users\shrey\Downloads\MIP_project_part2\Lung-Cancer-Classification-\Lung-Cancer-Classification-\Data_External_IQOTHNCCD\Normal cases\Normal case (158).jpg,normal,normal,0.988516092300415,0.9321149792231154,0.248133435496579,0.010978597,True,True
VGG16,external,Normal case (159).jpg,C:\Users\shrey\Downloads\MIP_project_part2\Lung-Cancer-Classification-\Lung-Cancer-Classification-\Data_External_IQOTHNCCD\Normal cases\Normal case (159).jpg,normal,normal,0.9678938388824464,0.871198275261122,0.3841024516504863,0.017449029,True,True
VGG16,external,Normal case (16).jpg,C:\Users\shrey\Downloads\MIP_project_part2\Lung-Cancer-Classification-\Lung-Cancer-Classification-\Data_External_IQOTHNCCD\Normal cases\Normal case (16).jpg,normal,normal,0.6381489038467407,0.5318112201057374,0.6911219211093604,0.09882284,True,True
VGG16,external,Normal case (160).jpg,C:\Users\shrey\Downloads\MIP_project_part2\Lung-Cancer-Classification-\Lung-Cancer-Classification-\Data_External_IQOTHNCCD\Normal cases\Normal case (160).jpg,normal,normal,0.9550999999046326,0.8365295757248532,0.4453800574666212,0.05366465,True,True
VGG16,external,Normal case (161).jpg,C:\Users\shrey\Downloads\MIP_project_part2\Lung-Cancer-Classification-\Lung-Cancer-Classification-\Data_External_IQOTHNCCD\Normal cases\Normal case (161).jpg,normal,normal,0.9585369229316713,0.8430422215242288,0.4345904958707172,0.031883284,True,True
VGG16,external,Normal case (162).jpg,C:\Users\shrey\Downloads\MIP_project_part2\Lung-Cancer-Classification-\Lung-Cancer-Classification-\Data_External_IQOTHNCCD\Normal cases\Normal case (162).jpg,normal,normal,0.9485142827033995,0.8529294086674782,0.4175939437002369,0.037560686,True,True
VGG16,external,Normal case (163).jpg,C:\Users\shrey\Downloads\MIP_project_part2\Lung-Cancer-Classification-\Lung-Cancer-Classification-\Data_External_IQOTHNCCD\Normal cases\Normal case (163).jpg,normal,normal,0.8994999527931213,0.8063692231662571,0.4914451296024227,0.04117018,True,True
VGG16,external,Normal case (164).jpg,C:\Users\shrey\Downloads\MIP_project_part2\Lung-Cancer-Classification-\Lung-Cancer-Classification-\Data_External_IQOTHNCCD\Normal cases\Normal case (164).jpg,normal,normal,0.8472489714622498,0.6597527975100093,0.641199316346191,0.07797059,True,True
VGG16,external,Normal case (165).jpg,C:\Users\shrey\Downloads\MIP_project_part2\Lung-Cancer-Classification-\Lung-Cancer-Classification-\Data_External_IQOTHNCCD\Normal cases\Normal case (165).jpg,normal,normal,0.9855395555496216,0.9078278465312906,0.3075347338605067,0.050683677,True,True
VGG16,external,Normal case (166).jpg,C:\Users\shrey\Downloads\MIP_project_part2\Lung-Cancer-Classification-\Lung-Cancer-Classification-\Data_External_IQOTHNCCD\Normal cases\Normal case (166).jpg,normal,normal,0.9770954847335817,0.8964218365726992,0.3328746549147503,0.050395634,True,True
VGG16,external,Normal case (167).jpg,C:\Users\shrey\Downloads\MIP_project_part2\Lung-Cancer-Classification-\Lung-Cancer-Classification-\Data_External_IQOTHNCCD\Normal cases\Normal case (167).jpg,normal,normal,0.976316511631012,0.9050512400572189,0.3138402910438357,0.04675074,True,True
VGG16,external,Normal case (168).jpg,C:\Users\shrey\Downloads\MIP_project_part2\Lung-Cancer-Classification-\Lung-Cancer-Classification-\Data_External_IQOTHNCCD\Normal cases\Normal case (168).jpg,normal,malignant,0.9294458485092036,0.9263809168478474,0.2629013912397916,0.008062634,False,False
VGG16,external,Normal case (169).jpg,C:\Users\shrey\Downloads\MIP_project_part2\Lung-Cancer-Classification-\Lung-Cancer-Classification-\Data_External_IQOTHNCCD\Normal cases\Normal case (169).jpg,normal,malignant,0.6848733758088201,0.556437173858285,0.6867632844231315,0.06948527,False,False
VGG16,external,Normal case (17).jpg,C:\Users\shrey\Downloads\MIP_project_part2\Lung-Cancer-Classification-\Lung-Cancer-Classification-\Data_External_IQOTHNCCD\Normal cases\Normal case (17).jpg,normal,normal,0.5478725433349609,0.29881320893764496,0.609855346400769,0.12944743,True,False
VGG16,external,Normal case (170).jpg,C:\Users\shrey\Downloads\MIP_project_part2\Lung-Cancer-Classification-\Lung-Cancer-Classification-\Data_External_IQOTHNCCD\Normal cases\Normal case (170).jpg,normal,malignant,0.5110005782917142,0.520569046959281,0.6923007649155104,0.08575962,False,False
VGG16,external,Normal case (171).jpg,C:\Users\shrey\Downloads\MIP_project_part2\Lung-Cancer-Classification-\Lung-Cancer-Classification-\Data_External_IQOTHNCCD\Normal cases\Normal case (171).jpg,normal,normal,0.6856701374053955,0.5987428445369005,0.6735181672168966,0.095445246,True,True
VGG16,external,Normal case (172).jpg,C:\Users\shrey\Downloads\MIP_project_part2\Lung-Cancer-Classification-\Lung-Cancer-Classification-\Data_External_IQOTHNCCD\Normal cases\Normal case (172).jpg,normal,normal,0.7390308976173401,0.6000311393290758,0.6729990399869433,0.09172947,True,True
VGG16,external,Normal case (173).jpg,C:\Users\shrey\Downloads\MIP_project_part2\Lung-Cancer-Classification-\Lung-Cancer-Classification-\Data_External_IQOTHNCCD\Normal cases\Normal case (173).jpg,normal,normal,0.9786894917488098,0.9253635325003416,0.2654701971114532,0.00810598,True,True
VGG16,external,Normal case (174).jpg,C:\Users\shrey\Downloads\MIP_project_part2\Lung-Cancer-Classification-\Lung-Cancer-Classification-\Data_External_IQOTHNCCD\Normal cases\Normal case (174).jpg,normal,normal,0.942638099193573,0.6611957233399153,0.6402391553944745,0.08120138,True,True
VGG16,external,Normal case (175).jpg,C:\Users\shrey\Downloads\MIP_project_part2\Lung-Cancer-Classification-\Lung-Cancer-Classification-\Data_External_IQOTHNCCD\Normal cases\Normal case (175).jpg,normal,malignant,0.9067144894506782,0.8975976300425828,0.3303296873234225,0.03907941,False,False
VGG16,external,Normal case (176).jpg,C:\Users\shrey\Downloads\MIP_project_part2\Lung-Cancer-Classification-\Lung-Cancer-Classification-\Data_External_IQOTHNCCD\Normal cases\Normal case (176).jpg,normal,malignant,0.9049125795136206,0.8330993512645364,0.4509376157495317,0.06524436,False,False
VGG16,external,Normal case (177).jpg,C:\Users\shrey\Downloads\MIP_project_part2\Lung-Cancer-Classification-\Lung-Cancer-Classification-\Data_External_IQOTHNCCD\Normal cases\Normal case (177).jpg,normal,malignant,0.8587594066048041,0.7600978473201394,0.5509670837818398,0.045400914,False,False
VGG16,external,Normal case (178).jpg,C:\Users\shrey\Downloads\MIP_project_part2\Lung-Cancer-Classification-\Lung-Cancer-Classification-\Data_External_IQOTHNCCD\Normal cases\Normal case (178).jpg,normal,malignant,0.5542322233086452,0.636890102061443,0.6551865550681406,0.105431646,False,False
VGG16,external,Normal case (179).jpg,C:\Users\shrey\Downloads\MIP_project_part2\Lung-Cancer-Classification-\Lung-Cancer-Classification-\Data_External_IQOTHNCCD\Normal cases\Normal case (179).jpg,normal,normal,0.8001915216445923,0.7151342561701313,0.5974903474665166,0.07834002,True,True
VGG16,external,Normal case (18).jpg,C:\Users\shrey\Downloads\MIP_project_part2\Lung-Cancer-Classification-\Lung-Cancer-Classification-\Data_External_IQOTHNCCD\Normal cases\Normal case (18).jpg,normal,malignant,0.5786383347585797,0.7326769232749939,0.5805781143686259,0.10312076,False,False
VGG16,external,Normal case (180).jpg,C:\Users\shrey\Downloads\MIP_project_part2\Lung-Cancer-Classification-\Lung-Cancer-Classification-\Data_External_IQOTHNCCD\Normal cases\Normal case (180).jpg,normal,normal,0.933333456516266,0.8123395906295627,0.4828126372188952,0.045978557,True,True
VGG16,external,Normal case (181).jpg,C:\Users\shrey\Downloads\MIP_project_part2\Lung-Cancer-Classification-\Lung-Cancer-Classification-\Data_External_IQOTHNCCD\Normal cases\Normal case (181).jpg,normal,normal,0.9662414789199828,0.9029925160575659,0.3184575173837731,0.020037757,True,True
VGG16,external,Normal case (182).jpg,C:\Users\shrey\Downloads\MIP_project_part2\Lung-Cancer-Classification-\Lung-Cancer-Classification-\Data_External_IQOTHNCCD\Normal cases\Normal case (182).jpg,normal,normal,0.7558671832084656,0.5729257477796637,0.6824728166847518,0.061930466,True,True
VGG16,external,Normal case (183).jpg,C:\Users\shrey\Downloads\MIP_project_part2\Lung-Cancer-Classification-\Lung-Cancer-Classification-\Data_External_IQOTHNCCD\Normal cases\Normal case (183).jpg,normal,normal,0.6574772596359253,0.5226282681105658,0.6921227398830041,0.0846581,True,True
VGG16,external,Normal case (184).jpg,C:\Users\shrey\Downloads\MIP_project_part2\Lung-Cancer-Classification-\Lung-Cancer-Classification-\Data_External_IQOTHNCCD\Normal cases\Normal case (184).jpg,normal,normal,0.9907811284065248,0.9298139919992537,0.254119781192898,0.010675909,True,True
VGG16,external,Normal case (185).jpg,C:\Users\shrey\Downloads\MIP_project_part2\Lung-Cancer-Classification-\Lung-Cancer-Classification-\Data_External_IQOTHNCCD\Normal cases\Normal case (185).jpg,normal,normal,0.9207141399383544,0.8849646680755541,0.356915028235051,0.012541383,True,True
VGG16,external,Normal case (186).jpg,C:\Users\shrey\Downloads\MIP_project_part2\Lung-Cancer-Classification-\Lung-Cancer-Classification-\Data_External_IQOTHNCCD\Normal cases\Normal case (186).jpg,normal,normal,0.8840577006340027,0.7947904784232378,0.5075400672630301,0.047090914,True,True
VGG16,external,Normal case (187).jpg,C:\Users\shrey\Downloads\MIP_project_part2\Lung-Cancer-Classification-\Lung-Cancer-Classification-\Data_External_IQOTHNCCD\Normal cases\Normal case (187).jpg,normal,normal,0.9850308895111084,0.9775649640359916,0.1073702798085397,0.00067108305,True,True
VGG16,external,Normal case (188).jpg,C:\Users\shrey\Downloads\MIP_project_part2\Lung-Cancer-Classification-\Lung-Cancer-Classification-\Data_External_IQOTHNCCD\Normal cases\Normal case (188).jpg,normal,normal,0.9462080001831056,0.834240457508713,0.4490982505206905,0.020623984,True,True
VGG16,external,Normal case (189).jpg,C:\Users\shrey\Downloads\MIP_project_part2\Lung-Cancer-Classification-\Lung-Cancer-Classification-\Data_External_IQOTHNCCD\Normal cases\Normal case (189).jpg,normal,normal,0.9116584658622742,0.7886828668415546,0.5156965901710004,0.06683406,True,True
VGG16,external,Normal case (19).jpg,C:\Users\shrey\Downloads\MIP_project_part2\Lung-Cancer-Classification-\Lung-Cancer-Classification-\Data_External_IQOTHNCCD\Normal cases\Normal case (19).jpg,normal,normal,0.6049991250038147,0.4294383004307747,0.6831559599683921,0.08261461,True,False
VGG16,external,Normal case (190).jpg,C:\Users\shrey\Downloads\MIP_project_part2\Lung-Cancer-Classification-\Lung-Cancer-Classification-\Data_External_IQOTHNCCD\Normal cases\Normal case (190).jpg,normal,malignant,0.7657862505875528,0.771836668252945,0.5370475756562312,0.058886696,False,False
VGG16,external,Normal case (191).jpg,C:\Users\shrey\Downloads\MIP_project_part2\Lung-Cancer-Classification-\Lung-Cancer-Classification-\Data_External_IQOTHNCCD\Normal cases\Normal case (191).jpg,normal,malignant,0.7049809428863227,0.6826810305938125,0.6248320279279329,0.056542303,False,False
VGG16,external,Normal case (192).jpg,C:\Users\shrey\Downloads\MIP_project_part2\Lung-Cancer-Classification-\Lung-Cancer-Classification-\Data_External_IQOTHNCCD\Normal cases\Normal case (192).jpg,normal,normal,0.5477458834648132,0.478712216950953,0.6922405556007314,0.07771809,True,False
VGG16,external,Normal case (193).jpg,C:\Users\shrey\Downloads\MIP_project_part2\Lung-Cancer-Classification-\Lung-Cancer-Classification-\Data_External_IQOTHNCCD\Normal cases\Normal case (193).jpg,normal,normal,0.6732285618782043,0.5670026205480099,0.6841414222523031,0.07284779,True,True
VGG16,external,Normal case (194).jpg,C:\Users\shrey\Downloads\MIP_project_part2\Lung-Cancer-Classification-\Lung-Cancer-Classification-\Data_External_IQOTHNCCD\Normal cases\Normal case (194).jpg,normal,normal,0.9662122130393982,0.8740386530735123,0.378636654566214,0.014884299,True,True
VGG16,external,Normal case (195).jpg,C:\Users\shrey\Downloads\MIP_project_part2\Lung-Cancer-Classification-\Lung-Cancer-Classification-\Data_External_IQOTHNCCD\Normal cases\Normal case (195).jpg,normal,normal,0.8312027454376221,0.6545746843330562,0.6445686713435599,0.10123804,True,True
VGG16,external,Normal case (196).jpg,C:\Users\shrey\Downloads\MIP_project_part2\Lung-Cancer-Classification-\Lung-Cancer-Classification-\Data_External_IQOTHNCCD\Normal cases\Normal case (196).jpg,normal,normal,0.826094925403595,0.6368636377155781,0.6552014188278074,0.08723633,True,True
VGG16,external,Normal case (197).jpg,C:\Users\shrey\Downloads\MIP_project_part2\Lung-Cancer-Classification-\Lung-Cancer-Classification-\Data_External_IQOTHNCCD\Normal cases\Normal case (197).jpg,normal,normal,0.7358279228210449,0.5941206612624228,0.6753236259297333,0.088289335,True,True
VGG16,external,Normal case (198).jpg,C:\Users\shrey\Downloads\MIP_project_part2\Lung-Cancer-Classification-\Lung-Cancer-Classification-\Data_External_IQOTHNCCD\Normal cases\Normal case (198).jpg,normal,normal,0.8595101237297058,0.7341472401749343,0.5790900792412825,0.060184814,True,True
VGG16,external,Normal case (199).jpg,C:\Users\shrey\Downloads\MIP_project_part2\Lung-Cancer-Classification-\Lung-Cancer-Classification-\Data_External_IQOTHNCCD\Normal cases\Normal case (199).jpg,normal,normal,0.7598105669021606,0.5625759566901252,0.6852951151938823,0.09145347,True,True
VGG16,external,Normal case (2).jpg,C:\Users\shrey\Downloads\MIP_project_part2\Lung-Cancer-Classification-\Lung-Cancer-Classification-\Data_External_IQOTHNCCD\Normal cases\Normal case (2).jpg,normal,normal,0.9786489605903624,0.9316288437694312,0.2494050171177666,0.0064548696,True,True
VGG16,external,Normal case (20).jpg,C:\Users\shrey\Downloads\MIP_project_part2\Lung-Cancer-Classification-\Lung-Cancer-Classification-\Data_External_IQOTHNCCD\Normal cases\Normal case (20).jpg,normal,normal,0.7237719297409058,0.6350066810846329,0.6562371791623621,0.055687293,True,True
VGG16,external,Normal case (200).jpg,C:\Users\shrey\Downloads\MIP_project_part2\Lung-Cancer-Classification-\Lung-Cancer-Classification-\Data_External_IQOTHNCCD\Normal cases\Normal case (200).jpg,normal,normal,0.9870240688323976,0.8472128590801731,0.4275133129139628,0.048136707,True,True
VGG16,external,Normal case (201).jpg,C:\Users\shrey\Downloads\MIP_project_part2\Lung-Cancer-Classification-\Lung-Cancer-Classification-\Data_External_IQOTHNCCD\Normal cases\Normal case (201).jpg,normal,normal,0.971277952194214,0.9319822089746594,0.2484811335141822,0.010494862,True,True
VGG16,external,Normal case (202).jpg,C:\Users\shrey\Downloads\MIP_project_part2\Lung-Cancer-Classification-\Lung-Cancer-Classification-\Data_External_IQOTHNCCD\Normal cases\Normal case (202).jpg,normal,normal,0.9866689443588256,0.9106089984998107,0.3011264924369574,0.029127706,True,True
VGG16,external,Normal case (203).jpg,C:\Users\shrey\Downloads\MIP_project_part2\Lung-Cancer-Classification-\Lung-Cancer-Classification-\Data_External_IQOTHNCCD\Normal cases\Normal case (203).jpg,normal,normal,0.9966368675231934,0.9701207116013393,0.134322411723081,0.005970835,True,True
VGG16,external,Normal case (204).jpg,C:\Users\shrey\Downloads\MIP_project_part2\Lung-Cancer-Classification-\Lung-Cancer-Classification-\Data_External_IQOTHNCCD\Normal cases\Normal case (204).jpg,normal,normal,0.998420476913452,0.9858172669773922,0.0744395753363308,0.0018400674,True,True
VGG16,external,Normal case (205).jpg,C:\Users\shrey\Downloads\MIP_project_part2\Lung-Cancer-Classification-\Lung-Cancer-Classification-\Data_External_IQOTHNCCD\Normal cases\Normal case (205).jpg,normal,normal,0.996871292591095,0.9293402787297965,0.2553420853278461,0.010116638,True,True
VGG16,external,Normal case (206).jpg,C:\Users\shrey\Downloads\MIP_project_part2\Lung-Cancer-Classification-\Lung-Cancer-Classification-\Data_External_IQOTHNCCD\Normal cases\Normal case (206).jpg,normal,normal,0.7927036285400391,0.5321450680494308,0.6910791822789846,0.060360834,True,True
VGG16,external,Normal case (207).jpg,C:\Users\shrey\Downloads\MIP_project_part2\Lung-Cancer-Classification-\Lung-Cancer-Classification-\Data_External_IQOTHNCCD\Normal cases\Normal case (207).jpg,normal,normal,0.9853981733322144,0.88706243224442,0.3526132993840811,0.029004656,True,True
VGG16,external,Normal case (208).jpg,C:\Users\shrey\Downloads\MIP_project_part2\Lung-Cancer-Classification-\Lung-Cancer-Classification-\Data_External_IQOTHNCCD\Normal cases\Normal case (208).jpg,normal,normal,0.9880425930023192,0.9303576870588586,0.2527127304012014,0.0052862368,True,True
VGG16,external,Normal case (209).jpg,C:\Users\shrey\Downloads\MIP_project_part2\Lung-Cancer-Classification-\Lung-Cancer-Classification-\Data_External_IQOTHNCCD\Normal cases\Normal case (209).jpg,normal,normal,0.9941813349723816,0.9684169086103794,0.1402027838550613,0.0013982949,True,True
VGG16,external,Normal case (21).jpg,C:\Users\shrey\Downloads\MIP_project_part2\Lung-Cancer-Classification-\Lung-Cancer-Classification-\Data_External_IQOTHNCCD\Normal cases\Normal case (21).jpg,normal,normal,0.9008431434631348,0.7279702723026276,0.5852671981765779,0.09018719,True,True
VGG16,external,Normal case (210).jpg,C:\Users\shrey\Downloads\MIP_project_part2\Lung-Cancer-Classification-\Lung-Cancer-Classification-\Data_External_IQOTHNCCD\Normal cases\Normal case (210).jpg,normal,normal,0.963709592819214,0.7749534408503678,0.5332214289970427,0.051670797,True,True
VGG16,external,Normal case (211).jpg,C:\Users\shrey\Downloads\MIP_project_part2\Lung-Cancer-Classification-\Lung-Cancer-Classification-\Data_External_IQOTHNCCD\Normal cases\Normal case (211).jpg,normal,normal,0.9989989399909972,0.9531801884986635,0.1890427558466833,0.017137606,True,True
VGG16,external,Normal case (212).jpg,C:\Users\shrey\Downloads\MIP_project_part2\Lung-Cancer-Classification-\Lung-Cancer-Classification-\Data_External_IQOTHNCCD\Normal cases\Normal case (212).jpg,normal,normal,0.9995266199111938,0.9972264394164086,0.0190993536759229,1.8080138e-05,True,True
VGG16,external,Normal case (213).jpg,C:\Users\shrey\Downloads\MIP_project_part2\Lung-Cancer-Classification-\Lung-Cancer-Classification-\Data_External_IQOTHNCCD\Normal cases\Normal case (213).jpg,normal,normal,0.999415159225464,0.9910070439655101,0.051320989110732,0.00039868048,True,True
VGG16,external,Normal case (214).jpg,C:\Users\shrey\Downloads\MIP_project_part2\Lung-Cancer-Classification-\Lung-Cancer-Classification-\Data_External_IQOTHNCCD\Normal cases\Normal case (214).jpg,normal,normal,0.9991872906684875,0.997014837765164,0.0203367546166778,2.7141281e-05,True,True
VGG16,external,Normal case (215).jpg,C:\Users\shrey\Downloads\MIP_project_part2\Lung-Cancer-Classification-\Lung-Cancer-Classification-\Data_External_IQOTHNCCD\Normal cases\Normal case (215).jpg,normal,normal,0.9992423057556152,0.9800061837104295,0.0980150128579342,0.0022677644,True,True
VGG16,external,Normal case (216).jpg,C:\Users\shrey\Downloads\MIP_project_part2\Lung-Cancer-Classification-\Lung-Cancer-Classification-\Data_External_IQOTHNCCD\Normal cases\Normal case (216).jpg,normal,normal,0.9997716546058656,0.9991848245408619,0.0066124955847587,1.8745934e-06,True,True
VGG16,external,Normal case (217).jpg,C:\Users\shrey\Downloads\MIP_project_part2\Lung-Cancer-Classification-\Lung-Cancer-Classification-\Data_External_IQOTHNCCD\Normal cases\Normal case (217).jpg,normal,normal,0.9991363883018494,0.9984626073019172,0.0114948591944362,6.362481e-06,True,True
VGG16,external,Normal case (218).jpg,C:\Users\shrey\Downloads\MIP_project_part2\Lung-Cancer-Classification-\Lung-Cancer-Classification-\Data_External_IQOTHNCCD\Normal cases\Normal case (218).jpg,normal,normal,0.9997087121009828,0.9963401959212206,0.0241857267646479,8.903887e-05,True,True
VGG16,external,Normal case (219).jpg,C:\Users\shrey\Downloads\MIP_project_part2\Lung-Cancer-Classification-\Lung-Cancer-Classification-\Data_External_IQOTHNCCD\Normal cases\Normal case (219).jpg,normal,normal,0.9994577765464784,0.9858712899331294,0.0742103562470768,0.00048348217,True,True
VGG16,external,Normal case (22).jpg,C:\Users\shrey\Downloads\MIP_project_part2\Lung-Cancer-Classification-\Lung-Cancer-Classification-\Data_External_IQOTHNCCD\Normal cases\Normal case (22).jpg,normal,normal,0.927200973033905,0.7943998873233796,0.5080684770794629,0.06605036,True,True
VGG16,external,Normal case (220).jpg,C:\Users\shrey\Downloads\MIP_project_part2\Lung-Cancer-Classification-\Lung-Cancer-Classification-\Data_External_IQOTHNCCD\Normal cases\Normal case (220).jpg,normal,normal,0.9920117259025574,0.9825561901743641,0.0879167810035083,0.0006718509,True,True
VGG16,external,Normal case (221).jpg,C:\Users\shrey\Downloads\MIP_project_part2\Lung-Cancer-Classification-\Lung-Cancer-Classification-\Data_External_IQOTHNCCD\Normal cases\Normal case (221).jpg,normal,normal,0.9939006567001344,0.9483534026221605,0.2033352942547902,0.013980737,True,True
VGG16,external,Normal case (222).jpg,C:\Users\shrey\Downloads\MIP_project_part2\Lung-Cancer-Classification-\Lung-Cancer-Classification-\Data_External_IQOTHNCCD\Normal cases\Normal case (222).jpg,normal,normal,0.9955688118934632,0.9747283284959849,0.1179006088651978,0.0024084589,True,True
VGG16,external,Normal case (223).jpg,C:\Users\shrey\Downloads\MIP_project_part2\Lung-Cancer-Classification-\Lung-Cancer-Classification-\Data_External_IQOTHNCCD\Normal cases\Normal case (223).jpg,normal,normal,0.8741677403450012,0.756790453568101,0.5547513070323038,0.03888949,True,True
VGG16,external,Normal case (224).jpg,C:\Users\shrey\Downloads\MIP_project_part2\Lung-Cancer-Classification-\Lung-Cancer-Classification-\Data_External_IQOTHNCCD\Normal cases\Normal case (224).jpg,normal,normal,0.9573152661323548,0.876019835472107,0.3747808873491365,0.015034737,True,True
VGG16,external,Normal case (225).jpg,C:\Users\shrey\Downloads\MIP_project_part2\Lung-Cancer-Classification-\Lung-Cancer-Classification-\Data_External_IQOTHNCCD\Normal cases\Normal case (225).jpg,normal,normal,0.9558340311050416,0.9372821506112814,0.2343811507278103,0.00418378,True,True
VGG16,external,Normal case (226).jpg,C:\Users\shrey\Downloads\MIP_project_part2\Lung-Cancer-Classification-\Lung-Cancer-Classification-\Data_External_IQOTHNCCD\Normal cases\Normal case (226).jpg,normal,normal,0.9899223446846008,0.9442148891394027,0.2152090409941242,0.012476456,True,True
VGG16,external,Normal case (227).jpg,C:\Users\shrey\Downloads\MIP_project_part2\Lung-Cancer-Classification-\Lung-Cancer-Classification-\Data_External_IQOTHNCCD\Normal cases\Normal case (227).jpg,normal,normal,0.9885457158088684,0.9682549636345357,0.1407567009064656,0.0015509321,True,True
VGG16,external,Normal case (228).jpg,C:\Users\shrey\Downloads\MIP_project_part2\Lung-Cancer-Classification-\Lung-Cancer-Classification-\Data_External_IQOTHNCCD\Normal cases\Normal case (228).jpg,normal,normal,0.9884371161460876,0.9201360955776182,0.2784368546027657,0.009103502,True,True
VGG16,external,Normal case (229).jpg,C:\Users\shrey\Downloads\MIP_project_part2\Lung-Cancer-Classification-\Lung-Cancer-Classification-\Data_External_IQOTHNCCD\Normal cases\Normal case (229).jpg,normal,normal,0.98695707321167,0.9417331509757787,0.2221717945916542,0.016439833,True,True
VGG16,external,Normal case (23).jpg,C:\Users\shrey\Downloads\MIP_project_part2\Lung-Cancer-Classification-\Lung-Cancer-Classification-\Data_External_IQOTHNCCD\Normal cases\Normal case (23).jpg,normal,normal,0.9533722400665284,0.7640873789787292,0.546322513665681,0.056748543,True,True
VGG16,external,Normal case (230).jpg,C:\Users\shrey\Downloads\MIP_project_part2\Lung-Cancer-Classification-\Lung-Cancer-Classification-\Data_External_IQOTHNCCD\Normal cases\Normal case (230).jpg,normal,normal,0.9890795350074768,0.8997862311080099,0.3255524154414998,0.051141437,True,True
VGG16,external,Normal case (231).jpg,C:\Users\shrey\Downloads\MIP_project_part2\Lung-Cancer-Classification-\Lung-Cancer-Classification-\Data_External_IQOTHNCCD\Normal cases\Normal case (231).jpg,normal,normal,0.8425104022026062,0.7156999437138438,0.5969688599824265,0.06737579,True,True
VGG16,external,Normal case (232).jpg,C:\Users\shrey\Downloads\MIP_project_part2\Lung-Cancer-Classification-\Lung-Cancer-Classification-\Data_External_IQOTHNCCD\Normal cases\Normal case (232).jpg,normal,normal,0.8236399292945862,0.7139668627642095,0.5985614715346635,0.05334233,True,True
VGG16,external,Normal case (233).jpg,C:\Users\shrey\Downloads\MIP_project_part2\Lung-Cancer-Classification-\Lung-Cancer-Classification-\Data_External_IQOTHNCCD\Normal cases\Normal case (233).jpg,normal,normal,0.8419368863105774,0.8087427979335189,0.4880408226857501,0.05821689,True,True
VGG16,external,Normal case (234).jpg,C:\Users\shrey\Downloads\MIP_project_part2\Lung-Cancer-Classification-\Lung-Cancer-Classification-\Data_External_IQOTHNCCD\Normal cases\Normal case (234).jpg,normal,normal,0.9020149111747742,0.7692838665097952,0.5401402328729769,0.083417326,True,True
VGG16,external,Normal case (235).jpg,C:\Users\shrey\Downloads\MIP_project_part2\Lung-Cancer-Classification-\Lung-Cancer-Classification-\Data_External_IQOTHNCCD\Normal cases\Normal case (235).jpg,normal,normal,0.8727425932884216,0.725549197755754,0.5876356931701687,0.09384833,True,True
VGG16,external,Normal case (236).jpg,C:\Users\shrey\Downloads\MIP_project_part2\Lung-Cancer-Classification-\Lung-Cancer-Classification-\Data_External_IQOTHNCCD\Normal cases\Normal case (236).jpg,normal,normal,0.7956511378288269,0.5218454643618315,0.6921924504274588,0.11858602,True,True
VGG16,external,Normal case (237).jpg,C:\Users\shrey\Downloads\MIP_project_part2\Lung-Cancer-Classification-\Lung-Cancer-Classification-\Data_External_IQOTHNCCD\Normal cases\Normal case (237).jpg,normal,normal,0.96250581741333,0.932750117732212,0.2464665067996669,0.008329271,True,True
VGG16,external,Normal case (238).jpg,C:\Users\shrey\Downloads\MIP_project_part2\Lung-Cancer-Classification-\Lung-Cancer-Classification-\Data_External_IQOTHNCCD\Normal cases\Normal case (238).jpg,normal,normal,0.9117304682731628,0.7930181622505188,0.5099302792138806,0.065659575,True,True
VGG16,external,Normal case (239).jpg,C:\Users\shrey\Downloads\MIP_project_part2\Lung-Cancer-Classification-\Lung-Cancer-Classification-\Data_External_IQOTHNCCD\Normal cases\Normal case (239).jpg,normal,normal,0.8744962811470032,0.8405587250599638,0.4387422376941046,0.021627177,True,True
VGG16,external,Normal case (24).jpg,C:\Users\shrey\Downloads\MIP_project_part2\Lung-Cancer-Classification-\Lung-Cancer-Classification-\Data_External_IQOTHNCCD\Normal cases\Normal case (24).jpg,normal,normal,0.9349961876869202,0.803888775408268,0.4949639750251656,0.058128424,True,True
VGG16,external,Normal case (240).jpg,C:\Users\shrey\Downloads\MIP_project_part2\Lung-Cancer-Classification-\Lung-Cancer-Classification-\Data_External_IQOTHNCCD\Normal cases\Normal case (240).jpg,normal,normal,0.9394535422325134,0.810384429525584,0.4856650395310266,0.081312515,True,True
VGG16,external,Normal case (241).jpg,C:\Users\shrey\Downloads\MIP_project_part2\Lung-Cancer-Classification-\Lung-Cancer-Classification-\Data_External_IQOTHNCCD\Normal cases\Normal case (241).jpg,normal,normal,0.949995458126068,0.855638800188899,0.4128020649195028,0.042350482,True,True
VGG16,external,Normal case (242).jpg,C:\Users\shrey\Downloads\MIP_project_part2\Lung-Cancer-Classification-\Lung-Cancer-Classification-\Data_External_IQOTHNCCD\Normal cases\Normal case (242).jpg,normal,normal,0.9703009724617004,0.8733855948084965,0.3798997147343093,0.034217525,True,True
VGG16,external,Normal case (243).jpg,C:\Users\shrey\Downloads\MIP_project_part2\Lung-Cancer-Classification-\Lung-Cancer-Classification-\Data_External_IQOTHNCCD\Normal cases\Normal case (243).jpg,normal,normal,0.9688723087310792,0.8826440737466328,0.3616235591107759,0.017349614,True,True
VGG16,external,Normal case (244).jpg,C:\Users\shrey\Downloads\MIP_project_part2\Lung-Cancer-Classification-\Lung-Cancer-Classification-\Data_External_IQOTHNCCD\Normal cases\Normal case (244).jpg,normal,normal,0.9954853057861328,0.9616181183519075,0.1627671314477324,0.0045179743,True,True
VGG16,external,Normal case (245).jpg,C:\Users\shrey\Downloads\MIP_project_part2\Lung-Cancer-Classification-\Lung-Cancer-Classification-\Data_External_IQOTHNCCD\Normal cases\Normal case (245).jpg,normal,normal,0.996822714805603,0.9844522370221968,0.0801646290025943,0.00092569925,True,True
VGG16,external,Normal case (246).jpg,C:\Users\shrey\Downloads\MIP_project_part2\Lung-Cancer-Classification-\Lung-Cancer-Classification-\Data_External_IQOTHNCCD\Normal cases\Normal case (246).jpg,normal,normal,0.998473584651947,0.9710018736932398,0.1312421883066762,0.007887165,True,True
VGG16,external,Normal case (247).jpg,C:\Users\shrey\Downloads\MIP_project_part2\Lung-Cancer-Classification-\Lung-Cancer-Classification-\Data_External_IQOTHNCCD\Normal cases\Normal case (247).jpg,normal,normal,0.9876415729522704,0.799922720878385,0.5005095953536307,0.054579016,True,True
VGG16,external,Normal case (248).jpg,C:\Users\shrey\Downloads\MIP_project_part2\Lung-Cancer-Classification-\Lung-Cancer-Classification-\Data_External_IQOTHNCCD\Normal cases\Normal case (248).jpg,normal,normal,0.9964281916618348,0.9073704859474674,0.3085796919539386,0.04210698,True,True
VGG16,external,Normal case (249).jpg,C:\Users\shrey\Downloads\MIP_project_part2\Lung-Cancer-Classification-\Lung-Cancer-Classification-\Data_External_IQOTHNCCD\Normal cases\Normal case (249).jpg,normal,normal,0.9962728023529052,0.9241634979844094,0.2684809653885707,0.054060396,True,True
VGG16,external,Normal case (25).jpg,C:\Users\shrey\Downloads\MIP_project_part2\Lung-Cancer-Classification-\Lung-Cancer-Classification-\Data_External_IQOTHNCCD\Normal cases\Normal case (25).jpg,normal,normal,0.9418331384658812,0.846203202730976,0.4292388676765153,0.02930692,True,True
VGG16,external,Normal case (250).jpg,C:\Users\shrey\Downloads\MIP_project_part2\Lung-Cancer-Classification-\Lung-Cancer-Classification-\Data_External_IQOTHNCCD\Normal cases\Normal case (250).jpg,normal,normal,0.9983556866645812,0.9728241402481217,0.12478380421334,0.0020292797,True,True
VGG16,external,Normal case (251).jpg,C:\Users\shrey\Downloads\MIP_project_part2\Lung-Cancer-Classification-\Lung-Cancer-Classification-\Data_External_IQOTHNCCD\Normal cases\Normal case (251).jpg,normal,normal,0.9959471821784972,0.9384436226537219,0.2312285554608134,0.01597822,True,True
VGG16,external,Normal case (252).jpg,C:\Users\shrey\Downloads\MIP_project_part2\Lung-Cancer-Classification-\Lung-Cancer-Classification-\Data_External_IQOTHNCCD\Normal cases\Normal case (252).jpg,normal,normal,0.9953641891479492,0.9901266856177245,0.0554184828017123,0.0001357076,True,True
VGG16,external,Normal case (253).jpg,C:\Users\shrey\Downloads\MIP_project_part2\Lung-Cancer-Classification-\Lung-Cancer-Classification-\Data_External_IQOTHNCCD\Normal cases\Normal case (253).jpg,normal,normal,0.9925692677497864,0.8876023369957693,0.3514989557197526,0.030504165,True,True
VGG16,external,Normal case (254).jpg,C:\Users\shrey\Downloads\MIP_project_part2\Lung-Cancer-Classification-\Lung-Cancer-Classification-\Data_External_IQOTHNCCD\Normal cases\Normal case (254).jpg,normal,malignant,0.8394689708948135,0.8368679359555244,0.444827282170573,0.07292237,False,False
VGG16,external,Normal case (255).jpg,C:\Users\shrey\Downloads\MIP_project_part2\Lung-Cancer-Classification-\Lung-Cancer-Classification-\Data_External_IQOTHNCCD\Normal cases\Normal case (255).jpg,normal,malignant,0.7816933053545654,0.7011419106274843,0.6098936663742693,0.10350869,False,False
VGG16,external,Normal case (256).jpg,C:\Users\shrey\Downloads\MIP_project_part2\Lung-Cancer-Classification-\Lung-Cancer-Classification-\Data_External_IQOTHNCCD\Normal cases\Normal case (256).jpg,normal,malignant,0.79162605071906,0.7138450648635626,0.598672873650502,0.09937836,False,False
VGG16,external,Normal case (257).jpg,C:\Users\shrey\Downloads\MIP_project_part2\Lung-Cancer-Classification-\Lung-Cancer-Classification-\Data_External_IQOTHNCCD\Normal cases\Normal case (257).jpg,normal,normal,0.8475838899612427,0.7097838781774044,0.6023451375244032,0.10888679,True,True
VGG16,external,Normal case (258).jpg,C:\Users\shrey\Downloads\MIP_project_part2\Lung-Cancer-Classification-\Lung-Cancer-Classification-\Data_External_IQOTHNCCD\Normal cases\Normal case (258).jpg,normal,normal,0.9325885772705078,0.7616233685985208,0.5492015023564789,0.05862462,True,True
VGG16,external,Normal case (259).jpg,C:\Users\shrey\Downloads\MIP_project_part2\Lung-Cancer-Classification-\Lung-Cancer-Classification-\Data_External_IQOTHNCCD\Normal cases\Normal case (259).jpg,normal,normal,0.9545167088508606,0.864399881567806,0.3968953397569019,0.022759305,True,True
VGG16,external,Normal case (26).jpg,C:\Users\shrey\Downloads\MIP_project_part2\Lung-Cancer-Classification-\Lung-Cancer-Classification-\Data_External_IQOTHNCCD\Normal cases\Normal case (26).jpg,normal,normal,0.609135091304779,0.5510388072580099,0.6879282015296235,0.057975624,True,True
VGG16,external,Normal case (260).jpg,C:\Users\shrey\Downloads\MIP_project_part2\Lung-Cancer-Classification-\Lung-Cancer-Classification-\Data_External_IQOTHNCCD\Normal cases\Normal case (260).jpg,normal,normal,0.9457674026489258,0.8035347727127374,0.4954629423538607,0.075367816,True,True
VGG16,external,Normal case (261).jpg,C:\Users\shrey\Downloads\MIP_project_part2\Lung-Cancer-Classification-\Lung-Cancer-Classification-\Data_External_IQOTHNCCD\Normal cases\Normal case (261).jpg,normal,normal,0.9096078276634216,0.7660742532461882,0.5439765798366839,0.057225782,True,True
VGG16,external,Normal case (262).jpg,C:\Users\shrey\Downloads\MIP_project_part2\Lung-Cancer-Classification-\Lung-Cancer-Classification-\Data_External_IQOTHNCCD\Normal cases\Normal case (262).jpg,normal,normal,0.9477076530456544,0.7807351145893335,0.5259759603609877,0.05095714,True,True
VGG16,external,Normal case (263).jpg,C:\Users\shrey\Downloads\MIP_project_part2\Lung-Cancer-Classification-\Lung-Cancer-Classification-\Data_External_IQOTHNCCD\Normal cases\Normal case (263).jpg,normal,normal,0.9434027671813964,0.709096509963274,0.6029586452211942,0.10080477,True,True
VGG16,external,Normal case (264).jpg,C:\Users\shrey\Downloads\MIP_project_part2\Lung-Cancer-Classification-\Lung-Cancer-Classification-\Data_External_IQOTHNCCD\Normal cases\Normal case (264).jpg,normal,normal,0.9613484144210817,0.8618204554077238,0.4016450142772923,0.04497029,True,True
VGG16,external,Normal case (265).jpg,C:\Users\shrey\Downloads\MIP_project_part2\Lung-Cancer-Classification-\Lung-Cancer-Classification-\Data_External_IQOTHNCCD\Normal cases\Normal case (265).jpg,normal,normal,0.9620326161384584,0.8543445144314319,0.4150985453093338,0.040881574,True,True
VGG16,external,Normal case (266).jpg,C:\Users\shrey\Downloads\MIP_project_part2\Lung-Cancer-Classification-\Lung-Cancer-Classification-\Data_External_IQOTHNCCD\Normal cases\Normal case (266).jpg,normal,normal,0.9875784516334534,0.9517548164585606,0.1933156340664207,0.0078001567,True,True
VGG16,external,Normal case (267).jpg,C:\Users\shrey\Downloads\MIP_project_part2\Lung-Cancer-Classification-\Lung-Cancer-Classification-\Data_External_IQOTHNCCD\Normal cases\Normal case (267).jpg,normal,normal,0.9950756430625916,0.97660122619709,0.1109868597677027,0.0008266989,True,True
VGG16,external,Normal case (268).jpg,C:\Users\shrey\Downloads\MIP_project_part2\Lung-Cancer-Classification-\Lung-Cancer-Classification-\Data_External_IQOTHNCCD\Normal cases\Normal case (268).jpg,normal,normal,0.9892318844795228,0.9536326152738184,0.1876769812065527,0.004026476,True,True
VGG16,external,Normal case (269).jpg,C:\Users\shrey\Downloads\MIP_project_part2\Lung-Cancer-Classification-\Lung-Cancer-Classification-\Data_External_IQOTHNCCD\Normal cases\Normal case (269).jpg,normal,normal,0.9761852622032166,0.9125697268173099,0.2965516627106259,0.009827255,True,True
VGG16,external,Normal case (27).jpg,C:\Users\shrey\Downloads\MIP_project_part2\Lung-Cancer-Classification-\Lung-Cancer-Classification-\Data_External_IQOTHNCCD\Normal cases\Normal case (27).jpg,normal,normal,0.9983916878700256,0.9938658697064966,0.0373618662985262,0.00013263988,True,True
VGG16,external,Normal case (270).jpg,C:\Users\shrey\Downloads\MIP_project_part2\Lung-Cancer-Classification-\Lung-Cancer-Classification-\Data_External_IQOTHNCCD\Normal cases\Normal case (270).jpg,normal,normal,0.9357448220252992,0.8786712716100737,0.3695639902348746,0.015285146,True,True
VGG16,external,Normal case (271).jpg,C:\Users\shrey\Downloads\MIP_project_part2\Lung-Cancer-Classification-\Lung-Cancer-Classification-\Data_External_IQOTHNCCD\Normal cases\Normal case (271).jpg,normal,normal,0.8839477896690369,0.8308187234215438,0.4545856532377169,0.042500637,True,True
VGG16,external,Normal case (272).jpg,C:\Users\shrey\Downloads\MIP_project_part2\Lung-Cancer-Classification-\Lung-Cancer-Classification-\Data_External_IQOTHNCCD\Normal cases\Normal case (272).jpg,normal,normal,0.9419082999229432,0.7804306950420142,0.5263622750296226,0.071175605,True,True
VGG16,external,Normal case (273).jpg,C:\Users\shrey\Downloads\MIP_project_part2\Lung-Cancer-Classification-\Lung-Cancer-Classification-\Data_External_IQOTHNCCD\Normal cases\Normal case (273).jpg,normal,normal,0.9787432551383972,0.9366151031572372,0.2361814008674884,0.011222463,True,True
VGG16,external,Normal case (274).jpg,C:\Users\shrey\Downloads\MIP_project_part2\Lung-Cancer-Classification-\Lung-Cancer-Classification-\Data_External_IQOTHNCCD\Normal cases\Normal case (274).jpg,normal,normal,0.9937303066253662,0.9540730164153503,0.1863431883341196,0.012163741,True,True
VGG16,external,Normal case (275).jpg,C:\Users\shrey\Downloads\MIP_project_part2\Lung-Cancer-Classification-\Lung-Cancer-Classification-\Data_External_IQOTHNCCD\Normal cases\Normal case (275).jpg,normal,normal,0.9772807955741882,0.9071831464243588,0.3090068719050201,0.013459994,True,True
VGG16,external,Normal case (276).jpg,C:\Users\shrey\Downloads\MIP_project_part2\Lung-Cancer-Classification-\Lung-Cancer-Classification-\Data_External_IQOTHNCCD\Normal cases\Normal case (276).jpg,normal,normal,0.957915425300598,0.8034782074391842,0.4955426991527528,0.06545562,True,True
VGG16,external,Normal case (277).jpg,C:\Users\shrey\Downloads\MIP_project_part2\Lung-Cancer-Classification-\Lung-Cancer-Classification-\Data_External_IQOTHNCCD\Normal cases\Normal case (277).jpg,normal,normal,0.9950942993164062,0.9658068727439968,0.149028521748265,0.005772643,True,True
VGG16,external,Normal case (278).jpg,C:\Users\shrey\Downloads\MIP_project_part2\Lung-Cancer-Classification-\Lung-Cancer-Classification-\Data_External_IQOTHNCCD\Normal cases\Normal case (278).jpg,normal,normal,0.9963889122009276,0.9890828030765988,0.0601748376731393,0.00018734422,True,True
VGG16,external,Normal case (279).jpg,C:\Users\shrey\Downloads\MIP_project_part2\Lung-Cancer-Classification-\Lung-Cancer-Classification-\Data_External_IQOTHNCCD\Normal cases\Normal case (279).jpg,normal,normal,0.8734753131866455,0.7290717468131334,0.5841799246140938,0.09553492,True,True
VGG16,external,Normal case (28).jpg,C:\Users\shrey\Downloads\MIP_project_part2\Lung-Cancer-Classification-\Lung-Cancer-Classification-\Data_External_IQOTHNCCD\Normal cases\Normal case (28).jpg,normal,normal,0.990812122821808,0.8457200902048498,0.4300616764357554,0.081475385,True,True
VGG16,external,Normal case (280).jpg,C:\Users\shrey\Downloads\MIP_project_part2\Lung-Cancer-Classification-\Lung-Cancer-Classification-\Data_External_IQOTHNCCD\Normal cases\Normal case (280).jpg,normal,normal,0.7334439754486084,0.6592540526762605,0.6415290085348777,0.054667983,True,True
VGG16,external,Normal case (281).jpg,C:\Users\shrey\Downloads\MIP_project_part2\Lung-Cancer-Classification-\Lung-Cancer-Classification-\Data_External_IQOTHNCCD\Normal cases\Normal case (281).jpg,normal,normal,0.7079252004623413,0.6180141977965832,0.6650278995905898,0.08264576,True,True
VGG16,external,Normal case (282).jpg,C:\Users\shrey\Downloads\MIP_project_part2\Lung-Cancer-Classification-\Lung-Cancer-Classification-\Data_External_IQOTHNCCD\Normal cases\Normal case (282).jpg,normal,malignant,0.5360965630970895,0.6812853589653969,0.6258967880259809,0.09103571,False,False
VGG16,external,Normal case (283).jpg,C:\Users\shrey\Downloads\MIP_project_part2\Lung-Cancer-Classification-\Lung-Cancer-Classification-\Data_External_IQOTHNCCD\Normal cases\Normal case (283).jpg,normal,normal,0.6195608377456665,0.6396623458713293,0.6536121998481812,0.06839248,True,True
VGG16,external,Normal case (284).jpg,C:\Users\shrey\Downloads\MIP_project_part2\Lung-Cancer-Classification-\Lung-Cancer-Classification-\Data_External_IQOTHNCCD\Normal cases\Normal case (284).jpg,normal,malignant,0.6089446607511491,0.6492987805977464,0.6478796378284297,0.035031103,False,False
VGG16,external,Normal case (285).jpg,C:\Users\shrey\Downloads\MIP_project_part2\Lung-Cancer-Classification-\Lung-Cancer-Classification-\Data_External_IQOTHNCCD\Normal cases\Normal case (285).jpg,normal,malignant,0.5123028357047588,0.5369329424574971,0.6904166104785967,0.06022904,False,False
VGG16,external,Normal case (286).jpg,C:\Users\shrey\Downloads\MIP_project_part2\Lung-Cancer-Classification-\Lung-Cancer-Classification-\Data_External_IQOTHNCCD\Normal cases\Normal case (286).jpg,normal,normal,0.7309916019439697,0.6930392202921212,0.6166472834495361,0.05693047,True,True
VGG16,external,Normal case (287).jpg,C:\Users\shrey\Downloads\MIP_project_part2\Lung-Cancer-Classification-\Lung-Cancer-Classification-\Data_External_IQOTHNCCD\Normal cases\Normal case (287).jpg,normal,normal,0.8621231317520142,0.7861602054908872,0.5189998079846252,0.04164849,True,True
VGG16,external,Normal case (288).jpg,C:\Users\shrey\Downloads\MIP_project_part2\Lung-Cancer-Classification-\Lung-Cancer-Classification-\Data_External_IQOTHNCCD\Normal cases\Normal case (288).jpg,normal,normal,0.8516351580619812,0.8493677563965321,0.4238042280447028,0.014792768,True,True
VGG16,external,Normal case (289).jpg,C:\Users\shrey\Downloads\MIP_project_part2\Lung-Cancer-Classification-\Lung-Cancer-Classification-\Data_External_IQOTHNCCD\Normal cases\Normal case (289).jpg,normal,normal,0.963397979736328,0.887284717988223,0.3521549215230676,0.023133429,True,True
VGG16,external,Normal case (29).jpg,C:\Users\shrey\Downloads\MIP_project_part2\Lung-Cancer-Classification-\Lung-Cancer-Classification-\Data_External_IQOTHNCCD\Normal cases\Normal case (29).jpg,normal,normal,0.8932910561561584,0.8236707100877538,0.4657815459400827,0.040233433,True,True
VGG16,external,Normal case (290).jpg,C:\Users\shrey\Downloads\MIP_project_part2\Lung-Cancer-Classification-\Lung-Cancer-Classification-\Data_External_IQOTHNCCD\Normal cases\Normal case (290).jpg,normal,normal,0.9672893285751344,0.8419370246119798,0.4364438621468187,0.055755496,True,True
VGG16,external,Normal case (291).jpg,C:\Users\shrey\Downloads\MIP_project_part2\Lung-Cancer-Classification-\Lung-Cancer-Classification-\Data_External_IQOTHNCCD\Normal cases\Normal case (291).jpg,normal,normal,0.8560952544212341,0.7944132937118411,0.5080503980332964,0.054825068,True,True
VGG16,external,Normal case (292).jpg,C:\Users\shrey\Downloads\MIP_project_part2\Lung-Cancer-Classification-\Lung-Cancer-Classification-\Data_External_IQOTHNCCD\Normal cases\Normal case (292).jpg,normal,normal,0.5538449883460999,0.4458336611278355,0.6872676598482748,0.08210001,True,False
VGG16,external,Normal case (293).jpg,C:\Users\shrey\Downloads\MIP_project_part2\Lung-Cancer-Classification-\Lung-Cancer-Classification-\Data_External_IQOTHNCCD\Normal cases\Normal case (293).jpg,normal,normal,0.7135193943977356,0.6858349237591028,0.6223927573220842,0.04945044,True,True
VGG16,external,Normal case (294).jpg,C:\Users\shrey\Downloads\MIP_project_part2\Lung-Cancer-Classification-\Lung-Cancer-Classification-\Data_External_IQOTHNCCD\Normal cases\Normal case (294).jpg,normal,malignant,0.6947854385944083,0.7171840362716466,0.5955932679760184,0.050110564,False,False
VGG16,external,Normal case (295).jpg,C:\Users\shrey\Downloads\MIP_project_part2\Lung-Cancer-Classification-\Lung-Cancer-Classification-\Data_External_IQOTHNCCD\Normal cases\Normal case (295).jpg,normal,malignant,0.8652478037402034,0.8637490351684391,0.3980990660335788,0.016060613,False,False
VGG16,external,Normal case (296).jpg,C:\Users\shrey\Downloads\MIP_project_part2\Lung-Cancer-Classification-\Lung-Cancer-Classification-\Data_External_IQOTHNCCD\Normal cases\Normal case (296).jpg,normal,normal,0.616783618927002,0.4772490013856441,0.692111592920458,0.044133794,True,False
VGG16,external,Normal case (297).jpg,C:\Users\shrey\Downloads\MIP_project_part2\Lung-Cancer-Classification-\Lung-Cancer-Classification-\Data_External_IQOTHNCCD\Normal cases\Normal case (297).jpg,normal,normal,0.9867697954177856,0.9172463167924434,0.2854439250217014,0.011572883,True,True
VGG16,external,Normal case (298).jpg,C:\Users\shrey\Downloads\MIP_project_part2\Lung-Cancer-Classification-\Lung-Cancer-Classification-\Data_External_IQOTHNCCD\Normal cases\Normal case (298).jpg,normal,normal,0.9716765284538268,0.7634828924201429,0.5470319231401022,0.09286413,True,True
VGG16,external,Normal case (299).jpg,C:\Users\shrey\Downloads\MIP_project_part2\Lung-Cancer-Classification-\Lung-Cancer-Classification-\Data_External_IQOTHNCCD\Normal cases\Normal case (299).jpg,normal,normal,0.9990284442901612,0.9765199465982733,0.1112901386682909,0.0034218382,True,True
VGG16,external,Normal case (3).jpg,C:\Users\shrey\Downloads\MIP_project_part2\Lung-Cancer-Classification-\Lung-Cancer-Classification-\Data_External_IQOTHNCCD\Normal cases\Normal case (3).jpg,normal,normal,0.9845573902130128,0.823661747330334,0.4657952471511409,0.079737335,True,True
VGG16,external,Normal case (30).jpg,C:\Users\shrey\Downloads\MIP_project_part2\Lung-Cancer-Classification-\Lung-Cancer-Classification-\Data_External_IQOTHNCCD\Normal cases\Normal case (30).jpg,normal,normal,0.8561937808990479,0.6126263570040464,0.6675587981355904,0.12296191,True,True
VGG16,external,Normal case (300).jpg,C:\Users\shrey\Downloads\MIP_project_part2\Lung-Cancer-Classification-\Lung-Cancer-Classification-\Data_External_IQOTHNCCD\Normal cases\Normal case (300).jpg,normal,normal,0.9974735379219056,0.9540863135989639,0.1863028519146832,0.0053215395,True,True
VGG16,external,Normal case (301).jpg,C:\Users\shrey\Downloads\MIP_project_part2\Lung-Cancer-Classification-\Lung-Cancer-Classification-\Data_External_IQOTHNCCD\Normal cases\Normal case (301).jpg,normal,normal,0.9915093183517456,0.8925473615527153,0.3411560358911357,0.037621085,True,True
VGG16,external,Normal case (302).jpg,C:\Users\shrey\Downloads\MIP_project_part2\Lung-Cancer-Classification-\Lung-Cancer-Classification-\Data_External_IQOTHNCCD\Normal cases\Normal case (302).jpg,normal,normal,0.9869226813316344,0.9524627857608721,0.1911988508745967,0.008801148,True,True
VGG16,external,Normal case (303).jpg,C:\Users\shrey\Downloads\MIP_project_part2\Lung-Cancer-Classification-\Lung-Cancer-Classification-\Data_External_IQOTHNCCD\Normal cases\Normal case (303).jpg,normal,normal,0.9870670437812804,0.858695755712688,0.4073239788937656,0.050426137,True,True
VGG16,external,Normal case (304).jpg,C:\Users\shrey\Downloads\MIP_project_part2\Lung-Cancer-Classification-\Lung-Cancer-Classification-\Data_External_IQOTHNCCD\Normal cases\Normal case (304).jpg,normal,normal,0.9779416918754578,0.8605925794690847,0.4038864528939465,0.030549372,True,True
VGG16,external,Normal case (305).jpg,C:\Users\shrey\Downloads\MIP_project_part2\Lung-Cancer-Classification-\Lung-Cancer-Classification-\Data_External_IQOTHNCCD\Normal cases\Normal case (305).jpg,normal,normal,0.923805832862854,0.8505357173271478,0.4217787276402472,0.035118457,True,True
VGG16,external,Normal case (306).jpg,C:\Users\shrey\Downloads\MIP_project_part2\Lung-Cancer-Classification-\Lung-Cancer-Classification-\Data_External_IQOTHNCCD\Normal cases\Normal case (306).jpg,normal,normal,0.9819914698600768,0.8603259696974419,0.4043712949516987,0.056595102,True,True
VGG16,external,Normal case (307).jpg,C:\Users\shrey\Downloads\MIP_project_part2\Lung-Cancer-Classification-\Lung-Cancer-Classification-\Data_External_IQOTHNCCD\Normal cases\Normal case (307).jpg,normal,normal,0.863926887512207,0.6630678619258106,0.6389795719727946,0.08548455,True,True
VGG16,external,Normal case (308).jpg,C:\Users\shrey\Downloads\MIP_project_part2\Lung-Cancer-Classification-\Lung-Cancer-Classification-\Data_External_IQOTHNCCD\Normal cases\Normal case (308).jpg,normal,normal,0.8774690628051758,0.6852264032349922,0.6228669711200492,0.12485247,True,True
VGG16,external,Normal case (309).jpg,C:\Users\shrey\Downloads\MIP_project_part2\Lung-Cancer-Classification-\Lung-Cancer-Classification-\Data_External_IQOTHNCCD\Normal cases\Normal case (309).jpg,normal,normal,0.9215712547302246,0.8100084867328405,0.4862106747486433,0.06890782,True,True
VGG16,external,Normal case (31).jpg,C:\Users\shrey\Downloads\MIP_project_part2\Lung-Cancer-Classification-\Lung-Cancer-Classification-\Data_External_IQOTHNCCD\Normal cases\Normal case (31).jpg,normal,normal,0.6375687718391418,0.5087017305195332,0.6929957290620623,0.108679906,True,True
VGG16,external,Normal case (310).jpg,C:\Users\shrey\Downloads\MIP_project_part2\Lung-Cancer-Classification-\Lung-Cancer-Classification-\Data_External_IQOTHNCCD\Normal cases\Normal case (310).jpg,normal,normal,0.9874606728553772,0.9037710148404586,0.3167171715315364,0.029858774,True,True
VGG16,external,Normal case (311).jpg,C:\Users\shrey\Downloads\MIP_project_part2\Lung-Cancer-Classification-\Lung-Cancer-Classification-\Data_External_IQOTHNCCD\Normal cases\Normal case (311).jpg,normal,normal,0.9835769534111024,0.8174769044853747,0.4751978227864205,0.09710191,True,True
VGG16,external,Normal case (312).jpg,C:\Users\shrey\Downloads\MIP_project_part2\Lung-Cancer-Classification-\Lung-Cancer-Classification-\Data_External_IQOTHNCCD\Normal cases\Normal case (312).jpg,normal,normal,0.984258770942688,0.823640025802888,0.465828897793316,0.080252334,True,True
VGG16,external,Normal case (313).jpg,C:\Users\shrey\Downloads\MIP_project_part2\Lung-Cancer-Classification-\Lung-Cancer-Classification-\Data_External_IQOTHNCCD\Normal cases\Normal case (313).jpg,normal,normal,0.9953176975250244,0.9758246158016846,0.1138717386103684,0.0030704518,True,True
VGG16,external,Normal case (314).jpg,C:\Users\shrey\Downloads\MIP_project_part2\Lung-Cancer-Classification-\Lung-Cancer-Classification-\Data_External_IQOTHNCCD\Normal cases\Normal case (314).jpg,normal,normal,0.9982339143753052,0.8978969883173705,0.3296793817381596,0.030847622,True,True
VGG16,external,Normal case (315).jpg,C:\Users\shrey\Downloads\MIP_project_part2\Lung-Cancer-Classification-\Lung-Cancer-Classification-\Data_External_IQOTHNCCD\Normal cases\Normal case (315).jpg,normal,normal,0.9994468092918396,0.9364932772587053,0.2365092529990778,0.007919884,True,True
VGG16,external,Normal case (316).jpg,C:\Users\shrey\Downloads\MIP_project_part2\Lung-Cancer-Classification-\Lung-Cancer-Classification-\Data_External_IQOTHNCCD\Normal cases\Normal case (316).jpg,normal,normal,0.9970557689666748,0.8788454301111415,0.3692190766771729,0.056531787,True,True
VGG16,external,Normal case (317).jpg,C:\Users\shrey\Downloads\MIP_project_part2\Lung-Cancer-Classification-\Lung-Cancer-Classification-\Data_External_IQOTHNCCD\Normal cases\Normal case (317).jpg,normal,normal,0.9967325925827026,0.9652044069953263,0.1510358759613468,0.0027697112,True,True
VGG16,external,Normal case (318).jpg,C:\Users\shrey\Downloads\MIP_project_part2\Lung-Cancer-Classification-\Lung-Cancer-Classification-\Data_External_IQOTHNCCD\Normal cases\Normal case (318).jpg,normal,normal,0.9974724650382996,0.8981328178197145,0.3291663975639147,0.05321014,True,True
VGG16,external,Normal case (319).jpg,C:\Users\shrey\Downloads\MIP_project_part2\Lung-Cancer-Classification-\Lung-Cancer-Classification-\Data_External_IQOTHNCCD\Normal cases\Normal case (319).jpg,normal,normal,0.99481201171875,0.8921302192320582,0.3420382594336829,0.0286101,True,True
VGG16,external,Normal case (32).jpg,C:\Users\shrey\Downloads\MIP_project_part2\Lung-Cancer-Classification-\Lung-Cancer-Classification-\Data_External_IQOTHNCCD\Normal cases\Normal case (32).jpg,normal,normal,0.5424150824546814,0.5405961163341999,0.6898474559486802,0.06352162,True,True
VGG16,external,Normal case (320).jpg,C:\Users\shrey\Downloads\MIP_project_part2\Lung-Cancer-Classification-\Lung-Cancer-Classification-\Data_External_IQOTHNCCD\Normal cases\Normal case (320).jpg,normal,normal,0.9955457448959352,0.8986643835669383,0.3280077764683538,0.037963085,True,True
VGG16,external,Normal case (321).jpg,C:\Users\shrey\Downloads\MIP_project_part2\Lung-Cancer-Classification-\Lung-Cancer-Classification-\Data_External_IQOTHNCCD\Normal cases\Normal case (321).jpg,normal,normal,0.9822270274162292,0.8025056982878596,0.4969091263895018,0.04732139,True,True
VGG16,external,Normal case (322).jpg,C:\Users\shrey\Downloads\MIP_project_part2\Lung-Cancer-Classification-\Lung-Cancer-Classification-\Data_External_IQOTHNCCD\Normal cases\Normal case (322).jpg,normal,normal,0.9967194199562072,0.9037197503494099,0.3168321376384969,0.019383227,True,True
VGG16,external,Normal case (323).jpg,C:\Users\shrey\Downloads\MIP_project_part2\Lung-Cancer-Classification-\Lung-Cancer-Classification-\Data_External_IQOTHNCCD\Normal cases\Normal case (323).jpg,normal,normal,0.9973594546318054,0.9364055971382186,0.2367451894152225,0.009696795,True,True
VGG16,external,Normal case (324).jpg,C:\Users\shrey\Downloads\MIP_project_part2\Lung-Cancer-Classification-\Lung-Cancer-Classification-\Data_External_IQOTHNCCD\Normal cases\Normal case (324).jpg,normal,normal,0.9976357221603394,0.9796025744872168,0.0995817594071528,0.0013826812,True,True
VGG16,external,Normal case (325).jpg,C:\Users\shrey\Downloads\MIP_project_part2\Lung-Cancer-Classification-\Lung-Cancer-Classification-\Data_External_IQOTHNCCD\Normal cases\Normal case (325).jpg,normal,normal,0.9993913173675536,0.9936817533161957,0.0382957916687051,0.000111514324,True,True
VGG16,external,Normal case (326).jpg,C:\Users\shrey\Downloads\MIP_project_part2\Lung-Cancer-Classification-\Lung-Cancer-Classification-\Data_External_IQOTHNCCD\Normal cases\Normal case (326).jpg,normal,normal,0.99936705827713,0.9626447031041608,0.1594461393119778,0.0071762963,True,True
VGG16,external,Normal case (327).jpg,C:\Users\shrey\Downloads\MIP_project_part2\Lung-Cancer-Classification-\Lung-Cancer-Classification-\Data_External_IQOTHNCCD\Normal cases\Normal case (327).jpg,normal,normal,0.9997348189353944,0.999163030028285,0.0067672144655916,9.379732e-07,True,True
VGG16,external,Normal case (328).jpg,C:\Users\shrey\Downloads\MIP_project_part2\Lung-Cancer-Classification-\Lung-Cancer-Classification-\Data_External_IQOTHNCCD\Normal cases\Normal case (328).jpg,normal,normal,0.9956369996070862,0.9757760483189486,0.1140512987209688,0.0021199614,True,True
VGG16,external,Normal case (329).jpg,C:\Users\shrey\Downloads\MIP_project_part2\Lung-Cancer-Classification-\Lung-Cancer-Classification-\Data_External_IQOTHNCCD\Normal cases\Normal case (329).jpg,normal,normal,0.9961637258529664,0.953284699935466,0.1887276550043504,0.004093492,True,True
VGG16,external,Normal case (33).jpg,C:\Users\shrey\Downloads\MIP_project_part2\Lung-Cancer-Classification-\Lung-Cancer-Classification-\Data_External_IQOTHNCCD\Normal cases\Normal case (33).jpg,normal,normal,0.950221300125122,0.8719020271673799,0.3827550552146576,0.032590523,True,True
VGG16,external,Normal case (330).jpg,C:\Users\shrey\Downloads\MIP_project_part2\Lung-Cancer-Classification-\Lung-Cancer-Classification-\Data_External_IQOTHNCCD\Normal cases\Normal case (330).jpg,normal,normal,0.9950150847434998,0.9836649908102117,0.0834102360692379,0.00038937933,True,True
VGG16,external,Normal case (331).jpg,C:\Users\shrey\Downloads\MIP_project_part2\Lung-Cancer-Classification-\Lung-Cancer-Classification-\Data_External_IQOTHNCCD\Normal cases\Normal case (331).jpg,normal,normal,0.9956335425376892,0.9566556154168211,0.1784308738960514,0.008809677,True,True
VGG16,external,Normal case (332).jpg,C:\Users\shrey\Downloads\MIP_project_part2\Lung-Cancer-Classification-\Lung-Cancer-Classification-\Data_External_IQOTHNCCD\Normal cases\Normal case (332).jpg,normal,normal,0.9988503456115724,0.9866128952126019,0.0710418604984445,0.000823319,True,True
VGG16,external,Normal case (333).jpg,C:\Users\shrey\Downloads\MIP_project_part2\Lung-Cancer-Classification-\Lung-Cancer-Classification-\Data_External_IQOTHNCCD\Normal cases\Normal case (333).jpg,normal,normal,0.9994063377380372,0.9722844358766451,0.1267092820920319,0.00862586,True,True
VGG16,external,Normal case (334).jpg,C:\Users\shrey\Downloads\MIP_project_part2\Lung-Cancer-Classification-\Lung-Cancer-Classification-\Data_External_IQOTHNCCD\Normal cases\Normal case (334).jpg,normal,normal,0.9996769428253174,0.9964847857736459,0.0233722605862998,0.00011484266,True,True
VGG16,external,Normal case (335).jpg,C:\Users\shrey\Downloads\MIP_project_part2\Lung-Cancer-Classification-\Lung-Cancer-Classification-\Data_External_IQOTHNCCD\Normal cases\Normal case (335).jpg,normal,normal,0.9986966252326964,0.9743185581173748,0.1193939636656657,0.0010254122,True,True
VGG16,external,Normal case (336).jpg,C:\Users\shrey\Downloads\MIP_project_part2\Lung-Cancer-Classification-\Lung-Cancer-Classification-\Data_External_IQOTHNCCD\Normal cases\Normal case (336).jpg,normal,normal,0.864890456199646,0.7216089386492968,0.5914273100267846,0.06371547,True,True
VGG16,external,Normal case (337).jpg,C:\Users\shrey\Downloads\MIP_project_part2\Lung-Cancer-Classification-\Lung-Cancer-Classification-\Data_External_IQOTHNCCD\Normal cases\Normal case (337).jpg,normal,normal,0.910812258720398,0.7139421701431274,0.5985840462906021,0.049737256,True,True
VGG16,external,Normal case (338).jpg,C:\Users\shrey\Downloads\MIP_project_part2\Lung-Cancer-Classification-\Lung-Cancer-Classification-\Data_External_IQOTHNCCD\Normal cases\Normal case (338).jpg,normal,normal,0.9551710486412048,0.8601345587521791,0.4047192115600216,0.035030045,True,True
VGG16,external,Normal case (339).jpg,C:\Users\shrey\Downloads\MIP_project_part2\Lung-Cancer-Classification-\Lung-Cancer-Classification-\Data_External_IQOTHNCCD\Normal cases\Normal case (339).jpg,normal,normal,0.8661187887191772,0.792190695181489,0.5110395889191357,0.033552926,True,True
VGG16,external,Normal case (34).jpg,C:\Users\shrey\Downloads\MIP_project_part2\Lung-Cancer-Classification-\Lung-Cancer-Classification-\Data_External_IQOTHNCCD\Normal cases\Normal case (34).jpg,normal,normal,0.7402549386024475,0.6859944253228605,0.6222682093207126,0.07315982,True,True
VGG16,external,Normal case (340).jpg,C:\Users\shrey\Downloads\MIP_project_part2\Lung-Cancer-Classification-\Lung-Cancer-Classification-\Data_External_IQOTHNCCD\Normal cases\Normal case (340).jpg,normal,normal,0.9584550857543944,0.8218795419670641,0.4685314292176495,0.06260003,True,True
VGG16,external,Normal case (341).jpg,C:\Users\shrey\Downloads\MIP_project_part2\Lung-Cancer-Classification-\Lung-Cancer-Classification-\Data_External_IQOTHNCCD\Normal cases\Normal case (341).jpg,normal,normal,0.9370481967926024,0.7766069099307061,0.5311690524202014,0.0512616,True,True
VGG16,external,Normal case (342).jpg,C:\Users\shrey\Downloads\MIP_project_part2\Lung-Cancer-Classification-\Lung-Cancer-Classification-\Data_External_IQOTHNCCD\Normal cases\Normal case (342).jpg,normal,normal,0.9563103318214417,0.7939911782741547,0.5086203991507695,0.05235188,True,True
VGG16,external,Normal case (343).jpg,C:\Users\shrey\Downloads\MIP_project_part2\Lung-Cancer-Classification-\Lung-Cancer-Classification-\Data_External_IQOTHNCCD\Normal cases\Normal case (343).jpg,normal,normal,0.9707798957824708,0.9651758904801682,0.1511305953454406,0.0023755024,True,True
VGG16,external,Normal case (344).jpg,C:\Users\shrey\Downloads\MIP_project_part2\Lung-Cancer-Classification-\Lung-Cancer-Classification-\Data_External_IQOTHNCCD\Normal cases\Normal case (344).jpg,normal,normal,0.9859400987625122,0.9207611004821957,0.2769065462630667,0.008033889,True,True
VGG16,external,Normal case (345).jpg,C:\Users\shrey\Downloads\MIP_project_part2\Lung-Cancer-Classification-\Lung-Cancer-Classification-\Data_External_IQOTHNCCD\Normal cases\Normal case (345).jpg,normal,normal,0.9678944945335388,0.809977512806654,0.4862556020182346,0.031845577,True,True
VGG16,external,Normal case (346).jpg,C:\Users\shrey\Downloads\MIP_project_part2\Lung-Cancer-Classification-\Lung-Cancer-Classification-\Data_External_IQOTHNCCD\Normal cases\Normal case (346).jpg,normal,normal,0.9876317381858826,0.8596169264055789,0.4056583088504807,0.06290258,True,True
VGG16,external,Normal case (347).jpg,C:\Users\shrey\Downloads\MIP_project_part2\Lung-Cancer-Classification-\Lung-Cancer-Classification-\Data_External_IQOTHNCCD\Normal cases\Normal case (347).jpg,normal,normal,0.9941298961639404,0.9339368554938119,0.2433343817643364,0.01847371,True,True
VGG16,external,Normal case (348).jpg,C:\Users\shrey\Downloads\MIP_project_part2\Lung-Cancer-Classification-\Lung-Cancer-Classification-\Data_External_IQOTHNCCD\Normal cases\Normal case (348).jpg,normal,normal,0.97516268491745,0.9659397919895127,0.148584122110668,0.002189423,True,True
VGG16,external,Normal case (349).jpg,C:\Users\shrey\Downloads\MIP_project_part2\Lung-Cancer-Classification-\Lung-Cancer-Classification-\Data_External_IQOTHNCCD\Normal cases\Normal case (349).jpg,normal,malignant,0.6311264429787116,0.625996776681859,0.6610519385944403,0.05031509,False,False
VGG16,external,Normal case (35).jpg,C:\Users\shrey\Downloads\MIP_project_part2\Lung-Cancer-Classification-\Lung-Cancer-Classification-\Data_External_IQOTHNCCD\Normal cases\Normal case (35).jpg,normal,normal,0.978984534740448,0.9030822707863991,0.3182572798829405,0.015608173,True,True
VGG16,external,Normal case (350).jpg,C:\Users\shrey\Downloads\MIP_project_part2\Lung-Cancer-Classification-\Lung-Cancer-Classification-\Data_External_IQOTHNCCD\Normal cases\Normal case (350).jpg,normal,normal,0.9999237060546876,0.9995768499657061,0.003710041377663,4.7660114e-07,True,True
VGG16,external,Normal case (351).jpg,C:\Users\shrey\Downloads\MIP_project_part2\Lung-Cancer-Classification-\Lung-Cancer-Classification-\Data_External_IQOTHNCCD\Normal cases\Normal case (351).jpg,normal,normal,0.9991222023963928,0.9948826916224789,0.0320986906937897,0.00010333609,True,True
VGG16,external,Normal case (352).jpg,C:\Users\shrey\Downloads\MIP_project_part2\Lung-Cancer-Classification-\Lung-Cancer-Classification-\Data_External_IQOTHNCCD\Normal cases\Normal case (352).jpg,normal,normal,0.999135434627533,0.9778910442691995,0.1061370572086834,0.0011616829,True,True
VGG16,external,Normal case (353).jpg,C:\Users\shrey\Downloads\MIP_project_part2\Lung-Cancer-Classification-\Lung-Cancer-Classification-\Data_External_IQOTHNCCD\Normal cases\Normal case (353).jpg,normal,normal,0.9973727464675904,0.9470230569131673,0.207189052986905,0.019650165,True,True
VGG16,external,Normal case (354).jpg,C:\Users\shrey\Downloads\MIP_project_part2\Lung-Cancer-Classification-\Lung-Cancer-Classification-\Data_External_IQOTHNCCD\Normal cases\Normal case (354).jpg,normal,normal,0.9983161687850952,0.9897274514951278,0.0572501049096827,0.0003943675,True,True
VGG16,external,Normal case (355).jpg,C:\Users\shrey\Downloads\MIP_project_part2\Lung-Cancer-Classification-\Lung-Cancer-Classification-\Data_External_IQOTHNCCD\Normal cases\Normal case (355).jpg,normal,normal,0.9816024899482728,0.7926935031428002,0.5103660509432539,0.07288873,True,True
VGG16,external,Normal case (356).jpg,C:\Users\shrey\Downloads\MIP_project_part2\Lung-Cancer-Classification-\Lung-Cancer-Classification-\Data_External_IQOTHNCCD\Normal cases\Normal case (356).jpg,normal,normal,0.9759793877601624,0.9287752782111057,0.2567953778869051,0.012200444,True,True
VGG16,external,Normal case (357).jpg,C:\Users\shrey\Downloads\MIP_project_part2\Lung-Cancer-Classification-\Lung-Cancer-Classification-\Data_External_IQOTHNCCD\Normal cases\Normal case (357).jpg,normal,normal,0.9402276873588562,0.8524126226038788,0.4185012565804168,0.057626467,True,True
VGG16,external,Normal case (358).jpg,C:\Users\shrey\Downloads\MIP_project_part2\Lung-Cancer-Classification-\Lung-Cancer-Classification-\Data_External_IQOTHNCCD\Normal cases\Normal case (358).jpg,normal,malignant,0.6445230264216661,0.6533900424838066,0.6453227769915167,0.0765282,False,False
VGG16,external,Normal case (359).jpg,C:\Users\shrey\Downloads\MIP_project_part2\Lung-Cancer-Classification-\Lung-Cancer-Classification-\Data_External_IQOTHNCCD\Normal cases\Normal case (359).jpg,normal,malignant,0.9454193199053408,0.9398654866963624,0.2273374904301545,0.015294606,False,False
VGG16,external,Normal case (36).jpg,C:\Users\shrey\Downloads\MIP_project_part2\Lung-Cancer-Classification-\Lung-Cancer-Classification-\Data_External_IQOTHNCCD\Normal cases\Normal case (36).jpg,normal,normal,0.974403202533722,0.9002620124520035,0.3245069576195845,0.024901483,True,True
VGG16,external,Normal case (360).jpg,C:\Users\shrey\Downloads\MIP_project_part2\Lung-Cancer-Classification-\Lung-Cancer-Classification-\Data_External_IQOTHNCCD\Normal cases\Normal case (360).jpg,normal,malignant,0.9387191534042358,0.9005295201204717,0.3239180281133301,0.03222393,False,False
VGG16,external,Normal case (361).jpg,C:\Users\shrey\Downloads\MIP_project_part2\Lung-Cancer-Classification-\Lung-Cancer-Classification-\Data_External_IQOTHNCCD\Normal cases\Normal case (361).jpg,normal,malignant,0.91172987036407,0.8445641100406647,0.4320235187911126,0.057941124,False,False
VGG16,external,Normal case (362).jpg,C:\Users\shrey\Downloads\MIP_project_part2\Lung-Cancer-Classification-\Lung-Cancer-Classification-\Data_External_IQOTHNCCD\Normal cases\Normal case (362).jpg,normal,malignant,0.931907877791673,0.8238118804292753,0.465563892675745,0.071468405,False,False
VGG16,external,Normal case (363).jpg,C:\Users\shrey\Downloads\MIP_project_part2\Lung-Cancer-Classification-\Lung-Cancer-Classification-\Data_External_IQOTHNCCD\Normal cases\Normal case (363).jpg,normal,malignant,0.9641455188393592,0.9446335434913636,0.2140231478233219,0.06436015,False,False
VGG16,external,Normal case (364).jpg,C:\Users\shrey\Downloads\MIP_project_part2\Lung-Cancer-Classification-\Lung-Cancer-Classification-\Data_External_IQOTHNCCD\Normal cases\Normal case (364).jpg,normal,malignant,0.9445305296685548,0.8914918210357428,0.3433848750180903,0.023082443,False,False
VGG16,external,Normal case (365).jpg,C:\Users\shrey\Downloads\MIP_project_part2\Lung-Cancer-Classification-\Lung-Cancer-Classification-\Data_External_IQOTHNCCD\Normal cases\Normal case (365).jpg,normal,malignant,0.9509374792687596,0.8733752444386482,0.3799197742606715,0.065473035,False,False
VGG16,external,Normal case (366).jpg,C:\Users\shrey\Downloads\MIP_project_part2\Lung-Cancer-Classification-\Lung-Cancer-Classification-\Data_External_IQOTHNCCD\Normal cases\Normal case (366).jpg,normal,malignant,0.9063460491597652,0.8652433678507805,0.3953297646299305,0.074317575,False,False
VGG16,external,Normal case (367).jpg,C:\Users\shrey\Downloads\MIP_project_part2\Lung-Cancer-Classification-\Lung-Cancer-Classification-\Data_External_IQOTHNCCD\Normal cases\Normal case (367).jpg,normal,malignant,0.8341150884516537,0.797221764922142,0.5042297844503507,0.08349505,False,False
VGG16,external,Normal case (368).jpg,C:\Users\shrey\Downloads\MIP_project_part2\Lung-Cancer-Classification-\Lung-Cancer-Classification-\Data_External_IQOTHNCCD\Normal cases\Normal case (368).jpg,normal,malignant,0.8504640763858333,0.810109309386462,0.4860644898568439,0.0621317,False,False
VGG16,external,Normal case (369).jpg,C:\Users\shrey\Downloads\MIP_project_part2\Lung-Cancer-Classification-\Lung-Cancer-Classification-\Data_External_IQOTHNCCD\Normal cases\Normal case (369).jpg,normal,malignant,0.845645978115499,0.7728199362754822,0.5358464582092564,0.06061845,False,False
VGG16,external,Normal case (37).jpg,C:\Users\shrey\Downloads\MIP_project_part2\Lung-Cancer-Classification-\Lung-Cancer-Classification-\Data_External_IQOTHNCCD\Normal cases\Normal case (37).jpg,normal,normal,0.959926426410675,0.8193732860963792,0.4723425024419482,0.06825111,True,True
VGG16,external,Normal case (370).jpg,C:\Users\shrey\Downloads\MIP_project_part2\Lung-Cancer-Classification-\Lung-Cancer-Classification-\Data_External_IQOTHNCCD\Normal cases\Normal case (370).jpg,normal,malignant,0.6943697747774422,0.5916132591664791,0.6762659918580829,0.066947766,False,False
VGG16,external,Normal case (371).jpg,C:\Users\shrey\Downloads\MIP_project_part2\Lung-Cancer-Classification-\Lung-Cancer-Classification-\Data_External_IQOTHNCCD\Normal cases\Normal case (371).jpg,normal,normal,0.6296501755714417,0.6346621876582503,0.6564276678124104,0.08960712,True,True
VGG16,external,Normal case (372).jpg,C:\Users\shrey\Downloads\MIP_project_part2\Lung-Cancer-Classification-\Lung-Cancer-Classification-\Data_External_IQOTHNCCD\Normal cases\Normal case (372).jpg,normal,normal,0.7887923717498779,0.7239323942922056,0.5892008648125695,0.08202247,True,True
VGG16,external,Normal case (373).jpg,C:\Users\shrey\Downloads\MIP_project_part2\Lung-Cancer-Classification-\Lung-Cancer-Classification-\Data_External_IQOTHNCCD\Normal cases\Normal case (373).jpg,normal,normal,0.7955747842788696,0.724613590631634,0.5885430178240434,0.07699906,True,True
VGG16,external,Normal case (374).jpg,C:\Users\shrey\Downloads\MIP_project_part2\Lung-Cancer-Classification-\Lung-Cancer-Classification-\Data_External_IQOTHNCCD\Normal cases\Normal case (374).jpg,normal,normal,0.8135839700698853,0.5619332101196051,0.6854559931663753,0.10465717,True,True
VGG16,external,Normal case (375).jpg,C:\Users\shrey\Downloads\MIP_project_part2\Lung-Cancer-Classification-\Lung-Cancer-Classification-\Data_External_IQOTHNCCD\Normal cases\Normal case (375).jpg,normal,normal,0.7469202876091003,0.737389674410224,0.5757696428628236,0.044376057,True,True
VGG16,external,Normal case (376).jpg,C:\Users\shrey\Downloads\MIP_project_part2\Lung-Cancer-Classification-\Lung-Cancer-Classification-\Data_External_IQOTHNCCD\Normal cases\Normal case (376).jpg,normal,normal,0.7761633992195129,0.5780480856192298,0.680914225314723,0.05499918,True,True
VGG16,external,Normal case (377).jpg,C:\Users\shrey\Downloads\MIP_project_part2\Lung-Cancer-Classification-\Lung-Cancer-Classification-\Data_External_IQOTHNCCD\Normal cases\Normal case (377).jpg,normal,normal,0.8559602499008179,0.7261405605822802,0.587059772296155,0.072586946,True,True
VGG16,external,Normal case (378).jpg,C:\Users\shrey\Downloads\MIP_project_part2\Lung-Cancer-Classification-\Lung-Cancer-Classification-\Data_External_IQOTHNCCD\Normal cases\Normal case (378).jpg,normal,normal,0.5707684755325317,0.598643867764622,0.6735577151320222,0.07839897,True,True
VGG16,external,Normal case (379).jpg,C:\Users\shrey\Downloads\MIP_project_part2\Lung-Cancer-Classification-\Lung-Cancer-Classification-\Data_External_IQOTHNCCD\Normal cases\Normal case (379).jpg,normal,normal,0.6811924576759338,0.5249867192469537,0.6918980004529396,0.102966875,True,True
VGG16,external,Normal case (38).jpg,C:\Users\shrey\Downloads\MIP_project_part2\Lung-Cancer-Classification-\Lung-Cancer-Classification-\Data_External_IQOTHNCCD\Normal cases\Normal case (38).jpg,normal,normal,0.9944498538970948,0.905035883653909,0.3138749324919105,0.037479777,True,True
VGG16,external,Normal case (380).jpg,C:\Users\shrey\Downloads\MIP_project_part2\Lung-Cancer-Classification-\Lung-Cancer-Classification-\Data_External_IQOTHNCCD\Normal cases\Normal case (380).jpg,normal,normal,0.7351716160774231,0.7076681228354573,0.6042264226123045,0.054434165,True,True
VGG16,external,Normal case (381).jpg,C:\Users\shrey\Downloads\MIP_project_part2\Lung-Cancer-Classification-\Lung-Cancer-Classification-\Data_External_IQOTHNCCD\Normal cases\Normal case (381).jpg,normal,normal,0.600158154964447,0.5845520189031959,0.6787801141834584,0.079562135,True,True
VGG16,external,Normal case (382).jpg,C:\Users\shrey\Downloads\MIP_project_part2\Lung-Cancer-Classification-\Lung-Cancer-Classification-\Data_External_IQOTHNCCD\Normal cases\Normal case (382).jpg,normal,normal,0.7328863739967346,0.580140947829932,0.6802464649911204,0.09198856,True,True
VGG16,external,Normal case (383).jpg,C:\Users\shrey\Downloads\MIP_project_part2\Lung-Cancer-Classification-\Lung-Cancer-Classification-\Data_External_IQOTHNCCD\Normal cases\Normal case (383).jpg,normal,normal,0.6310232281684875,0.5063379933126271,0.6930668548971461,0.10823872,True,True
VGG16,external,Normal case (384).jpg,C:\Users\shrey\Downloads\MIP_project_part2\Lung-Cancer-Classification-\Lung-Cancer-Classification-\Data_External_IQOTHNCCD\Normal cases\Normal case (384).jpg,normal,malignant,0.6950716385617852,0.7136861905455589,0.5988180445310028,0.09500662,False,False
VGG16,external,Normal case (385).jpg,C:\Users\shrey\Downloads\MIP_project_part2\Lung-Cancer-Classification-\Lung-Cancer-Classification-\Data_External_IQOTHNCCD\Normal cases\Normal case (385).jpg,normal,normal,0.9842833280563354,0.9122823441866786,0.2972250993498999,0.025662817,True,True
VGG16,external,Normal case (386).jpg,C:\Users\shrey\Downloads\MIP_project_part2\Lung-Cancer-Classification-\Lung-Cancer-Classification-\Data_External_IQOTHNCCD\Normal cases\Normal case (386).jpg,normal,malignant,0.5916745848953724,0.8094346392899752,0.4870416776073707,0.04588235,False,False
VGG16,external,Normal case (387).jpg,C:\Users\shrey\Downloads\MIP_project_part2\Lung-Cancer-Classification-\Lung-Cancer-Classification-\Data_External_IQOTHNCCD\Normal cases\Normal case (387).jpg,normal,normal,0.5385300517082214,0.5382737582549453,0.6902145540033986,0.09361395,True,True
VGG16,external,Normal case (388).jpg,C:\Users\shrey\Downloads\MIP_project_part2\Lung-Cancer-Classification-\Lung-Cancer-Classification-\Data_External_IQOTHNCCD\Normal cases\Normal case (388).jpg,normal,normal,0.5543423891067505,0.4135167673230171,0.6781129841524955,0.06622584,True,False
VGG16,external,Normal case (389).jpg,C:\Users\shrey\Downloads\MIP_project_part2\Lung-Cancer-Classification-\Lung-Cancer-Classification-\Data_External_IQOTHNCCD\Normal cases\Normal case (389).jpg,normal,normal,0.7982097864151001,0.6867610588669777,0.621667751158294,0.058293995,True,True
VGG16,external,Normal case (39).jpg,C:\Users\shrey\Downloads\MIP_project_part2\Lung-Cancer-Classification-\Lung-Cancer-Classification-\Data_External_IQOTHNCCD\Normal cases\Normal case (39).jpg,normal,malignant,0.8008202172350138,0.8065966488793492,0.4911203289742815,0.05461342,False,False
VGG16,external,Normal case (390).jpg,C:\Users\shrey\Downloads\MIP_project_part2\Lung-Cancer-Classification-\Lung-Cancer-Classification-\Data_External_IQOTHNCCD\Normal cases\Normal case (390).jpg,normal,normal,0.8583284020423889,0.7434015362523496,0.5694688689368899,0.046839375,True,True
VGG16,external,Normal case (391).jpg,C:\Users\shrey\Downloads\MIP_project_part2\Lung-Cancer-Classification-\Lung-Cancer-Classification-\Data_External_IQOTHNCCD\Normal cases\Normal case (391).jpg,normal,normal,0.8773272037506104,0.8308294843882322,0.4545685050017616,0.027024103,True,True
VGG16,external,Normal case (392).jpg,C:\Users\shrey\Downloads\MIP_project_part2\Lung-Cancer-Classification-\Lung-Cancer-Classification-\Data_External_IQOTHNCCD\Normal cases\Normal case (392).jpg,normal,normal,0.7865193486213684,0.6878006234765053,0.6208492333028515,0.038117412,True,True
VGG16,external,Normal case (393).jpg,C:\Users\shrey\Downloads\MIP_project_part2\Lung-Cancer-Classification-\Lung-Cancer-Classification-\Data_External_IQOTHNCCD\Normal cases\Normal case (393).jpg,normal,normal,0.8719888925552368,0.702952928841114,0.6083414574110735,0.06505298,True,True
VGG16,external,Normal case (394).jpg,C:\Users\shrey\Downloads\MIP_project_part2\Lung-Cancer-Classification-\Lung-Cancer-Classification-\Data_External_IQOTHNCCD\Normal cases\Normal case (394).jpg,normal,normal,0.9184319972991944,0.7694611102342606,0.5399266796003802,0.04954593,True,True
VGG16,external,Normal case (395).jpg,C:\Users\shrey\Downloads\MIP_project_part2\Lung-Cancer-Classification-\Lung-Cancer-Classification-\Data_External_IQOTHNCCD\Normal cases\Normal case (395).jpg,normal,normal,0.9882858395576476,0.9176397286355495,0.2844964048515441,0.010641303,True,True
VGG16,external,Normal case (396).jpg,C:\Users\shrey\Downloads\MIP_project_part2\Lung-Cancer-Classification-\Lung-Cancer-Classification-\Data_External_IQOTHNCCD\Normal cases\Normal case (396).jpg,normal,normal,0.8970366716384888,0.7830666438676417,0.5229990846368002,0.053178992,True,True
VGG16,external,Normal case (397).jpg,C:\Users\shrey\Downloads\MIP_project_part2\Lung-Cancer-Classification-\Lung-Cancer-Classification-\Data_External_IQOTHNCCD\Normal cases\Normal case (397).jpg,normal,normal,0.990919589996338,0.973443019669503,0.1225621219314693,0.0010535035,True,True
VGG16,external,Normal case (398).jpg,C:\Users\shrey\Downloads\MIP_project_part2\Lung-Cancer-Classification-\Lung-Cancer-Classification-\Data_External_IQOTHNCCD\Normal cases\Normal case (398).jpg,normal,normal,0.9616372585296632,0.8576434962451458,0.4092182784510818,0.028381597,True,True
VGG16,external,Normal case (399).jpg,C:\Users\shrey\Downloads\MIP_project_part2\Lung-Cancer-Classification-\Lung-Cancer-Classification-\Data_External_IQOTHNCCD\Normal cases\Normal case (399).jpg,normal,normal,0.7378139495849609,0.6390281831845641,0.6539752570662165,0.092089824,True,True
VGG16,external,Normal case (4).jpg,C:\Users\shrey\Downloads\MIP_project_part2\Lung-Cancer-Classification-\Lung-Cancer-Classification-\Data_External_IQOTHNCCD\Normal cases\Normal case (4).jpg,normal,normal,0.9820923805236816,0.8949623110238463,0.3360129163440308,0.024824237,True,True
VGG16,external,Normal case (40).jpg,C:\Users\shrey\Downloads\MIP_project_part2\Lung-Cancer-Classification-\Lung-Cancer-Classification-\Data_External_IQOTHNCCD\Normal cases\Normal case (40).jpg,normal,malignant,0.6530287568457425,0.5902093509212136,0.6767822579422946,0.10704787,False,False
VGG16,external,Normal case (400).jpg,C:\Users\shrey\Downloads\MIP_project_part2\Lung-Cancer-Classification-\Lung-Cancer-Classification-\Data_External_IQOTHNCCD\Normal cases\Normal case (400).jpg,normal,normal,0.9989274144172668,0.9607810426969082,0.1654539063673659,0.016547175,True,True
VGG16,external,Normal case (401).jpg,C:\Users\shrey\Downloads\MIP_project_part2\Lung-Cancer-Classification-\Lung-Cancer-Classification-\Data_External_IQOTHNCCD\Normal cases\Normal case (401).jpg,normal,normal,0.999687910079956,0.9971618848940125,0.0194785562694921,2.6141683e-05,True,True
VGG16,external,Normal case (402).jpg,C:\Users\shrey\Downloads\MIP_project_part2\Lung-Cancer-Classification-\Lung-Cancer-Classification-\Data_External_IQOTHNCCD\Normal cases\Normal case (402).jpg,normal,normal,0.7787328958511353,0.7123733661137521,0.6000129405248572,0.052325763,True,True
VGG16,external,Normal case (403).jpg,C:\Users\shrey\Downloads\MIP_project_part2\Lung-Cancer-Classification-\Lung-Cancer-Classification-\Data_External_IQOTHNCCD\Normal cases\Normal case (403).jpg,normal,normal,0.7956470847129822,0.652299121953547,0.6460117721644714,0.09642527,True,True
VGG16,external,Normal case (404).jpg,C:\Users\shrey\Downloads\MIP_project_part2\Lung-Cancer-Classification-\Lung-Cancer-Classification-\Data_External_IQOTHNCCD\Normal cases\Normal case (404).jpg,normal,normal,0.8152447938919067,0.5864134384319186,0.678137363873211,0.12445867,True,True
VGG16,external,Normal case (405).jpg,C:\Users\shrey\Downloads\MIP_project_part2\Lung-Cancer-Classification-\Lung-Cancer-Classification-\Data_External_IQOTHNCCD\Normal cases\Normal case (405).jpg,normal,normal,0.6460918188095093,0.5819273144006729,0.6796622937152965,0.0988997,True,True
VGG16,external,Normal case (406).jpg,C:\Users\shrey\Downloads\MIP_project_part2\Lung-Cancer-Classification-\Lung-Cancer-Classification-\Data_External_IQOTHNCCD\Normal cases\Normal case (406).jpg,normal,malignant,0.9641456278041004,0.9161323346197604,0.2881153405943244,0.038234238,False,False
VGG16,external,Normal case (407).jpg,C:\Users\shrey\Downloads\MIP_project_part2\Lung-Cancer-Classification-\Lung-Cancer-Classification-\Data_External_IQOTHNCCD\Normal cases\Normal case (407).jpg,normal,malignant,0.9509374760091304,0.8777546491473913,0.3713749501421423,0.038306747,False,False
VGG16,external,Normal case (408).jpg,C:\Users\shrey\Downloads\MIP_project_part2\Lung-Cancer-Classification-\Lung-Cancer-Classification-\Data_External_IQOTHNCCD\Normal cases\Normal case (408).jpg,normal,malignant,0.8504640763858333,0.8165408107452095,0.476598549647055,0.05435019,False,False
VGG16,external,Normal case (409).jpg,C:\Users\shrey\Downloads\MIP_project_part2\Lung-Cancer-Classification-\Lung-Cancer-Classification-\Data_External_IQOTHNCCD\Normal cases\Normal case (409).jpg,normal,normal,0.7469202876091003,0.5408432898111641,0.6898071505078855,0.095193595,True,True
VGG16,external,Normal case (41).jpg,C:\Users\shrey\Downloads\MIP_project_part2\Lung-Cancer-Classification-\Lung-Cancer-Classification-\Data_External_IQOTHNCCD\Normal cases\Normal case (41).jpg,normal,malignant,0.6536988895386457,0.6172364912927151,0.6654008062617107,0.07674754,False,False
VGG16,external,Normal case (410).jpg,C:\Users\shrey\Downloads\MIP_project_part2\Lung-Cancer-Classification-\Lung-Cancer-Classification-\Data_External_IQOTHNCCD\Normal cases\Normal case (410).jpg,normal,normal,0.9370481967926024,0.8884928119368852,0.3496549118994318,0.0122672925,True,True
VGG16,external,Normal case (411).jpg,C:\Users\shrey\Downloads\MIP_project_part2\Lung-Cancer-Classification-\Lung-Cancer-Classification-\Data_External_IQOTHNCCD\Normal cases\Normal case (411).jpg,normal,normal,0.9956335425376892,0.9638336330535822,0.1555631372424758,0.0077311,True,True
VGG16,external,Normal case (412).jpg,C:\Users\shrey\Downloads\MIP_project_part2\Lung-Cancer-Classification-\Lung-Cancer-Classification-\Data_External_IQOTHNCCD\Normal cases\Normal case (412).jpg,normal,normal,0.9915426969528198,0.964685226790607,0.1527570167350879,0.002755211,True,True
VGG16,external,Normal case (413).jpg,C:\Users\shrey\Downloads\MIP_project_part2\Lung-Cancer-Classification-\Lung-Cancer-Classification-\Data_External_IQOTHNCCD\Normal cases\Normal case (413).jpg,normal,normal,0.6049991250038147,0.4846602529287338,0.6926765033477715,0.10399497,True,False
VGG16,external,Normal case (414).jpg,C:\Users\shrey\Downloads\MIP_project_part2\Lung-Cancer-Classification-\Lung-Cancer-Classification-\Data_External_IQOTHNCCD\Normal cases\Normal case (414).jpg,normal,normal,0.9795684814453124,0.8858661139238393,0.3550718397693014,0.037640344,True,True
VGG16,external,Normal case (415).jpg,C:\Users\shrey\Downloads\MIP_project_part2\Lung-Cancer-Classification-\Lung-Cancer-Classification-\Data_External_IQOTHNCCD\Normal cases\Normal case (415).jpg,normal,normal,0.7058868408203125,0.7184514212422073,0.5944099368698146,0.05989761,True,True
VGG16,external,Normal case (416).jpg,C:\Users\shrey\Downloads\MIP_project_part2\Lung-Cancer-Classification-\Lung-Cancer-Classification-\Data_External_IQOTHNCCD\Normal cases\Normal case (416).jpg,normal,normal,0.9320991635322572,0.7686707098037004,0.5408775351223766,0.06489645,True,True
VGG16,external,Normal case (42).jpg,C:\Users\shrey\Downloads\MIP_project_part2\Lung-Cancer-Classification-\Lung-Cancer-Classification-\Data_External_IQOTHNCCD\Normal cases\Normal case (42).jpg,normal,malignant,0.6318584437249228,0.7235764525830746,0.5895436787544253,0.09264255,False,False
VGG16,external,Normal case (43).jpg,C:\Users\shrey\Downloads\MIP_project_part2\Lung-Cancer-Classification-\Lung-Cancer-Classification-\Data_External_IQOTHNCCD\Normal cases\Normal case (43).jpg,normal,malignant,0.7585672992281616,0.8061225730925798,0.4917966715257097,0.024442798,False,False
VGG16,external,Normal case (44).jpg,C:\Users\shrey\Downloads\MIP_project_part2\Lung-Cancer-Classification-\Lung-Cancer-Classification-\Data_External_IQOTHNCCD\Normal cases\Normal case (44).jpg,normal,normal,0.946690797805786,0.8204500391148031,0.4707104096093975,0.06259234,True,True
VGG16,external,Normal case (45).jpg,C:\Users\shrey\Downloads\MIP_project_part2\Lung-Cancer-Classification-\Lung-Cancer-Classification-\Data_External_IQOTHNCCD\Normal cases\Normal case (45).jpg,normal,normal,0.9670557379722596,0.8254531938582659,0.4630229842399149,0.050781302,True,True
VGG16,external,Normal case (46).jpg,C:\Users\shrey\Downloads\MIP_project_part2\Lung-Cancer-Classification-\Lung-Cancer-Classification-\Data_External_IQOTHNCCD\Normal cases\Normal case (46).jpg,normal,normal,0.9187604188919068,0.8445935882627964,0.4319734480124569,0.022767277,True,True
VGG16,external,Normal case (47).jpg,C:\Users\shrey\Downloads\MIP_project_part2\Lung-Cancer-Classification-\Lung-Cancer-Classification-\Data_External_IQOTHNCCD\Normal cases\Normal case (47).jpg,normal,normal,0.901867151260376,0.8247615247964859,0.4640960821189346,0.025697632,True,True
VGG16,external,Normal case (48).jpg,C:\Users\shrey\Downloads\MIP_project_part2\Lung-Cancer-Classification-\Lung-Cancer-Classification-\Data_External_IQOTHNCCD\Normal cases\Normal case (48).jpg,normal,normal,0.951791763305664,0.7974208875093609,0.5039571801543249,0.08352199,True,True
VGG16,external,Normal case (49).jpg,C:\Users\shrey\Downloads\MIP_project_part2\Lung-Cancer-Classification-\Lung-Cancer-Classification-\Data_External_IQOTHNCCD\Normal cases\Normal case (49).jpg,normal,normal,0.8711532354354858,0.8300504631479271,0.4558061839473845,0.056336544,True,True
VGG16,external,Normal case (5).jpg,C:\Users\shrey\Downloads\MIP_project_part2\Lung-Cancer-Classification-\Lung-Cancer-Classification-\Data_External_IQOTHNCCD\Normal cases\Normal case (5).jpg,normal,normal,0.9188936948776244,0.8697601985186338,0.3868423930760267,0.017890265,True,True
VGG16,external,Normal case (50).jpg,C:\Users\shrey\Downloads\MIP_project_part2\Lung-Cancer-Classification-\Lung-Cancer-Classification-\Data_External_IQOTHNCCD\Normal cases\Normal case (50).jpg,normal,malignant,0.6383304289774969,0.6207286473363638,0.6637062904381477,0.07027246,False,False
VGG16,external,Normal case (51).jpg,C:\Users\shrey\Downloads\MIP_project_part2\Lung-Cancer-Classification-\Lung-Cancer-Classification-\Data_External_IQOTHNCCD\Normal cases\Normal case (51).jpg,normal,malignant,0.6021905388915911,0.6232909802347422,0.6624300229225912,0.07860032,False,False
VGG16,external,Normal case (52).jpg,C:\Users\shrey\Downloads\MIP_project_part2\Lung-Cancer-Classification-\Lung-Cancer-Classification-\Data_External_IQOTHNCCD\Normal cases\Normal case (52).jpg,normal,normal,0.5494019985198975,0.5809098044410348,0.6799966474356683,0.08479167,True,True
VGG16,external,Normal case (53).jpg,C:\Users\shrey\Downloads\MIP_project_part2\Lung-Cancer-Classification-\Lung-Cancer-Classification-\Data_External_IQOTHNCCD\Normal cases\Normal case (53).jpg,normal,normal,0.6895332336425781,0.6382249416783452,0.6544326571089926,0.06674163,True,True
VGG16,external,Normal case (54).jpg,C:\Users\shrey\Downloads\MIP_project_part2\Lung-Cancer-Classification-\Lung-Cancer-Classification-\Data_External_IQOTHNCCD\Normal cases\Normal case (54).jpg,normal,normal,0.5188001394271851,0.5209417482838035,0.6922697944171147,0.10043115,True,True
VGG16,external,Normal case (55).jpg,C:\Users\shrey\Downloads\MIP_project_part2\Lung-Cancer-Classification-\Lung-Cancer-Classification-\Data_External_IQOTHNCCD\Normal cases\Normal case (55).jpg,normal,normal,0.6638946533203125,0.5968325845897198,0.6742750948244178,0.10234164,True,True
VGG16,external,Normal case (56).jpg,C:\Users\shrey\Downloads\MIP_project_part2\Lung-Cancer-Classification-\Lung-Cancer-Classification-\Data_External_IQOTHNCCD\Normal cases\Normal case (56).jpg,normal,normal,0.9528265595436096,0.808096298482269,0.488971660899974,0.058831953,True,True
VGG16,external,Normal case (57).jpg,C:\Users\shrey\Downloads\MIP_project_part2\Lung-Cancer-Classification-\Lung-Cancer-Classification-\Data_External_IQOTHNCCD\Normal cases\Normal case (57).jpg,normal,normal,0.9673160314559937,0.9164756402606145,0.2872937934650961,0.0063686427,True,True
VGG16,external,Normal case (58).jpg,C:\Users\shrey\Downloads\MIP_project_part2\Lung-Cancer-Classification-\Lung-Cancer-Classification-\Data_External_IQOTHNCCD\Normal cases\Normal case (58).jpg,normal,normal,0.9777951240539552,0.8339140214375221,0.4496254934925636,0.06332894,True,True
VGG16,external,Normal case (59).jpg,C:\Users\shrey\Downloads\MIP_project_part2\Lung-Cancer-Classification-\Lung-Cancer-Classification-\Data_External_IQOTHNCCD\Normal cases\Normal case (59).jpg,normal,normal,0.7295511364936829,0.6911352936294861,0.6181892456271336,0.07470433,True,True
VGG16,external,Normal case (6).jpg,C:\Users\shrey\Downloads\MIP_project_part2\Lung-Cancer-Classification-\Lung-Cancer-Classification-\Data_External_IQOTHNCCD\Normal cases\Normal case (6).jpg,normal,normal,0.532413125038147,0.4414140246808529,0.6862667522399611,0.05262707,True,False
VGG16,external,Normal case (60).jpg,C:\Users\shrey\Downloads\MIP_project_part2\Lung-Cancer-Classification-\Lung-Cancer-Classification-\Data_External_IQOTHNCCD\Normal cases\Normal case (60).jpg,normal,normal,0.7593883872032166,0.5837807217612863,0.6790423277230138,0.10759316,True,True
VGG16,external,Normal case (61).jpg,C:\Users\shrey\Downloads\MIP_project_part2\Lung-Cancer-Classification-\Lung-Cancer-Classification-\Data_External_IQOTHNCCD\Normal cases\Normal case (61).jpg,normal,normal,0.798369824886322,0.6197294108569622,0.6641964434523899,0.12737192,True,True
VGG16,external,Normal case (62).jpg,C:\Users\shrey\Downloads\MIP_project_part2\Lung-Cancer-Classification-\Lung-Cancer-Classification-\Data_External_IQOTHNCCD\Normal cases\Normal case (62).jpg,normal,normal,0.6031576991081238,0.5953546529635787,0.6748502537027485,0.072837725,True,True
VGG16,external,Normal case (63).jpg,C:\Users\shrey\Downloads\MIP_project_part2\Lung-Cancer-Classification-\Lung-Cancer-Classification-\Data_External_IQOTHNCCD\Normal cases\Normal case (63).jpg,normal,malignant,0.5012452621012926,0.6233063451945782,0.6624222830263649,0.076033704,False,False
VGG16,external,Normal case (64).jpg,C:\Users\shrey\Downloads\MIP_project_part2\Lung-Cancer-Classification-\Lung-Cancer-Classification-\Data_External_IQOTHNCCD\Normal cases\Normal case (64).jpg,normal,normal,0.9307307004928588,0.703112507428159,0.6082039851208976,0.08448802,True,True
VGG16,external,Normal case (65).jpg,C:\Users\shrey\Downloads\MIP_project_part2\Lung-Cancer-Classification-\Lung-Cancer-Classification-\Data_External_IQOTHNCCD\Normal cases\Normal case (65).jpg,normal,normal,0.9774109721183776,0.953493730557966,0.1880966441684081,0.0053469017,True,True
VGG16,external,Normal case (66).jpg,C:\Users\shrey\Downloads\MIP_project_part2\Lung-Cancer-Classification-\Lung-Cancer-Classification-\Data_External_IQOTHNCCD\Normal cases\Normal case (66).jpg,normal,normal,0.9064673781394958,0.778697789326543,0.5285511474245095,0.0473787,True,True
VGG16,external,Normal case (67).jpg,C:\Users\shrey\Downloads\MIP_project_part2\Lung-Cancer-Classification-\Lung-Cancer-Classification-\Data_External_IQOTHNCCD\Normal cases\Normal case (67).jpg,normal,normal,0.983168363571167,0.8578828331883415,0.4087881491827743,0.05531851,True,True
VGG16,external,Normal case (68).jpg,C:\Users\shrey\Downloads\MIP_project_part2\Lung-Cancer-Classification-\Lung-Cancer-Classification-\Data_External_IQOTHNCCD\Normal cases\Normal case (68).jpg,normal,normal,0.9678120613098145,0.9156355394807179,0.2893015968400654,0.01752553,True,True
VGG16,external,Normal case (69).jpg,C:\Users\shrey\Downloads\MIP_project_part2\Lung-Cancer-Classification-\Lung-Cancer-Classification-\Data_External_IQOTHNCCD\Normal cases\Normal case (69).jpg,normal,normal,0.9858033657073976,0.9399619601317682,0.2270721685947758,0.004653308,True,True
VGG16,external,Normal case (7).jpg,C:\Users\shrey\Downloads\MIP_project_part2\Lung-Cancer-Classification-\Lung-Cancer-Classification-\Data_External_IQOTHNCCD\Normal cases\Normal case (7).jpg,normal,normal,0.9160559177398682,0.7734282538294793,0.535100684528675,0.047605023,True,True
VGG16,external,Normal case (70).jpg,C:\Users\shrey\Downloads\MIP_project_part2\Lung-Cancer-Classification-\Lung-Cancer-Classification-\Data_External_IQOTHNCCD\Normal cases\Normal case (70).jpg,normal,normal,0.916633665561676,0.7777781317709014,0.5297056983226611,0.05570324,True,True
VGG16,external,Normal case (71).jpg,C:\Users\shrey\Downloads\MIP_project_part2\Lung-Cancer-Classification-\Lung-Cancer-Classification-\Data_External_IQOTHNCCD\Normal cases\Normal case (71).jpg,normal,normal,0.9736233353614808,0.826413298418629,0.4615280706819594,0.06667636,True,True
VGG16,external,Normal case (72).jpg,C:\Users\shrey\Downloads\MIP_project_part2\Lung-Cancer-Classification-\Lung-Cancer-Classification-\Data_External_IQOTHNCCD\Normal cases\Normal case (72).jpg,normal,normal,0.9805055260658264,0.925174814856291,0.2659450383802343,0.019935392,True,True
VGG16,external,Normal case (73).jpg,C:\Users\shrey\Downloads\MIP_project_part2\Lung-Cancer-Classification-\Lung-Cancer-Classification-\Data_External_IQOTHNCCD\Normal cases\Normal case (73).jpg,normal,malignant,0.6862503457814455,0.7139548771083355,0.5985724588377506,0.07375653,False,False
VGG16,external,Normal case (74).jpg,C:\Users\shrey\Downloads\MIP_project_part2\Lung-Cancer-Classification-\Lung-Cancer-Classification-\Data_External_IQOTHNCCD\Normal cases\Normal case (74).jpg,normal,malignant,0.741817981004715,0.7030283231288195,0.6082765397629242,0.066434205,False,False
VGG16,external,Normal case (75).jpg,C:\Users\shrey\Downloads\MIP_project_part2\Lung-Cancer-Classification-\Lung-Cancer-Classification-\Data_External_IQOTHNCCD\Normal cases\Normal case (75).jpg,normal,malignant,0.8323356353212148,0.6770999561995268,0.6290361245298058,0.09016595,False,False
VGG16,external,Normal case (76).jpg,C:\Users\shrey\Downloads\MIP_project_part2\Lung-Cancer-Classification-\Lung-Cancer-Classification-\Data_External_IQOTHNCCD\Normal cases\Normal case (76).jpg,normal,malignant,0.7302794270217419,0.6731645110994577,0.6319148888948585,0.081969105,False,False
VGG16,external,Normal case (77).jpg,C:\Users\shrey\Downloads\MIP_project_part2\Lung-Cancer-Classification-\Lung-Cancer-Classification-\Data_External_IQOTHNCCD\Normal cases\Normal case (77).jpg,normal,malignant,0.5773427240783349,0.539737107930705,0.6899857849367481,0.11962892,False,False
VGG16,external,Normal case (78).jpg,C:\Users\shrey\Downloads\MIP_project_part2\Lung-Cancer-Classification-\Lung-Cancer-Classification-\Data_External_IQOTHNCCD\Normal cases\Normal case (78).jpg,normal,malignant,0.5935735778184608,0.6714032157324255,0.6331804552503658,0.054543052,False,False
VGG16,external,Normal case (79).jpg,C:\Users\shrey\Downloads\MIP_project_part2\Lung-Cancer-Classification-\Lung-Cancer-Classification-\Data_External_IQOTHNCCD\Normal cases\Normal case (79).jpg,normal,normal,0.5362232327461243,0.5339849223382771,0.6908354572494955,0.07952111,True,True
VGG16,external,Normal case (8).jpg,C:\Users\shrey\Downloads\MIP_project_part2\Lung-Cancer-Classification-\Lung-Cancer-Classification-\Data_External_IQOTHNCCD\Normal cases\Normal case (8).jpg,normal,normal,0.9928037524223328,0.9400295311352239,0.2268862302994309,0.018749978,True,True
VGG16,external,Normal case (80).jpg,C:\Users\shrey\Downloads\MIP_project_part2\Lung-Cancer-Classification-\Lung-Cancer-Classification-\Data_External_IQOTHNCCD\Normal cases\Normal case (80).jpg,normal,normal,0.9170894622802734,0.7876686051022261,0.5170292723561439,0.079112515,True,True
VGG16,external,Normal case (81).jpg,C:\Users\shrey\Downloads\MIP_project_part2\Lung-Cancer-Classification-\Lung-Cancer-Classification-\Data_External_IQOTHNCCD\Normal cases\Normal case (81).jpg,normal,normal,0.9307790398597716,0.8313357317820191,0.4537619115130094,0.039891727,True,True
VGG16,external,Normal case (82).jpg,C:\Users\shrey\Downloads\MIP_project_part2\Lung-Cancer-Classification-\Lung-Cancer-Classification-\Data_External_IQOTHNCCD\Normal cases\Normal case (82).jpg,normal,normal,0.7648289799690247,0.7535400976776145,0.5584124663510135,0.036067802,True,True
VGG16,external,Normal case (83).jpg,C:\Users\shrey\Downloads\MIP_project_part2\Lung-Cancer-Classification-\Lung-Cancer-Classification-\Data_External_IQOTHNCCD\Normal cases\Normal case (83).jpg,normal,normal,0.8080431818962097,0.6837170913349837,0.6240358541480464,0.06986046,True,True
VGG16,external,Normal case (84).jpg,C:\Users\shrey\Downloads\MIP_project_part2\Lung-Cancer-Classification-\Lung-Cancer-Classification-\Data_External_IQOTHNCCD\Normal cases\Normal case (84).jpg,normal,normal,0.9679714441299438,0.9252564564521891,0.2657396051956424,0.013563062,True,True
VGG16,external,Normal case (85).jpg,C:\Users\shrey\Downloads\MIP_project_part2\Lung-Cancer-Classification-\Lung-Cancer-Classification-\Data_External_IQOTHNCCD\Normal cases\Normal case (85).jpg,normal,normal,0.9164317846298218,0.796827656798996,0.5047688861947633,0.035655364,True,True
VGG16,external,Normal case (86).jpg,C:\Users\shrey\Downloads\MIP_project_part2\Lung-Cancer-Classification-\Lung-Cancer-Classification-\Data_External_IQOTHNCCD\Normal cases\Normal case (86).jpg,normal,normal,0.9186543822288512,0.7975341199198738,0.5038019247018728,0.060957823,True,True
VGG16,external,Normal case (87).jpg,C:\Users\shrey\Downloads\MIP_project_part2\Lung-Cancer-Classification-\Lung-Cancer-Classification-\Data_External_IQOTHNCCD\Normal cases\Normal case (87).jpg,normal,normal,0.9569185972213744,0.8977340676938184,0.3300333663609571,0.038913716,True,True
VGG16,external,Normal case (88).jpg,C:\Users\shrey\Downloads\MIP_project_part2\Lung-Cancer-Classification-\Lung-Cancer-Classification-\Data_External_IQOTHNCCD\Normal cases\Normal case (88).jpg,normal,normal,0.8066202402114868,0.8193618396762758,0.4723598560784416,0.016668743,True,True
VGG16,external,Normal case (89).jpg,C:\Users\shrey\Downloads\MIP_project_part2\Lung-Cancer-Classification-\Lung-Cancer-Classification-\Data_External_IQOTHNCCD\Normal cases\Normal case (89).jpg,normal,normal,0.9430471658706664,0.9213720056577586,0.2754055014942351,0.006465213,True,True
VGG16,external,Normal case (9).jpg,C:\Users\shrey\Downloads\MIP_project_part2\Lung-Cancer-Classification-\Lung-Cancer-Classification-\Data_External_IQOTHNCCD\Normal cases\Normal case (9).jpg,normal,normal,0.9834363460540771,0.944517279858701,0.2143527699330901,0.004877006,True,True
VGG16,external,Normal case (90).jpg,C:\Users\shrey\Downloads\MIP_project_part2\Lung-Cancer-Classification-\Lung-Cancer-Classification-\Data_External_IQOTHNCCD\Normal cases\Normal case (90).jpg,normal,normal,0.948704481124878,0.8504404544364661,0.4219443236254299,0.03238096,True,True
VGG16,external,Normal case (91).jpg,C:\Users\shrey\Downloads\MIP_project_part2\Lung-Cancer-Classification-\Lung-Cancer-Classification-\Data_External_IQOTHNCCD\Normal cases\Normal case (91).jpg,normal,normal,0.8401614427566528,0.7522205477580428,0.5598825172008518,0.06422341,True,True
VGG16,external,Normal case (92).jpg,C:\Users\shrey\Downloads\MIP_project_part2\Lung-Cancer-Classification-\Lung-Cancer-Classification-\Data_External_IQOTHNCCD\Normal cases\Normal case (92).jpg,normal,normal,0.6566107273101807,0.5449524391442537,0.6891002697632028,0.07504119,True,True
VGG16,external,Normal case (93).jpg,C:\Users\shrey\Downloads\MIP_project_part2\Lung-Cancer-Classification-\Lung-Cancer-Classification-\Data_External_IQOTHNCCD\Normal cases\Normal case (93).jpg,normal,normal,0.7065657377243042,0.48310479149222374,0.6925761665909047,0.050293434,True,False
VGG16,external,Normal case (94).jpg,C:\Users\shrey\Downloads\MIP_project_part2\Lung-Cancer-Classification-\Lung-Cancer-Classification-\Data_External_IQOTHNCCD\Normal cases\Normal case (94).jpg,normal,normal,0.8696987628936768,0.8585571853909642,0.4075740092475506,0.025857752,True,True
VGG16,external,Normal case (95).jpg,C:\Users\shrey\Downloads\MIP_project_part2\Lung-Cancer-Classification-\Lung-Cancer-Classification-\Data_External_IQOTHNCCD\Normal cases\Normal case (95).jpg,normal,normal,0.8383078575134277,0.7929551056586206,0.5100149238245646,0.043060906,True,True
VGG16,external,Normal case (96).jpg,C:\Users\shrey\Downloads\MIP_project_part2\Lung-Cancer-Classification-\Lung-Cancer-Classification-\Data_External_IQOTHNCCD\Normal cases\Normal case (96).jpg,normal,malignant,0.5727370716631413,0.6279537053778768,0.6600357781011956,0.10162056,False,False
VGG16,external,Normal case (97).jpg,C:\Users\shrey\Downloads\MIP_project_part2\Lung-Cancer-Classification-\Lung-Cancer-Classification-\Data_External_IQOTHNCCD\Normal cases\Normal case (97).jpg,normal,malignant,0.6194708538241684,0.5586344879120588,0.6862553273947691,0.08854372,False,False
VGG16,external,Normal case (98).jpg,C:\Users\shrey\Downloads\MIP_project_part2\Lung-Cancer-Classification-\Lung-Cancer-Classification-\Data_External_IQOTHNCCD\Normal cases\Normal case (98).jpg,normal,normal,0.9873682856559752,0.9195655034855009,0.2798292868990993,0.015880365,True,True
VGG16,external,Normal case (99).jpg,C:\Users\shrey\Downloads\MIP_project_part2\Lung-Cancer-Classification-\Lung-Cancer-Classification-\Data_External_IQOTHNCCD\Normal cases\Normal case (99).jpg,normal,normal,0.9943291544914246,0.9071075125903008,0.3091793732395381,0.024400858,True,True
