hamming_distance,exact_duplicate,same_class,cross_split,split_a,split_b,class_a,class_b,filename_a,filename_b,filepath_a,filepath_b
0,False,True,False,train,train,large.cell.carcinoma,large.cell.carcinoma,000033 (3).png,000033 (4).png,C:\Users\shrey\Downloads\MIP_project_part2\Lung-Cancer-Classification-\Data\train\large.cell.carcinoma_left.hilum_T2_N2_M0_IIIa\000033 (3).png,C:\Users\shrey\Downloads\MIP_project_part2\Lung-Cancer-Classification-\Data\train\large.cell.carcinoma_left.hilum_T2_N2_M0_IIIa\000033 (4).png
0,False,True,False,test,test,adenocarcinoma,adenocarcinoma,000113 (7).png,000155 (4).png,C:\Users\shrey\Downloads\MIP_project_part2\Lung-Cancer-Classification-\Data\test\adenocarcinoma\000113 (7).png,C:\Users\shrey\Downloads\MIP_project_part2\Lung-Cancer-Classification-\Data\test\adenocarcinoma\000155 (4).png
0,False,True,False,test,test,squamous.cell.carcinoma,squamous.cell.carcinoma,000133 (2).png,000154 (2).png,C:\Users\shrey\Downloads\MIP_project_part2\Lung-Cancer-Classification-\Data\test\squamous.cell.carcinoma\000133 (2).png,C:\Users\shrey\Downloads\MIP_project_part2\Lung-Cancer-Classification-\Data\test\squamous.cell.carcinoma\000154 (2).png
0,False,True,False,test,test,normal,normal,10 - Copy (2) - Copy.png,10 - Copy (3).png,C:\Users\shrey\Downloads\MIP_project_part2\Lung-Cancer-Classification-\Data\test\normal\10 - Copy (2) - Copy.png,C:\Users\shrey\Downloads\MIP_project_part2\Lung-Cancer-Classification-\Data\test\normal\10 - Copy (3).png
0,False,True,False,test,test,normal,normal,10 - Copy (2) - Copy.png,10 - Copy - Copy.png,C:\Users\shrey\Downloads\MIP_project_part2\Lung-Cancer-Classification-\Data\test\normal\10 - Copy (2) - Copy.png,C:\Users\shrey\Downloads\MIP_project_part2\Lung-Cancer-Classification-\Data\test\normal\10 - Copy - Copy.png
0,False,True,False,test,test,normal,normal,10 - Copy (2) - Copy.png,10 - Copy.png,C:\Users\shrey\Downloads\MIP_project_part2\Lung-Cancer-Classification-\Data\test\normal\10 - Copy (2) - Copy.png,C:\Users\shrey\Downloads\MIP_project_part2\Lung-Cancer-Classification-\Data\test\normal\10 - Copy.png
0,False,True,False,test,test,normal,normal,10 - Copy (2) - Copy.png,10.png,C:\Users\shrey\Downloads\MIP_project_part2\Lung-Cancer-Classification-\Data\test\normal\10 - Copy (2) - Copy.png,C:\Users\shrey\Downloads\MIP_project_part2\Lung-Cancer-Classification-\Data\test\normal\10.png
0,False,True,True,test,train,normal,normal,10 - Copy (2) - Copy.png,10 - Copy (3).png,C:\Users\shrey\Downloads\MIP_project_part2\Lung-Cancer-Classification-\Data\test\normal\10 - Copy (2) - Copy.png,C:\Users\shrey\Downloads\MIP_project_part2\Lung-Cancer-Classification-\Data\train\normal\10 - Copy (3).png
0,False,True,True,test,train,normal,normal,10 - Copy (2) - Copy.png,10 - Copy - Copy.png,C:\Users\shrey\Downloads\MIP_project_part2\Lung-Cancer-Classification-\Data\test\normal\10 - Copy (2) - Copy.png,C:\Users\shrey\Downloads\MIP_project_part2\Lung-Cancer-Classification-\Data\train\normal\10 - Copy - Copy.png
0,False,True,True,test,train,normal,normal,10 - Copy (2) - Copy.png,10 - Copy.png,C:\Users\shrey\Downloads\MIP_project_part2\Lung-Cancer-Classification-\Data\test\normal\10 - Copy (2) - Copy.png,C:\Users\shrey\Downloads\MIP_project_part2\Lung-Cancer-Classification-\Data\train\normal\10 - Copy.png
0,False,True,True,test,train,normal,normal,10 - Copy (2) - Copy.png,10.png,C:\Users\shrey\Downloads\MIP_project_part2\Lung-Cancer-Classification-\Data\test\normal\10 - Copy (2) - Copy.png,C:\Users\shrey\Downloads\MIP_project_part2\Lung-Cancer-Classification-\Data\train\normal\10.png
0,False,True,False,train,train,normal,normal,10 - Copy (2) - Copy.png,10 - Copy (3).png,C:\Users\shrey\Downloads\MIP_project_part2\Lung-Cancer-Classification-\Data\train\normal\10 - Copy (2) - Copy.png,C:\Users\shrey\Downloads\MIP_project_part2\Lung-Cancer-Classification-\Data\train\normal\10 - Copy (3).png
0,False,True,False,train,train,normal,normal,10 - Copy (2) - Copy.png,10 - Copy - Copy.png,C:\Users\shrey\Downloads\MIP_project_part2\Lung-Cancer-Classification-\Data\train\normal\10 - Copy (2) - Copy.png,C:\Users\shrey\Downloads\MIP_project_part2\Lung-Cancer-Classification-\Data\train\normal\10 - Copy - Copy.png
0,False,True,False,train,train,normal,normal,10 - Copy (2) - Copy.png,10 - Copy.png,C:\Users\shrey\Downloads\MIP_project_part2\Lung-Cancer-Classification-\Data\train\normal\10 - Copy (2) - Copy.png,C:\Users\shrey\Downloads\MIP_project_part2\Lung-Cancer-Classification-\Data\train\normal\10 - Copy.png
0,False,True,False,train,train,normal,normal,10 - Copy (2) - Copy.png,10.png,C:\Users\shrey\Downloads\MIP_project_part2\Lung-Cancer-Classification-\Data\train\normal\10 - Copy (2) - Copy.png,C:\Users\shrey\Downloads\MIP_project_part2\Lung-Cancer-Classification-\Data\train\normal\10.png
0,False,True,False,test,test,normal,normal,10 - Copy (2).png,10 - Copy (3).png,C:\Users\shrey\Downloads\MIP_project_part2\Lung-Cancer-Classification-\Data\test\normal\10 - Copy (2).png,C:\Users\shrey\Downloads\MIP_project_part2\Lung-Cancer-Classification-\Data\test\normal\10 - Copy (3).png
0,False,True,False,test,test,normal,normal,10 - Copy (2).png,10 - Copy - Copy.png,C:\Users\shrey\Downloads\MIP_project_part2\Lung-Cancer-Classification-\Data\test\normal\10 - Copy (2).png,C:\Users\shrey\Downloads\MIP_project_part2\Lung-Cancer-Classification-\Data\test\normal\10 - Copy - Copy.png
0,False,True,False,test,test,normal,normal,10 - Copy (2).png,10 - Copy.png,C:\Users\shrey\Downloads\MIP_project_part2\Lung-Cancer-Classification-\Data\test\normal\10 - Copy (2).png,C:\Users\shrey\Downloads\MIP_project_part2\Lung-Cancer-Classification-\Data\test\normal\10 - Copy.png
0,False,True,False,test,test,normal,normal,10 - Copy (2).png,10.png,C:\Users\shrey\Downloads\MIP_project_part2\Lung-Cancer-Classification-\Data\test\normal\10 - Copy (2).png,C:\Users\shrey\Downloads\MIP_project_part2\Lung-Cancer-Classification-\Data\test\normal\10.png
0,False,True,True,test,train,normal,normal,10 - Copy (2).png,10 - Copy (3).png,C:\Users\shrey\Downloads\MIP_project_part2\Lung-Cancer-Classification-\Data\test\normal\10 - Copy (2).png,C:\Users\shrey\Downloads\MIP_project_part2\Lung-Cancer-Classification-\Data\train\normal\10 - Copy (3).png
0,False,True,True,test,train,normal,normal,10 - Copy (2).png,10 - Copy - Copy.png,C:\Users\shrey\Downloads\MIP_project_part2\Lung-Cancer-Classification-\Data\test\normal\10 - Copy (2).png,C:\Users\shrey\Downloads\MIP_project_part2\Lung-Cancer-Classification-\Data\train\normal\10 - Copy - Copy.png
0,False,True,True,test,train,normal,normal,10 - Copy (2).png,10 - Copy.png,C:\Users\shrey\Downloads\MIP_project_part2\Lung-Cancer-Classification-\Data\test\normal\10 - Copy (2).png,C:\Users\shrey\Downloads\MIP_project_part2\Lung-Cancer-Classification-\Data\train\normal\10 - Copy.png
0,False,True,True,test,train,normal,normal,10 - Copy (2).png,10.png,C:\Users\shrey\Downloads\MIP_project_part2\Lung-Cancer-Classification-\Data\test\normal\10 - Copy (2).png,C:\Users\shrey\Downloads\MIP_project_part2\Lung-Cancer-Classification-\Data\train\normal\10.png
0,False,True,False,train,train,normal,normal,10 - Copy (2).png,10 - Copy (3).png,C:\Users\shrey\Downloads\MIP_project_part2\Lung-Cancer-Classification-\Data\train\normal\10 - Copy (2).png,C:\Users\shrey\Downloads\MIP_project_part2\Lung-Cancer-Classification-\Data\train\normal\10 - Copy (3).png
0,False,True,False,train,train,normal,normal,10 - Copy (2).png,10 - Copy - Copy.png,C:\Users\shrey\Downloads\MIP_project_part2\Lung-Cancer-Classification-\Data\train\normal\10 - Copy (2).png,C:\Users\shrey\Downloads\MIP_project_part2\Lung-Cancer-Classification-\Data\train\normal\10 - Copy - Copy.png
0,False,True,False,train,train,normal,normal,10 - Copy (2).png,10 - Copy.png,C:\Users\shrey\Downloads\MIP_project_part2\Lung-Cancer-Classification-\Data\train\normal\10 - Copy (2).png,C:\Users\shrey\Downloads\MIP_project_part2\Lung-Cancer-Classification-\Data\train\normal\10 - Copy.png
0,False,True,False,train,train,normal,normal,10 - Copy (2).png,10.png,C:\Users\shrey\Downloads\MIP_project_part2\Lung-Cancer-Classification-\Data\train\normal\10 - Copy (2).png,C:\Users\shrey\Downloads\MIP_project_part2\Lung-Cancer-Classification-\Data\train\normal\10.png
0,False,True,False,test,test,normal,normal,10 - Copy (3).png,10 - Copy - Copy.png,C:\Users\shrey\Downloads\MIP_project_part2\Lung-Cancer-Classification-\Data\test\normal\10 - Copy (3).png,C:\Users\shrey\Downloads\MIP_project_part2\Lung-Cancer-Classification-\Data\test\normal\10 - Copy - Copy.png
0,False,True,False,test,test,normal,normal,10 - Copy (3).png,10 - Copy.png,C:\Users\shrey\Downloads\MIP_project_part2\Lung-Cancer-Classification-\Data\test\normal\10 - Copy (3).png,C:\Users\shrey\Downloads\MIP_project_part2\Lung-Cancer-Classification-\Data\test\normal\10 - Copy.png
0,False,True,True,test,train,normal,normal,10 - Copy (3).png,10 - Copy (2) - Copy.png,C:\Users\shrey\Downloads\MIP_project_part2\Lung-Cancer-Classification-\Data\test\normal\10 - Copy (3).png,C:\Users\shrey\Downloads\MIP_project_part2\Lung-Cancer-Classification-\Data\train\normal\10 - Copy (2) - Copy.png
0,False,True,True,test,train,normal,normal,10 - Copy (3).png,10 - Copy (2).png,C:\Users\shrey\Downloads\MIP_project_part2\Lung-Cancer-Classification-\Data\test\normal\10 - Copy (3).png,C:\Users\shrey\Downloads\MIP_project_part2\Lung-Cancer-Classification-\Data\train\normal\10 - Copy (2).png
0,False,True,True,test,train,normal,normal,10 - Copy (3).png,10 - Copy - Copy.png,C:\Users\shrey\Downloads\MIP_project_part2\Lung-Cancer-Classification-\Data\test\normal\10 - Copy (3).png,C:\Users\shrey\Downloads\MIP_project_part2\Lung-Cancer-Classification-\Data\train\normal\10 - Copy - Copy.png
0,False,True,True,test,train,normal,normal,10 - Copy (3).png,10 - Copy.png,C:\Users\shrey\Downloads\MIP_project_part2\Lung-Cancer-Classification-\Data\test\normal\10 - Copy (3).png,C:\Users\shrey\Downloads\MIP_project_part2\Lung-Cancer-Classification-\Data\train\normal\10 - Copy.png
0,False,True,False,train,train,normal,normal,10 - Copy (3).png,10 - Copy - Copy.png,C:\Users\shrey\Downloads\MIP_project_part2\Lung-Cancer-Classification-\Data\train\normal\10 - Copy (3).png,C:\Users\shrey\Downloads\MIP_project_part2\Lung-Cancer-Classification-\Data\train\normal\10 - Copy - Copy.png
0,False,True,False,train,train,normal,normal,10 - Copy (3).png,10 - Copy.png,C:\Users\shrey\Downloads\MIP_project_part2\Lung-Cancer-Classification-\Data\train\normal\10 - Copy (3).png,C:\Users\shrey\Downloads\MIP_project_part2\Lung-Cancer-Classification-\Data\train\normal\10 - Copy.png
0,False,True,False,test,test,normal,normal,10 - Copy - Copy.png,10.png,C:\Users\shrey\Downloads\MIP_project_part2\Lung-Cancer-Classification-\Data\test\normal\10 - Copy - Copy.png,C:\Users\shrey\Downloads\MIP_project_part2\Lung-Cancer-Classification-\Data\test\normal\10.png
0,False,True,True,test,train,normal,normal,10 - Copy - Copy.png,10 - Copy (2) - Copy.png,C:\Users\shrey\Downloads\MIP_project_part2\Lung-Cancer-Classification-\Data\test\normal\10 - Copy - Copy.png,C:\Users\shrey\Downloads\MIP_project_part2\Lung-Cancer-Classification-\Data\train\normal\10 - Copy (2) - Copy.png
0,False,True,True,test,train,normal,normal,10 - Copy - Copy.png,10 - Copy (2).png,C:\Users\shrey\Downloads\MIP_project_part2\Lung-Cancer-Classification-\Data\test\normal\10 - Copy - Copy.png,C:\Users\shrey\Downloads\MIP_project_part2\Lung-Cancer-Classification-\Data\train\normal\10 - Copy (2).png
0,False,True,True,test,train,normal,normal,10 - Copy - Copy.png,10 - Copy (3).png,C:\Users\shrey\Downloads\MIP_project_part2\Lung-Cancer-Classification-\Data\test\normal\10 - Copy - Copy.png,C:\Users\shrey\Downloads\MIP_project_part2\Lung-Cancer-Classification-\Data\train\normal\10 - Copy (3).png
0,False,True,True,test,train,normal,normal,10 - Copy - Copy.png,10.png,C:\Users\shrey\Downloads\MIP_project_part2\Lung-Cancer-Classification-\Data\test\normal\10 - Copy - Copy.png,C:\Users\shrey\Downloads\MIP_project_part2\Lung-Cancer-Classification-\Data\train\normal\10.png
0,False,True,False,train,train,normal,normal,10 - Copy - Copy.png,10.png,C:\Users\shrey\Downloads\MIP_project_part2\Lung-Cancer-Classification-\Data\train\normal\10 - Copy - Copy.png,C:\Users\shrey\Downloads\MIP_project_part2\Lung-Cancer-Classification-\Data\train\normal\10.png
0,False,True,False,test,test,normal,normal,10 - Copy.png,10.png,C:\Users\shrey\Downloads\MIP_project_part2\Lung-Cancer-Classification-\Data\test\normal\10 - Copy.png,C:\Users\shrey\Downloads\MIP_project_part2\Lung-Cancer-Classification-\Data\test\normal\10.png
0,False,True,True,test,train,normal,normal,10 - Copy.png,10 - Copy (2) - Copy.png,C:\Users\shrey\Downloads\MIP_project_part2\Lung-Cancer-Classification-\Data\test\normal\10 - Copy.png,C:\Users\shrey\Downloads\MIP_project_part2\Lung-Cancer-Classification-\Data\train\normal\10 - Copy (2) - Copy.png
0,False,True,True,test,train,normal,normal,10 - Copy.png,10 - Copy (2).png,C:\Users\shrey\Downloads\MIP_project_part2\Lung-Cancer-Classification-\Data\test\normal\10 - Copy.png,C:\Users\shrey\Downloads\MIP_project_part2\Lung-Cancer-Classification-\Data\train\normal\10 - Copy (2).png
0,False,True,True,test,train,normal,normal,10 - Copy.png,10 - Copy (3).png,C:\Users\shrey\Downloads\MIP_project_part2\Lung-Cancer-Classification-\Data\test\normal\10 - Copy.png,C:\Users\shrey\Downloads\MIP_project_part2\Lung-Cancer-Classification-\Data\train\normal\10 - Copy (3).png
0,False,True,True,test,train,normal,normal,10 - Copy.png,10.png,C:\Users\shrey\Downloads\MIP_project_part2\Lung-Cancer-Classification-\Data\test\normal\10 - Copy.png,C:\Users\shrey\Downloads\MIP_project_part2\Lung-Cancer-Classification-\Data\train\normal\10.png
0,False,True,False,train,train,normal,normal,10 - Copy.png,10.png,C:\Users\shrey\Downloads\MIP_project_part2\Lung-Cancer-Classification-\Data\train\normal\10 - Copy.png,C:\Users\shrey\Downloads\MIP_project_part2\Lung-Cancer-Classification-\Data\train\normal\10.png
0,False,True,True,test,train,normal,normal,10.png,10 - Copy (2) - Copy.png,C:\Users\shrey\Downloads\MIP_project_part2\Lung-Cancer-Classification-\Data\test\normal\10.png,C:\Users\shrey\Downloads\MIP_project_part2\Lung-Cancer-Classification-\Data\train\normal\10 - Copy (2) - Copy.png
0,False,True,True,test,train,normal,normal,10.png,10 - Copy (2).png,C:\Users\shrey\Downloads\MIP_project_part2\Lung-Cancer-Classification-\Data\test\normal\10.png,C:\Users\shrey\Downloads\MIP_project_part2\Lung-Cancer-Classification-\Data\train\normal\10 - Copy (2).png
0,False,True,True,test,train,normal,normal,10.png,10 - Copy - Copy.png,C:\Users\shrey\Downloads\MIP_project_part2\Lung-Cancer-Classification-\Data\test\normal\10.png,C:\Users\shrey\Downloads\MIP_project_part2\Lung-Cancer-Classification-\Data\train\normal\10 - Copy - Copy.png
0,False,True,True,test,train,normal,normal,10.png,10 - Copy.png,C:\Users\shrey\Downloads\MIP_project_part2\Lung-Cancer-Classification-\Data\test\normal\10.png,C:\Users\shrey\Downloads\MIP_project_part2\Lung-Cancer-Classification-\Data\train\normal\10 - Copy.png
0,False,True,False,test,test,normal,normal,11 (2) - Copy.png,11 - Copy (3).png,C:\Users\shrey\Downloads\MIP_project_part2\Lung-Cancer-Classification-\Data\test\normal\11 (2) - Copy.png,C:\Users\shrey\Downloads\MIP_project_part2\Lung-Cancer-Classification-\Data\test\normal\11 - Copy (3).png
0,False,True,False,test,test,normal,normal,11 (2) - Copy.png,11.png,C:\Users\shrey\Downloads\MIP_project_part2\Lung-Cancer-Classification-\Data\test\normal\11 (2) - Copy.png,C:\Users\shrey\Downloads\MIP_project_part2\Lung-Cancer-Classification-\Data\test\normal\11.png
0,False,True,True,test,train,normal,normal,11 (2) - Copy.png,11 - Copy (3).png,C:\Users\shrey\Downloads\MIP_project_part2\Lung-Cancer-Classification-\Data\test\normal\11 (2) - Copy.png,C:\Users\shrey\Downloads\MIP_project_part2\Lung-Cancer-Classification-\Data\train\normal\11 - Copy (3).png
0,False,True,True,test,train,normal,normal,11 (2) - Copy.png,11.png,C:\Users\shrey\Downloads\MIP_project_part2\Lung-Cancer-Classification-\Data\test\normal\11 (2) - Copy.png,C:\Users\shrey\Downloads\MIP_project_part2\Lung-Cancer-Classification-\Data\train\normal\11.png
0,False,True,False,train,train,normal,normal,11 (2) - Copy.png,11 - Copy (3).png,C:\Users\shrey\Downloads\MIP_project_part2\Lung-Cancer-Classification-\Data\train\normal\11 (2) - Copy.png,C:\Users\shrey\Downloads\MIP_project_part2\Lung-Cancer-Classification-\Data\train\normal\11 - Copy (3).png
0,False,True,False,train,train,normal,normal,11 (2) - Copy.png,11.png,C:\Users\shrey\Downloads\MIP_project_part2\Lung-Cancer-Classification-\Data\train\normal\11 (2) - Copy.png,C:\Users\shrey\Downloads\MIP_project_part2\Lung-Cancer-Classification-\Data\train\normal\11.png
0,False,True,False,test,test,normal,normal,11 (2).png,11 - Copy (3).png,C:\Users\shrey\Downloads\MIP_project_part2\Lung-Cancer-Classification-\Data\test\normal\11 (2).png,C:\Users\shrey\Downloads\MIP_project_part2\Lung-Cancer-Classification-\Data\test\normal\11 - Copy (3).png
0,False,True,False,test,test,normal,normal,11 (2).png,11.png,C:\Users\shrey\Downloads\MIP_project_part2\Lung-Cancer-Classification-\Data\test\normal\11 (2).png,C:\Users\shrey\Downloads\MIP_project_part2\Lung-Cancer-Classification-\Data\test\normal\11.png
0,False,True,True,test,train,normal,normal,11 (2).png,11 - Copy (3).png,C:\Users\shrey\Downloads\MIP_project_part2\Lung-Cancer-Classification-\Data\test\normal\11 (2).png,C:\Users\shrey\Downloads\MIP_project_part2\Lung-Cancer-Classification-\Data\train\normal\11 - Copy (3).png
0,False,True,True,test,train,normal,normal,11 (2).png,11.png,C:\Users\shrey\Downloads\MIP_project_part2\Lung-Cancer-Classification-\Data\test\normal\11 (2).png,C:\Users\shrey\Downloads\MIP_project_part2\Lung-Cancer-Classification-\Data\train\normal\11.png
0,False,True,False,train,train,normal,normal,11 (2).png,11 - Copy (3).png,C:\Users\shrey\Downloads\MIP_project_part2\Lung-Cancer-Classification-\Data\train\normal\11 (2).png,C:\Users\shrey\Downloads\MIP_project_part2\Lung-Cancer-Classification-\Data\train\normal\11 - Copy (3).png
0,False,True,False,train,train,normal,normal,11 (2).png,11.png,C:\Users\shrey\Downloads\MIP_project_part2\Lung-Cancer-Classification-\Data\train\normal\11 (2).png,C:\Users\shrey\Downloads\MIP_project_part2\Lung-Cancer-Classification-\Data\train\normal\11.png
0,False,True,False,test,test,normal,normal,11 - Copy (2) - Copy.png,11 - Copy - Copy.png,C:\Users\shrey\Downloads\MIP_project_part2\Lung-Cancer-Classification-\Data\test\normal\11 - Copy (2) - Copy.png,C:\Users\shrey\Downloads\MIP_project_part2\Lung-Cancer-Classification-\Data\test\normal\11 - Copy - Copy.png
0,False,True,False,test,test,normal,normal,11 - Copy (2) - Copy.png,11 - Copy.png,C:\Users\shrey\Downloads\MIP_project_part2\Lung-Cancer-Classification-\Data\test\normal\11 - Copy (2) - Copy.png,C:\Users\shrey\Downloads\MIP_project_part2\Lung-Cancer-Classification-\Data\test\normal\11 - Copy.png
0,False,True,True,test,train,normal,normal,11 - Copy (2) - Copy.png,11 - Copy - Copy.png,C:\Users\shrey\Downloads\MIP_project_part2\Lung-Cancer-Classification-\Data\test\normal\11 - Copy (2) - Copy.png,C:\Users\shrey\Downloads\MIP_project_part2\Lung-Cancer-Classification-\Data\train\normal\11 - Copy - Copy.png
0,False,True,True,test,train,normal,normal,11 - Copy (2) - Copy.png,11 - Copy.png,C:\Users\shrey\Downloads\MIP_project_part2\Lung-Cancer-Classification-\Data\test\normal\11 - Copy (2) - Copy.png,C:\Users\shrey\Downloads\MIP_project_part2\Lung-Cancer-Classification-\Data\train\normal\11 - Copy.png
0,False,True,False,train,train,normal,normal,11 - Copy (2) - Copy.png,11 - Copy - Copy.png,C:\Users\shrey\Downloads\MIP_project_part2\Lung-Cancer-Classification-\Data\train\normal\11 - Copy (2) - Copy.png,C:\Users\shrey\Downloads\MIP_project_part2\Lung-Cancer-Classification-\Data\train\normal\11 - Copy - Copy.png
0,False,True,False,train,train,normal,normal,11 - Copy (2) - Copy.png,11 - Copy.png,C:\Users\shrey\Downloads\MIP_project_part2\Lung-Cancer-Classification-\Data\train\normal\11 - Copy (2) - Copy.png,C:\Users\shrey\Downloads\MIP_project_part2\Lung-Cancer-Classification-\Data\train\normal\11 - Copy.png
0,False,True,False,test,test,normal,normal,11 - Copy (2).png,11 - Copy - Copy.png,C:\Users\shrey\Downloads\MIP_project_part2\Lung-Cancer-Classification-\Data\test\normal\11 - Copy (2).png,C:\Users\shrey\Downloads\MIP_project_part2\Lung-Cancer-Classification-\Data\test\normal\11 - Copy - Copy.png
0,False,True,False,test,test,normal,normal,11 - Copy (2).png,11 - Copy.png,C:\Users\shrey\Downloads\MIP_project_part2\Lung-Cancer-Classification-\Data\test\normal\11 - Copy (2).png,C:\Users\shrey\Downloads\MIP_project_part2\Lung-Cancer-Classification-\Data\test\normal\11 - Copy.png
0,False,True,True,test,train,normal,normal,11 - Copy (2).png,11 - Copy - Copy.png,C:\Users\shrey\Downloads\MIP_project_part2\Lung-Cancer-Classification-\Data\test\normal\11 - Copy (2).png,C:\Users\shrey\Downloads\MIP_project_part2\Lung-Cancer-Classification-\Data\train\normal\11 - Copy - Copy.png
0,False,True,True,test,train,normal,normal,11 - Copy (2).png,11 - Copy.png,C:\Users\shrey\Downloads\MIP_project_part2\Lung-Cancer-Classification-\Data\test\normal\11 - Copy (2).png,C:\Users\shrey\Downloads\MIP_project_part2\Lung-Cancer-Classification-\Data\train\normal\11 - Copy.png
0,False,True,False,train,train,normal,normal,11 - Copy (2).png,11 - Copy - Copy.png,C:\Users\shrey\Downloads\MIP_project_part2\Lung-Cancer-Classification-\Data\train\normal\11 - Copy (2).png,C:\Users\shrey\Downloads\MIP_project_part2\Lung-Cancer-Classification-\Data\train\normal\11 - Copy - Copy.png
0,False,True,False,train,train,normal,normal,11 - Copy (2).png,11 - Copy.png,C:\Users\shrey\Downloads\MIP_project_part2\Lung-Cancer-Classification-\Data\train\normal\11 - Copy (2).png,C:\Users\shrey\Downloads\MIP_project_part2\Lung-Cancer-Classification-\Data\train\normal\11 - Copy.png
0,False,True,True,test,train,normal,normal,11 - Copy (3).png,11 (2) - Copy.png,C:\Users\shrey\Downloads\MIP_project_part2\Lung-Cancer-Classification-\Data\test\normal\11 - Copy (3).png,C:\Users\shrey\Downloads\MIP_project_part2\Lung-Cancer-Classification-\Data\train\normal\11 (2) - Copy.png
0,False,True,True,test,train,normal,normal,11 - Copy (3).png,11 (2).png,C:\Users\shrey\Downloads\MIP_project_part2\Lung-Cancer-Classification-\Data\test\normal\11 - Copy (3).png,C:\Users\shrey\Downloads\MIP_project_part2\Lung-Cancer-Classification-\Data\train\normal\11 (2).png
0,False,True,True,test,train,normal,normal,11 - Copy - Copy.png,11 - Copy (2) - Copy.png,C:\Users\shrey\Downloads\MIP_project_part2\Lung-Cancer-Classification-\Data\test\normal\11 - Copy - Copy.png,C:\Users\shrey\Downloads\MIP_project_part2\Lung-Cancer-Classification-\Data\train\normal\11 - Copy (2) - Copy.png
0,False,True,True,test,train,normal,normal,11 - Copy - Copy.png,11 - Copy (2).png,C:\Users\shrey\Downloads\MIP_project_part2\Lung-Cancer-Classification-\Data\test\normal\11 - Copy - Copy.png,C:\Users\shrey\Downloads\MIP_project_part2\Lung-Cancer-Classification-\Data\train\normal\11 - Copy (2).png
0,False,True,True,test,train,normal,normal,11 - Copy.png,11 - Copy (2) - Copy.png,C:\Users\shrey\Downloads\MIP_project_part2\Lung-Cancer-Classification-\Data\test\normal\11 - Copy.png,C:\Users\shrey\Downloads\MIP_project_part2\Lung-Cancer-Classification-\Data\train\normal\11 - Copy (2) - Copy.png
0,False,True,True,test,train,normal,normal,11 - Copy.png,11 - Copy (2).png,C:\Users\shrey\Downloads\MIP_project_part2\Lung-Cancer-Classification-\Data\test\normal\11 - Copy.png,C:\Users\shrey\Downloads\MIP_project_part2\Lung-Cancer-Classification-\Data\train\normal\11 - Copy (2).png
0,False,True,True,test,train,normal,normal,11.png,11 (2) - Copy.png,C:\Users\shrey\Downloads\MIP_project_part2\Lung-Cancer-Classification-\Data\test\normal\11.png,C:\Users\shrey\Downloads\MIP_project_part2\Lung-Cancer-Classification-\Data\train\normal\11 (2) - Copy.png
0,False,True,True,test,train,normal,normal,11.png,11 (2).png,C:\Users\shrey\Downloads\MIP_project_part2\Lung-Cancer-Classification-\Data\test\normal\11.png,C:\Users\shrey\Downloads\MIP_project_part2\Lung-Cancer-Classification-\Data\train\normal\11 (2).png
0,False,True,False,train,train,normal,normal,16 - Copy (3).png,16 - Copy - Copy.png,C:\Users\shrey\Downloads\MIP_project_part2\Lung-Cancer-Classification-\Data\train\normal\16 - Copy (3).png,C:\Users\shrey\Downloads\MIP_project_part2\Lung-Cancer-Classification-\Data\train\normal\16 - Copy - Copy.png
0,False,True,False,train,train,normal,normal,16 - Copy (3).png,16 - Copy.png,C:\Users\shrey\Downloads\MIP_project_part2\Lung-Cancer-Classification-\Data\train\normal\16 - Copy (3).png,C:\Users\shrey\Downloads\MIP_project_part2\Lung-Cancer-Classification-\Data\train\normal\16 - Copy.png
0,False,True,False,train,train,normal,normal,16 - Copy - Copy.png,16.png,C:\Users\shrey\Downloads\MIP_project_part2\Lung-Cancer-Classification-\Data\train\normal\16 - Copy - Copy.png,C:\Users\shrey\Downloads\MIP_project_part2\Lung-Cancer-Classification-\Data\train\normal\16.png
0,False,True,False,train,train,normal,normal,16 - Copy.png,16.png,C:\Users\shrey\Downloads\MIP_project_part2\Lung-Cancer-Classification-\Data\train\normal\16 - Copy.png,C:\Users\shrey\Downloads\MIP_project_part2\Lung-Cancer-Classification-\Data\train\normal\16.png
0,False,True,False,train,train,normal,normal,17 (2) - Copy.png,17 - Copy (3).png,C:\Users\shrey\Downloads\MIP_project_part2\Lung-Cancer-Classification-\Data\train\normal\17 (2) - Copy.png,C:\Users\shrey\Downloads\MIP_project_part2\Lung-Cancer-Classification-\Data\train\normal\17 - Copy (3).png
0,False,True,False,train,train,normal,normal,17 (2) - Copy.png,17 - Copy - Copy.png,C:\Users\shrey\Downloads\MIP_project_part2\Lung-Cancer-Classification-\Data\train\normal\17 (2) - Copy.png,C:\Users\shrey\Downloads\MIP_project_part2\Lung-Cancer-Classification-\Data\train\normal\17 - Copy - Copy.png
0,False,True,False,train,train,normal,normal,17 (2) - Copy.png,17 - Copy.png,C:\Users\shrey\Downloads\MIP_project_part2\Lung-Cancer-Classification-\Data\train\normal\17 (2) - Copy.png,C:\Users\shrey\Downloads\MIP_project_part2\Lung-Cancer-Classification-\Data\train\normal\17 - Copy.png
0,False,True,False,train,train,normal,normal,17 (2) - Copy.png,17.png,C:\Users\shrey\Downloads\MIP_project_part2\Lung-Cancer-Classification-\Data\train\normal\17 (2) - Copy.png,C:\Users\shrey\Downloads\MIP_project_part2\Lung-Cancer-Classification-\Data\train\normal\17.png
0,False,True,False,train,train,normal,normal,17 (2).png,17 - Copy (3).png,C:\Users\shrey\Downloads\MIP_project_part2\Lung-Cancer-Classification-\Data\train\normal\17 (2).png,C:\Users\shrey\Downloads\MIP_project_part2\Lung-Cancer-Classification-\Data\train\normal\17 - Copy (3).png
0,False,True,False,train,train,normal,normal,17 (2).png,17 - Copy - Copy.png,C:\Users\shrey\Downloads\MIP_project_part2\Lung-Cancer-Classification-\Data\train\normal\17 (2).png,C:\Users\shrey\Downloads\MIP_project_part2\Lung-Cancer-Classification-\Data\train\normal\17 - Copy - Copy.png
0,False,True,False,train,train,normal,normal,17 (2).png,17 - Copy.png,C:\Users\shrey\Downloads\MIP_project_part2\Lung-Cancer-Classification-\Data\train\normal\17 (2).png,C:\Users\shrey\Downloads\MIP_project_part2\Lung-Cancer-Classification-\Data\train\normal\17 - Copy.png
0,False,True,False,train,train,normal,normal,17 (2).png,17.png,C:\Users\shrey\Downloads\MIP_project_part2\Lung-Cancer-Classification-\Data\train\normal\17 (2).png,C:\Users\shrey\Downloads\MIP_project_part2\Lung-Cancer-Classification-\Data\train\normal\17.png
0,False,True,False,train,train,normal,normal,17 - Copy (3).png,17 - Copy - Copy.png,C:\Users\shrey\Downloads\MIP_project_part2\Lung-Cancer-Classification-\Data\train\normal\17 - Copy (3).png,C:\Users\shrey\Downloads\MIP_project_part2\Lung-Cancer-Classification-\Data\train\normal\17 - Copy - Copy.png
0,False,True,False,train,train,normal,normal,17 - Copy (3).png,17 - Copy.png,C:\Users\shrey\Downloads\MIP_project_part2\Lung-Cancer-Classification-\Data\train\normal\17 - Copy (3).png,C:\Users\shrey\Downloads\MIP_project_part2\Lung-Cancer-Classification-\Data\train\normal\17 - Copy.png
0,False,True,False,train,train,normal,normal,17 - Copy - Copy.png,17.png,C:\Users\shrey\Downloads\MIP_project_part2\Lung-Cancer-Classification-\Data\train\normal\17 - Copy - Copy.png,C:\Users\shrey\Downloads\MIP_project_part2\Lung-Cancer-Classification-\Data\train\normal\17.png
0,False,True,False,train,train,normal,normal,17 - Copy.png,17.png,C:\Users\shrey\Downloads\MIP_project_part2\Lung-Cancer-Classification-\Data\train\normal\17 - Copy.png,C:\Users\shrey\Downloads\MIP_project_part2\Lung-Cancer-Classification-\Data\train\normal\17.png
0,False,True,False,train,train,normal,normal,18 (2) - Copy.png,18 - Copy (2) - Copy.png,C:\Users\shrey\Downloads\MIP_project_part2\Lung-Cancer-Classification-\Data\train\normal\18 (2) - Copy.png,C:\Users\shrey\Downloads\MIP_project_part2\Lung-Cancer-Classification-\Data\train\normal\18 - Copy (2) - Copy.png
0,False,True,False,train,train,normal,normal,18 (2) - Copy.png,18 - Copy (2).png,C:\Users\shrey\Downloads\MIP_project_part2\Lung-Cancer-Classification-\Data\train\normal\18 (2) - Copy.png,C:\Users\shrey\Downloads\MIP_project_part2\Lung-Cancer-Classification-\Data\train\normal\18 - Copy (2).png
0,False,True,False,train,train,normal,normal,18 (2) - Copy.png,18 - Copy (3).png,C:\Users\shrey\Downloads\MIP_project_part2\Lung-Cancer-Classification-\Data\train\normal\18 (2) - Copy.png,C:\Users\shrey\Downloads\MIP_project_part2\Lung-Cancer-Classification-\Data\train\normal\18 - Copy (3).png
0,False,True,False,train,train,normal,normal,18 (2) - Copy.png,18 - Copy - Copy.png,C:\Users\shrey\Downloads\MIP_project_part2\Lung-Cancer-Classification-\Data\train\normal\18 (2) - Copy.png,C:\Users\shrey\Downloads\MIP_project_part2\Lung-Cancer-Classification-\Data\train\normal\18 - Copy - Copy.png
0,False,True,False,train,train,normal,normal,18 (2) - Copy.png,18 - Copy.png,C:\Users\shrey\Downloads\MIP_project_part2\Lung-Cancer-Classification-\Data\train\normal\18 (2) - Copy.png,C:\Users\shrey\Downloads\MIP_project_part2\Lung-Cancer-Classification-\Data\train\normal\18 - Copy.png
0,False,True,False,train,train,normal,normal,18 (2) - Copy.png,18.png,C:\Users\shrey\Downloads\MIP_project_part2\Lung-Cancer-Classification-\Data\train\normal\18 (2) - Copy.png,C:\Users\shrey\Downloads\MIP_project_part2\Lung-Cancer-Classification-\Data\train\normal\18.png
0,False,True,False,train,train,normal,normal,18 (2).png,18 - Copy (2) - Copy.png,C:\Users\shrey\Downloads\MIP_project_part2\Lung-Cancer-Classification-\Data\train\normal\18 (2).png,C:\Users\shrey\Downloads\MIP_project_part2\Lung-Cancer-Classification-\Data\train\normal\18 - Copy (2) - Copy.png
0,False,True,False,train,train,normal,normal,18 (2).png,18 - Copy (2).png,C:\Users\shrey\Downloads\MIP_project_part2\Lung-Cancer-Classification-\Data\train\normal\18 (2).png,C:\Users\shrey\Downloads\MIP_project_part2\Lung-Cancer-Classification-\Data\train\normal\18 - Copy (2).png
0,False,True,False,train,train,normal,normal,18 (2).png,18 - Copy (3).png,C:\Users\shrey\Downloads\MIP_project_part2\Lung-Cancer-Classification-\Data\train\normal\18 (2).png,C:\Users\shrey\Downloads\MIP_project_part2\Lung-Cancer-Classification-\Data\train\normal\18 - Copy (3).png
0,False,True,False,train,train,normal,normal,18 (2).png,18 - Copy - Copy.png,C:\Users\shrey\Downloads\MIP_project_part2\Lung-Cancer-Classification-\Data\train\normal\18 (2).png,C:\Users\shrey\Downloads\MIP_project_part2\Lung-Cancer-Classification-\Data\train\normal\18 - Copy - Copy.png
0,False,True,False,train,train,normal,normal,18 (2).png,18 - Copy.png,C:\Users\shrey\Downloads\MIP_project_part2\Lung-Cancer-Classification-\Data\train\normal\18 (2).png,C:\Users\shrey\Downloads\MIP_project_part2\Lung-Cancer-Classification-\Data\train\normal\18 - Copy.png
0,False,True,False,train,train,normal,normal,18 (2).png,18.png,C:\Users\shrey\Downloads\MIP_project_part2\Lung-Cancer-Classification-\Data\train\normal\18 (2).png,C:\Users\shrey\Downloads\MIP_project_part2\Lung-Cancer-Classification-\Data\train\normal\18.png
0,False,True,False,train,train,normal,normal,18 - Copy (2) - Copy.png,18 - Copy (3).png,C:\Users\shrey\Downloads\MIP_project_part2\Lung-Cancer-Classification-\Data\train\normal\18 - Copy (2) - Copy.png,C:\Users\shrey\Downloads\MIP_project_part2\Lung-Cancer-Classification-\Data\train\normal\18 - Copy (3).png
0,False,True,False,train,train,normal,normal,18 - Copy (2) - Copy.png,18 - Copy - Copy.png,C:\Users\shrey\Downloads\MIP_project_part2\Lung-Cancer-Classification-\Data\train\normal\18 - Copy (2) - Copy.png,C:\Users\shrey\Downloads\MIP_project_part2\Lung-Cancer-Classification-\Data\train\normal\18 - Copy - Copy.png
0,False,True,False,train,train,normal,normal,18 - Copy (2) - Copy.png,18 - Copy.png,C:\Users\shrey\Downloads\MIP_project_part2\Lung-Cancer-Classification-\Data\train\normal\18 - Copy (2) - Copy.png,C:\Users\shrey\Downloads\MIP_project_part2\Lung-Cancer-Classification-\Data\train\normal\18 - Copy.png
0,False,True,False,train,train,normal,normal,18 - Copy (2) - Copy.png,18.png,C:\Users\shrey\Downloads\MIP_project_part2\Lung-Cancer-Classification-\Data\train\normal\18 - Copy (2) - Copy.png,C:\Users\shrey\Downloads\MIP_project_part2\Lung-Cancer-Classification-\Data\train\normal\18.png
0,False,True,False,train,train,normal,normal,18 - Copy (2).png,18 - Copy (3).png,C:\Users\shrey\Downloads\MIP_project_part2\Lung-Cancer-Classification-\Data\train\normal\18 - Copy (2).png,C:\Users\shrey\Downloads\MIP_project_part2\Lung-Cancer-Classification-\Data\train\normal\18 - Copy (3).png
0,False,True,False,train,train,normal,normal,18 - Copy (2).png,18 - Copy - Copy.png,C:\Users\shrey\Downloads\MIP_project_part2\Lung-Cancer-Classification-\Data\train\normal\18 - Copy (2).png,C:\Users\shrey\Downloads\MIP_project_part2\Lung-Cancer-Classification-\Data\train\normal\18 - Copy - Copy.png
0,False,True,False,train,train,normal,normal,18 - Copy (2).png,18 - Copy.png,C:\Users\shrey\Downloads\MIP_project_part2\Lung-Cancer-Classification-\Data\train\normal\18 - Copy (2).png,C:\Users\shrey\Downloads\MIP_project_part2\Lung-Cancer-Classification-\Data\train\normal\18 - Copy.png
0,False,True,False,train,train,normal,normal,18 - Copy (2).png,18.png,C:\Users\shrey\Downloads\MIP_project_part2\Lung-Cancer-Classification-\Data\train\normal\18 - Copy (2).png,C:\Users\shrey\Downloads\MIP_project_part2\Lung-Cancer-Classification-\Data\train\normal\18.png
0,False,True,False,train,train,normal,normal,18 - Copy (3).png,18 - Copy - Copy.png,C:\Users\shrey\Downloads\MIP_project_part2\Lung-Cancer-Classification-\Data\train\normal\18 - Copy (3).png,C:\Users\shrey\Downloads\MIP_project_part2\Lung-Cancer-Classification-\Data\train\normal\18 - Copy - Copy.png
0,False,True,False,train,train,normal,normal,18 - Copy (3).png,18 - Copy.png,C:\Users\shrey\Downloads\MIP_project_part2\Lung-Cancer-Classification-\Data\train\normal\18 - Copy (3).png,C:\Users\shrey\Downloads\MIP_project_part2\Lung-Cancer-Classification-\Data\train\normal\18 - Copy.png
0,False,True,False,train,train,normal,normal,18 - Copy - Copy.png,18.png,C:\Users\shrey\Downloads\MIP_project_part2\Lung-Cancer-Classification-\Data\train\normal\18 - Copy - Copy.png,C:\Users\shrey\Downloads\MIP_project_part2\Lung-Cancer-Classification-\Data\train\normal\18.png
0,False,True,False,train,train,normal,normal,18 - Copy.png,18.png,C:\Users\shrey\Downloads\MIP_project_part2\Lung-Cancer-Classification-\Data\train\normal\18 - Copy.png,C:\Users\shrey\Downloads\MIP_project_part2\Lung-Cancer-Classification-\Data\train\normal\18.png
0,False,True,False,train,train,normal,normal,19 (2) - Copy.png,19 - Copy (3).png,C:\Users\shrey\Downloads\MIP_project_part2\Lung-Cancer-Classification-\Data\train\normal\19 (2) - Copy.png,C:\Users\shrey\Downloads\MIP_project_part2\Lung-Cancer-Classification-\Data\train\normal\19 - Copy (3).png
0,False,True,False,train,train,normal,normal,19 (2) - Copy.png,19 - Copy - Copy.png,C:\Users\shrey\Downloads\MIP_project_part2\Lung-Cancer-Classification-\Data\train\normal\19 (2) - Copy.png,C:\Users\shrey\Downloads\MIP_project_part2\Lung-Cancer-Classification-\Data\train\normal\19 - Copy - Copy.png
0,False,True,False,train,train,normal,normal,19 (2) - Copy.png,19 - Copy.png,C:\Users\shrey\Downloads\MIP_project_part2\Lung-Cancer-Classification-\Data\train\normal\19 (2) - Copy.png,C:\Users\shrey\Downloads\MIP_project_part2\Lung-Cancer-Classification-\Data\train\normal\19 - Copy.png
0,False,True,False,train,train,normal,normal,19 (2) - Copy.png,19.png,C:\Users\shrey\Downloads\MIP_project_part2\Lung-Cancer-Classification-\Data\train\normal\19 (2) - Copy.png,C:\Users\shrey\Downloads\MIP_project_part2\Lung-Cancer-Classification-\Data\train\normal\19.png
0,False,True,False,train,train,normal,normal,19 (2).png,19 - Copy (3).png,C:\Users\shrey\Downloads\MIP_project_part2\Lung-Cancer-Classification-\Data\train\normal\19 (2).png,C:\Users\shrey\Downloads\MIP_project_part2\Lung-Cancer-Classification-\Data\train\normal\19 - Copy (3).png
0,False,True,False,train,train,normal,normal,19 (2).png,19 - Copy - Copy.png,C:\Users\shrey\Downloads\MIP_project_part2\Lung-Cancer-Classification-\Data\train\normal\19 (2).png,C:\Users\shrey\Downloads\MIP_project_part2\Lung-Cancer-Classification-\Data\train\normal\19 - Copy - Copy.png
0,False,True,False,train,train,normal,normal,19 (2).png,19 - Copy.png,C:\Users\shrey\Downloads\MIP_project_part2\Lung-Cancer-Classification-\Data\train\normal\19 (2).png,C:\Users\shrey\Downloads\MIP_project_part2\Lung-Cancer-Classification-\Data\train\normal\19 - Copy.png
0,False,True,False,train,train,normal,normal,19 (2).png,19.png,C:\Users\shrey\Downloads\MIP_project_part2\Lung-Cancer-Classification-\Data\train\normal\19 (2).png,C:\Users\shrey\Downloads\MIP_project_part2\Lung-Cancer-Classification-\Data\train\normal\19.png
0,False,True,False,train,train,normal,normal,19 - Copy (3).png,19 - Copy - Copy.png,C:\Users\shrey\Downloads\MIP_project_part2\Lung-Cancer-Classification-\Data\train\normal\19 - Copy (3).png,C:\Users\shrey\Downloads\MIP_project_part2\Lung-Cancer-Classification-\Data\train\normal\19 - Copy - Copy.png
0,False,True,False,train,train,normal,normal,19 - Copy (3).png,19 - Copy.png,C:\Users\shrey\Downloads\MIP_project_part2\Lung-Cancer-Classification-\Data\train\normal\19 - Copy (3).png,C:\Users\shrey\Downloads\MIP_project_part2\Lung-Cancer-Classification-\Data\train\normal\19 - Copy.png
0,False,True,False,train,train,normal,normal,19 - Copy - Copy.png,19.png,C:\Users\shrey\Downloads\MIP_project_part2\Lung-Cancer-Classification-\Data\train\normal\19 - Copy - Copy.png,C:\Users\shrey\Downloads\MIP_project_part2\Lung-Cancer-Classification-\Data\train\normal\19.png
0,False,True,False,train,train,normal,normal,19 - Copy.png,19.png,C:\Users\shrey\Downloads\MIP_project_part2\Lung-Cancer-Classification-\Data\train\normal\19 - Copy.png,C:\Users\shrey\Downloads\MIP_project_part2\Lung-Cancer-Classification-\Data\train\normal\19.png
0,False,True,False,train,train,normal,normal,2 - Copy (2) - Copy.png,2 - Copy (3).png,C:\Users\shrey\Downloads\MIP_project_part2\Lung-Cancer-Classification-\Data\train\normal\2 - Copy (2) - Copy.png,C:\Users\shrey\Downloads\MIP_project_part2\Lung-Cancer-Classification-\Data\train\normal\2 - Copy (3).png
0,False,True,False,train,train,normal,normal,2 - Copy (2) - Copy.png,2.png,C:\Users\shrey\Downloads\MIP_project_part2\Lung-Cancer-Classification-\Data\train\normal\2 - Copy (2) - Copy.png,C:\Users\shrey\Downloads\MIP_project_part2\Lung-Cancer-Classification-\Data\train\normal\2.png
0,False,True,False,train,train,normal,normal,2 - Copy (2).png,2 - Copy (3).png,C:\Users\shrey\Downloads\MIP_project_part2\Lung-Cancer-Classification-\Data\train\normal\2 - Copy (2).png,C:\Users\shrey\Downloads\MIP_project_part2\Lung-Cancer-Classification-\Data\train\normal\2 - Copy (3).png
0,False,True,False,train,train,normal,normal,2 - Copy (2).png,2.png,C:\Users\shrey\Downloads\MIP_project_part2\Lung-Cancer-Classification-\Data\train\normal\2 - Copy (2).png,C:\Users\shrey\Downloads\MIP_project_part2\Lung-Cancer-Classification-\Data\train\normal\2.png
0,False,True,False,train,train,normal,normal,2 - Copy (3).png,2 - Copy - Copy.png,C:\Users\shrey\Downloads\MIP_project_part2\Lung-Cancer-Classification-\Data\train\normal\2 - Copy (3).png,C:\Users\shrey\Downloads\MIP_project_part2\Lung-Cancer-Classification-\Data\train\normal\2 - Copy - Copy.png
0,False,True,False,train,train,normal,normal,2 - Copy (3).png,2 - Copy.png,C:\Users\shrey\Downloads\MIP_project_part2\Lung-Cancer-Classification-\Data\train\normal\2 - Copy (3).png,C:\Users\shrey\Downloads\MIP_project_part2\Lung-Cancer-Classification-\Data\train\normal\2 - Copy.png
0,False,True,False,train,train,normal,normal,2 - Copy - Copy.png,2.png,C:\Users\shrey\Downloads\MIP_project_part2\Lung-Cancer-Classification-\Data\train\normal\2 - Copy - Copy.png,C:\Users\shrey\Downloads\MIP_project_part2\Lung-Cancer-Classification-\Data\train\normal\2.png
0,False,True,False,train,train,normal,normal,2 - Copy.png,2.png,C:\Users\shrey\Downloads\MIP_project_part2\Lung-Cancer-Classification-\Data\train\normal\2 - Copy.png,C:\Users\shrey\Downloads\MIP_project_part2\Lung-Cancer-Classification-\Data\train\normal\2.png
0,False,True,False,train,train,normal,normal,20 (2) - Copy.png,20 - Copy - Copy.png,C:\Users\shrey\Downloads\MIP_project_part2\Lung-Cancer-Classification-\Data\train\normal\20 (2) - Copy.png,C:\Users\shrey\Downloads\MIP_project_part2\Lung-Cancer-Classification-\Data\train\normal\20 - Copy - Copy.png
0,False,True,False,train,train,normal,normal,20 (2) - Copy.png,20 - Copy.png,C:\Users\shrey\Downloads\MIP_project_part2\Lung-Cancer-Classification-\Data\train\normal\20 (2) - Copy.png,C:\Users\shrey\Downloads\MIP_project_part2\Lung-Cancer-Classification-\Data\train\normal\20 - Copy.png
0,False,True,False,train,train,normal,normal,20 (2).png,20 - Copy - Copy.png,C:\Users\shrey\Downloads\MIP_project_part2\Lung-Cancer-Classification-\Data\train\normal\20 (2).png,C:\Users\shrey\Downloads\MIP_project_part2\Lung-Cancer-Classification-\Data\train\normal\20 - Copy - Copy.png
0,False,True,False,train,train,normal,normal,20 (2).png,20 - Copy.png,C:\Users\shrey\Downloads\MIP_project_part2\Lung-Cancer-Classification-\Data\train\normal\20 (2).png,C:\Users\shrey\Downloads\MIP_project_part2\Lung-Cancer-Classification-\Data\train\normal\20 - Copy.png
0,False,True,False,train,train,normal,normal,20 - Copy (3).png,20 - Copy - Copy.png,C:\Users\shrey\Downloads\MIP_project_part2\Lung-Cancer-Classification-\Data\train\normal\20 - Copy (3).png,C:\Users\shrey\Downloads\MIP_project_part2\Lung-Cancer-Classification-\Data\train\normal\20 - Copy - Copy.png
0,False,True,False,train,train,normal,normal,20 - Copy (3).png,20 - Copy.png,C:\Users\shrey\Downloads\MIP_project_part2\Lung-Cancer-Classification-\Data\train\normal\20 - Copy (3).png,C:\Users\shrey\Downloads\MIP_project_part2\Lung-Cancer-Classification-\Data\train\normal\20 - Copy.png
0,False,True,False,train,train,normal,normal,20 - Copy - Copy.png,20.png,C:\Users\shrey\Downloads\MIP_project_part2\Lung-Cancer-Classification-\Data\train\normal\20 - Copy - Copy.png,C:\Users\shrey\Downloads\MIP_project_part2\Lung-Cancer-Classification-\Data\train\normal\20.png
0,False,True,False,train,train,normal,normal,20 - Copy.png,20.png,C:\Users\shrey\Downloads\MIP_project_part2\Lung-Cancer-Classification-\Data\train\normal\20 - Copy.png,C:\Users\shrey\Downloads\MIP_project_part2\Lung-Cancer-Classification-\Data\train\normal\20.png
0,False,True,False,test,test,normal,normal,24 - Copy.png,24.png,C:\Users\shrey\Downloads\MIP_project_part2\Lung-Cancer-Classification-\Data\test\normal\24 - Copy.png,C:\Users\shrey\Downloads\MIP_project_part2\Lung-Cancer-Classification-\Data\test\normal\24.png
0,False,True,True,test,train,normal,normal,6 (2) - Copy.png,n8 (2) - Copy.jpg,C:\Users\shrey\Downloads\MIP_project_part2\Lung-Cancer-Classification-\Data\test\normal\6 (2) - Copy.png,C:\Users\shrey\Downloads\MIP_project_part2\Lung-Cancer-Classification-\Data\train\normal\n8 (2) - Copy.jpg
0,False,True,True,test,train,normal,normal,6 (2) - Copy.png,n8 (2).jpg,C:\Users\shrey\Downloads\MIP_project_part2\Lung-Cancer-Classification-\Data\test\normal\6 (2) - Copy.png,C:\Users\shrey\Downloads\MIP_project_part2\Lung-Cancer-Classification-\Data\train\normal\n8 (2).jpg
0,False,True,True,test,train,normal,normal,6 (2) - Copy.png,n8 - Copy.jpg,C:\Users\shrey\Downloads\MIP_project_part2\Lung-Cancer-Classification-\Data\test\normal\6 (2) - Copy.png,C:\Users\shrey\Downloads\MIP_project_part2\Lung-Cancer-Classification-\Data\train\normal\n8 - Copy.jpg
0,False,True,True,test,train,normal,normal,6 (2) - Copy.png,n8.jpg,C:\Users\shrey\Downloads\MIP_project_part2\Lung-Cancer-Classification-\Data\test\normal\6 (2) - Copy.png,C:\Users\shrey\Downloads\MIP_project_part2\Lung-Cancer-Classification-\Data\train\normal\n8.jpg
0,False,True,False,train,train,normal,normal,6 (2) - Copy.png,n8 (2) - Copy.jpg,C:\Users\shrey\Downloads\MIP_project_part2\Lung-Cancer-Classification-\Data\train\normal\6 (2) - Copy.png,C:\Users\shrey\Downloads\MIP_project_part2\Lung-Cancer-Classification-\Data\train\normal\n8 (2) - Copy.jpg
0,False,True,False,train,train,normal,normal,6 (2) - Copy.png,n8 (2).jpg,C:\Users\shrey\Downloads\MIP_project_part2\Lung-Cancer-Classification-\Data\train\normal\6 (2) - Copy.png,C:\Users\shrey\Downloads\MIP_project_part2\Lung-Cancer-Classification-\Data\train\normal\n8 (2).jpg
0,False,True,False,train,train,normal,normal,6 (2) - Copy.png,n8 - Copy.jpg,C:\Users\shrey\Downloads\MIP_project_part2\Lung-Cancer-Classification-\Data\train\normal\6 (2) - Copy.png,C:\Users\shrey\Downloads\MIP_project_part2\Lung-Cancer-Classification-\Data\train\normal\n8 - Copy.jpg
0,False,True,False,train,train,normal,normal,6 (2) - Copy.png,n8.jpg,C:\Users\shrey\Downloads\MIP_project_part2\Lung-Cancer-Classification-\Data\train\normal\6 (2) - Copy.png,C:\Users\shrey\Downloads\MIP_project_part2\Lung-Cancer-Classification-\Data\train\normal\n8.jpg
0,False,True,True,test,train,normal,normal,6 (2).png,n8 (2) - Copy.jpg,C:\Users\shrey\Downloads\MIP_project_part2\Lung-Cancer-Classification-\Data\test\normal\6 (2).png,C:\Users\shrey\Downloads\MIP_project_part2\Lung-Cancer-Classification-\Data\train\normal\n8 (2) - Copy.jpg
0,False,True,True,test,train,normal,normal,6 (2).png,n8 (2).jpg,C:\Users\shrey\Downloads\MIP_project_part2\Lung-Cancer-Classification-\Data\test\normal\6 (2).png,C:\Users\shrey\Downloads\MIP_project_part2\Lung-Cancer-Classification-\Data\train\normal\n8 (2).jpg
0,False,True,True,test,train,normal,normal,6 (2).png,n8 - Copy.jpg,C:\Users\shrey\Downloads\MIP_project_part2\Lung-Cancer-Classification-\Data\test\normal\6 (2).png,C:\Users\shrey\Downloads\MIP_project_part2\Lung-Cancer-Classification-\Data\train\normal\n8 - Copy.jpg
0,False,True,True,test,train,normal,normal,6 (2).png,n8.jpg,C:\Users\shrey\Downloads\MIP_project_part2\Lung-Cancer-Classification-\Data\test\normal\6 (2).png,C:\Users\shrey\Downloads\MIP_project_part2\Lung-Cancer-Classification-\Data\train\normal\n8.jpg
0,False,True,False,train,train,normal,normal,6 (2).png,n8 (2) - Copy.jpg,C:\Users\shrey\Downloads\MIP_project_part2\Lung-Cancer-Classification-\Data\train\normal\6 (2).png,C:\Users\shrey\Downloads\MIP_project_part2\Lung-Cancer-Classification-\Data\train\normal\n8 (2) - Copy.jpg
0,False,True,False,train,train,normal,normal,6 (2).png,n8 (2).jpg,C:\Users\shrey\Downloads\MIP_project_part2\Lung-Cancer-Classification-\Data\train\normal\6 (2).png,C:\Users\shrey\Downloads\MIP_project_part2\Lung-Cancer-Classification-\Data\train\normal\n8 (2).jpg
0,False,True,False,train,train,normal,normal,6 (2).png,n8 - Copy.jpg,C:\Users\shrey\Downloads\MIP_project_part2\Lung-Cancer-Classification-\Data\train\normal\6 (2).png,C:\Users\shrey\Downloads\MIP_project_part2\Lung-Cancer-Classification-\Data\train\normal\n8 - Copy.jpg
0,False,True,False,train,train,normal,normal,6 (2).png,n8.jpg,C:\Users\shrey\Downloads\MIP_project_part2\Lung-Cancer-Classification-\Data\train\normal\6 (2).png,C:\Users\shrey\Downloads\MIP_project_part2\Lung-Cancer-Classification-\Data\train\normal\n8.jpg
0,False,True,True,test,train,normal,normal,6 - Copy (3).png,n8 (2) - Copy.jpg,C:\Users\shrey\Downloads\MIP_project_part2\Lung-Cancer-Classification-\Data\test\normal\6 - Copy (3).png,C:\Users\shrey\Downloads\MIP_project_part2\Lung-Cancer-Classification-\Data\train\normal\n8 (2) - Copy.jpg
0,False,True,True,test,train,normal,normal,6 - Copy (3).png,n8 (2).jpg,C:\Users\shrey\Downloads\MIP_project_part2\Lung-Cancer-Classification-\Data\test\normal\6 - Copy (3).png,C:\Users\shrey\Downloads\MIP_project_part2\Lung-Cancer-Classification-\Data\train\normal\n8 (2).jpg
0,False,True,True,test,train,normal,normal,6 - Copy (3).png,n8 - Copy.jpg,C:\Users\shrey\Downloads\MIP_project_part2\Lung-Cancer-Classification-\Data\test\normal\6 - Copy (3).png,C:\Users\shrey\Downloads\MIP_project_part2\Lung-Cancer-Classification-\Data\train\normal\n8 - Copy.jpg
0,False,True,True,test,train,normal,normal,6 - Copy (3).png,n8.jpg,C:\Users\shrey\Downloads\MIP_project_part2\Lung-Cancer-Classification-\Data\test\normal\6 - Copy (3).png,C:\Users\shrey\Downloads\MIP_project_part2\Lung-Cancer-Classification-\Data\train\normal\n8.jpg
0,False,True,False,train,train,normal,normal,6 - Copy (3).png,n8 (2) - Copy.jpg,C:\Users\shrey\Downloads\MIP_project_part2\Lung-Cancer-Classification-\Data\train\normal\6 - Copy (3).png,C:\Users\shrey\Downloads\MIP_project_part2\Lung-Cancer-Classification-\Data\train\normal\n8 (2) - Copy.jpg
0,False,True,False,train,train,normal,normal,6 - Copy (3).png,n8 (2).jpg,C:\Users\shrey\Downloads\MIP_project_part2\Lung-Cancer-Classification-\Data\train\normal\6 - Copy (3).png,C:\Users\shrey\Downloads\MIP_project_part2\Lung-Cancer-Classification-\Data\train\normal\n8 (2).jpg
0,False,True,False,train,train,normal,normal,6 - Copy (3).png,n8 - Copy.jpg,C:\Users\shrey\Downloads\MIP_project_part2\Lung-Cancer-Classification-\Data\train\normal\6 - Copy (3).png,C:\Users\shrey\Downloads\MIP_project_part2\Lung-Cancer-Classification-\Data\train\normal\n8 - Copy.jpg
0,False,True,False,train,train,normal,normal,6 - Copy (3).png,n8.jpg,C:\Users\shrey\Downloads\MIP_project_part2\Lung-Cancer-Classification-\Data\train\normal\6 - Copy (3).png,C:\Users\shrey\Downloads\MIP_project_part2\Lung-Cancer-Classification-\Data\train\normal\n8.jpg
0,False,True,True,test,train,normal,normal,6.png,n8 (2) - Copy.jpg,C:\Users\shrey\Downloads\MIP_project_part2\Lung-Cancer-Classification-\Data\test\normal\6.png,C:\Users\shrey\Downloads\MIP_project_part2\Lung-Cancer-Classification-\Data\train\normal\n8 (2) - Copy.jpg
0,False,True,True,test,train,normal,normal,6.png,n8 (2).jpg,C:\Users\shrey\Downloads\MIP_project_part2\Lung-Cancer-Classification-\Data\test\normal\6.png,C:\Users\shrey\Downloads\MIP_project_part2\Lung-Cancer-Classification-\Data\train\normal\n8 (2).jpg
0,False,True,True,test,train,normal,normal,6.png,n8 - Copy.jpg,C:\Users\shrey\Downloads\MIP_project_part2\Lung-Cancer-Classification-\Data\test\normal\6.png,C:\Users\shrey\Downloads\MIP_project_part2\Lung-Cancer-Classification-\Data\train\normal\n8 - Copy.jpg
0,False,True,True,test,train,normal,normal,6.png,n8.jpg,C:\Users\shrey\Downloads\MIP_project_part2\Lung-Cancer-Classification-\Data\test\normal\6.png,C:\Users\shrey\Downloads\MIP_project_part2\Lung-Cancer-Classification-\Data\train\normal\n8.jpg
0,False,True,False,train,train,normal,normal,6.png,n8 (2) - Copy.jpg,C:\Users\shrey\Downloads\MIP_project_part2\Lung-Cancer-Classification-\Data\train\normal\6.png,C:\Users\shrey\Downloads\MIP_project_part2\Lung-Cancer-Classification-\Data\train\normal\n8 (2) - Copy.jpg
0,False,True,False,train,train,normal,normal,6.png,n8 (2).jpg,C:\Users\shrey\Downloads\MIP_project_part2\Lung-Cancer-Classification-\Data\train\normal\6.png,C:\Users\shrey\Downloads\MIP_project_part2\Lung-Cancer-Classification-\Data\train\normal\n8 (2).jpg
0,False,True,False,train,train,normal,normal,6.png,n8 - Copy.jpg,C:\Users\shrey\Downloads\MIP_project_part2\Lung-Cancer-Classification-\Data\train\normal\6.png,C:\Users\shrey\Downloads\MIP_project_part2\Lung-Cancer-Classification-\Data\train\normal\n8 - Copy.jpg
0,False,True,False,train,train,normal,normal,6.png,n8.jpg,C:\Users\shrey\Downloads\MIP_project_part2\Lung-Cancer-Classification-\Data\train\normal\6.png,C:\Users\shrey\Downloads\MIP_project_part2\Lung-Cancer-Classification-\Data\train\normal\n8.jpg
0,False,True,False,test,test,normal,normal,8 (2) - Copy.png,8 - Copy (3).png,C:\Users\shrey\Downloads\MIP_project_part2\Lung-Cancer-Classification-\Data\test\normal\8 (2) - Copy.png,C:\Users\shrey\Downloads\MIP_project_part2\Lung-Cancer-Classification-\Data\test\normal\8 - Copy (3).png
0,False,True,False,test,test,normal,normal,8 (2) - Copy.png,8.png,C:\Users\shrey\Downloads\MIP_project_part2\Lung-Cancer-Classification-\Data\test\normal\8 (2) - Copy.png,C:\Users\shrey\Downloads\MIP_project_part2\Lung-Cancer-Classification-\Data\test\normal\8.png
0,False,True,True,test,train,normal,normal,8 (2) - Copy.png,8 - Copy (3).png,C:\Users\shrey\Downloads\MIP_project_part2\Lung-Cancer-Classification-\Data\test\normal\8 (2) - Copy.png,C:\Users\shrey\Downloads\MIP_project_part2\Lung-Cancer-Classification-\Data\train\normal\8 - Copy (3).png
0,False,True,True,test,train,normal,normal,8 (2) - Copy.png,8.png,C:\Users\shrey\Downloads\MIP_project_part2\Lung-Cancer-Classification-\Data\test\normal\8 (2) - Copy.png,C:\Users\shrey\Downloads\MIP_project_part2\Lung-Cancer-Classification-\Data\train\normal\8.png
0,False,True,True,test,val,normal,normal,8 (2) - Copy.png,8 - Copy (3).png,C:\Users\shrey\Downloads\MIP_project_part2\Lung-Cancer-Classification-\Data\test\normal\8 (2) - Copy.png,C:\Users\shrey\Downloads\MIP_project_part2\Lung-Cancer-Classification-\Data\valid\normal\8 - Copy (3).png
0,False,True,False,train,train,normal,normal,8 (2) - Copy.png,8 - Copy (3).png,C:\Users\shrey\Downloads\MIP_project_part2\Lung-Cancer-Classification-\Data\train\normal\8 (2) - Copy.png,C:\Users\shrey\Downloads\MIP_project_part2\Lung-Cancer-Classification-\Data\train\normal\8 - Copy (3).png
0,False,True,False,train,train,normal,normal,8 (2) - Copy.png,8.png,C:\Users\shrey\Downloads\MIP_project_part2\Lung-Cancer-Classification-\Data\train\normal\8 (2) - Copy.png,C:\Users\shrey\Downloads\MIP_project_part2\Lung-Cancer-Classification-\Data\train\normal\8.png
0,False,True,True,train,val,normal,normal,8 (2) - Copy.png,8 - Copy (3).png,C:\Users\shrey\Downloads\MIP_project_part2\Lung-Cancer-Classification-\Data\train\normal\8 (2) - Copy.png,C:\Users\shrey\Downloads\MIP_project_part2\Lung-Cancer-Classification-\Data\valid\normal\8 - Copy (3).png
0,False,True,False,test,test,normal,normal,8 (2).png,8 - Copy (3).png,C:\Users\shrey\Downloads\MIP_project_part2\Lung-Cancer-Classification-\Data\test\normal\8 (2).png,C:\Users\shrey\Downloads\MIP_project_part2\Lung-Cancer-Classification-\Data\test\normal\8 - Copy (3).png
0,False,True,False,test,test,normal,normal,8 (2).png,8.png,C:\Users\shrey\Downloads\MIP_project_part2\Lung-Cancer-Classification-\Data\test\normal\8 (2).png,C:\Users\shrey\Downloads\MIP_project_part2\Lung-Cancer-Classification-\Data\test\normal\8.png
0,False,True,True,test,train,normal,normal,8 (2).png,8 - Copy (3).png,C:\Users\shrey\Downloads\MIP_project_part2\Lung-Cancer-Classification-\Data\test\normal\8 (2).png,C:\Users\shrey\Downloads\MIP_project_part2\Lung-Cancer-Classification-\Data\train\normal\8 - Copy (3).png
0,False,True,True,test,train,normal,normal,8 (2).png,8.png,C:\Users\shrey\Downloads\MIP_project_part2\Lung-Cancer-Classification-\Data\test\normal\8 (2).png,C:\Users\shrey\Downloads\MIP_project_part2\Lung-Cancer-Classification-\Data\train\normal\8.png
0,False,True,True,test,val,normal,normal,8 (2).png,8 - Copy (3).png,C:\Users\shrey\Downloads\MIP_project_part2\Lung-Cancer-Classification-\Data\test\normal\8 (2).png,C:\Users\shrey\Downloads\MIP_project_part2\Lung-Cancer-Classification-\Data\valid\normal\8 - Copy (3).png
0,False,True,False,train,train,normal,normal,8 (2).png,8 - Copy (3).png,C:\Users\shrey\Downloads\MIP_project_part2\Lung-Cancer-Classification-\Data\train\normal\8 (2).png,C:\Users\shrey\Downloads\MIP_project_part2\Lung-Cancer-Classification-\Data\train\normal\8 - Copy (3).png
0,False,True,False,train,train,normal,normal,8 (2).png,8.png,C:\Users\shrey\Downloads\MIP_project_part2\Lung-Cancer-Classification-\Data\train\normal\8 (2).png,C:\Users\shrey\Downloads\MIP_project_part2\Lung-Cancer-Classification-\Data\train\normal\8.png
0,False,True,True,train,val,normal,normal,8 (2).png,8 - Copy (3).png,C:\Users\shrey\Downloads\MIP_project_part2\Lung-Cancer-Classification-\Data\train\normal\8 (2).png,C:\Users\shrey\Downloads\MIP_project_part2\Lung-Cancer-Classification-\Data\valid\normal\8 - Copy (3).png
0,False,True,True,test,train,normal,normal,8 - Copy (3).png,8 (2) - Copy.png,C:\Users\shrey\Downloads\MIP_project_part2\Lung-Cancer-Classification-\Data\test\normal\8 - Copy (3).png,C:\Users\shrey\Downloads\MIP_project_part2\Lung-Cancer-Classification-\Data\train\normal\8 (2) - Copy.png
0,False,True,True,test,train,normal,normal,8 - Copy (3).png,8 (2).png,C:\Users\shrey\Downloads\MIP_project_part2\Lung-Cancer-Classification-\Data\test\normal\8 - Copy (3).png,C:\Users\shrey\Downloads\MIP_project_part2\Lung-Cancer-Classification-\Data\train\normal\8 (2).png
0,False,True,True,test,train,normal,normal,8.png,8 (2) - Copy.png,C:\Users\shrey\Downloads\MIP_project_part2\Lung-Cancer-Classification-\Data\test\normal\8.png,C:\Users\shrey\Downloads\MIP_project_part2\Lung-Cancer-Classification-\Data\train\normal\8 (2) - Copy.png
0,False,True,True,test,train,normal,normal,8.png,8 (2).png,C:\Users\shrey\Downloads\MIP_project_part2\Lung-Cancer-Classification-\Data\test\normal\8.png,C:\Users\shrey\Downloads\MIP_project_part2\Lung-Cancer-Classification-\Data\train\normal\8 (2).png
0,False,True,False,train,train,adenocarcinoma,adenocarcinoma,ad10.png,ad3.png,C:\Users\shrey\Downloads\MIP_project_part2\Lung-Cancer-Classification-\Data\train\adenocarcinoma_left.lower.lobe_T2_N0_M0_Ib\ad10.png,C:\Users\shrey\Downloads\MIP_project_part2\Lung-Cancer-Classification-\Data\train\adenocarcinoma_left.lower.lobe_T2_N0_M0_Ib\ad3.png
0,False,True,False,train,train,large.cell.carcinoma,large.cell.carcinoma,di1.png,l1.png,C:\Users\shrey\Downloads\MIP_project_part2\Lung-Cancer-Classification-\Data\train\large.cell.carcinoma_left.hilum_T2_N2_M0_IIIa\di1.png,C:\Users\shrey\Downloads\MIP_project_part2\Lung-Cancer-Classification-\Data\train\large.cell.carcinoma_left.hilum_T2_N2_M0_IIIa\l1.png
0,False,True,True,train,val,normal,normal,n8 (2) - Copy.jpg,6 - Copy (3).png,C:\Users\shrey\Downloads\MIP_project_part2\Lung-Cancer-Classification-\Data\train\normal\n8 (2) - Copy.jpg,C:\Users\shrey\Downloads\MIP_project_part2\Lung-Cancer-Classification-\Data\valid\normal\6 - Copy (3).png
0,False,True,True,train,val,normal,normal,n8 (2).jpg,6 - Copy (3).png,C:\Users\shrey\Downloads\MIP_project_part2\Lung-Cancer-Classification-\Data\train\normal\n8 (2).jpg,C:\Users\shrey\Downloads\MIP_project_part2\Lung-Cancer-Classification-\Data\valid\normal\6 - Copy (3).png
0,False,True,True,train,val,normal,normal,n8 - Copy.jpg,6 - Copy (3).png,C:\Users\shrey\Downloads\MIP_project_part2\Lung-Cancer-Classification-\Data\train\normal\n8 - Copy.jpg,C:\Users\shrey\Downloads\MIP_project_part2\Lung-Cancer-Classification-\Data\valid\normal\6 - Copy (3).png
0,False,True,True,train,val,normal,normal,n8.jpg,6 - Copy (3).png,C:\Users\shrey\Downloads\MIP_project_part2\Lung-Cancer-Classification-\Data\train\normal\n8.jpg,C:\Users\shrey\Downloads\MIP_project_part2\Lung-Cancer-Classification-\Data\valid\normal\6 - Copy (3).png
2,False,True,False,train,train,large.cell.carcinoma,large.cell.carcinoma,000003 (4).png,000039 (4).png,C:\Users\shrey\Downloads\MIP_project_part2\Lung-Cancer-Classification-\Data\train\large.cell.carcinoma_left.hilum_T2_N2_M0_IIIa\000003 (4).png,C:\Users\shrey\Downloads\MIP_project_part2\Lung-Cancer-Classification-\Data\train\large.cell.carcinoma_left.hilum_T2_N2_M0_IIIa\000039 (4).png
2,False,True,False,train,train,squamous.cell.carcinoma,squamous.cell.carcinoma,000004 (7).png,000048 (7).png,C:\Users\shrey\Downloads\MIP_project_part2\Lung-Cancer-Classification-\Data\train\squamous.cell.carcinoma_left.hilum_T1_N2_M0_IIIa\000004 (7).png,C:\Users\shrey\Downloads\MIP_project_part2\Lung-Cancer-Classification-\Data\train\squamous.cell.carcinoma_left.hilum_T1_N2_M0_IIIa\000048 (7).png
2,False,True,False,train,train,adenocarcinoma,adenocarcinoma,000024 (7).png,000041 (7).png,C:\Users\shrey\Downloads\MIP_project_part2\Lung-Cancer-Classification-\Data\train\adenocarcinoma_left.lower.lobe_T2_N0_M0_Ib\000024 (7).png,C:\Users\shrey\Downloads\MIP_project_part2\Lung-Cancer-Classification-\Data\train\adenocarcinoma_left.lower.lobe_T2_N0_M0_Ib\000041 (7).png
2,False,True,False,train,train,adenocarcinoma,adenocarcinoma,000024 (7).png,000119 (4).png,C:\Users\shrey\Downloads\MIP_project_part2\Lung-Cancer-Classification-\Data\train\adenocarcinoma_left.lower.lobe_T2_N0_M0_Ib\000024 (7).png,C:\Users\shrey\Downloads\MIP_project_part2\Lung-Cancer-Classification-\Data\train\adenocarcinoma_left.lower.lobe_T2_N0_M0_Ib\000119 (4).png
2,False,True,False,train,train,adenocarcinoma,adenocarcinoma,000029 (4).png,000104 (4).png,C:\Users\shrey\Downloads\MIP_project_part2\Lung-Cancer-Classification-\Data\train\adenocarcinoma_left.lower.lobe_T2_N0_M0_Ib\000029 (4).png,C:\Users\shrey\Downloads\MIP_project_part2\Lung-Cancer-Classification-\Data\train\adenocarcinoma_left.lower.lobe_T2_N0_M0_Ib\000104 (4).png
2,False,True,False,train,train,large.cell.carcinoma,large.cell.carcinoma,000033 (3).png,000056 (3).png,C:\Users\shrey\Downloads\MIP_project_part2\Lung-Cancer-Classification-\Data\train\large.cell.carcinoma_left.hilum_T2_N2_M0_IIIa\000033 (3).png,C:\Users\shrey\Downloads\MIP_project_part2\Lung-Cancer-Classification-\Data\train\large.cell.carcinoma_left.hilum_T2_N2_M0_IIIa\000056 (3).png
2,False,True,False,train,train,large.cell.carcinoma,large.cell.carcinoma,000033 (3).png,000068 (4).png,C:\Users\shrey\Downloads\MIP_project_part2\Lung-Cancer-Classification-\Data\train\large.cell.carcinoma_left.hilum_T2_N2_M0_IIIa\000033 (3).png,C:\Users\shrey\Downloads\MIP_project_part2\Lung-Cancer-Classification-\Data\train\large.cell.carcinoma_left.hilum_T2_N2_M0_IIIa\000068 (4).png
2,False,True,False,train,train,large.cell.carcinoma,large.cell.carcinoma,000033 (4).png,000056 (3).png,C:\Users\shrey\Downloads\MIP_project_part2\Lung-Cancer-Classification-\Data\train\large.cell.carcinoma_left.hilum_T2_N2_M0_IIIa\000033 (4).png,C:\Users\shrey\Downloads\MIP_project_part2\Lung-Cancer-Classification-\Data\train\large.cell.carcinoma_left.hilum_T2_N2_M0_IIIa\000056 (3).png
2,False,True,False,train,train,large.cell.carcinoma,large.cell.carcinoma,000033 (4).png,000068 (4).png,C:\Users\shrey\Downloads\MIP_project_part2\Lung-Cancer-Classification-\Data\train\large.cell.carcinoma_left.hilum_T2_N2_M0_IIIa\000033 (4).png,C:\Users\shrey\Downloads\MIP_project_part2\Lung-Cancer-Classification-\Data\train\large.cell.carcinoma_left.hilum_T2_N2_M0_IIIa\000068 (4).png
2,False,True,False,train,train,squamous.cell.carcinoma,squamous.cell.carcinoma,000035.png,000121.png,C:\Users\shrey\Downloads\MIP_project_part2\Lung-Cancer-Classification-\Data\train\squamous.cell.carcinoma_left.hilum_T1_N2_M0_IIIa\000035.png,C:\Users\shrey\Downloads\MIP_project_part2\Lung-Cancer-Classification-\Data\train\squamous.cell.carcinoma_left.hilum_T1_N2_M0_IIIa\000121.png
2,False,True,False,train,train,adenocarcinoma,adenocarcinoma,000040 (3).png,000071 (3).png,C:\Users\shrey\Downloads\MIP_project_part2\Lung-Cancer-Classification-\Data\train\adenocarcinoma_left.lower.lobe_T2_N0_M0_Ib\000040 (3).png,C:\Users\shrey\Downloads\MIP_project_part2\Lung-Cancer-Classification-\Data\train\adenocarcinoma_left.lower.lobe_T2_N0_M0_Ib\000071 (3).png
2,False,True,False,train,train,large.cell.carcinoma,large.cell.carcinoma,000057 (3).png,000057 (4).png,C:\Users\shrey\Downloads\MIP_project_part2\Lung-Cancer-Classification-\Data\train\large.cell.carcinoma_left.hilum_T2_N2_M0_IIIa\000057 (3).png,C:\Users\shrey\Downloads\MIP_project_part2\Lung-Cancer-Classification-\Data\train\large.cell.carcinoma_left.hilum_T2_N2_M0_IIIa\000057 (4).png
2,False,True,False,train,train,adenocarcinoma,adenocarcinoma,000065 (3).png,000068 (3).png,C:\Users\shrey\Downloads\MIP_project_part2\Lung-Cancer-Classification-\Data\train\adenocarcinoma_left.lower.lobe_T2_N0_M0_Ib\000065 (3).png,C:\Users\shrey\Downloads\MIP_project_part2\Lung-Cancer-Classification-\Data\train\adenocarcinoma_left.lower.lobe_T2_N0_M0_Ib\000068 (3).png
2,False,True,False,test,test,squamous.cell.carcinoma,squamous.cell.carcinoma,000121 (5).png,000163 (5).png,C:\Users\shrey\Downloads\MIP_project_part2\Lung-Cancer-Classification-\Data\test\squamous.cell.carcinoma\000121 (5).png,C:\Users\shrey\Downloads\MIP_project_part2\Lung-Cancer-Classification-\Data\test\squamous.cell.carcinoma\000163 (5).png
2,False,True,False,test,test,adenocarcinoma,adenocarcinoma,000138 (9).png,000157 (6).png,C:\Users\shrey\Downloads\MIP_project_part2\Lung-Cancer-Classification-\Data\test\adenocarcinoma\000138 (9).png,C:\Users\shrey\Downloads\MIP_project_part2\Lung-Cancer-Classification-\Data\test\adenocarcinoma\000157 (6).png
2,False,True,False,test,test,adenocarcinoma,adenocarcinoma,000146 (3).png,000149 (4).png,C:\Users\shrey\Downloads\MIP_project_part2\Lung-Cancer-Classification-\Data\test\adenocarcinoma\000146 (3).png,C:\Users\shrey\Downloads\MIP_project_part2\Lung-Cancer-Classification-\Data\test\adenocarcinoma\000149 (4).png
2,False,True,False,test,test,normal,normal,10 (2) - Copy.png,10 - Copy (2) - Copy.png,C:\Users\shrey\Downloads\MIP_project_part2\Lung-Cancer-Classification-\Data\test\normal\10 (2) - Copy.png,C:\Users\shrey\Downloads\MIP_project_part2\Lung-Cancer-Classification-\Data\test\normal\10 - Copy (2) - Copy.png
2,False,True,False,test,test,normal,normal,10 (2) - Copy.png,10 - Copy (2).png,C:\Users\shrey\Downloads\MIP_project_part2\Lung-Cancer-Classification-\Data\test\normal\10 (2) - Copy.png,C:\Users\shrey\Downloads\MIP_project_part2\Lung-Cancer-Classification-\Data\test\normal\10 - Copy (2).png
2,False,True,False,test,test,normal,normal,10 (2) - Copy.png,10 - Copy (3).png,C:\Users\shrey\Downloads\MIP_project_part2\Lung-Cancer-Classification-\Data\test\normal\10 (2) - Copy.png,C:\Users\shrey\Downloads\MIP_project_part2\Lung-Cancer-Classification-\Data\test\normal\10 - Copy (3).png
2,False,True,False,test,test,normal,normal,10 (2) - Copy.png,10 - Copy - Copy.png,C:\Users\shrey\Downloads\MIP_project_part2\Lung-Cancer-Classification-\Data\test\normal\10 (2) - Copy.png,C:\Users\shrey\Downloads\MIP_project_part2\Lung-Cancer-Classification-\Data\test\normal\10 - Copy - Copy.png
2,False,True,False,test,test,normal,normal,10 (2) - Copy.png,10 - Copy.png,C:\Users\shrey\Downloads\MIP_project_part2\Lung-Cancer-Classification-\Data\test\normal\10 (2) - Copy.png,C:\Users\shrey\Downloads\MIP_project_part2\Lung-Cancer-Classification-\Data\test\normal\10 - Copy.png
2,False,True,False,test,test,normal,normal,10 (2) - Copy.png,10.png,C:\Users\shrey\Downloads\MIP_project_part2\Lung-Cancer-Classification-\Data\test\normal\10 (2) - Copy.png,C:\Users\shrey\Downloads\MIP_project_part2\Lung-Cancer-Classification-\Data\test\normal\10.png
2,False,True,True,test,train,normal,normal,10 (2) - Copy.png,10 - Copy (2) - Copy.png,C:\Users\shrey\Downloads\MIP_project_part2\Lung-Cancer-Classification-\Data\test\normal\10 (2) - Copy.png,C:\Users\shrey\Downloads\MIP_project_part2\Lung-Cancer-Classification-\Data\train\normal\10 - Copy (2) - Copy.png
2,False,True,True,test,train,normal,normal,10 (2) - Copy.png,10 - Copy (2).png,C:\Users\shrey\Downloads\MIP_project_part2\Lung-Cancer-Classification-\Data\test\normal\10 (2) - Copy.png,C:\Users\shrey\Downloads\MIP_project_part2\Lung-Cancer-Classification-\Data\train\normal\10 - Copy (2).png
2,False,True,True,test,train,normal,normal,10 (2) - Copy.png,10 - Copy (3).png,C:\Users\shrey\Downloads\MIP_project_part2\Lung-Cancer-Classification-\Data\test\normal\10 (2) - Copy.png,C:\Users\shrey\Downloads\MIP_project_part2\Lung-Cancer-Classification-\Data\train\normal\10 - Copy (3).png
2,False,True,True,test,train,normal,normal,10 (2) - Copy.png,10 - Copy - Copy.png,C:\Users\shrey\Downloads\MIP_project_part2\Lung-Cancer-Classification-\Data\test\normal\10 (2) - Copy.png,C:\Users\shrey\Downloads\MIP_project_part2\Lung-Cancer-Classification-\Data\train\normal\10 - Copy - Copy.png
2,False,True,True,test,train,normal,normal,10 (2) - Copy.png,10 - Copy.png,C:\Users\shrey\Downloads\MIP_project_part2\Lung-Cancer-Classification-\Data\test\normal\10 (2) - Copy.png,C:\Users\shrey\Downloads\MIP_project_part2\Lung-Cancer-Classification-\Data\train\normal\10 - Copy.png
2,False,True,True,test,train,normal,normal,10 (2) - Copy.png,10.png,C:\Users\shrey\Downloads\MIP_project_part2\Lung-Cancer-Classification-\Data\test\normal\10 (2) - Copy.png,C:\Users\shrey\Downloads\MIP_project_part2\Lung-Cancer-Classification-\Data\train\normal\10.png
2,False,True,False,train,train,normal,normal,10 (2) - Copy.png,10 - Copy (2) - Copy.png,C:\Users\shrey\Downloads\MIP_project_part2\Lung-Cancer-Classification-\Data\train\normal\10 (2) - Copy.png,C:\Users\shrey\Downloads\MIP_project_part2\Lung-Cancer-Classification-\Data\train\normal\10 - Copy (2) - Copy.png
2,False,True,False,train,train,normal,normal,10 (2) - Copy.png,10 - Copy (2).png,C:\Users\shrey\Downloads\MIP_project_part2\Lung-Cancer-Classification-\Data\train\normal\10 (2) - Copy.png,C:\Users\shrey\Downloads\MIP_project_part2\Lung-Cancer-Classification-\Data\train\normal\10 - Copy (2).png
2,False,True,False,train,train,normal,normal,10 (2) - Copy.png,10 - Copy (3).png,C:\Users\shrey\Downloads\MIP_project_part2\Lung-Cancer-Classification-\Data\train\normal\10 (2) - Copy.png,C:\Users\shrey\Downloads\MIP_project_part2\Lung-Cancer-Classification-\Data\train\normal\10 - Copy (3).png
2,False,True,False,train,train,normal,normal,10 (2) - Copy.png,10 - Copy - Copy.png,C:\Users\shrey\Downloads\MIP_project_part2\Lung-Cancer-Classification-\Data\train\normal\10 (2) - Copy.png,C:\Users\shrey\Downloads\MIP_project_part2\Lung-Cancer-Classification-\Data\train\normal\10 - Copy - Copy.png
2,False,True,False,train,train,normal,normal,10 (2) - Copy.png,10 - Copy.png,C:\Users\shrey\Downloads\MIP_project_part2\Lung-Cancer-Classification-\Data\train\normal\10 (2) - Copy.png,C:\Users\shrey\Downloads\MIP_project_part2\Lung-Cancer-Classification-\Data\train\normal\10 - Copy.png
2,False,True,False,train,train,normal,normal,10 (2) - Copy.png,10.png,C:\Users\shrey\Downloads\MIP_project_part2\Lung-Cancer-Classification-\Data\train\normal\10 (2) - Copy.png,C:\Users\shrey\Downloads\MIP_project_part2\Lung-Cancer-Classification-\Data\train\normal\10.png
2,False,True,False,test,test,normal,normal,10 (2).png,10 - Copy (2) - Copy.png,C:\Users\shrey\Downloads\MIP_project_part2\Lung-Cancer-Classification-\Data\test\normal\10 (2).png,C:\Users\shrey\Downloads\MIP_project_part2\Lung-Cancer-Classification-\Data\test\normal\10 - Copy (2) - Copy.png
2,False,True,False,test,test,normal,normal,10 (2).png,10 - Copy (2).png,C:\Users\shrey\Downloads\MIP_project_part2\Lung-Cancer-Classification-\Data\test\normal\10 (2).png,C:\Users\shrey\Downloads\MIP_project_part2\Lung-Cancer-Classification-\Data\test\normal\10 - Copy (2).png
2,False,True,False,test,test,normal,normal,10 (2).png,10 - Copy (3).png,C:\Users\shrey\Downloads\MIP_project_part2\Lung-Cancer-Classification-\Data\test\normal\10 (2).png,C:\Users\shrey\Downloads\MIP_project_part2\Lung-Cancer-Classification-\Data\test\normal\10 - Copy (3).png
2,False,True,False,test,test,normal,normal,10 (2).png,10 - Copy - Copy.png,C:\Users\shrey\Downloads\MIP_project_part2\Lung-Cancer-Classification-\Data\test\normal\10 (2).png,C:\Users\shrey\Downloads\MIP_project_part2\Lung-Cancer-Classification-\Data\test\normal\10 - Copy - Copy.png
2,False,True,False,test,test,normal,normal,10 (2).png,10 - Copy.png,C:\Users\shrey\Downloads\MIP_project_part2\Lung-Cancer-Classification-\Data\test\normal\10 (2).png,C:\Users\shrey\Downloads\MIP_project_part2\Lung-Cancer-Classification-\Data\test\normal\10 - Copy.png
2,False,True,False,test,test,normal,normal,10 (2).png,10.png,C:\Users\shrey\Downloads\MIP_project_part2\Lung-Cancer-Classification-\Data\test\normal\10 (2).png,C:\Users\shrey\Downloads\MIP_project_part2\Lung-Cancer-Classification-\Data\test\normal\10.png
2,False,True,True,test,train,normal,normal,10 (2).png,10 - Copy (2) - Copy.png,C:\Users\shrey\Downloads\MIP_project_part2\Lung-Cancer-Classification-\Data\test\normal\10 (2).png,C:\Users\shrey\Downloads\MIP_project_part2\Lung-Cancer-Classification-\Data\train\normal\10 - Copy (2) - Copy.png
2,False,True,True,test,train,normal,normal,10 (2).png,10 - Copy (2).png,C:\Users\shrey\Downloads\MIP_project_part2\Lung-Cancer-Classification-\Data\test\normal\10 (2).png,C:\Users\shrey\Downloads\MIP_project_part2\Lung-Cancer-Classification-\Data\train\normal\10 - Copy (2).png
2,False,True,True,test,train,normal,normal,10 (2).png,10 - Copy (3).png,C:\Users\shrey\Downloads\MIP_project_part2\Lung-Cancer-Classification-\Data\test\normal\10 (2).png,C:\Users\shrey\Downloads\MIP_project_part2\Lung-Cancer-Classification-\Data\train\normal\10 - Copy (3).png
2,False,True,True,test,train,normal,normal,10 (2).png,10 - Copy - Copy.png,C:\Users\shrey\Downloads\MIP_project_part2\Lung-Cancer-Classification-\Data\test\normal\10 (2).png,C:\Users\shrey\Downloads\MIP_project_part2\Lung-Cancer-Classification-\Data\train\normal\10 - Copy - Copy.png
2,False,True,True,test,train,normal,normal,10 (2).png,10 - Copy.png,C:\Users\shrey\Downloads\MIP_project_part2\Lung-Cancer-Classification-\Data\test\normal\10 (2).png,C:\Users\shrey\Downloads\MIP_project_part2\Lung-Cancer-Classification-\Data\train\normal\10 - Copy.png
2,False,True,True,test,train,normal,normal,10 (2).png,10.png,C:\Users\shrey\Downloads\MIP_project_part2\Lung-Cancer-Classification-\Data\test\normal\10 (2).png,C:\Users\shrey\Downloads\MIP_project_part2\Lung-Cancer-Classification-\Data\train\normal\10.png
2,False,True,False,train,train,normal,normal,10 (2).png,10 - Copy (2) - Copy.png,C:\Users\shrey\Downloads\MIP_project_part2\Lung-Cancer-Classification-\Data\train\normal\10 (2).png,C:\Users\shrey\Downloads\MIP_project_part2\Lung-Cancer-Classification-\Data\train\normal\10 - Copy (2) - Copy.png
2,False,True,False,train,train,normal,normal,10 (2).png,10 - Copy (2).png,C:\Users\shrey\Downloads\MIP_project_part2\Lung-Cancer-Classification-\Data\train\normal\10 (2).png,C:\Users\shrey\Downloads\MIP_project_part2\Lung-Cancer-Classification-\Data\train\normal\10 - Copy (2).png
2,False,True,False,train,train,normal,normal,10 (2).png,10 - Copy (3).png,C:\Users\shrey\Downloads\MIP_project_part2\Lung-Cancer-Classification-\Data\train\normal\10 (2).png,C:\Users\shrey\Downloads\MIP_project_part2\Lung-Cancer-Classification-\Data\train\normal\10 - Copy (3).png
2,False,True,False,train,train,normal,normal,10 (2).png,10 - Copy - Copy.png,C:\Users\shrey\Downloads\MIP_project_part2\Lung-Cancer-Classification-\Data\train\normal\10 (2).png,C:\Users\shrey\Downloads\MIP_project_part2\Lung-Cancer-Classification-\Data\train\normal\10 - Copy - Copy.png
2,False,True,False,train,train,normal,normal,10 (2).png,10 - Copy.png,C:\Users\shrey\Downloads\MIP_project_part2\Lung-Cancer-Classification-\Data\train\normal\10 (2).png,C:\Users\shrey\Downloads\MIP_project_part2\Lung-Cancer-Classification-\Data\train\normal\10 - Copy.png
2,False,True,False,train,train,normal,normal,10 (2).png,10.png,C:\Users\shrey\Downloads\MIP_project_part2\Lung-Cancer-Classification-\Data\train\normal\10 (2).png,C:\Users\shrey\Downloads\MIP_project_part2\Lung-Cancer-Classification-\Data\train\normal\10.png
2,False,True,True,test,train,normal,normal,10 - Copy (2) - Copy.png,10 (2) - Copy.png,C:\Users\shrey\Downloads\MIP_project_part2\Lung-Cancer-Classification-\Data\test\normal\10 - Copy (2) - Copy.png,C:\Users\shrey\Downloads\MIP_project_part2\Lung-Cancer-Classification-\Data\train\normal\10 (2) - Copy.png
2,False,True,True,test,train,normal,normal,10 - Copy (2) - Copy.png,10 (2).png,C:\Users\shrey\Downloads\MIP_project_part2\Lung-Cancer-Classification-\Data\test\normal\10 - Copy (2) - Copy.png,C:\Users\shrey\Downloads\MIP_project_part2\Lung-Cancer-Classification-\Data\train\normal\10 (2).png
2,False,True,True,test,train,normal,normal,10 - Copy (2).png,10 (2) - Copy.png,C:\Users\shrey\Downloads\MIP_project_part2\Lung-Cancer-Classification-\Data\test\normal\10 - Copy (2).png,C:\Users\shrey\Downloads\MIP_project_part2\Lung-Cancer-Classification-\Data\train\normal\10 (2) - Copy.png
2,False,True,True,test,train,normal,normal,10 - Copy (2).png,10 (2).png,C:\Users\shrey\Downloads\MIP_project_part2\Lung-Cancer-Classification-\Data\test\normal\10 - Copy (2).png,C:\Users\shrey\Downloads\MIP_project_part2\Lung-Cancer-Classification-\Data\train\normal\10 (2).png
2,False,True,True,test,train,normal,normal,10 - Copy (3).png,10 (2) - Copy.png,C:\Users\shrey\Downloads\MIP_project_part2\Lung-Cancer-Classification-\Data\test\normal\10 - Copy (3).png,C:\Users\shrey\Downloads\MIP_project_part2\Lung-Cancer-Classification-\Data\train\normal\10 (2) - Copy.png
2,False,True,True,test,train,normal,normal,10 - Copy (3).png,10 (2).png,C:\Users\shrey\Downloads\MIP_project_part2\Lung-Cancer-Classification-\Data\test\normal\10 - Copy (3).png,C:\Users\shrey\Downloads\MIP_project_part2\Lung-Cancer-Classification-\Data\train\normal\10 (2).png
2,False,True,True,test,train,normal,normal,10 - Copy - Copy.png,10 (2) - Copy.png,C:\Users\shrey\Downloads\MIP_project_part2\Lung-Cancer-Classification-\Data\test\normal\10 - Copy - Copy.png,C:\Users\shrey\Downloads\MIP_project_part2\Lung-Cancer-Classification-\Data\train\normal\10 (2) - Copy.png
2,False,True,True,test,train,normal,normal,10 - Copy - Copy.png,10 (2).png,C:\Users\shrey\Downloads\MIP_project_part2\Lung-Cancer-Classification-\Data\test\normal\10 - Copy - Copy.png,C:\Users\shrey\Downloads\MIP_project_part2\Lung-Cancer-Classification-\Data\train\normal\10 (2).png
2,False,True,True,test,train,normal,normal,10 - Copy.png,10 (2) - Copy.png,C:\Users\shrey\Downloads\MIP_project_part2\Lung-Cancer-Classification-\Data\test\normal\10 - Copy.png,C:\Users\shrey\Downloads\MIP_project_part2\Lung-Cancer-Classification-\Data\train\normal\10 (2) - Copy.png
2,False,True,True,test,train,normal,normal,10 - Copy.png,10 (2).png,C:\Users\shrey\Downloads\MIP_project_part2\Lung-Cancer-Classification-\Data\test\normal\10 - Copy.png,C:\Users\shrey\Downloads\MIP_project_part2\Lung-Cancer-Classification-\Data\train\normal\10 (2).png
2,False,True,True,test,train,normal,normal,10.png,10 (2) - Copy.png,C:\Users\shrey\Downloads\MIP_project_part2\Lung-Cancer-Classification-\Data\test\normal\10.png,C:\Users\shrey\Downloads\MIP_project_part2\Lung-Cancer-Classification-\Data\train\normal\10 (2) - Copy.png
2,False,True,True,test,train,normal,normal,10.png,10 (2).png,C:\Users\shrey\Downloads\MIP_project_part2\Lung-Cancer-Classification-\Data\test\normal\10.png,C:\Users\shrey\Downloads\MIP_project_part2\Lung-Cancer-Classification-\Data\train\normal\10 (2).png
2,False,True,False,test,test,normal,normal,12 (2) - Copy.png,12 - Copy (3).png,C:\Users\shrey\Downloads\MIP_project_part2\Lung-Cancer-Classification-\Data\test\normal\12 (2) - Copy.png,C:\Users\shrey\Downloads\MIP_project_part2\Lung-Cancer-Classification-\Data\test\normal\12 - Copy (3).png
2,False,True,False,test,test,normal,normal,12 (2) - Copy.png,12 - Copy - Copy.png,C:\Users\shrey\Downloads\MIP_project_part2\Lung-Cancer-Classification-\Data\test\normal\12 (2) - Copy.png,C:\Users\shrey\Downloads\MIP_project_part2\Lung-Cancer-Classification-\Data\test\normal\12 - Copy - Copy.png
2,False,True,False,test,test,normal,normal,12 (2) - Copy.png,12 - Copy.png,C:\Users\shrey\Downloads\MIP_project_part2\Lung-Cancer-Classification-\Data\test\normal\12 (2) - Copy.png,C:\Users\shrey\Downloads\MIP_project_part2\Lung-Cancer-Classification-\Data\test\normal\12 - Copy.png
2,False,True,True,test,train,normal,normal,12 (2) - Copy.png,12 - Copy (3).png,C:\Users\shrey\Downloads\MIP_project_part2\Lung-Cancer-Classification-\Data\test\normal\12 (2) - Copy.png,C:\Users\shrey\Downloads\MIP_project_part2\Lung-Cancer-Classification-\Data\train\normal\12 - Copy (3).png
2,False,True,True,test,train,normal,normal,12 (2) - Copy.png,12 - Copy - Copy.png,C:\Users\shrey\Downloads\MIP_project_part2\Lung-Cancer-Classification-\Data\test\normal\12 (2) - Copy.png,C:\Users\shrey\Downloads\MIP_project_part2\Lung-Cancer-Classification-\Data\train\normal\12 - Copy - Copy.png
2,False,True,True,test,train,normal,normal,12 (2) - Copy.png,12 - Copy.png,C:\Users\shrey\Downloads\MIP_project_part2\Lung-Cancer-Classification-\Data\test\normal\12 (2) - Copy.png,C:\Users\shrey\Downloads\MIP_project_part2\Lung-Cancer-Classification-\Data\train\normal\12 - Copy.png
2,False,True,True,test,train,normal,normal,12 (2) - Copy.png,12.png,C:\Users\shrey\Downloads\MIP_project_part2\Lung-Cancer-Classification-\Data\test\normal\12 (2) - Copy.png,C:\Users\shrey\Downloads\MIP_project_part2\Lung-Cancer-Classification-\Data\train\normal\12.png
2,False,True,True,test,train,normal,normal,12 (2) - Copy.png,4 (2) - Copy.png,C:\Users\shrey\Downloads\MIP_project_part2\Lung-Cancer-Classification-\Data\test\normal\12 (2) - Copy.png,C:\Users\shrey\Downloads\MIP_project_part2\Lung-Cancer-Classification-\Data\train\normal\4 (2) - Copy.png
2,False,True,True,test,train,normal,normal,12 (2) - Copy.png,4 (2).png,C:\Users\shrey\Downloads\MIP_project_part2\Lung-Cancer-Classification-\Data\test\normal\12 (2) - Copy.png,C:\Users\shrey\Downloads\MIP_project_part2\Lung-Cancer-Classification-\Data\train\normal\4 (2).png
2,False,True,True,test,train,normal,normal,12 (2) - Copy.png,4 - Copy (3).png,C:\Users\shrey\Downloads\MIP_project_part2\Lung-Cancer-Classification-\Data\test\normal\12 (2) - Copy.png,C:\Users\shrey\Downloads\MIP_project_part2\Lung-Cancer-Classification-\Data\train\normal\4 - Copy (3).png
2,False,True,True,test,train,normal,normal,12 (2) - Copy.png,4.png,C:\Users\shrey\Downloads\MIP_project_part2\Lung-Cancer-Classification-\Data\test\normal\12 (2) - Copy.png,C:\Users\shrey\Downloads\MIP_project_part2\Lung-Cancer-Classification-\Data\train\normal\4.png
2,False,True,True,test,val,normal,normal,12 (2) - Copy.png,4 (2).png,C:\Users\shrey\Downloads\MIP_project_part2\Lung-Cancer-Classification-\Data\test\normal\12 (2) - Copy.png,C:\Users\shrey\Downloads\MIP_project_part2\Lung-Cancer-Classification-\Data\valid\normal\4 (2).png
2,False,True,False,train,train,normal,normal,12 (2) - Copy.png,12 - Copy (3).png,C:\Users\shrey\Downloads\MIP_project_part2\Lung-Cancer-Classification-\Data\train\normal\12 (2) - Copy.png,C:\Users\shrey\Downloads\MIP_project_part2\Lung-Cancer-Classification-\Data\train\normal\12 - Copy (3).png
2,False,True,False,train,train,normal,normal,12 (2) - Copy.png,12 - Copy - Copy.png,C:\Users\shrey\Downloads\MIP_project_part2\Lung-Cancer-Classification-\Data\train\normal\12 (2) - Copy.png,C:\Users\shrey\Downloads\MIP_project_part2\Lung-Cancer-Classification-\Data\train\normal\12 - Copy - Copy.png
2,False,True,False,train,train,normal,normal,12 (2) - Copy.png,12 - Copy.png,C:\Users\shrey\Downloads\MIP_project_part2\Lung-Cancer-Classification-\Data\train\normal\12 (2) - Copy.png,C:\Users\shrey\Downloads\MIP_project_part2\Lung-Cancer-Classification-\Data\train\normal\12 - Copy.png
2,False,True,False,train,train,normal,normal,12 (2) - Copy.png,12.png,C:\Users\shrey\Downloads\MIP_project_part2\Lung-Cancer-Classification-\Data\train\normal\12 (2) - Copy.png,C:\Users\shrey\Downloads\MIP_project_part2\Lung-Cancer-Classification-\Data\train\normal\12.png
2,False,True,False,train,train,normal,normal,12 (2) - Copy.png,4 (2) - Copy.png,C:\Users\shrey\Downloads\MIP_project_part2\Lung-Cancer-Classification-\Data\train\normal\12 (2) - Copy.png,C:\Users\shrey\Downloads\MIP_project_part2\Lung-Cancer-Classification-\Data\train\normal\4 (2) - Copy.png
2,False,True,False,train,train,normal,normal,12 (2) - Copy.png,4 (2).png,C:\Users\shrey\Downloads\MIP_project_part2\Lung-Cancer-Classification-\Data\train\normal\12 (2) - Copy.png,C:\Users\shrey\Downloads\MIP_project_part2\Lung-Cancer-Classification-\Data\train\normal\4 (2).png
2,False,True,False,train,train,normal,normal,12 (2) - Copy.png,4 - Copy (3).png,C:\Users\shrey\Downloads\MIP_project_part2\Lung-Cancer-Classification-\Data\train\normal\12 (2) - Copy.png,C:\Users\shrey\Downloads\MIP_project_part2\Lung-Cancer-Classification-\Data\train\normal\4 - Copy (3).png
2,False,True,False,train,train,normal,normal,12 (2) - Copy.png,4.png,C:\Users\shrey\Downloads\MIP_project_part2\Lung-Cancer-Classification-\Data\train\normal\12 (2) - Copy.png,C:\Users\shrey\Downloads\MIP_project_part2\Lung-Cancer-Classification-\Data\train\normal\4.png
2,False,True,True,train,val,normal,normal,12 (2) - Copy.png,4 (2).png,C:\Users\shrey\Downloads\MIP_project_part2\Lung-Cancer-Classification-\Data\train\normal\12 (2) - Copy.png,C:\Users\shrey\Downloads\MIP_project_part2\Lung-Cancer-Classification-\Data\valid\normal\4 (2).png
2,False,True,False,test,test,normal,normal,12 (2).png,12 - Copy (3).png,C:\Users\shrey\Downloads\MIP_project_part2\Lung-Cancer-Classification-\Data\test\normal\12 (2).png,C:\Users\shrey\Downloads\MIP_project_part2\Lung-Cancer-Classification-\Data\test\normal\12 - Copy (3).png
2,False,True,False,test,test,normal,normal,12 (2).png,12 - Copy - Copy.png,C:\Users\shrey\Downloads\MIP_project_part2\Lung-Cancer-Classification-\Data\test\normal\12 (2).png,C:\Users\shrey\Downloads\MIP_project_part2\Lung-Cancer-Classification-\Data\test\normal\12 - Copy - Copy.png
2,False,True,False,test,test,normal,normal,12 (2).png,12 - Copy.png,C:\Users\shrey\Downloads\MIP_project_part2\Lung-Cancer-Classification-\Data\test\normal\12 (2).png,C:\Users\shrey\Downloads\MIP_project_part2\Lung-Cancer-Classification-\Data\test\normal\12 - Copy.png
2,False,True,True,test,train,normal,normal,12 (2).png,12 - Copy (3).png,C:\Users\shrey\Downloads\MIP_project_part2\Lung-Cancer-Classification-\Data\test\normal\12 (2).png,C:\Users\shrey\Downloads\MIP_project_part2\Lung-Cancer-Classification-\Data\train\normal\12 - Copy (3).png
2,False,True,True,test,train,normal,normal,12 (2).png,12 - Copy - Copy.png,C:\Users\shrey\Downloads\MIP_project_part2\Lung-Cancer-Classification-\Data\test\normal\12 (2).png,C:\Users\shrey\Downloads\MIP_project_part2\Lung-Cancer-Classification-\Data\train\normal\12 - Copy - Copy.png
2,False,True,True,test,train,normal,normal,12 (2).png,12 - Copy.png,C:\Users\shrey\Downloads\MIP_project_part2\Lung-Cancer-Classification-\Data\test\normal\12 (2).png,C:\Users\shrey\Downloads\MIP_project_part2\Lung-Cancer-Classification-\Data\train\normal\12 - Copy.png
2,False,True,True,test,train,normal,normal,12 (2).png,12.png,C:\Users\shrey\Downloads\MIP_project_part2\Lung-Cancer-Classification-\Data\test\normal\12 (2).png,C:\Users\shrey\Downloads\MIP_project_part2\Lung-Cancer-Classification-\Data\train\normal\12.png
2,False,True,True,test,train,normal,normal,12 (2).png,4 (2) - Copy.png,C:\Users\shrey\Downloads\MIP_project_part2\Lung-Cancer-Classification-\Data\test\normal\12 (2).png,C:\Users\shrey\Downloads\MIP_project_part2\Lung-Cancer-Classification-\Data\train\normal\4 (2) - Copy.png
2,False,True,True,test,train,normal,normal,12 (2).png,4 (2).png,C:\Users\shrey\Downloads\MIP_project_part2\Lung-Cancer-Classification-\Data\test\normal\12 (2).png,C:\Users\shrey\Downloads\MIP_project_part2\Lung-Cancer-Classification-\Data\train\normal\4 (2).png
2,False,True,True,test,train,normal,normal,12 (2).png,4 - Copy (3).png,C:\Users\shrey\Downloads\MIP_project_part2\Lung-Cancer-Classification-\Data\test\normal\12 (2).png,C:\Users\shrey\Downloads\MIP_project_part2\Lung-Cancer-Classification-\Data\train\normal\4 - Copy (3).png
2,False,True,True,test,train,normal,normal,12 (2).png,4.png,C:\Users\shrey\Downloads\MIP_project_part2\Lung-Cancer-Classification-\Data\test\normal\12 (2).png,C:\Users\shrey\Downloads\MIP_project_part2\Lung-Cancer-Classification-\Data\train\normal\4.png
2,False,True,True,test,val,normal,normal,12 (2).png,4 (2).png,C:\Users\shrey\Downloads\MIP_project_part2\Lung-Cancer-Classification-\Data\test\normal\12 (2).png,C:\Users\shrey\Downloads\MIP_project_part2\Lung-Cancer-Classification-\Data\valid\normal\4 (2).png
2,False,True,False,train,train,normal,normal,12 (2).png,12 - Copy (3).png,C:\Users\shrey\Downloads\MIP_project_part2\Lung-Cancer-Classification-\Data\train\normal\12 (2).png,C:\Users\shrey\Downloads\MIP_project_part2\Lung-Cancer-Classification-\Data\train\normal\12 - Copy (3).png
2,False,True,False,train,train,normal,normal,12 (2).png,12 - Copy - Copy.png,C:\Users\shrey\Downloads\MIP_project_part2\Lung-Cancer-Classification-\Data\train\normal\12 (2).png,C:\Users\shrey\Downloads\MIP_project_part2\Lung-Cancer-Classification-\Data\train\normal\12 - Copy - Copy.png
2,False,True,False,train,train,normal,normal,12 (2).png,12 - Copy.png,C:\Users\shrey\Downloads\MIP_project_part2\Lung-Cancer-Classification-\Data\train\normal\12 (2).png,C:\Users\shrey\Downloads\MIP_project_part2\Lung-Cancer-Classification-\Data\train\normal\12 - Copy.png
2,False,True,False,train,train,normal,normal,12 (2).png,12.png,C:\Users\shrey\Downloads\MIP_project_part2\Lung-Cancer-Classification-\Data\train\normal\12 (2).png,C:\Users\shrey\Downloads\MIP_project_part2\Lung-Cancer-Classification-\Data\train\normal\12.png
2,False,True,False,train,train,normal,normal,12 (2).png,4 (2) - Copy.png,C:\Users\shrey\Downloads\MIP_project_part2\Lung-Cancer-Classification-\Data\train\normal\12 (2).png,C:\Users\shrey\Downloads\MIP_project_part2\Lung-Cancer-Classification-\Data\train\normal\4 (2) - Copy.png
2,False,True,False,train,train,normal,normal,12 (2).png,4 (2).png,C:\Users\shrey\Downloads\MIP_project_part2\Lung-Cancer-Classification-\Data\train\normal\12 (2).png,C:\Users\shrey\Downloads\MIP_project_part2\Lung-Cancer-Classification-\Data\train\normal\4 (2).png
2,False,True,False,train,train,normal,normal,12 (2).png,4 - Copy (3).png,C:\Users\shrey\Downloads\MIP_project_part2\Lung-Cancer-Classification-\Data\train\normal\12 (2).png,C:\Users\shrey\Downloads\MIP_project_part2\Lung-Cancer-Classification-\Data\train\normal\4 - Copy (3).png
2,False,True,False,train,train,normal,normal,12 (2).png,4.png,C:\Users\shrey\Downloads\MIP_project_part2\Lung-Cancer-Classification-\Data\train\normal\12 (2).png,C:\Users\shrey\Downloads\MIP_project_part2\Lung-Cancer-Classification-\Data\train\normal\4.png
2,False,True,True,train,val,normal,normal,12 (2).png,4 (2).png,C:\Users\shrey\Downloads\MIP_project_part2\Lung-Cancer-Classification-\Data\train\normal\12 (2).png,C:\Users\shrey\Downloads\MIP_project_part2\Lung-Cancer-Classification-\Data\valid\normal\4 (2).png
2,False,True,False,test,test,normal,normal,12 - Copy (3).png,12 - Copy - Copy.png,C:\Users\shrey\Downloads\MIP_project_part2\Lung-Cancer-Classification-\Data\test\normal\12 - Copy (3).png,C:\Users\shrey\Downloads\MIP_project_part2\Lung-Cancer-Classification-\Data\test\normal\12 - Copy - Copy.png
2,False,True,False,test,test,normal,normal,12 - Copy (3).png,12 - Copy.png,C:\Users\shrey\Downloads\MIP_project_part2\Lung-Cancer-Classification-\Data\test\normal\12 - Copy (3).png,C:\Users\shrey\Downloads\MIP_project_part2\Lung-Cancer-Classification-\Data\test\normal\12 - Copy.png
2,False,True,True,test,train,normal,normal,12 - Copy (3).png,12 (2) - Copy.png,C:\Users\shrey\Downloads\MIP_project_part2\Lung-Cancer-Classification-\Data\test\normal\12 - Copy (3).png,C:\Users\shrey\Downloads\MIP_project_part2\Lung-Cancer-Classification-\Data\train\normal\12 (2) - Copy.png
2,False,True,True,test,train,normal,normal,12 - Copy (3).png,12 (2).png,C:\Users\shrey\Downloads\MIP_project_part2\Lung-Cancer-Classification-\Data\test\normal\12 - Copy (3).png,C:\Users\shrey\Downloads\MIP_project_part2\Lung-Cancer-Classification-\Data\train\normal\12 (2).png
2,False,True,True,test,train,normal,normal,12 - Copy (3).png,12 - Copy - Copy.png,C:\Users\shrey\Downloads\MIP_project_part2\Lung-Cancer-Classification-\Data\test\normal\12 - Copy (3).png,C:\Users\shrey\Downloads\MIP_project_part2\Lung-Cancer-Classification-\Data\train\normal\12 - Copy - Copy.png
2,False,True,True,test,train,normal,normal,12 - Copy (3).png,12 - Copy.png,C:\Users\shrey\Downloads\MIP_project_part2\Lung-Cancer-Classification-\Data\test\normal\12 - Copy (3).png,C:\Users\shrey\Downloads\MIP_project_part2\Lung-Cancer-Classification-\Data\train\normal\12 - Copy.png
2,False,True,True,test,train,normal,normal,12 - Copy (3).png,4 (2) - Copy.png,C:\Users\shrey\Downloads\MIP_project_part2\Lung-Cancer-Classification-\Data\test\normal\12 - Copy (3).png,C:\Users\shrey\Downloads\MIP_project_part2\Lung-Cancer-Classification-\Data\train\normal\4 (2) - Copy.png
2,False,True,True,test,train,normal,normal,12 - Copy (3).png,4 (2).png,C:\Users\shrey\Downloads\MIP_project_part2\Lung-Cancer-Classification-\Data\test\normal\12 - Copy (3).png,C:\Users\shrey\Downloads\MIP_project_part2\Lung-Cancer-Classification-\Data\train\normal\4 (2).png
2,False,True,True,test,train,normal,normal,12 - Copy (3).png,4 - Copy (3).png,C:\Users\shrey\Downloads\MIP_project_part2\Lung-Cancer-Classification-\Data\test\normal\12 - Copy (3).png,C:\Users\shrey\Downloads\MIP_project_part2\Lung-Cancer-Classification-\Data\train\normal\4 - Copy (3).png
2,False,True,True,test,train,normal,normal,12 - Copy (3).png,4.png,C:\Users\shrey\Downloads\MIP_project_part2\Lung-Cancer-Classification-\Data\test\normal\12 - Copy (3).png,C:\Users\shrey\Downloads\MIP_project_part2\Lung-Cancer-Classification-\Data\train\normal\4.png
2,False,True,True,test,val,normal,normal,12 - Copy (3).png,4 (2).png,C:\Users\shrey\Downloads\MIP_project_part2\Lung-Cancer-Classification-\Data\test\normal\12 - Copy (3).png,C:\Users\shrey\Downloads\MIP_project_part2\Lung-Cancer-Classification-\Data\valid\normal\4 (2).png
2,False,True,False,train,train,normal,normal,12 - Copy (3).png,12 - Copy - Copy.png,C:\Users\shrey\Downloads\MIP_project_part2\Lung-Cancer-Classification-\Data\train\normal\12 - Copy (3).png,C:\Users\shrey\Downloads\MIP_project_part2\Lung-Cancer-Classification-\Data\train\normal\12 - Copy - Copy.png
2,False,True,False,train,train,normal,normal,12 - Copy (3).png,12 - Copy.png,C:\Users\shrey\Downloads\MIP_project_part2\Lung-Cancer-Classification-\Data\train\normal\12 - Copy (3).png,C:\Users\shrey\Downloads\MIP_project_part2\Lung-Cancer-Classification-\Data\train\normal\12 - Copy.png
2,False,True,False,train,train,normal,normal,12 - Copy (3).png,4 (2) - Copy.png,C:\Users\shrey\Downloads\MIP_project_part2\Lung-Cancer-Classification-\Data\train\normal\12 - Copy (3).png,C:\Users\shrey\Downloads\MIP_project_part2\Lung-Cancer-Classification-\Data\train\normal\4 (2) - Copy.png
2,False,True,False,train,train,normal,normal,12 - Copy (3).png,4 (2).png,C:\Users\shrey\Downloads\MIP_project_part2\Lung-Cancer-Classification-\Data\train\normal\12 - Copy (3).png,C:\Users\shrey\Downloads\MIP_project_part2\Lung-Cancer-Classification-\Data\train\normal\4 (2).png
2,False,True,False,train,train,normal,normal,12 - Copy (3).png,4 - Copy (3).png,C:\Users\shrey\Downloads\MIP_project_part2\Lung-Cancer-Classification-\Data\train\normal\12 - Copy (3).png,C:\Users\shrey\Downloads\MIP_project_part2\Lung-Cancer-Classification-\Data\train\normal\4 - Copy (3).png
2,False,True,False,train,train,normal,normal,12 - Copy (3).png,4.png,C:\Users\shrey\Downloads\MIP_project_part2\Lung-Cancer-Classification-\Data\train\normal\12 - Copy (3).png,C:\Users\shrey\Downloads\MIP_project_part2\Lung-Cancer-Classification-\Data\train\normal\4.png
2,False,True,True,train,val,normal,normal,12 - Copy (3).png,4 (2).png,C:\Users\shrey\Downloads\MIP_project_part2\Lung-Cancer-Classification-\Data\train\normal\12 - Copy (3).png,C:\Users\shrey\Downloads\MIP_project_part2\Lung-Cancer-Classification-\Data\valid\normal\4 (2).png
2,False,True,True,test,train,normal,normal,12 - Copy - Copy.png,12 (2) - Copy.png,C:\Users\shrey\Downloads\MIP_project_part2\Lung-Cancer-Classification-\Data\test\normal\12 - Copy - Copy.png,C:\Users\shrey\Downloads\MIP_project_part2\Lung-Cancer-Classification-\Data\train\normal\12 (2) - Copy.png
2,False,True,True,test,train,normal,normal,12 - Copy - Copy.png,12 (2).png,C:\Users\shrey\Downloads\MIP_project_part2\Lung-Cancer-Classification-\Data\test\normal\12 - Copy - Copy.png,C:\Users\shrey\Downloads\MIP_project_part2\Lung-Cancer-Classification-\Data\train\normal\12 (2).png
2,False,True,True,test,train,normal,normal,12 - Copy - Copy.png,12 - Copy (3).png,C:\Users\shrey\Downloads\MIP_project_part2\Lung-Cancer-Classification-\Data\test\normal\12 - Copy - Copy.png,C:\Users\shrey\Downloads\MIP_project_part2\Lung-Cancer-Classification-\Data\train\normal\12 - Copy (3).png
2,False,True,True,test,train,normal,normal,12 - Copy - Copy.png,12.png,C:\Users\shrey\Downloads\MIP_project_part2\Lung-Cancer-Classification-\Data\test\normal\12 - Copy - Copy.png,C:\Users\shrey\Downloads\MIP_project_part2\Lung-Cancer-Classification-\Data\train\normal\12.png
2,False,True,False,train,train,normal,normal,12 - Copy - Copy.png,12.png,C:\Users\shrey\Downloads\MIP_project_part2\Lung-Cancer-Classification-\Data\train\normal\12 - Copy - Copy.png,C:\Users\shrey\Downloads\MIP_project_part2\Lung-Cancer-Classification-\Data\train\normal\12.png
2,False,True,True,test,train,normal,normal,12 - Copy.png,12 (2) - Copy.png,C:\Users\shrey\Downloads\MIP_project_part2\Lung-Cancer-Classification-\Data\test\normal\12 - Copy.png,C:\Users\shrey\Downloads\MIP_project_part2\Lung-Cancer-Classification-\Data\train\normal\12 (2) - Copy.png
2,False,True,True,test,train,normal,normal,12 - Copy.png,12 (2).png,C:\Users\shrey\Downloads\MIP_project_part2\Lung-Cancer-Classification-\Data\test\normal\12 - Copy.png,C:\Users\shrey\Downloads\MIP_project_part2\Lung-Cancer-Classification-\Data\train\normal\12 (2).png
2,False,True,True,test,train,normal,normal,12 - Copy.png,12 - Copy (3).png,C:\Users\shrey\Downloads\MIP_project_part2\Lung-Cancer-Classification-\Data\test\normal\12 - Copy.png,C:\Users\shrey\Downloads\MIP_project_part2\Lung-Cancer-Classification-\Data\train\normal\12 - Copy (3).png
2,False,True,True,test,train,normal,normal,12 - Copy.png,12.png,C:\Users\shrey\Downloads\MIP_project_part2\Lung-Cancer-Classification-\Data\test\normal\12 - Copy.png,C:\Users\shrey\Downloads\MIP_project_part2\Lung-Cancer-Classification-\Data\train\normal\12.png
2,False,True,False,train,train,normal,normal,12 - Copy.png,12.png,C:\Users\shrey\Downloads\MIP_project_part2\Lung-Cancer-Classification-\Data\train\normal\12 - Copy.png,C:\Users\shrey\Downloads\MIP_project_part2\Lung-Cancer-Classification-\Data\train\normal\12.png
2,False,True,False,train,train,normal,normal,12.png,4 (2) - Copy.png,C:\Users\shrey\Downloads\MIP_project_part2\Lung-Cancer-Classification-\Data\train\normal\12.png,C:\Users\shrey\Downloads\MIP_project_part2\Lung-Cancer-Classification-\Data\train\normal\4 (2) - Copy.png
2,False,True,False,train,train,normal,normal,12.png,4 (2).png,C:\Users\shrey\Downloads\MIP_project_part2\Lung-Cancer-Classification-\Data\train\normal\12.png,C:\Users\shrey\Downloads\MIP_project_part2\Lung-Cancer-Classification-\Data\train\normal\4 (2).png
2,False,True,False,train,train,normal,normal,12.png,4 - Copy (3).png,C:\Users\shrey\Downloads\MIP_project_part2\Lung-Cancer-Classification-\Data\train\normal\12.png,C:\Users\shrey\Downloads\MIP_project_part2\Lung-Cancer-Classification-\Data\train\normal\4 - Copy (3).png
2,False,True,False,train,train,normal,normal,12.png,4.png,C:\Users\shrey\Downloads\MIP_project_part2\Lung-Cancer-Classification-\Data\train\normal\12.png,C:\Users\shrey\Downloads\MIP_project_part2\Lung-Cancer-Classification-\Data\train\normal\4.png
2,False,True,True,train,val,normal,normal,12.png,4 (2).png,C:\Users\shrey\Downloads\MIP_project_part2\Lung-Cancer-Classification-\Data\train\normal\12.png,C:\Users\shrey\Downloads\MIP_project_part2\Lung-Cancer-Classification-\Data\valid\normal\4 (2).png
2,False,True,False,train,train,normal,normal,13 - Copy (3).png,13 - Copy - Copy.png,C:\Users\shrey\Downloads\MIP_project_part2\Lung-Cancer-Classification-\Data\train\normal\13 - Copy (3).png,C:\Users\shrey\Downloads\MIP_project_part2\Lung-Cancer-Classification-\Data\train\normal\13 - Copy - Copy.png
2,False,True,False,train,train,normal,normal,13 - Copy (3).png,13 - Copy.png,C:\Users\shrey\Downloads\MIP_project_part2\Lung-Cancer-Classification-\Data\train\normal\13 - Copy (3).png,C:\Users\shrey\Downloads\MIP_project_part2\Lung-Cancer-Classification-\Data\train\normal\13 - Copy.png
2,False,True,False,train,train,normal,normal,13 - Copy - Copy.png,13.png,C:\Users\shrey\Downloads\MIP_project_part2\Lung-Cancer-Classification-\Data\train\normal\13 - Copy - Copy.png,C:\Users\shrey\Downloads\MIP_project_part2\Lung-Cancer-Classification-\Data\train\normal\13.png
2,False,True,False,train,train,normal,normal,13 - Copy.png,13.png,C:\Users\shrey\Downloads\MIP_project_part2\Lung-Cancer-Classification-\Data\train\normal\13 - Copy.png,C:\Users\shrey\Downloads\MIP_project_part2\Lung-Cancer-Classification-\Data\train\normal\13.png
2,False,True,False,train,train,normal,normal,16 (2) - Copy.png,16 - Copy (3).png,C:\Users\shrey\Downloads\MIP_project_part2\Lung-Cancer-Classification-\Data\train\normal\16 (2) - Copy.png,C:\Users\shrey\Downloads\MIP_project_part2\Lung-Cancer-Classification-\Data\train\normal\16 - Copy (3).png
2,False,True,False,train,train,normal,normal,16 (2) - Copy.png,16 - Copy - Copy.png,C:\Users\shrey\Downloads\MIP_project_part2\Lung-Cancer-Classification-\Data\train\normal\16 (2) - Copy.png,C:\Users\shrey\Downloads\MIP_project_part2\Lung-Cancer-Classification-\Data\train\normal\16 - Copy - Copy.png
2,False,True,False,train,train,normal,normal,16 (2) - Copy.png,16 - Copy.png,C:\Users\shrey\Downloads\MIP_project_part2\Lung-Cancer-Classification-\Data\train\normal\16 (2) - Copy.png,C:\Users\shrey\Downloads\MIP_project_part2\Lung-Cancer-Classification-\Data\train\normal\16 - Copy.png
2,False,True,False,train,train,normal,normal,16 (2) - Copy.png,16.png,C:\Users\shrey\Downloads\MIP_project_part2\Lung-Cancer-Classification-\Data\train\normal\16 (2) - Copy.png,C:\Users\shrey\Downloads\MIP_project_part2\Lung-Cancer-Classification-\Data\train\normal\16.png
2,False,True,False,train,train,normal,normal,16 (2).png,16 - Copy (3).png,C:\Users\shrey\Downloads\MIP_project_part2\Lung-Cancer-Classification-\Data\train\normal\16 (2).png,C:\Users\shrey\Downloads\MIP_project_part2\Lung-Cancer-Classification-\Data\train\normal\16 - Copy (3).png
2,False,True,False,train,train,normal,normal,16 (2).png,16 - Copy - Copy.png,C:\Users\shrey\Downloads\MIP_project_part2\Lung-Cancer-Classification-\Data\train\normal\16 (2).png,C:\Users\shrey\Downloads\MIP_project_part2\Lung-Cancer-Classification-\Data\train\normal\16 - Copy - Copy.png
2,False,True,False,train,train,normal,normal,16 (2).png,16 - Copy.png,C:\Users\shrey\Downloads\MIP_project_part2\Lung-Cancer-Classification-\Data\train\normal\16 (2).png,C:\Users\shrey\Downloads\MIP_project_part2\Lung-Cancer-Classification-\Data\train\normal\16 - Copy.png
2,False,True,False,train,train,normal,normal,16 (2).png,16.png,C:\Users\shrey\Downloads\MIP_project_part2\Lung-Cancer-Classification-\Data\train\normal\16 (2).png,C:\Users\shrey\Downloads\MIP_project_part2\Lung-Cancer-Classification-\Data\train\normal\16.png
2,False,True,False,train,train,normal,normal,20 (2) - Copy.png,20 - Copy (2) - Copy.png,C:\Users\shrey\Downloads\MIP_project_part2\Lung-Cancer-Classification-\Data\train\normal\20 (2) - Copy.png,C:\Users\shrey\Downloads\MIP_project_part2\Lung-Cancer-Classification-\Data\train\normal\20 - Copy (2) - Copy.png
2,False,True,False,train,train,normal,normal,20 (2) - Copy.png,20 - Copy (2).png,C:\Users\shrey\Downloads\MIP_project_part2\Lung-Cancer-Classification-\Data\train\normal\20 (2) - Copy.png,C:\Users\shrey\Downloads\MIP_project_part2\Lung-Cancer-Classification-\Data\train\normal\20 - Copy (2).png
2,False,True,False,train,train,normal,normal,20 (2).png,20 - Copy (2) - Copy.png,C:\Users\shrey\Downloads\MIP_project_part2\Lung-Cancer-Classification-\Data\train\normal\20 (2).png,C:\Users\shrey\Downloads\MIP_project_part2\Lung-Cancer-Classification-\Data\train\normal\20 - Copy (2) - Copy.png
2,False,True,False,train,train,normal,normal,20 (2).png,20 - Copy (2).png,C:\Users\shrey\Downloads\MIP_project_part2\Lung-Cancer-Classification-\Data\train\normal\20 (2).png,C:\Users\shrey\Downloads\MIP_project_part2\Lung-Cancer-Classification-\Data\train\normal\20 - Copy (2).png
2,False,True,False,train,train,normal,normal,20 - Copy (2) - Copy.png,20 - Copy (3).png,C:\Users\shrey\Downloads\MIP_project_part2\Lung-Cancer-Classification-\Data\train\normal\20 - Copy (2) - Copy.png,C:\Users\shrey\Downloads\MIP_project_part2\Lung-Cancer-Classification-\Data\train\normal\20 - Copy (3).png
2,False,True,False,train,train,normal,normal,20 - Copy (2) - Copy.png,20 - Copy - Copy.png,C:\Users\shrey\Downloads\MIP_project_part2\Lung-Cancer-Classification-\Data\train\normal\20 - Copy (2) - Copy.png,C:\Users\shrey\Downloads\MIP_project_part2\Lung-Cancer-Classification-\Data\train\normal\20 - Copy - Copy.png
2,False,True,False,train,train,normal,normal,20 - Copy (2) - Copy.png,20 - Copy.png,C:\Users\shrey\Downloads\MIP_project_part2\Lung-Cancer-Classification-\Data\train\normal\20 - Copy (2) - Copy.png,C:\Users\shrey\Downloads\MIP_project_part2\Lung-Cancer-Classification-\Data\train\normal\20 - Copy.png
2,False,True,False,train,train,normal,normal,20 - Copy (2) - Copy.png,20.png,C:\Users\shrey\Downloads\MIP_project_part2\Lung-Cancer-Classification-\Data\train\normal\20 - Copy (2) - Copy.png,C:\Users\shrey\Downloads\MIP_project_part2\Lung-Cancer-Classification-\Data\train\normal\20.png
2,False,True,False,train,train,normal,normal,20 - Copy (2).png,20 - Copy (3).png,C:\Users\shrey\Downloads\MIP_project_part2\Lung-Cancer-Classification-\Data\train\normal\20 - Copy (2).png,C:\Users\shrey\Downloads\MIP_project_part2\Lung-Cancer-Classification-\Data\train\normal\20 - Copy (3).png
2,False,True,False,train,train,normal,normal,20 - Copy (2).png,20 - Copy - Copy.png,C:\Users\shrey\Downloads\MIP_project_part2\Lung-Cancer-Classification-\Data\train\normal\20 - Copy (2).png,C:\Users\shrey\Downloads\MIP_project_part2\Lung-Cancer-Classification-\Data\train\normal\20 - Copy - Copy.png
2,False,True,False,train,train,normal,normal,20 - Copy (2).png,20 - Copy.png,C:\Users\shrey\Downloads\MIP_project_part2\Lung-Cancer-Classification-\Data\train\normal\20 - Copy (2).png,C:\Users\shrey\Downloads\MIP_project_part2\Lung-Cancer-Classification-\Data\train\normal\20 - Copy.png
2,False,True,False,train,train,normal,normal,20 - Copy (2).png,20.png,C:\Users\shrey\Downloads\MIP_project_part2\Lung-Cancer-Classification-\Data\train\normal\20 - Copy (2).png,C:\Users\shrey\Downloads\MIP_project_part2\Lung-Cancer-Classification-\Data\train\normal\20.png
2,False,True,False,train,train,normal,normal,3 (2) - Copy.png,3 - Copy (2) - Copy.png,C:\Users\shrey\Downloads\MIP_project_part2\Lung-Cancer-Classification-\Data\train\normal\3 (2) - Copy.png,C:\Users\shrey\Downloads\MIP_project_part2\Lung-Cancer-Classification-\Data\train\normal\3 - Copy (2) - Copy.png
2,False,True,False,train,train,normal,normal,3 (2) - Copy.png,3 - Copy (2).png,C:\Users\shrey\Downloads\MIP_project_part2\Lung-Cancer-Classification-\Data\train\normal\3 (2) - Copy.png,C:\Users\shrey\Downloads\MIP_project_part2\Lung-Cancer-Classification-\Data\train\normal\3 - Copy (2).png
2,False,True,False,train,train,normal,normal,3 (2) - Copy.png,3 - Copy - Copy.png,C:\Users\shrey\Downloads\MIP_project_part2\Lung-Cancer-Classification-\Data\train\normal\3 (2) - Copy.png,C:\Users\shrey\Downloads\MIP_project_part2\Lung-Cancer-Classification-\Data\train\normal\3 - Copy - Copy.png
2,False,True,False,train,train,normal,normal,3 (2) - Copy.png,3 - Copy.png,C:\Users\shrey\Downloads\MIP_project_part2\Lung-Cancer-Classification-\Data\train\normal\3 (2) - Copy.png,C:\Users\shrey\Downloads\MIP_project_part2\Lung-Cancer-Classification-\Data\train\normal\3 - Copy.png
2,False,True,False,train,train,normal,normal,3 (2).png,3 - Copy (2) - Copy.png,C:\Users\shrey\Downloads\MIP_project_part2\Lung-Cancer-Classification-\Data\train\normal\3 (2).png,C:\Users\shrey\Downloads\MIP_project_part2\Lung-Cancer-Classification-\Data\train\normal\3 - Copy (2) - Copy.png
2,False,True,False,train,train,normal,normal,3 (2).png,3 - Copy (2).png,C:\Users\shrey\Downloads\MIP_project_part2\Lung-Cancer-Classification-\Data\train\normal\3 (2).png,C:\Users\shrey\Downloads\MIP_project_part2\Lung-Cancer-Classification-\Data\train\normal\3 - Copy (2).png
2,False,True,False,train,train,normal,normal,3 (2).png,3 - Copy - Copy.png,C:\Users\shrey\Downloads\MIP_project_part2\Lung-Cancer-Classification-\Data\train\normal\3 (2).png,C:\Users\shrey\Downloads\MIP_project_part2\Lung-Cancer-Classification-\Data\train\normal\3 - Copy - Copy.png
2,False,True,False,train,train,normal,normal,3 (2).png,3 - Copy.png,C:\Users\shrey\Downloads\MIP_project_part2\Lung-Cancer-Classification-\Data\train\normal\3 (2).png,C:\Users\shrey\Downloads\MIP_project_part2\Lung-Cancer-Classification-\Data\train\normal\3 - Copy.png
2,False,True,False,train,train,normal,normal,3 - Copy (2) - Copy.png,3 - Copy (3).png,C:\Users\shrey\Downloads\MIP_project_part2\Lung-Cancer-Classification-\Data\train\normal\3 - Copy (2) - Copy.png,C:\Users\shrey\Downloads\MIP_project_part2\Lung-Cancer-Classification-\Data\train\normal\3 - Copy (3).png
2,False,True,False,train,train,normal,normal,3 - Copy (2) - Copy.png,3.png,C:\Users\shrey\Downloads\MIP_project_part2\Lung-Cancer-Classification-\Data\train\normal\3 - Copy (2) - Copy.png,C:\Users\shrey\Downloads\MIP_project_part2\Lung-Cancer-Classification-\Data\train\normal\3.png
2,False,True,False,train,train,normal,normal,3 - Copy (2).png,3 - Copy (3).png,C:\Users\shrey\Downloads\MIP_project_part2\Lung-Cancer-Classification-\Data\train\normal\3 - Copy (2).png,C:\Users\shrey\Downloads\MIP_project_part2\Lung-Cancer-Classification-\Data\train\normal\3 - Copy (3).png
2,False,True,False,train,train,normal,normal,3 - Copy (2).png,3.png,C:\Users\shrey\Downloads\MIP_project_part2\Lung-Cancer-Classification-\Data\train\normal\3 - Copy (2).png,C:\Users\shrey\Downloads\MIP_project_part2\Lung-Cancer-Classification-\Data\train\normal\3.png
2,False,True,False,train,train,normal,normal,3 - Copy (3).png,3 - Copy - Copy.png,C:\Users\shrey\Downloads\MIP_project_part2\Lung-Cancer-Classification-\Data\train\normal\3 - Copy (3).png,C:\Users\shrey\Downloads\MIP_project_part2\Lung-Cancer-Classification-\Data\train\normal\3 - Copy - Copy.png
2,False,True,False,train,train,normal,normal,3 - Copy (3).png,3 - Copy.png,C:\Users\shrey\Downloads\MIP_project_part2\Lung-Cancer-Classification-\Data\train\normal\3 - Copy (3).png,C:\Users\shrey\Downloads\MIP_project_part2\Lung-Cancer-Classification-\Data\train\normal\3 - Copy.png
2,False,True,False,train,train,normal,normal,3 - Copy - Copy.png,3.png,C:\Users\shrey\Downloads\MIP_project_part2\Lung-Cancer-Classification-\Data\train\normal\3 - Copy - Copy.png,C:\Users\shrey\Downloads\MIP_project_part2\Lung-Cancer-Classification-\Data\train\normal\3.png
2,False,True,False,train,train,normal,normal,3 - Copy.png,3.png,C:\Users\shrey\Downloads\MIP_project_part2\Lung-Cancer-Classification-\Data\train\normal\3 - Copy.png,C:\Users\shrey\Downloads\MIP_project_part2\Lung-Cancer-Classification-\Data\train\normal\3.png
2,False,True,False,test,test,normal,normal,8 (2) - Copy.png,8 - Copy (2) - Copy.png,C:\Users\shrey\Downloads\MIP_project_part2\Lung-Cancer-Classification-\Data\test\normal\8 (2) - Copy.png,C:\Users\shrey\Downloads\MIP_project_part2\Lung-Cancer-Classification-\Data\test\normal\8 - Copy (2) - Copy.png
2,False,True,False,test,test,normal,normal,8 (2) - Copy.png,8 - Copy (2).png,C:\Users\shrey\Downloads\MIP_project_part2\Lung-Cancer-Classification-\Data\test\normal\8 (2) - Copy.png,C:\Users\shrey\Downloads\MIP_project_part2\Lung-Cancer-Classification-\Data\test\normal\8 - Copy (2).png
2,False,True,False,test,test,normal,normal,8 (2) - Copy.png,8 - Copy - Copy.png,C:\Users\shrey\Downloads\MIP_project_part2\Lung-Cancer-Classification-\Data\test\normal\8 (2) - Copy.png,C:\Users\shrey\Downloads\MIP_project_part2\Lung-Cancer-Classification-\Data\test\normal\8 - Copy - Copy.png
2,False,True,False,test,test,normal,normal,8 (2) - Copy.png,8 - Copy.png,C:\Users\shrey\Downloads\MIP_project_part2\Lung-Cancer-Classification-\Data\test\normal\8 (2) - Copy.png,C:\Users\shrey\Downloads\MIP_project_part2\Lung-Cancer-Classification-\Data\test\normal\8 - Copy.png
2,False,True,True,test,train,normal,normal,8 (2) - Copy.png,8 - Copy (2) - Copy.png,C:\Users\shrey\Downloads\MIP_project_part2\Lung-Cancer-Classification-\Data\test\normal\8 (2) - Copy.png,C:\Users\shrey\Downloads\MIP_project_part2\Lung-Cancer-Classification-\Data\train\normal\8 - Copy (2) - Copy.png
2,False,True,True,test,train,normal,normal,8 (2) - Copy.png,8 - Copy (2).png,C:\Users\shrey\Downloads\MIP_project_part2\Lung-Cancer-Classification-\Data\test\normal\8 (2) - Copy.png,C:\Users\shrey\Downloads\MIP_project_part2\Lung-Cancer-Classification-\Data\train\normal\8 - Copy (2).png
2,False,True,True,test,train,normal,normal,8 (2) - Copy.png,8 - Copy - Copy.png,C:\Users\shrey\Downloads\MIP_project_part2\Lung-Cancer-Classification-\Data\test\normal\8 (2) - Copy.png,C:\Users\shrey\Downloads\MIP_project_part2\Lung-Cancer-Classification-\Data\train\normal\8 - Copy - Copy.png
2,False,True,True,test,train,normal,normal,8 (2) - Copy.png,8 - Copy.png,C:\Users\shrey\Downloads\MIP_project_part2\Lung-Cancer-Classification-\Data\test\normal\8 (2) - Copy.png,C:\Users\shrey\Downloads\MIP_project_part2\Lung-Cancer-Classification-\Data\train\normal\8 - Copy.png
2,False,True,False,train,train,normal,normal,8 (2) - Copy.png,8 - Copy (2) - Copy.png,C:\Users\shrey\Downloads\MIP_project_part2\Lung-Cancer-Classification-\Data\train\normal\8 (2) - Copy.png,C:\Users\shrey\Downloads\MIP_project_part2\Lung-Cancer-Classification-\Data\train\normal\8 - Copy (2) - Copy.png
2,False,True,False,train,train,normal,normal,8 (2) - Copy.png,8 - Copy (2).png,C:\Users\shrey\Downloads\MIP_project_part2\Lung-Cancer-Classification-\Data\train\normal\8 (2) - Copy.png,C:\Users\shrey\Downloads\MIP_project_part2\Lung-Cancer-Classification-\Data\train\normal\8 - Copy (2).png
2,False,True,False,train,train,normal,normal,8 (2) - Copy.png,8 - Copy - Copy.png,C:\Users\shrey\Downloads\MIP_project_part2\Lung-Cancer-Classification-\Data\train\normal\8 (2) - Copy.png,C:\Users\shrey\Downloads\MIP_project_part2\Lung-Cancer-Classification-\Data\train\normal\8 - Copy - Copy.png
2,False,True,False,train,train,normal,normal,8 (2) - Copy.png,8 - Copy.png,C:\Users\shrey\Downloads\MIP_project_part2\Lung-Cancer-Classification-\Data\train\normal\8 (2) - Copy.png,C:\Users\shrey\Downloads\MIP_project_part2\Lung-Cancer-Classification-\Data\train\normal\8 - Copy.png
2,False,True,False,test,test,normal,normal,8 (2).png,8 - Copy (2) - Copy.png,C:\Users\shrey\Downloads\MIP_project_part2\Lung-Cancer-Classification-\Data\test\normal\8 (2).png,C:\Users\shrey\Downloads\MIP_project_part2\Lung-Cancer-Classification-\Data\test\normal\8 - Copy (2) - Copy.png
2,False,True,False,test,test,normal,normal,8 (2).png,8 - Copy (2).png,C:\Users\shrey\Downloads\MIP_project_part2\Lung-Cancer-Classification-\Data\test\normal\8 (2).png,C:\Users\shrey\Downloads\MIP_project_part2\Lung-Cancer-Classification-\Data\test\normal\8 - Copy (2).png
2,False,True,False,test,test,normal,normal,8 (2).png,8 - Copy - Copy.png,C:\Users\shrey\Downloads\MIP_project_part2\Lung-Cancer-Classification-\Data\test\normal\8 (2).png,C:\Users\shrey\Downloads\MIP_project_part2\Lung-Cancer-Classification-\Data\test\normal\8 - Copy - Copy.png
2,False,True,False,test,test,normal,normal,8 (2).png,8 - Copy.png,C:\Users\shrey\Downloads\MIP_project_part2\Lung-Cancer-Classification-\Data\test\normal\8 (2).png,C:\Users\shrey\Downloads\MIP_project_part2\Lung-Cancer-Classification-\Data\test\normal\8 - Copy.png
2,False,True,True,test,train,normal,normal,8 (2).png,8 - Copy (2) - Copy.png,C:\Users\shrey\Downloads\MIP_project_part2\Lung-Cancer-Classification-\Data\test\normal\8 (2).png,C:\Users\shrey\Downloads\MIP_project_part2\Lung-Cancer-Classification-\Data\train\normal\8 - Copy (2) - Copy.png
2,False,True,True,test,train,normal,normal,8 (2).png,8 - Copy (2).png,C:\Users\shrey\Downloads\MIP_project_part2\Lung-Cancer-Classification-\Data\test\normal\8 (2).png,C:\Users\shrey\Downloads\MIP_project_part2\Lung-Cancer-Classification-\Data\train\normal\8 - Copy (2).png
2,False,True,True,test,train,normal,normal,8 (2).png,8 - Copy - Copy.png,C:\Users\shrey\Downloads\MIP_project_part2\Lung-Cancer-Classification-\Data\test\normal\8 (2).png,C:\Users\shrey\Downloads\MIP_project_part2\Lung-Cancer-Classification-\Data\train\normal\8 - Copy - Copy.png
2,False,True,True,test,train,normal,normal,8 (2).png,8 - Copy.png,C:\Users\shrey\Downloads\MIP_project_part2\Lung-Cancer-Classification-\Data\test\normal\8 (2).png,C:\Users\shrey\Downloads\MIP_project_part2\Lung-Cancer-Classification-\Data\train\normal\8 - Copy.png
2,False,True,False,train,train,normal,normal,8 (2).png,8 - Copy (2) - Copy.png,C:\Users\shrey\Downloads\MIP_project_part2\Lung-Cancer-Classification-\Data\train\normal\8 (2).png,C:\Users\shrey\Downloads\MIP_project_part2\Lung-Cancer-Classification-\Data\train\normal\8 - Copy (2) - Copy.png
2,False,True,False,train,train,normal,normal,8 (2).png,8 - Copy (2).png,C:\Users\shrey\Downloads\MIP_project_part2\Lung-Cancer-Classification-\Data\train\normal\8 (2).png,C:\Users\shrey\Downloads\MIP_project_part2\Lung-Cancer-Classification-\Data\train\normal\8 - Copy (2).png
2,False,True,False,train,train,normal,normal,8 (2).png,8 - Copy - Copy.png,C:\Users\shrey\Downloads\MIP_project_part2\Lung-Cancer-Classification-\Data\train\normal\8 (2).png,C:\Users\shrey\Downloads\MIP_project_part2\Lung-Cancer-Classification-\Data\train\normal\8 - Copy - Copy.png
2,False,True,False,train,train,normal,normal,8 (2).png,8 - Copy.png,C:\Users\shrey\Downloads\MIP_project_part2\Lung-Cancer-Classification-\Data\train\normal\8 (2).png,C:\Users\shrey\Downloads\MIP_project_part2\Lung-Cancer-Classification-\Data\train\normal\8 - Copy.png
2,False,True,False,test,test,normal,normal,8 - Copy (2) - Copy.png,8 - Copy (3).png,C:\Users\shrey\Downloads\MIP_project_part2\Lung-Cancer-Classification-\Data\test\normal\8 - Copy (2) - Copy.png,C:\Users\shrey\Downloads\MIP_project_part2\Lung-Cancer-Classification-\Data\test\normal\8 - Copy (3).png
2,False,True,False,test,test,normal,normal,8 - Copy (2) - Copy.png,8.png,C:\Users\shrey\Downloads\MIP_project_part2\Lung-Cancer-Classification-\Data\test\normal\8 - Copy (2) - Copy.png,C:\Users\shrey\Downloads\MIP_project_part2\Lung-Cancer-Classification-\Data\test\normal\8.png
2,False,True,True,test,train,normal,normal,8 - Copy (2) - Copy.png,8 (2) - Copy.png,C:\Users\shrey\Downloads\MIP_project_part2\Lung-Cancer-Classification-\Data\test\normal\8 - Copy (2) - Copy.png,C:\Users\shrey\Downloads\MIP_project_part2\Lung-Cancer-Classification-\Data\train\normal\8 (2) - Copy.png
2,False,True,True,test,train,normal,normal,8 - Copy (2) - Copy.png,8 (2).png,C:\Users\shrey\Downloads\MIP_project_part2\Lung-Cancer-Classification-\Data\test\normal\8 - Copy (2) - Copy.png,C:\Users\shrey\Downloads\MIP_project_part2\Lung-Cancer-Classification-\Data\train\normal\8 (2).png
2,False,True,True,test,train,normal,normal,8 - Copy (2) - Copy.png,8 - Copy (3).png,C:\Users\shrey\Downloads\MIP_project_part2\Lung-Cancer-Classification-\Data\test\normal\8 - Copy (2) - Copy.png,C:\Users\shrey\Downloads\MIP_project_part2\Lung-Cancer-Classification-\Data\train\normal\8 - Copy (3).png
2,False,True,True,test,train,normal,normal,8 - Copy (2) - Copy.png,8.png,C:\Users\shrey\Downloads\MIP_project_part2\Lung-Cancer-Classification-\Data\test\normal\8 - Copy (2) - Copy.png,C:\Users\shrey\Downloads\MIP_project_part2\Lung-Cancer-Classification-\Data\train\normal\8.png
2,False,True,True,test,val,normal,normal,8 - Copy (2) - Copy.png,8 - Copy (3).png,C:\Users\shrey\Downloads\MIP_project_part2\Lung-Cancer-Classification-\Data\test\normal\8 - Copy (2) - Copy.png,C:\Users\shrey\Downloads\MIP_project_part2\Lung-Cancer-Classification-\Data\valid\normal\8 - Copy (3).png
2,False,True,False,train,train,normal,normal,8 - Copy (2) - Copy.png,8 - Copy (3).png,C:\Users\shrey\Downloads\MIP_project_part2\Lung-Cancer-Classification-\Data\train\normal\8 - Copy (2) - Copy.png,C:\Users\shrey\Downloads\MIP_project_part2\Lung-Cancer-Classification-\Data\train\normal\8 - Copy (3).png
2,False,True,False,train,train,normal,normal,8 - Copy (2) - Copy.png,8.png,C:\Users\shrey\Downloads\MIP_project_part2\Lung-Cancer-Classification-\Data\train\normal\8 - Copy (2) - Copy.png,C:\Users\shrey\Downloads\MIP_project_part2\Lung-Cancer-Classification-\Data\train\normal\8.png
2,False,True,True,train,val,normal,normal,8 - Copy (2) - Copy.png,8 - Copy (3).png,C:\Users\shrey\Downloads\MIP_project_part2\Lung-Cancer-Classification-\Data\train\normal\8 - Copy (2) - Copy.png,C:\Users\shrey\Downloads\MIP_project_part2\Lung-Cancer-Classification-\Data\valid\normal\8 - Copy (3).png
2,False,True,False,test,test,normal,normal,8 - Copy (2).png,8 - Copy (3).png,C:\Users\shrey\Downloads\MIP_project_part2\Lung-Cancer-Classification-\Data\test\normal\8 - Copy (2).png,C:\Users\shrey\Downloads\MIP_project_part2\Lung-Cancer-Classification-\Data\test\normal\8 - Copy (3).png
2,False,True,False,test,test,normal,normal,8 - Copy (2).png,8.png,C:\Users\shrey\Downloads\MIP_project_part2\Lung-Cancer-Classification-\Data\test\normal\8 - Copy (2).png,C:\Users\shrey\Downloads\MIP_project_part2\Lung-Cancer-Classification-\Data\test\normal\8.png
2,False,True,True,test,train,normal,normal,8 - Copy (2).png,8 (2) - Copy.png,C:\Users\shrey\Downloads\MIP_project_part2\Lung-Cancer-Classification-\Data\test\normal\8 - Copy (2).png,C:\Users\shrey\Downloads\MIP_project_part2\Lung-Cancer-Classification-\Data\train\normal\8 (2) - Copy.png
2,False,True,True,test,train,normal,normal,8 - Copy (2).png,8 (2).png,C:\Users\shrey\Downloads\MIP_project_part2\Lung-Cancer-Classification-\Data\test\normal\8 - Copy (2).png,C:\Users\shrey\Downloads\MIP_project_part2\Lung-Cancer-Classification-\Data\train\normal\8 (2).png
2,False,True,True,test,train,normal,normal,8 - Copy (2).png,8 - Copy (3).png,C:\Users\shrey\Downloads\MIP_project_part2\Lung-Cancer-Classification-\Data\test\normal\8 - Copy (2).png,C:\Users\shrey\Downloads\MIP_project_part2\Lung-Cancer-Classification-\Data\train\normal\8 - Copy (3).png
2,False,True,True,test,train,normal,normal,8 - Copy (2).png,8.png,C:\Users\shrey\Downloads\MIP_project_part2\Lung-Cancer-Classification-\Data\test\normal\8 - Copy (2).png,C:\Users\shrey\Downloads\MIP_project_part2\Lung-Cancer-Classification-\Data\train\normal\8.png
2,False,True,True,test,val,normal,normal,8 - Copy (2).png,8 - Copy (3).png,C:\Users\shrey\Downloads\MIP_project_part2\Lung-Cancer-Classification-\Data\test\normal\8 - Copy (2).png,C:\Users\shrey\Downloads\MIP_project_part2\Lung-Cancer-Classification-\Data\valid\normal\8 - Copy (3).png
2,False,True,False,train,train,normal,normal,8 - Copy (2).png,8 - Copy (3).png,C:\Users\shrey\Downloads\MIP_project_part2\Lung-Cancer-Classification-\Data\train\normal\8 - Copy (2).png,C:\Users\shrey\Downloads\MIP_project_part2\Lung-Cancer-Classification-\Data\train\normal\8 - Copy (3).png
2,False,True,False,train,train,normal,normal,8 - Copy (2).png,8.png,C:\Users\shrey\Downloads\MIP_project_part2\Lung-Cancer-Classification-\Data\train\normal\8 - Copy (2).png,C:\Users\shrey\Downloads\MIP_project_part2\Lung-Cancer-Classification-\Data\train\normal\8.png
2,False,True,True,train,val,normal,normal,8 - Copy (2).png,8 - Copy (3).png,C:\Users\shrey\Downloads\MIP_project_part2\Lung-Cancer-Classification-\Data\train\normal\8 - Copy (2).png,C:\Users\shrey\Downloads\MIP_project_part2\Lung-Cancer-Classification-\Data\valid\normal\8 - Copy (3).png
2,False,True,False,test,test,normal,normal,8 - Copy (3).png,8 - Copy - Copy.png,C:\Users\shrey\Downloads\MIP_project_part2\Lung-Cancer-Classification-\Data\test\normal\8 - Copy (3).png,C:\Users\shrey\Downloads\MIP_project_part2\Lung-Cancer-Classification-\Data\test\normal\8 - Copy - Copy.png
2,False,True,False,test,test,normal,normal,8 - Copy (3).png,8 - Copy.png,C:\Users\shrey\Downloads\MIP_project_part2\Lung-Cancer-Classification-\Data\test\normal\8 - Copy (3).png,C:\Users\shrey\Downloads\MIP_project_part2\Lung-Cancer-Classification-\Data\test\normal\8 - Copy.png
2,False,True,True,test,train,normal,normal,8 - Copy (3).png,8 - Copy (2) - Copy.png,C:\Users\shrey\Downloads\MIP_project_part2\Lung-Cancer-Classification-\Data\test\normal\8 - Copy (3).png,C:\Users\shrey\Downloads\MIP_project_part2\Lung-Cancer-Classification-\Data\train\normal\8 - Copy (2) - Copy.png
2,False,True,True,test,train,normal,normal,8 - Copy (3).png,8 - Copy (2).png,C:\Users\shrey\Downloads\MIP_project_part2\Lung-Cancer-Classification-\Data\test\normal\8 - Copy (3).png,C:\Users\shrey\Downloads\MIP_project_part2\Lung-Cancer-Classification-\Data\train\normal\8 - Copy (2).png
2,False,True,True,test,train,normal,normal,8 - Copy (3).png,8 - Copy - Copy.png,C:\Users\shrey\Downloads\MIP_project_part2\Lung-Cancer-Classification-\Data\test\normal\8 - Copy (3).png,C:\Users\shrey\Downloads\MIP_project_part2\Lung-Cancer-Classification-\Data\train\normal\8 - Copy - Copy.png
2,False,True,True,test,train,normal,normal,8 - Copy (3).png,8 - Copy.png,C:\Users\shrey\Downloads\MIP_project_part2\Lung-Cancer-Classification-\Data\test\normal\8 - Copy (3).png,C:\Users\shrey\Downloads\MIP_project_part2\Lung-Cancer-Classification-\Data\train\normal\8 - Copy.png
2,False,True,False,train,train,normal,normal,8 - Copy (3).png,8 - Copy - Copy.png,C:\Users\shrey\Downloads\MIP_project_part2\Lung-Cancer-Classification-\Data\train\normal\8 - Copy (3).png,C:\Users\shrey\Downloads\MIP_project_part2\Lung-Cancer-Classification-\Data\train\normal\8 - Copy - Copy.png
2,False,True,False,train,train,normal,normal,8 - Copy (3).png,8 - Copy.png,C:\Users\shrey\Downloads\MIP_project_part2\Lung-Cancer-Classification-\Data\train\normal\8 - Copy (3).png,C:\Users\shrey\Downloads\MIP_project_part2\Lung-Cancer-Classification-\Data\train\normal\8 - Copy.png
2,False,True,False,test,test,normal,normal,8 - Copy - Copy.png,8.png,C:\Users\shrey\Downloads\MIP_project_part2\Lung-Cancer-Classification-\Data\test\normal\8 - Copy - Copy.png,C:\Users\shrey\Downloads\MIP_project_part2\Lung-Cancer-Classification-\Data\test\normal\8.png
2,False,True,True,test,train,normal,normal,8 - Copy - Copy.png,8 (2) - Copy.png,C:\Users\shrey\Downloads\MIP_project_part2\Lung-Cancer-Classification-\Data\test\normal\8 - Copy - Copy.png,C:\Users\shrey\Downloads\MIP_project_part2\Lung-Cancer-Classification-\Data\train\normal\8 (2) - Copy.png
2,False,True,True,test,train,normal,normal,8 - Copy - Copy.png,8 (2).png,C:\Users\shrey\Downloads\MIP_project_part2\Lung-Cancer-Classification-\Data\test\normal\8 - Copy - Copy.png,C:\Users\shrey\Downloads\MIP_project_part2\Lung-Cancer-Classification-\Data\train\normal\8 (2).png
2,False,True,True,test,train,normal,normal,8 - Copy - Copy.png,8 - Copy (3).png,C:\Users\shrey\Downloads\MIP_project_part2\Lung-Cancer-Classification-\Data\test\normal\8 - Copy - Copy.png,C:\Users\shrey\Downloads\MIP_project_part2\Lung-Cancer-Classification-\Data\train\normal\8 - Copy (3).png
2,False,True,True,test,train,normal,normal,8 - Copy - Copy.png,8.png,C:\Users\shrey\Downloads\MIP_project_part2\Lung-Cancer-Classification-\Data\test\normal\8 - Copy - Copy.png,C:\Users\shrey\Downloads\MIP_project_part2\Lung-Cancer-Classification-\Data\train\normal\8.png
2,False,True,True,test,val,normal,normal,8 - Copy - Copy.png,8 - Copy (3).png,C:\Users\shrey\Downloads\MIP_project_part2\Lung-Cancer-Classification-\Data\test\normal\8 - Copy - Copy.png,C:\Users\shrey\Downloads\MIP_project_part2\Lung-Cancer-Classification-\Data\valid\normal\8 - Copy (3).png
2,False,True,False,train,train,normal,normal,8 - Copy - Copy.png,8.png,C:\Users\shrey\Downloads\MIP_project_part2\Lung-Cancer-Classification-\Data\train\normal\8 - Copy - Copy.png,C:\Users\shrey\Downloads\MIP_project_part2\Lung-Cancer-Classification-\Data\train\normal\8.png
2,False,True,True,train,val,normal,normal,8 - Copy - Copy.png,8 - Copy (3).png,C:\Users\shrey\Downloads\MIP_project_part2\Lung-Cancer-Classification-\Data\train\normal\8 - Copy - Copy.png,C:\Users\shrey\Downloads\MIP_project_part2\Lung-Cancer-Classification-\Data\valid\normal\8 - Copy (3).png
2,False,True,False,test,test,normal,normal,8 - Copy.png,8.png,C:\Users\shrey\Downloads\MIP_project_part2\Lung-Cancer-Classification-\Data\test\normal\8 - Copy.png,C:\Users\shrey\Downloads\MIP_project_part2\Lung-Cancer-Classification-\Data\test\normal\8.png
2,False,True,True,test,train,normal,normal,8 - Copy.png,8 (2) - Copy.png,C:\Users\shrey\Downloads\MIP_project_part2\Lung-Cancer-Classification-\Data\test\normal\8 - Copy.png,C:\Users\shrey\Downloads\MIP_project_part2\Lung-Cancer-Classification-\Data\train\normal\8 (2) - Copy.png
2,False,True,True,test,train,normal,normal,8 - Copy.png,8 (2).png,C:\Users\shrey\Downloads\MIP_project_part2\Lung-Cancer-Classification-\Data\test\normal\8 - Copy.png,C:\Users\shrey\Downloads\MIP_project_part2\Lung-Cancer-Classification-\Data\train\normal\8 (2).png
2,False,True,True,test,train,normal,normal,8 - Copy.png,8 - Copy (3).png,C:\Users\shrey\Downloads\MIP_project_part2\Lung-Cancer-Classification-\Data\test\normal\8 - Copy.png,C:\Users\shrey\Downloads\MIP_project_part2\Lung-Cancer-Classification-\Data\train\normal\8 - Copy (3).png
2,False,True,True,test,train,normal,normal,8 - Copy.png,8.png,C:\Users\shrey\Downloads\MIP_project_part2\Lung-Cancer-Classification-\Data\test\normal\8 - Copy.png,C:\Users\shrey\Downloads\MIP_project_part2\Lung-Cancer-Classification-\Data\train\normal\8.png
2,False,True,True,test,val,normal,normal,8 - Copy.png,8 - Copy (3).png,C:\Users\shrey\Downloads\MIP_project_part2\Lung-Cancer-Classification-\Data\test\normal\8 - Copy.png,C:\Users\shrey\Downloads\MIP_project_part2\Lung-Cancer-Classification-\Data\valid\normal\8 - Copy (3).png
2,False,True,False,train,train,normal,normal,8 - Copy.png,8.png,C:\Users\shrey\Downloads\MIP_project_part2\Lung-Cancer-Classification-\Data\train\normal\8 - Copy.png,C:\Users\shrey\Downloads\MIP_project_part2\Lung-Cancer-Classification-\Data\train\normal\8.png
2,False,True,True,train,val,normal,normal,8 - Copy.png,8 - Copy (3).png,C:\Users\shrey\Downloads\MIP_project_part2\Lung-Cancer-Classification-\Data\train\normal\8 - Copy.png,C:\Users\shrey\Downloads\MIP_project_part2\Lung-Cancer-Classification-\Data\valid\normal\8 - Copy (3).png
2,False,True,True,test,train,normal,normal,8.png,8 - Copy (2) - Copy.png,C:\Users\shrey\Downloads\MIP_project_part2\Lung-Cancer-Classification-\Data\test\normal\8.png,C:\Users\shrey\Downloads\MIP_project_part2\Lung-Cancer-Classification-\Data\train\normal\8 - Copy (2) - Copy.png
2,False,True,True,test,train,normal,normal,8.png,8 - Copy (2).png,C:\Users\shrey\Downloads\MIP_project_part2\Lung-Cancer-Classification-\Data\test\normal\8.png,C:\Users\shrey\Downloads\MIP_project_part2\Lung-Cancer-Classification-\Data\train\normal\8 - Copy (2).png
2,False,True,True,test,train,normal,normal,8.png,8 - Copy - Copy.png,C:\Users\shrey\Downloads\MIP_project_part2\Lung-Cancer-Classification-\Data\test\normal\8.png,C:\Users\shrey\Downloads\MIP_project_part2\Lung-Cancer-Classification-\Data\train\normal\8 - Copy - Copy.png
2,False,True,True,test,train,normal,normal,8.png,8 - Copy.png,C:\Users\shrey\Downloads\MIP_project_part2\Lung-Cancer-Classification-\Data\test\normal\8.png,C:\Users\shrey\Downloads\MIP_project_part2\Lung-Cancer-Classification-\Data\train\normal\8 - Copy.png
4,False,True,False,train,train,squamous.cell.carcinoma,squamous.cell.carcinoma,000004 (4).png,000082 (4).png,C:\Users\shrey\Downloads\MIP_project_part2\Lung-Cancer-Classification-\Data\train\squamous.cell.carcinoma_left.hilum_T1_N2_M0_IIIa\000004 (4).png,C:\Users\shrey\Downloads\MIP_project_part2\Lung-Cancer-Classification-\Data\train\squamous.cell.carcinoma_left.hilum_T1_N2_M0_IIIa\000082 (4).png
4,False,True,False,train,train,squamous.cell.carcinoma,squamous.cell.carcinoma,000004 (7).png,000056 (7).png,C:\Users\shrey\Downloads\MIP_project_part2\Lung-Cancer-Classification-\Data\train\squamous.cell.carcinoma_left.hilum_T1_N2_M0_IIIa\000004 (7).png,C:\Users\shrey\Downloads\MIP_project_part2\Lung-Cancer-Classification-\Data\train\squamous.cell.carcinoma_left.hilum_T1_N2_M0_IIIa\000056 (7).png
4,False,True,False,train,train,squamous.cell.carcinoma,squamous.cell.carcinoma,000006 (4).png,000028 (4).png,C:\Users\shrey\Downloads\MIP_project_part2\Lung-Cancer-Classification-\Data\train\squamous.cell.carcinoma_left.hilum_T1_N2_M0_IIIa\000006 (4).png,C:\Users\shrey\Downloads\MIP_project_part2\Lung-Cancer-Classification-\Data\train\squamous.cell.carcinoma_left.hilum_T1_N2_M0_IIIa\000028 (4).png
4,False,True,True,train,val,adenocarcinoma,adenocarcinoma,000008 (10).png,000110 (7).png,C:\Users\shrey\Downloads\MIP_project_part2\Lung-Cancer-Classification-\Data\train\adenocarcinoma_left.lower.lobe_T2_N0_M0_Ib\000008 (10).png,C:\Users\shrey\Downloads\MIP_project_part2\Lung-Cancer-Classification-\Data\valid\adenocarcinoma_left.lower.lobe_T2_N0_M0_Ib\000110 (7).png
4,False,True,False,train,train,large.cell.carcinoma,large.cell.carcinoma,000009 (3).png,000009 (4).png,C:\Users\shrey\Downloads\MIP_project_part2\Lung-Cancer-Classification-\Data\train\large.cell.carcinoma_left.hilum_T2_N2_M0_IIIa\000009 (3).png,C:\Users\shrey\Downloads\MIP_project_part2\Lung-Cancer-Classification-\Data\train\large.cell.carcinoma_left.hilum_T2_N2_M0_IIIa\000009 (4).png
4,False,False,False,train,train,adenocarcinoma,squamous.cell.carcinoma,000015 (10).png,000049 (3).png,C:\Users\shrey\Downloads\MIP_project_part2\Lung-Cancer-Classification-\Data\train\adenocarcinoma_left.lower.lobe_T2_N0_M0_Ib\000015 (10).png,C:\Users\shrey\Downloads\MIP_project_part2\Lung-Cancer-Classification-\Data\train\squamous.cell.carcinoma_left.hilum_T1_N2_M0_IIIa\000049 (3).png
4,False,True,False,train,train,large.cell.carcinoma,large.cell.carcinoma,000016 (4).png,000058 (3).png,C:\Users\shrey\Downloads\MIP_project_part2\Lung-Cancer-Classification-\Data\train\large.cell.carcinoma_left.hilum_T2_N2_M0_IIIa\000016 (4).png,C:\Users\shrey\Downloads\MIP_project_part2\Lung-Cancer-Classification-\Data\train\large.cell.carcinoma_left.hilum_T2_N2_M0_IIIa\000058 (3).png
4,False,True,False,train,train,large.cell.carcinoma,large.cell.carcinoma,000016 (4).png,000095 (3).png,C:\Users\shrey\Downloads\MIP_project_part2\Lung-Cancer-Classification-\Data\train\large.cell.carcinoma_left.hilum_T2_N2_M0_IIIa\000016 (4).png,C:\Users\shrey\Downloads\MIP_project_part2\Lung-Cancer-Classification-\Data\train\large.cell.carcinoma_left.hilum_T2_N2_M0_IIIa\000095 (3).png
4,False,True,True,train,val,adenocarcinoma,adenocarcinoma,000019 (5).png,000116 (3).png,C:\Users\shrey\Downloads\MIP_project_part2\Lung-Cancer-Classification-\Data\train\adenocarcinoma_left.lower.lobe_T2_N0_M0_Ib\000019 (5).png,C:\Users\shrey\Downloads\MIP_project_part2\Lung-Cancer-Classification-\Data\valid\adenocarcinoma_left.lower.lobe_T2_N0_M0_Ib\000116 (3).png
4,False,True,False,train,train,adenocarcinoma,adenocarcinoma,000021 (3).png,000068 (3).png,C:\Users\shrey\Downloads\MIP_project_part2\Lung-Cancer-Classification-\Data\train\adenocarcinoma_left.lower.lobe_T2_N0_M0_Ib\000021 (3).png,C:\Users\shrey\Downloads\MIP_project_part2\Lung-Cancer-Classification-\Data\train\adenocarcinoma_left.lower.lobe_T2_N0_M0_Ib\000068 (3).png
4,False,True,False,train,train,adenocarcinoma,adenocarcinoma,000021 (4).png,000029 (4).png,C:\Users\shrey\Downloads\MIP_project_part2\Lung-Cancer-Classification-\Data\train\adenocarcinoma_left.lower.lobe_T2_N0_M0_Ib\000021 (4).png,C:\Users\shrey\Downloads\MIP_project_part2\Lung-Cancer-Classification-\Data\train\adenocarcinoma_left.lower.lobe_T2_N0_M0_Ib\000029 (4).png
4,False,True,False,train,train,adenocarcinoma,adenocarcinoma,000021 (4).png,000087 (4).png,C:\Users\shrey\Downloads\MIP_project_part2\Lung-Cancer-Classification-\Data\train\adenocarcinoma_left.lower.lobe_T2_N0_M0_Ib\000021 (4).png,C:\Users\shrey\Downloads\MIP_project_part2\Lung-Cancer-Classification-\Data\train\adenocarcinoma_left.lower.lobe_T2_N0_M0_Ib\000087 (4).png
4,False,True,False,train,train,adenocarcinoma,adenocarcinoma,000021 (4).png,000104 (4).png,C:\Users\shrey\Downloads\MIP_project_part2\Lung-Cancer-Classification-\Data\train\adenocarcinoma_left.lower.lobe_T2_N0_M0_Ib\000021 (4).png,C:\Users\shrey\Downloads\MIP_project_part2\Lung-Cancer-Classification-\Data\train\adenocarcinoma_left.lower.lobe_T2_N0_M0_Ib\000104 (4).png
4,False,True,False,train,train,adenocarcinoma,adenocarcinoma,000023 (7).png,000096 (7).png,C:\Users\shrey\Downloads\MIP_project_part2\Lung-Cancer-Classification-\Data\train\adenocarcinoma_left.lower.lobe_T2_N0_M0_Ib\000023 (7).png,C:\Users\shrey\Downloads\MIP_project_part2\Lung-Cancer-Classification-\Data\train\adenocarcinoma_left.lower.lobe_T2_N0_M0_Ib\000096 (7).png
4,False,True,False,train,train,adenocarcinoma,adenocarcinoma,000023 (9).png,000065 (9).png,C:\Users\shrey\Downloads\MIP_project_part2\Lung-Cancer-Classification-\Data\train\adenocarcinoma_left.lower.lobe_T2_N0_M0_Ib\000023 (9).png,C:\Users\shrey\Downloads\MIP_project_part2\Lung-Cancer-Classification-\Data\train\adenocarcinoma_left.lower.lobe_T2_N0_M0_Ib\000065 (9).png
4,False,True,False,train,train,squamous.cell.carcinoma,squamous.cell.carcinoma,000024 (5).png,000065 (7).png,C:\Users\shrey\Downloads\MIP_project_part2\Lung-Cancer-Classification-\Data\train\squamous.cell.carcinoma_left.hilum_T1_N2_M0_IIIa\000024 (5).png,C:\Users\shrey\Downloads\MIP_project_part2\Lung-Cancer-Classification-\Data\train\squamous.cell.carcinoma_left.hilum_T1_N2_M0_IIIa\000065 (7).png
4,False,True,False,train,train,large.cell.carcinoma,large.cell.carcinoma,000033 (3).png,000058 (3).png,C:\Users\shrey\Downloads\MIP_project_part2\Lung-Cancer-Classification-\Data\train\large.cell.carcinoma_left.hilum_T2_N2_M0_IIIa\000033 (3).png,C:\Users\shrey\Downloads\MIP_project_part2\Lung-Cancer-Classification-\Data\train\large.cell.carcinoma_left.hilum_T2_N2_M0_IIIa\000058 (3).png
4,False,True,False,train,train,large.cell.carcinoma,large.cell.carcinoma,000033 (4).png,000058 (3).png,C:\Users\shrey\Downloads\MIP_project_part2\Lung-Cancer-Classification-\Data\train\large.cell.carcinoma_left.hilum_T2_N2_M0_IIIa\000033 (4).png,C:\Users\shrey\Downloads\MIP_project_part2\Lung-Cancer-Classification-\Data\train\large.cell.carcinoma_left.hilum_T2_N2_M0_IIIa\000058 (3).png
4,False,True,False,train,train,squamous.cell.carcinoma,squamous.cell.carcinoma,000033.png,000121.png,C:\Users\shrey\Downloads\MIP_project_part2\Lung-Cancer-Classification-\Data\train\squamous.cell.carcinoma_left.hilum_T1_N2_M0_IIIa\000033.png,C:\Users\shrey\Downloads\MIP_project_part2\Lung-Cancer-Classification-\Data\train\squamous.cell.carcinoma_left.hilum_T1_N2_M0_IIIa\000121.png
4,False,True,False,train,train,adenocarcinoma,adenocarcinoma,000040 (3).png,000065 (3).png,C:\Users\shrey\Downloads\MIP_project_part2\Lung-Cancer-Classification-\Data\train\adenocarcinoma_left.lower.lobe_T2_N0_M0_Ib\000040 (3).png,C:\Users\shrey\Downloads\MIP_project_part2\Lung-Cancer-Classification-\Data\train\adenocarcinoma_left.lower.lobe_T2_N0_M0_Ib\000065 (3).png
4,False,True,False,train,train,adenocarcinoma,adenocarcinoma,000040 (3).png,000084 (3).png,C:\Users\shrey\Downloads\MIP_project_part2\Lung-Cancer-Classification-\Data\train\adenocarcinoma_left.lower.lobe_T2_N0_M0_Ib\000040 (3).png,C:\Users\shrey\Downloads\MIP_project_part2\Lung-Cancer-Classification-\Data\train\adenocarcinoma_left.lower.lobe_T2_N0_M0_Ib\000084 (3).png
4,False,True,False,train,train,large.cell.carcinoma,large.cell.carcinoma,000041 (4).png,000078 (3).png,C:\Users\shrey\Downloads\MIP_project_part2\Lung-Cancer-Classification-\Data\train\large.cell.carcinoma_left.hilum_T2_N2_M0_IIIa\000041 (4).png,C:\Users\shrey\Downloads\MIP_project_part2\Lung-Cancer-Classification-\Data\train\large.cell.carcinoma_left.hilum_T2_N2_M0_IIIa\000078 (3).png
4,False,True,False,train,train,large.cell.carcinoma,large.cell.carcinoma,000041 (4).png,000095 (4).png,C:\Users\shrey\Downloads\MIP_project_part2\Lung-Cancer-Classification-\Data\train\large.cell.carcinoma_left.hilum_T2_N2_M0_IIIa\000041 (4).png,C:\Users\shrey\Downloads\MIP_project_part2\Lung-Cancer-Classification-\Data\train\large.cell.carcinoma_left.hilum_T2_N2_M0_IIIa\000095 (4).png
4,False,True,False,train,train,adenocarcinoma,adenocarcinoma,000041 (7).png,000119 (4).png,C:\Users\shrey\Downloads\MIP_project_part2\Lung-Cancer-Classification-\Data\train\adenocarcinoma_left.lower.lobe_T2_N0_M0_Ib\000041 (7).png,C:\Users\shrey\Downloads\MIP_project_part2\Lung-Cancer-Classification-\Data\train\adenocarcinoma_left.lower.lobe_T2_N0_M0_Ib\000119 (4).png
4,False,True,True,train,val,adenocarcinoma,adenocarcinoma,000046 (5).png,000109 (3).png,C:\Users\shrey\Downloads\MIP_project_part2\Lung-Cancer-Classification-\Data\train\adenocarcinoma_left.lower.lobe_T2_N0_M0_Ib\000046 (5).png,C:\Users\shrey\Downloads\MIP_project_part2\Lung-Cancer-Classification-\Data\valid\adenocarcinoma_left.lower.lobe_T2_N0_M0_Ib\000109 (3).png
4,False,True,True,train,val,adenocarcinoma,adenocarcinoma,000046 (5).png,000116 (3).png,C:\Users\shrey\Downloads\MIP_project_part2\Lung-Cancer-Classification-\Data\train\adenocarcinoma_left.lower.lobe_T2_N0_M0_Ib\000046 (5).png,C:\Users\shrey\Downloads\MIP_project_part2\Lung-Cancer-Classification-\Data\valid\adenocarcinoma_left.lower.lobe_T2_N0_M0_Ib\000116 (3).png
4,False,True,False,train,train,squamous.cell.carcinoma,squamous.cell.carcinoma,000046 (5).png,000046 (7).png,C:\Users\shrey\Downloads\MIP_project_part2\Lung-Cancer-Classification-\Data\train\squamous.cell.carcinoma_left.hilum_T1_N2_M0_IIIa\000046 (5).png,C:\Users\shrey\Downloads\MIP_project_part2\Lung-Cancer-Classification-\Data\train\squamous.cell.carcinoma_left.hilum_T1_N2_M0_IIIa\000046 (7).png
4,False,True,False,train,train,squamous.cell.carcinoma,squamous.cell.carcinoma,000050 (6).png,000074 (6).png,C:\Users\shrey\Downloads\MIP_project_part2\Lung-Cancer-Classification-\Data\train\squamous.cell.carcinoma_left.hilum_T1_N2_M0_IIIa\000050 (6).png,C:\Users\shrey\Downloads\MIP_project_part2\Lung-Cancer-Classification-\Data\train\squamous.cell.carcinoma_left.hilum_T1_N2_M0_IIIa\000074 (6).png
4,False,True,False,train,train,adenocarcinoma,adenocarcinoma,000051 (3).png,000091 (3).png,C:\Users\shrey\Downloads\MIP_project_part2\Lung-Cancer-Classification-\Data\train\adenocarcinoma_left.lower.lobe_T2_N0_M0_Ib\000051 (3).png,C:\Users\shrey\Downloads\MIP_project_part2\Lung-Cancer-Classification-\Data\train\adenocarcinoma_left.lower.lobe_T2_N0_M0_Ib\000091 (3).png
4,False,True,False,train,train,large.cell.carcinoma,large.cell.carcinoma,000056 (3).png,000068 (4).png,C:\Users\shrey\Downloads\MIP_project_part2\Lung-Cancer-Classification-\Data\train\large.cell.carcinoma_left.hilum_T2_N2_M0_IIIa\000056 (3).png,C:\Users\shrey\Downloads\MIP_project_part2\Lung-Cancer-Classification-\Data\train\large.cell.carcinoma_left.hilum_T2_N2_M0_IIIa\000068 (4).png
4,False,True,False,train,train,adenocarcinoma,adenocarcinoma,000056 (7).png,000118 (4).png,C:\Users\shrey\Downloads\MIP_project_part2\Lung-Cancer-Classification-\Data\train\adenocarcinoma_left.lower.lobe_T2_N0_M0_Ib\000056 (7).png,C:\Users\shrey\Downloads\MIP_project_part2\Lung-Cancer-Classification-\Data\train\adenocarcinoma_left.lower.lobe_T2_N0_M0_Ib\000118 (4).png
4,False,True,False,train,train,adenocarcinoma,adenocarcinoma,000056 (7).png,000119 (4).png,C:\Users\shrey\Downloads\MIP_project_part2\Lung-Cancer-Classification-\Data\train\adenocarcinoma_left.lower.lobe_T2_N0_M0_Ib\000056 (7).png,C:\Users\shrey\Downloads\MIP_project_part2\Lung-Cancer-Classification-\Data\train\adenocarcinoma_left.lower.lobe_T2_N0_M0_Ib\000119 (4).png
4,False,True,False,train,train,squamous.cell.carcinoma,squamous.cell.carcinoma,000057 (5).png,000105 (5).png,C:\Users\shrey\Downloads\MIP_project_part2\Lung-Cancer-Classification-\Data\train\squamous.cell.carcinoma_left.hilum_T1_N2_M0_IIIa\000057 (5).png,C:\Users\shrey\Downloads\MIP_project_part2\Lung-Cancer-Classification-\Data\train\squamous.cell.carcinoma_left.hilum_T1_N2_M0_IIIa\000105 (5).png
4,False,True,False,train,train,squamous.cell.carcinoma,squamous.cell.carcinoma,000058 (5).png,000084 (7).png,C:\Users\shrey\Downloads\MIP_project_part2\Lung-Cancer-Classification-\Data\train\squamous.cell.carcinoma_left.hilum_T1_N2_M0_IIIa\000058 (5).png,C:\Users\shrey\Downloads\MIP_project_part2\Lung-Cancer-Classification-\Data\train\squamous.cell.carcinoma_left.hilum_T1_N2_M0_IIIa\000084 (7).png
4,False,True,False,train,train,squamous.cell.carcinoma,squamous.cell.carcinoma,000058.png,000122.png,C:\Users\shrey\Downloads\MIP_project_part2\Lung-Cancer-Classification-\Data\train\squamous.cell.carcinoma_left.hilum_T1_N2_M0_IIIa\000058.png,C:\Users\shrey\Downloads\MIP_project_part2\Lung-Cancer-Classification-\Data\train\squamous.cell.carcinoma_left.hilum_T1_N2_M0_IIIa\000122.png
4,False,True,False,train,train,large.cell.carcinoma,large.cell.carcinoma,000059 (3).png,000059 (4).png,C:\Users\shrey\Downloads\MIP_project_part2\Lung-Cancer-Classification-\Data\train\large.cell.carcinoma_left.hilum_T2_N2_M0_IIIa\000059 (3).png,C:\Users\shrey\Downloads\MIP_project_part2\Lung-Cancer-Classification-\Data\train\large.cell.carcinoma_left.hilum_T2_N2_M0_IIIa\000059 (4).png
4,False,True,False,train,train,large.cell.carcinoma,large.cell.carcinoma,000062.png,000081.png,C:\Users\shrey\Downloads\MIP_project_part2\Lung-Cancer-Classification-\Data\train\large.cell.carcinoma_left.hilum_T2_N2_M0_IIIa\000062.png,C:\Users\shrey\Downloads\MIP_project_part2\Lung-Cancer-Classification-\Data\train\large.cell.carcinoma_left.hilum_T2_N2_M0_IIIa\000081.png
4,False,True,False,train,train,adenocarcinoma,adenocarcinoma,000065 (3).png,000078 (6).png,C:\Users\shrey\Downloads\MIP_project_part2\Lung-Cancer-Classification-\Data\train\adenocarcinoma_left.lower.lobe_T2_N0_M0_Ib\000065 (3).png,C:\Users\shrey\Downloads\MIP_project_part2\Lung-Cancer-Classification-\Data\train\adenocarcinoma_left.lower.lobe_T2_N0_M0_Ib\000078 (6).png
4,False,True,False,train,train,squamous.cell.carcinoma,squamous.cell.carcinoma,000065 (7).png,000078 (5).png,C:\Users\shrey\Downloads\MIP_project_part2\Lung-Cancer-Classification-\Data\train\squamous.cell.carcinoma_left.hilum_T1_N2_M0_IIIa\000065 (7).png,C:\Users\shrey\Downloads\MIP_project_part2\Lung-Cancer-Classification-\Data\train\squamous.cell.carcinoma_left.hilum_T1_N2_M0_IIIa\000078 (5).png
4,False,True,False,train,train,adenocarcinoma,adenocarcinoma,000071 (3).png,000084 (3).png,C:\Users\shrey\Downloads\MIP_project_part2\Lung-Cancer-Classification-\Data\train\adenocarcinoma_left.lower.lobe_T2_N0_M0_Ib\000071 (3).png,C:\Users\shrey\Downloads\MIP_project_part2\Lung-Cancer-Classification-\Data\train\adenocarcinoma_left.lower.lobe_T2_N0_M0_Ib\000084 (3).png
4,False,True,False,train,train,adenocarcinoma,adenocarcinoma,000077 (9).png,000103 (9).png,C:\Users\shrey\Downloads\MIP_project_part2\Lung-Cancer-Classification-\Data\train\adenocarcinoma_left.lower.lobe_T2_N0_M0_Ib\000077 (9).png,C:\Users\shrey\Downloads\MIP_project_part2\Lung-Cancer-Classification-\Data\train\adenocarcinoma_left.lower.lobe_T2_N0_M0_Ib\000103 (9).png
4,False,False,False,train,train,adenocarcinoma,squamous.cell.carcinoma,000079 (6).png,000094.png,C:\Users\shrey\Downloads\MIP_project_part2\Lung-Cancer-Classification-\Data\train\adenocarcinoma_left.lower.lobe_T2_N0_M0_Ib\000079 (6).png,C:\Users\shrey\Downloads\MIP_project_part2\Lung-Cancer-Classification-\Data\train\squamous.cell.carcinoma_left.hilum_T1_N2_M0_IIIa\000094.png
4,False,True,False,train,train,adenocarcinoma,adenocarcinoma,000080 (10).png,000085 (10).png,C:\Users\shrey\Downloads\MIP_project_part2\Lung-Cancer-Classification-\Data\train\adenocarcinoma_left.lower.lobe_T2_N0_M0_Ib\000080 (10).png,C:\Users\shrey\Downloads\MIP_project_part2\Lung-Cancer-Classification-\Data\train\adenocarcinoma_left.lower.lobe_T2_N0_M0_Ib\000085 (10).png
4,False,True,False,train,train,adenocarcinoma,adenocarcinoma,000085 (4).png,000106 (4).png,C:\Users\shrey\Downloads\MIP_project_part2\Lung-Cancer-Classification-\Data\train\adenocarcinoma_left.lower.lobe_T2_N0_M0_Ib\000085 (4).png,C:\Users\shrey\Downloads\MIP_project_part2\Lung-Cancer-Classification-\Data\train\adenocarcinoma_left.lower.lobe_T2_N0_M0_Ib\000106 (4).png
4,False,True,False,train,train,adenocarcinoma,adenocarcinoma,000091.png,000102.png,C:\Users\shrey\Downloads\MIP_project_part2\Lung-Cancer-Classification-\Data\train\adenocarcinoma_left.lower.lobe_T2_N0_M0_Ib\000091.png,C:\Users\shrey\Downloads\MIP_project_part2\Lung-Cancer-Classification-\Data\train\adenocarcinoma_left.lower.lobe_T2_N0_M0_Ib\000102.png
4,False,True,False,train,train,adenocarcinoma,adenocarcinoma,000091.png,000105.png,C:\Users\shrey\Downloads\MIP_project_part2\Lung-Cancer-Classification-\Data\train\adenocarcinoma_left.lower.lobe_T2_N0_M0_Ib\000091.png,C:\Users\shrey\Downloads\MIP_project_part2\Lung-Cancer-Classification-\Data\train\adenocarcinoma_left.lower.lobe_T2_N0_M0_Ib\000105.png
4,False,True,False,train,train,squamous.cell.carcinoma,squamous.cell.carcinoma,000093.png,000103.png,C:\Users\shrey\Downloads\MIP_project_part2\Lung-Cancer-Classification-\Data\train\squamous.cell.carcinoma_left.hilum_T1_N2_M0_IIIa\000093.png,C:\Users\shrey\Downloads\MIP_project_part2\Lung-Cancer-Classification-\Data\train\squamous.cell.carcinoma_left.hilum_T1_N2_M0_IIIa\000103.png
4,False,True,False,train,train,squamous.cell.carcinoma,squamous.cell.carcinoma,000094.png,000096.png,C:\Users\shrey\Downloads\MIP_project_part2\Lung-Cancer-Classification-\Data\train\squamous.cell.carcinoma_left.hilum_T1_N2_M0_IIIa\000094.png,C:\Users\shrey\Downloads\MIP_project_part2\Lung-Cancer-Classification-\Data\train\squamous.cell.carcinoma_left.hilum_T1_N2_M0_IIIa\000096.png
4,False,True,False,train,train,squamous.cell.carcinoma,squamous.cell.carcinoma,000096 (2).png,000099 (2).png,C:\Users\shrey\Downloads\MIP_project_part2\Lung-Cancer-Classification-\Data\train\squamous.cell.carcinoma_left.hilum_T1_N2_M0_IIIa\000096 (2).png,C:\Users\shrey\Downloads\MIP_project_part2\Lung-Cancer-Classification-\Data\train\squamous.cell.carcinoma_left.hilum_T1_N2_M0_IIIa\000099 (2).png
4,False,True,False,train,train,adenocarcinoma,adenocarcinoma,000099 (7).png,000119 (4).png,C:\Users\shrey\Downloads\MIP_project_part2\Lung-Cancer-Classification-\Data\train\adenocarcinoma_left.lower.lobe_T2_N0_M0_Ib\000099 (7).png,C:\Users\shrey\Downloads\MIP_project_part2\Lung-Cancer-Classification-\Data\train\adenocarcinoma_left.lower.lobe_T2_N0_M0_Ib\000119 (4).png
4,False,True,False,train,train,adenocarcinoma,adenocarcinoma,000102.png,000105.png,C:\Users\shrey\Downloads\MIP_project_part2\Lung-Cancer-Classification-\Data\train\adenocarcinoma_left.lower.lobe_T2_N0_M0_Ib\000102.png,C:\Users\shrey\Downloads\MIP_project_part2\Lung-Cancer-Classification-\Data\train\adenocarcinoma_left.lower.lobe_T2_N0_M0_Ib\000105.png
4,False,True,False,test,test,squamous.cell.carcinoma,squamous.cell.carcinoma,000108 (6).png,000151 (6).png,C:\Users\shrey\Downloads\MIP_project_part2\Lung-Cancer-Classification-\Data\test\squamous.cell.carcinoma\000108 (6).png,C:\Users\shrey\Downloads\MIP_project_part2\Lung-Cancer-Classification-\Data\test\squamous.cell.carcinoma\000151 (6).png
4,False,True,False,test,test,large.cell.carcinoma,large.cell.carcinoma,000111.png,000126.png,C:\Users\shrey\Downloads\MIP_project_part2\Lung-Cancer-Classification-\Data\test\large.cell.carcinoma\000111.png,C:\Users\shrey\Downloads\MIP_project_part2\Lung-Cancer-Classification-\Data\test\large.cell.carcinoma\000126.png
4,False,True,False,test,test,adenocarcinoma,adenocarcinoma,000113 (7).png,000138 (6).png,C:\Users\shrey\Downloads\MIP_project_part2\Lung-Cancer-Classification-\Data\test\adenocarcinoma\000113 (7).png,C:\Users\shrey\Downloads\MIP_project_part2\Lung-Cancer-Classification-\Data\test\adenocarcinoma\000138 (6).png
4,False,True,False,test,test,squamous.cell.carcinoma,squamous.cell.carcinoma,000115 (4).png,000124 (4).png,C:\Users\shrey\Downloads\MIP_project_part2\Lung-Cancer-Classification-\Data\test\squamous.cell.carcinoma\000115 (4).png,C:\Users\shrey\Downloads\MIP_project_part2\Lung-Cancer-Classification-\Data\test\squamous.cell.carcinoma\000124 (4).png
4,False,True,False,test,test,squamous.cell.carcinoma,squamous.cell.carcinoma,000118 (4).png,000126 (4).png,C:\Users\shrey\Downloads\MIP_project_part2\Lung-Cancer-Classification-\Data\test\squamous.cell.carcinoma\000118 (4).png,C:\Users\shrey\Downloads\MIP_project_part2\Lung-Cancer-Classification-\Data\test\squamous.cell.carcinoma\000126 (4).png
4,False,True,False,train,train,adenocarcinoma,adenocarcinoma,000118 (4).png,000119 (4).png,C:\Users\shrey\Downloads\MIP_project_part2\Lung-Cancer-Classification-\Data\train\adenocarcinoma_left.lower.lobe_T2_N0_M0_Ib\000118 (4).png,C:\Users\shrey\Downloads\MIP_project_part2\Lung-Cancer-Classification-\Data\train\adenocarcinoma_left.lower.lobe_T2_N0_M0_Ib\000119 (4).png
4,False,True,False,test,test,adenocarcinoma,adenocarcinoma,000118 (5).png,000119 (5).png,C:\Users\shrey\Downloads\MIP_project_part2\Lung-Cancer-Classification-\Data\test\adenocarcinoma\000118 (5).png,C:\Users\shrey\Downloads\MIP_project_part2\Lung-Cancer-Classification-\Data\test\adenocarcinoma\000119 (5).png
4,False,True,False,test,test,squamous.cell.carcinoma,squamous.cell.carcinoma,000119 (4).png,000160 (4).png,C:\Users\shrey\Downloads\MIP_project_part2\Lung-Cancer-Classification-\Data\test\squamous.cell.carcinoma\000119 (4).png,C:\Users\shrey\Downloads\MIP_project_part2\Lung-Cancer-Classification-\Data\test\squamous.cell.carcinoma\000160 (4).png
4,False,True,False,test,test,adenocarcinoma,adenocarcinoma,000119 (6).png,000132 (8).png,C:\Users\shrey\Downloads\MIP_project_part2\Lung-Cancer-Classification-\Data\test\adenocarcinoma\000119 (6).png,C:\Users\shrey\Downloads\MIP_project_part2\Lung-Cancer-Classification-\Data\test\adenocarcinoma\000132 (8).png
4,False,True,False,test,test,squamous.cell.carcinoma,squamous.cell.carcinoma,000120 (2).png,000133 (2).png,C:\Users\shrey\Downloads\MIP_project_part2\Lung-Cancer-Classification-\Data\test\squamous.cell.carcinoma\000120 (2).png,C:\Users\shrey\Downloads\MIP_project_part2\Lung-Cancer-Classification-\Data\test\squamous.cell.carcinoma\000133 (2).png
4,False,True,False,test,test,squamous.cell.carcinoma,squamous.cell.carcinoma,000120 (2).png,000154 (2).png,C:\Users\shrey\Downloads\MIP_project_part2\Lung-Cancer-Classification-\Data\test\squamous.cell.carcinoma\000120 (2).png,C:\Users\shrey\Downloads\MIP_project_part2\Lung-Cancer-Classification-\Data\test\squamous.cell.carcinoma\000154 (2).png
4,False,True,False,test,test,adenocarcinoma,adenocarcinoma,000123 (9).png,000126 (6).png,C:\Users\shrey\Downloads\MIP_project_part2\Lung-Cancer-Classification-\Data\test\adenocarcinoma\000123 (9).png,C:\Users\shrey\Downloads\MIP_project_part2\Lung-Cancer-Classification-\Data\test\adenocarcinoma\000126 (6).png
4,False,True,False,test,test,adenocarcinoma,adenocarcinoma,000125 (5).png,000138 (6).png,C:\Users\shrey\Downloads\MIP_project_part2\Lung-Cancer-Classification-\Data\test\adenocarcinoma\000125 (5).png,C:\Users\shrey\Downloads\MIP_project_part2\Lung-Cancer-Classification-\Data\test\adenocarcinoma\000138 (6).png
4,False,True,False,test,test,adenocarcinoma,adenocarcinoma,000125 (6).png,000171 (5).png,C:\Users\shrey\Downloads\MIP_project_part2\Lung-Cancer-Classification-\Data\test\adenocarcinoma\000125 (6).png,C:\Users\shrey\Downloads\MIP_project_part2\Lung-Cancer-Classification-\Data\test\adenocarcinoma\000171 (5).png
4,False,True,False,test,test,squamous.cell.carcinoma,squamous.cell.carcinoma,000125 (6).png,000145 (6).png,C:\Users\shrey\Downloads\MIP_project_part2\Lung-Cancer-Classification-\Data\test\squamous.cell.carcinoma\000125 (6).png,C:\Users\shrey\Downloads\MIP_project_part2\Lung-Cancer-Classification-\Data\test\squamous.cell.carcinoma\000145 (6).png
4,False,True,False,test,test,squamous.cell.carcinoma,squamous.cell.carcinoma,000129 (6).png,000142 (6).png,C:\Users\shrey\Downloads\MIP_project_part2\Lung-Cancer-Classification-\Data\test\squamous.cell.carcinoma\000129 (6).png,C:\Users\shrey\Downloads\MIP_project_part2\Lung-Cancer-Classification-\Data\test\squamous.cell.carcinoma\000142 (6).png
4,False,True,False,test,test,large.cell.carcinoma,large.cell.carcinoma,000131 (2).png,000160.png,C:\Users\shrey\Downloads\MIP_project_part2\Lung-Cancer-Classification-\Data\test\large.cell.carcinoma\000131 (2).png,C:\Users\shrey\Downloads\MIP_project_part2\Lung-Cancer-Classification-\Data\test\large.cell.carcinoma\000160.png
4,False,True,False,test,test,large.cell.carcinoma,large.cell.carcinoma,000132 (2).png,000133 (2).png,C:\Users\shrey\Downloads\MIP_project_part2\Lung-Cancer-Classification-\Data\test\large.cell.carcinoma\000132 (2).png,C:\Users\shrey\Downloads\MIP_project_part2\Lung-Cancer-Classification-\Data\test\large.cell.carcinoma\000133 (2).png
4,False,True,False,test,test,large.cell.carcinoma,large.cell.carcinoma,000132 (2).png,000148 (2).png,C:\Users\shrey\Downloads\MIP_project_part2\Lung-Cancer-Classification-\Data\test\large.cell.carcinoma\000132 (2).png,C:\Users\shrey\Downloads\MIP_project_part2\Lung-Cancer-Classification-\Data\test\large.cell.carcinoma\000148 (2).png
4,False,False,False,test,test,adenocarcinoma,large.cell.carcinoma,000134 (9).png,000163.png,C:\Users\shrey\Downloads\MIP_project_part2\Lung-Cancer-Classification-\Data\test\adenocarcinoma\000134 (9).png,C:\Users\shrey\Downloads\MIP_project_part2\Lung-Cancer-Classification-\Data\test\large.cell.carcinoma\000163.png
4,False,True,False,test,test,squamous.cell.carcinoma,squamous.cell.carcinoma,000135 (4).png,000149 (4).png,C:\Users\shrey\Downloads\MIP_project_part2\Lung-Cancer-Classification-\Data\test\squamous.cell.carcinoma\000135 (4).png,C:\Users\shrey\Downloads\MIP_project_part2\Lung-Cancer-Classification-\Data\test\squamous.cell.carcinoma\000149 (4).png
4,False,True,False,test,test,adenocarcinoma,adenocarcinoma,000138 (6).png,000155 (4).png,C:\Users\shrey\Downloads\MIP_project_part2\Lung-Cancer-Classification-\Data\test\adenocarcinoma\000138 (6).png,C:\Users\shrey\Downloads\MIP_project_part2\Lung-Cancer-Classification-\Data\test\adenocarcinoma\000155 (4).png
4,False,True,False,test,test,squamous.cell.carcinoma,squamous.cell.carcinoma,000139 (5).png,000142 (5).png,C:\Users\shrey\Downloads\MIP_project_part2\Lung-Cancer-Classification-\Data\test\squamous.cell.carcinoma\000139 (5).png,C:\Users\shrey\Downloads\MIP_project_part2\Lung-Cancer-Classification-\Data\test\squamous.cell.carcinoma\000142 (5).png
4,False,True,False,test,test,squamous.cell.carcinoma,squamous.cell.carcinoma,000141 (4).png,000163 (4).png,C:\Users\shrey\Downloads\MIP_project_part2\Lung-Cancer-Classification-\Data\test\squamous.cell.carcinoma\000141 (4).png,C:\Users\shrey\Downloads\MIP_project_part2\Lung-Cancer-Classification-\Data\test\squamous.cell.carcinoma\000163 (4).png
4,False,True,False,train,train,large.cell.carcinoma,large.cell.carcinoma,000150.png,000154.png,C:\Users\shrey\Downloads\MIP_project_part2\Lung-Cancer-Classification-\Data\train\large.cell.carcinoma_left.hilum_T2_N2_M0_IIIa\000150.png,C:\Users\shrey\Downloads\MIP_project_part2\Lung-Cancer-Classification-\Data\train\large.cell.carcinoma_left.hilum_T2_N2_M0_IIIa\000154.png
4,False,True,False,test,test,adenocarcinoma,adenocarcinoma,000158 (2).png,000176 (2).png,C:\Users\shrey\Downloads\MIP_project_part2\Lung-Cancer-Classification-\Data\test\adenocarcinoma\000158 (2).png,C:\Users\shrey\Downloads\MIP_project_part2\Lung-Cancer-Classification-\Data\test\adenocarcinoma\000176 (2).png
4,False,False,True,test,train,adenocarcinoma,large.cell.carcinoma,000158 (3).png,000097.png,C:\Users\shrey\Downloads\MIP_project_part2\Lung-Cancer-Classification-\Data\test\adenocarcinoma\000158 (3).png,C:\Users\shrey\Downloads\MIP_project_part2\Lung-Cancer-Classification-\Data\train\large.cell.carcinoma_left.hilum_T2_N2_M0_IIIa\000097.png
4,False,True,True,test,train,normal,normal,10 - Copy (2) - Copy.png,16 (2) - Copy.png,C:\Users\shrey\Downloads\MIP_project_part2\Lung-Cancer-Classification-\Data\test\normal\10 - Copy (2) - Copy.png,C:\Users\shrey\Downloads\MIP_project_part2\Lung-Cancer-Classification-\Data\train\normal\16 (2) - Copy.png
4,False,True,True,test,train,normal,normal,10 - Copy (2) - Copy.png,16 (2).png,C:\Users\shrey\Downloads\MIP_project_part2\Lung-Cancer-Classification-\Data\test\normal\10 - Copy (2) - Copy.png,C:\Users\shrey\Downloads\MIP_project_part2\Lung-Cancer-Classification-\Data\train\normal\16 (2).png
4,False,True,False,train,train,normal,normal,10 - Copy (2) - Copy.png,16 (2) - Copy.png,C:\Users\shrey\Downloads\MIP_project_part2\Lung-Cancer-Classification-\Data\train\normal\10 - Copy (2) - Copy.png,C:\Users\shrey\Downloads\MIP_project_part2\Lung-Cancer-Classification-\Data\train\normal\16 (2) - Copy.png
4,False,True,False,train,train,normal,normal,10 - Copy (2) - Copy.png,16 (2).png,C:\Users\shrey\Downloads\MIP_project_part2\Lung-Cancer-Classification-\Data\train\normal\10 - Copy (2) - Copy.png,C:\Users\shrey\Downloads\MIP_project_part2\Lung-Cancer-Classification-\Data\train\normal\16 (2).png
4,False,True,True,test,train,normal,normal,10 - Copy (2).png,16 (2) - Copy.png,C:\Users\shrey\Downloads\MIP_project_part2\Lung-Cancer-Classification-\Data\test\normal\10 - Copy (2).png,C:\Users\shrey\Downloads\MIP_project_part2\Lung-Cancer-Classification-\Data\train\normal\16 (2) - Copy.png
4,False,True,True,test,train,normal,normal,10 - Copy (2).png,16 (2).png,C:\Users\shrey\Downloads\MIP_project_part2\Lung-Cancer-Classification-\Data\test\normal\10 - Copy (2).png,C:\Users\shrey\Downloads\MIP_project_part2\Lung-Cancer-Classification-\Data\train\normal\16 (2).png
4,False,True,False,train,train,normal,normal,10 - Copy (2).png,16 (2) - Copy.png,C:\Users\shrey\Downloads\MIP_project_part2\Lung-Cancer-Classification-\Data\train\normal\10 - Copy (2).png,C:\Users\shrey\Downloads\MIP_project_part2\Lung-Cancer-Classification-\Data\train\normal\16 (2) - Copy.png
4,False,True,False,train,train,normal,normal,10 - Copy (2).png,16 (2).png,C:\Users\shrey\Downloads\MIP_project_part2\Lung-Cancer-Classification-\Data\train\normal\10 - Copy (2).png,C:\Users\shrey\Downloads\MIP_project_part2\Lung-Cancer-Classification-\Data\train\normal\16 (2).png
4,False,True,True,test,train,normal,normal,10 - Copy (3).png,16 (2) - Copy.png,C:\Users\shrey\Downloads\MIP_project_part2\Lung-Cancer-Classification-\Data\test\normal\10 - Copy (3).png,C:\Users\shrey\Downloads\MIP_project_part2\Lung-Cancer-Classification-\Data\train\normal\16 (2) - Copy.png
4,False,True,True,test,train,normal,normal,10 - Copy (3).png,16 (2).png,C:\Users\shrey\Downloads\MIP_project_part2\Lung-Cancer-Classification-\Data\test\normal\10 - Copy (3).png,C:\Users\shrey\Downloads\MIP_project_part2\Lung-Cancer-Classification-\Data\train\normal\16 (2).png
4,False,True,False,train,train,normal,normal,10 - Copy (3).png,16 (2) - Copy.png,C:\Users\shrey\Downloads\MIP_project_part2\Lung-Cancer-Classification-\Data\train\normal\10 - Copy (3).png,C:\Users\shrey\Downloads\MIP_project_part2\Lung-Cancer-Classification-\Data\train\normal\16 (2) - Copy.png
4,False,True,False,train,train,normal,normal,10 - Copy (3).png,16 (2).png,C:\Users\shrey\Downloads\MIP_project_part2\Lung-Cancer-Classification-\Data\train\normal\10 - Copy (3).png,C:\Users\shrey\Downloads\MIP_project_part2\Lung-Cancer-Classification-\Data\train\normal\16 (2).png
4,False,True,True,test,train,normal,normal,10 - Copy - Copy.png,16 (2) - Copy.png,C:\Users\shrey\Downloads\MIP_project_part2\Lung-Cancer-Classification-\Data\test\normal\10 - Copy - Copy.png,C:\Users\shrey\Downloads\MIP_project_part2\Lung-Cancer-Classification-\Data\train\normal\16 (2) - Copy.png
4,False,True,True,test,train,normal,normal,10 - Copy - Copy.png,16 (2).png,C:\Users\shrey\Downloads\MIP_project_part2\Lung-Cancer-Classification-\Data\test\normal\10 - Copy - Copy.png,C:\Users\shrey\Downloads\MIP_project_part2\Lung-Cancer-Classification-\Data\train\normal\16 (2).png
4,False,True,False,train,train,normal,normal,10 - Copy - Copy.png,16 (2) - Copy.png,C:\Users\shrey\Downloads\MIP_project_part2\Lung-Cancer-Classification-\Data\train\normal\10 - Copy - Copy.png,C:\Users\shrey\Downloads\MIP_project_part2\Lung-Cancer-Classification-\Data\train\normal\16 (2) - Copy.png
4,False,True,False,train,train,normal,normal,10 - Copy - Copy.png,16 (2).png,C:\Users\shrey\Downloads\MIP_project_part2\Lung-Cancer-Classification-\Data\train\normal\10 - Copy - Copy.png,C:\Users\shrey\Downloads\MIP_project_part2\Lung-Cancer-Classification-\Data\train\normal\16 (2).png
4,False,True,True,test,train,normal,normal,10 - Copy.png,16 (2) - Copy.png,C:\Users\shrey\Downloads\MIP_project_part2\Lung-Cancer-Classification-\Data\test\normal\10 - Copy.png,C:\Users\shrey\Downloads\MIP_project_part2\Lung-Cancer-Classification-\Data\train\normal\16 (2) - Copy.png
4,False,True,True,test,train,normal,normal,10 - Copy.png,16 (2).png,C:\Users\shrey\Downloads\MIP_project_part2\Lung-Cancer-Classification-\Data\test\normal\10 - Copy.png,C:\Users\shrey\Downloads\MIP_project_part2\Lung-Cancer-Classification-\Data\train\normal\16 (2).png
4,False,True,False,train,train,normal,normal,10 - Copy.png,16 (2) - Copy.png,C:\Users\shrey\Downloads\MIP_project_part2\Lung-Cancer-Classification-\Data\train\normal\10 - Copy.png,C:\Users\shrey\Downloads\MIP_project_part2\Lung-Cancer-Classification-\Data\train\normal\16 (2) - Copy.png
4,False,True,False,train,train,normal,normal,10 - Copy.png,16 (2).png,C:\Users\shrey\Downloads\MIP_project_part2\Lung-Cancer-Classification-\Data\train\normal\10 - Copy.png,C:\Users\shrey\Downloads\MIP_project_part2\Lung-Cancer-Classification-\Data\train\normal\16 (2).png
4,False,True,True,test,train,normal,normal,10.png,16 (2) - Copy.png,C:\Users\shrey\Downloads\MIP_project_part2\Lung-Cancer-Classification-\Data\test\normal\10.png,C:\Users\shrey\Downloads\MIP_project_part2\Lung-Cancer-Classification-\Data\train\normal\16 (2) - Copy.png
4,False,True,True,test,train,normal,normal,10.png,16 (2).png,C:\Users\shrey\Downloads\MIP_project_part2\Lung-Cancer-Classification-\Data\test\normal\10.png,C:\Users\shrey\Downloads\MIP_project_part2\Lung-Cancer-Classification-\Data\train\normal\16 (2).png
4,False,True,False,train,train,normal,normal,10.png,16 (2) - Copy.png,C:\Users\shrey\Downloads\MIP_project_part2\Lung-Cancer-Classification-\Data\train\normal\10.png,C:\Users\shrey\Downloads\MIP_project_part2\Lung-Cancer-Classification-\Data\train\normal\16 (2) - Copy.png
4,False,True,False,train,train,normal,normal,10.png,16 (2).png,C:\Users\shrey\Downloads\MIP_project_part2\Lung-Cancer-Classification-\Data\train\normal\10.png,C:\Users\shrey\Downloads\MIP_project_part2\Lung-Cancer-Classification-\Data\train\normal\16 (2).png
4,False,True,False,test,test,normal,normal,11 (2) - Copy.png,11 - Copy (2) - Copy.png,C:\Users\shrey\Downloads\MIP_project_part2\Lung-Cancer-Classification-\Data\test\normal\11 (2) - Copy.png,C:\Users\shrey\Downloads\MIP_project_part2\Lung-Cancer-Classification-\Data\test\normal\11 - Copy (2) - Copy.png
4,False,True,False,test,test,normal,normal,11 (2) - Copy.png,11 - Copy (2).png,C:\Users\shrey\Downloads\MIP_project_part2\Lung-Cancer-Classification-\Data\test\normal\11 (2) - Copy.png,C:\Users\shrey\Downloads\MIP_project_part2\Lung-Cancer-Classification-\Data\test\normal\11 - Copy (2).png
4,False,True,False,test,test,normal,normal,11 (2) - Copy.png,11 - Copy - Copy.png,C:\Users\shrey\Downloads\MIP_project_part2\Lung-Cancer-Classification-\Data\test\normal\11 (2) - Copy.png,C:\Users\shrey\Downloads\MIP_project_part2\Lung-Cancer-Classification-\Data\test\normal\11 - Copy - Copy.png
4,False,True,False,test,test,normal,normal,11 (2) - Copy.png,11 - Copy.png,C:\Users\shrey\Downloads\MIP_project_part2\Lung-Cancer-Classification-\Data\test\normal\11 (2) - Copy.png,C:\Users\shrey\Downloads\MIP_project_part2\Lung-Cancer-Classification-\Data\test\normal\11 - Copy.png
4,False,True,True,test,train,normal,normal,11 (2) - Copy.png,11 - Copy (2) - Copy.png,C:\Users\shrey\Downloads\MIP_project_part2\Lung-Cancer-Classification-\Data\test\normal\11 (2) - Copy.png,C:\Users\shrey\Downloads\MIP_project_part2\Lung-Cancer-Classification-\Data\train\normal\11 - Copy (2) - Copy.png
4,False,True,True,test,train,normal,normal,11 (2) - Copy.png,11 - Copy (2).png,C:\Users\shrey\Downloads\MIP_project_part2\Lung-Cancer-Classification-\Data\test\normal\11 (2) - Copy.png,C:\Users\shrey\Downloads\MIP_project_part2\Lung-Cancer-Classification-\Data\train\normal\11 - Copy (2).png
4,False,True,True,test,train,normal,normal,11 (2) - Copy.png,11 - Copy - Copy.png,C:\Users\shrey\Downloads\MIP_project_part2\Lung-Cancer-Classification-\Data\test\normal\11 (2) - Copy.png,C:\Users\shrey\Downloads\MIP_project_part2\Lung-Cancer-Classification-\Data\train\normal\11 - Copy - Copy.png
4,False,True,True,test,train,normal,normal,11 (2) - Copy.png,11 - Copy.png,C:\Users\shrey\Downloads\MIP_project_part2\Lung-Cancer-Classification-\Data\test\normal\11 (2) - Copy.png,C:\Users\shrey\Downloads\MIP_project_part2\Lung-Cancer-Classification-\Data\train\normal\11 - Copy.png
4,False,True,False,train,train,normal,normal,11 (2) - Copy.png,11 - Copy (2) - Copy.png,C:\Users\shrey\Downloads\MIP_project_part2\Lung-Cancer-Classification-\Data\train\normal\11 (2) - Copy.png,C:\Users\shrey\Downloads\MIP_project_part2\Lung-Cancer-Classification-\Data\train\normal\11 - Copy (2) - Copy.png
4,False,True,False,train,train,normal,normal,11 (2) - Copy.png,11 - Copy (2).png,C:\Users\shrey\Downloads\MIP_project_part2\Lung-Cancer-Classification-\Data\train\normal\11 (2) - Copy.png,C:\Users\shrey\Downloads\MIP_project_part2\Lung-Cancer-Classification-\Data\train\normal\11 - Copy (2).png
4,False,True,False,train,train,normal,normal,11 (2) - Copy.png,11 - Copy - Copy.png,C:\Users\shrey\Downloads\MIP_project_part2\Lung-Cancer-Classification-\Data\train\normal\11 (2) - Copy.png,C:\Users\shrey\Downloads\MIP_project_part2\Lung-Cancer-Classification-\Data\train\normal\11 - Copy - Copy.png
4,False,True,False,train,train,normal,normal,11 (2) - Copy.png,11 - Copy.png,C:\Users\shrey\Downloads\MIP_project_part2\Lung-Cancer-Classification-\Data\train\normal\11 (2) - Copy.png,C:\Users\shrey\Downloads\MIP_project_part2\Lung-Cancer-Classification-\Data\train\normal\11 - Copy.png
4,False,True,False,test,test,normal,normal,11 (2).png,11 - Copy (2) - Copy.png,C:\Users\shrey\Downloads\MIP_project_part2\Lung-Cancer-Classification-\Data\test\normal\11 (2).png,C:\Users\shrey\Downloads\MIP_project_part2\Lung-Cancer-Classification-\Data\test\normal\11 - Copy (2) - Copy.png
4,False,True,False,test,test,normal,normal,11 (2).png,11 - Copy (2).png,C:\Users\shrey\Downloads\MIP_project_part2\Lung-Cancer-Classification-\Data\test\normal\11 (2).png,C:\Users\shrey\Downloads\MIP_project_part2\Lung-Cancer-Classification-\Data\test\normal\11 - Copy (2).png
4,False,True,False,test,test,normal,normal,11 (2).png,11 - Copy - Copy.png,C:\Users\shrey\Downloads\MIP_project_part2\Lung-Cancer-Classification-\Data\test\normal\11 (2).png,C:\Users\shrey\Downloads\MIP_project_part2\Lung-Cancer-Classification-\Data\test\normal\11 - Copy - Copy.png
4,False,True,False,test,test,normal,normal,11 (2).png,11 - Copy.png,C:\Users\shrey\Downloads\MIP_project_part2\Lung-Cancer-Classification-\Data\test\normal\11 (2).png,C:\Users\shrey\Downloads\MIP_project_part2\Lung-Cancer-Classification-\Data\test\normal\11 - Copy.png
4,False,True,True,test,train,normal,normal,11 (2).png,11 - Copy (2) - Copy.png,C:\Users\shrey\Downloads\MIP_project_part2\Lung-Cancer-Classification-\Data\test\normal\11 (2).png,C:\Users\shrey\Downloads\MIP_project_part2\Lung-Cancer-Classification-\Data\train\normal\11 - Copy (2) - Copy.png
4,False,True,True,test,train,normal,normal,11 (2).png,11 - Copy (2).png,C:\Users\shrey\Downloads\MIP_project_part2\Lung-Cancer-Classification-\Data\test\normal\11 (2).png,C:\Users\shrey\Downloads\MIP_project_part2\Lung-Cancer-Classification-\Data\train\normal\11 - Copy (2).png
4,False,True,True,test,train,normal,normal,11 (2).png,11 - Copy - Copy.png,C:\Users\shrey\Downloads\MIP_project_part2\Lung-Cancer-Classification-\Data\test\normal\11 (2).png,C:\Users\shrey\Downloads\MIP_project_part2\Lung-Cancer-Classification-\Data\train\normal\11 - Copy - Copy.png
4,False,True,True,test,train,normal,normal,11 (2).png,11 - Copy.png,C:\Users\shrey\Downloads\MIP_project_part2\Lung-Cancer-Classification-\Data\test\normal\11 (2).png,C:\Users\shrey\Downloads\MIP_project_part2\Lung-Cancer-Classification-\Data\train\normal\11 - Copy.png
4,False,True,False,train,train,normal,normal,11 (2).png,11 - Copy (2) - Copy.png,C:\Users\shrey\Downloads\MIP_project_part2\Lung-Cancer-Classification-\Data\train\normal\11 (2).png,C:\Users\shrey\Downloads\MIP_project_part2\Lung-Cancer-Classification-\Data\train\normal\11 - Copy (2) - Copy.png
4,False,True,False,train,train,normal,normal,11 (2).png,11 - Copy (2).png,C:\Users\shrey\Downloads\MIP_project_part2\Lung-Cancer-Classification-\Data\train\normal\11 (2).png,C:\Users\shrey\Downloads\MIP_project_part2\Lung-Cancer-Classification-\Data\train\normal\11 - Copy (2).png
4,False,True,False,train,train,normal,normal,11 (2).png,11 - Copy - Copy.png,C:\Users\shrey\Downloads\MIP_project_part2\Lung-Cancer-Classification-\Data\train\normal\11 (2).png,C:\Users\shrey\Downloads\MIP_project_part2\Lung-Cancer-Classification-\Data\train\normal\11 - Copy - Copy.png
4,False,True,False,train,train,normal,normal,11 (2).png,11 - Copy.png,C:\Users\shrey\Downloads\MIP_project_part2\Lung-Cancer-Classification-\Data\train\normal\11 (2).png,C:\Users\shrey\Downloads\MIP_project_part2\Lung-Cancer-Classification-\Data\train\normal\11 - Copy.png
4,False,True,False,test,test,normal,normal,11 - Copy (2) - Copy.png,11 - Copy (3).png,C:\Users\shrey\Downloads\MIP_project_part2\Lung-Cancer-Classification-\Data\test\normal\11 - Copy (2) - Copy.png,C:\Users\shrey\Downloads\MIP_project_part2\Lung-Cancer-Classification-\Data\test\normal\11 - Copy (3).png
4,False,True,False,test,test,normal,normal,11 - Copy (2) - Copy.png,11.png,C:\Users\shrey\Downloads\MIP_project_part2\Lung-Cancer-Classification-\Data\test\normal\11 - Copy (2) - Copy.png,C:\Users\shrey\Downloads\MIP_project_part2\Lung-Cancer-Classification-\Data\test\normal\11.png
4,False,True,False,test,test,normal,normal,11 - Copy (2) - Copy.png,12 - Copy (3).png,C:\Users\shrey\Downloads\MIP_project_part2\Lung-Cancer-Classification-\Data\test\normal\11 - Copy (2) - Copy.png,C:\Users\shrey\Downloads\MIP_project_part2\Lung-Cancer-Classification-\Data\test\normal\12 - Copy (3).png
4,False,True,False,test,test,normal,normal,11 - Copy (2) - Copy.png,12 - Copy - Copy.png,C:\Users\shrey\Downloads\MIP_project_part2\Lung-Cancer-Classification-\Data\test\normal\11 - Copy (2) - Copy.png,C:\Users\shrey\Downloads\MIP_project_part2\Lung-Cancer-Classification-\Data\test\normal\12 - Copy - Copy.png
4,False,True,False,test,test,normal,normal,11 - Copy (2) - Copy.png,12 - Copy.png,C:\Users\shrey\Downloads\MIP_project_part2\Lung-Cancer-Classification-\Data\test\normal\11 - Copy (2) - Copy.png,C:\Users\shrey\Downloads\MIP_project_part2\Lung-Cancer-Classification-\Data\test\normal\12 - Copy.png
4,False,True,False,test,test,normal,normal,11 - Copy (2) - Copy.png,21.png,C:\Users\shrey\Downloads\MIP_project_part2\Lung-Cancer-Classification-\Data\test\normal\11 - Copy (2) - Copy.png,C:\Users\shrey\Downloads\MIP_project_part2\Lung-Cancer-Classification-\Data\test\normal\21.png
4,False,True,True,test,train,normal,normal,11 - Copy (2) - Copy.png,11 (2) - Copy.png,C:\Users\shrey\Downloads\MIP_project_part2\Lung-Cancer-Classification-\Data\test\normal\11 - Copy (2) - Copy.png,C:\Users\shrey\Downloads\MIP_project_part2\Lung-Cancer-Classification-\Data\train\normal\11 (2) - Copy.png
4,False,True,True,test,train,normal,normal,11 - Copy (2) - Copy.png,11 (2).png,C:\Users\shrey\Downloads\MIP_project_part2\Lung-Cancer-Classification-\Data\test\normal\11 - Copy (2) - Copy.png,C:\Users\shrey\Downloads\MIP_project_part2\Lung-Cancer-Classification-\Data\train\normal\11 (2).png
4,False,True,True,test,train,normal,normal,11 - Copy (2) - Copy.png,11 - Copy (3).png,C:\Users\shrey\Downloads\MIP_project_part2\Lung-Cancer-Classification-\Data\test\normal\11 - Copy (2) - Copy.png,C:\Users\shrey\Downloads\MIP_project_part2\Lung-Cancer-Classification-\Data\train\normal\11 - Copy (3).png
4,False,True,True,test,train,normal,normal,11 - Copy (2) - Copy.png,11.png,C:\Users\shrey\Downloads\MIP_project_part2\Lung-Cancer-Classification-\Data\test\normal\11 - Copy (2) - Copy.png,C:\Users\shrey\Downloads\MIP_project_part2\Lung-Cancer-Classification-\Data\train\normal\11.png
4,False,True,True,test,train,normal,normal,11 - Copy (2) - Copy.png,12 - Copy (3).png,C:\Users\shrey\Downloads\MIP_project_part2\Lung-Cancer-Classification-\Data\test\normal\11 - Copy (2) - Copy.png,C:\Users\shrey\Downloads\MIP_project_part2\Lung-Cancer-Classification-\Data\train\normal\12 - Copy (3).png
4,False,True,True,test,train,normal,normal,11 - Copy (2) - Copy.png,12 - Copy - Copy.png,C:\Users\shrey\Downloads\MIP_project_part2\Lung-Cancer-Classification-\Data\test\normal\11 - Copy (2) - Copy.png,C:\Users\shrey\Downloads\MIP_project_part2\Lung-Cancer-Classification-\Data\train\normal\12 - Copy - Copy.png
4,False,True,True,test,train,normal,normal,11 - Copy (2) - Copy.png,12 - Copy.png,C:\Users\shrey\Downloads\MIP_project_part2\Lung-Cancer-Classification-\Data\test\normal\11 - Copy (2) - Copy.png,C:\Users\shrey\Downloads\MIP_project_part2\Lung-Cancer-Classification-\Data\train\normal\12 - Copy.png
4,False,True,True,test,train,normal,normal,11 - Copy (2) - Copy.png,12.png,C:\Users\shrey\Downloads\MIP_project_part2\Lung-Cancer-Classification-\Data\test\normal\11 - Copy (2) - Copy.png,C:\Users\shrey\Downloads\MIP_project_part2\Lung-Cancer-Classification-\Data\train\normal\12.png
4,False,True,True,test,train,normal,normal,11 - Copy (2) - Copy.png,18 (2) - Copy.png,C:\Users\shrey\Downloads\MIP_project_part2\Lung-Cancer-Classification-\Data\test\normal\11 - Copy (2) - Copy.png,C:\Users\shrey\Downloads\MIP_project_part2\Lung-Cancer-Classification-\Data\train\normal\18 (2) - Copy.png
4,False,True,True,test,train,normal,normal,11 - Copy (2) - Copy.png,18 (2).png,C:\Users\shrey\Downloads\MIP_project_part2\Lung-Cancer-Classification-\Data\test\normal\11 - Copy (2) - Copy.png,C:\Users\shrey\Downloads\MIP_project_part2\Lung-Cancer-Classification-\Data\train\normal\18 (2).png
4,False,True,True,test,train,normal,normal,11 - Copy (2) - Copy.png,18 - Copy (2) - Copy.png,C:\Users\shrey\Downloads\MIP_project_part2\Lung-Cancer-Classification-\Data\test\normal\11 - Copy (2) - Copy.png,C:\Users\shrey\Downloads\MIP_project_part2\Lung-Cancer-Classification-\Data\train\normal\18 - Copy (2) - Copy.png
4,False,True,True,test,train,normal,normal,11 - Copy (2) - Copy.png,18 - Copy (2).png,C:\Users\shrey\Downloads\MIP_project_part2\Lung-Cancer-Classification-\Data\test\normal\11 - Copy (2) - Copy.png,C:\Users\shrey\Downloads\MIP_project_part2\Lung-Cancer-Classification-\Data\train\normal\18 - Copy (2).png
4,False,True,True,test,train,normal,normal,11 - Copy (2) - Copy.png,18 - Copy (3).png,C:\Users\shrey\Downloads\MIP_project_part2\Lung-Cancer-Classification-\Data\test\normal\11 - Copy (2) - Copy.png,C:\Users\shrey\Downloads\MIP_project_part2\Lung-Cancer-Classification-\Data\train\normal\18 - Copy (3).png
4,False,True,True,test,train,normal,normal,11 - Copy (2) - Copy.png,18 - Copy - Copy.png,C:\Users\shrey\Downloads\MIP_project_part2\Lung-Cancer-Classification-\Data\test\normal\11 - Copy (2) - Copy.png,C:\Users\shrey\Downloads\MIP_project_part2\Lung-Cancer-Classification-\Data\train\normal\18 - Copy - Copy.png
4,False,True,True,test,train,normal,normal,11 - Copy (2) - Copy.png,18 - Copy.png,C:\Users\shrey\Downloads\MIP_project_part2\Lung-Cancer-Classification-\Data\test\normal\11 - Copy (2) - Copy.png,C:\Users\shrey\Downloads\MIP_project_part2\Lung-Cancer-Classification-\Data\train\normal\18 - Copy.png
4,False,True,True,test,train,normal,normal,11 - Copy (2) - Copy.png,18.png,C:\Users\shrey\Downloads\MIP_project_part2\Lung-Cancer-Classification-\Data\test\normal\11 - Copy (2) - Copy.png,C:\Users\shrey\Downloads\MIP_project_part2\Lung-Cancer-Classification-\Data\train\normal\18.png
4,False,True,True,test,train,normal,normal,11 - Copy (2) - Copy.png,4 (2) - Copy.png,C:\Users\shrey\Downloads\MIP_project_part2\Lung-Cancer-Classification-\Data\test\normal\11 - Copy (2) - Copy.png,C:\Users\shrey\Downloads\MIP_project_part2\Lung-Cancer-Classification-\Data\train\normal\4 (2) - Copy.png
4,False,True,True,test,train,normal,normal,11 - Copy (2) - Copy.png,4 (2).png,C:\Users\shrey\Downloads\MIP_project_part2\Lung-Cancer-Classification-\Data\test\normal\11 - Copy (2) - Copy.png,C:\Users\shrey\Downloads\MIP_project_part2\Lung-Cancer-Classification-\Data\train\normal\4 (2).png
4,False,True,True,test,train,normal,normal,11 - Copy (2) - Copy.png,4 - Copy (2) - Copy.png,C:\Users\shrey\Downloads\MIP_project_part2\Lung-Cancer-Classification-\Data\test\normal\11 - Copy (2) - Copy.png,C:\Users\shrey\Downloads\MIP_project_part2\Lung-Cancer-Classification-\Data\train\normal\4 - Copy (2) - Copy.png
4,False,True,True,test,train,normal,normal,11 - Copy (2) - Copy.png,4 - Copy (2).png,C:\Users\shrey\Downloads\MIP_project_part2\Lung-Cancer-Classification-\Data\test\normal\11 - Copy (2) - Copy.png,C:\Users\shrey\Downloads\MIP_project_part2\Lung-Cancer-Classification-\Data\train\normal\4 - Copy (2).png
4,False,True,True,test,train,normal,normal,11 - Copy (2) - Copy.png,4 - Copy (3).png,C:\Users\shrey\Downloads\MIP_project_part2\Lung-Cancer-Classification-\Data\test\normal\11 - Copy (2) - Copy.png,C:\Users\shrey\Downloads\MIP_project_part2\Lung-Cancer-Classification-\Data\train\normal\4 - Copy (3).png
4,False,True,True,test,train,normal,normal,11 - Copy (2) - Copy.png,4 - Copy - Copy.png,C:\Users\shrey\Downloads\MIP_project_part2\Lung-Cancer-Classification-\Data\test\normal\11 - Copy (2) - Copy.png,C:\Users\shrey\Downloads\MIP_project_part2\Lung-Cancer-Classification-\Data\train\normal\4 - Copy - Copy.png
4,False,True,True,test,train,normal,normal,11 - Copy (2) - Copy.png,4 - Copy.png,C:\Users\shrey\Downloads\MIP_project_part2\Lung-Cancer-Classification-\Data\test\normal\11 - Copy (2) - Copy.png,C:\Users\shrey\Downloads\MIP_project_part2\Lung-Cancer-Classification-\Data\train\normal\4 - Copy.png
4,False,True,True,test,train,normal,normal,11 - Copy (2) - Copy.png,4.png,C:\Users\shrey\Downloads\MIP_project_part2\Lung-Cancer-Classification-\Data\test\normal\11 - Copy (2) - Copy.png,C:\Users\shrey\Downloads\MIP_project_part2\Lung-Cancer-Classification-\Data\train\normal\4.png
4,False,True,True,test,val,normal,normal,11 - Copy (2) - Copy.png,4 (2).png,C:\Users\shrey\Downloads\MIP_project_part2\Lung-Cancer-Classification-\Data\test\normal\11 - Copy (2) - Copy.png,C:\Users\shrey\Downloads\MIP_project_part2\Lung-Cancer-Classification-\Data\valid\normal\4 (2).png
4,False,True,True,test,val,normal,normal,11 - Copy (2) - Copy.png,4 - Copy (2).png,C:\Users\shrey\Downloads\MIP_project_part2\Lung-Cancer-Classification-\Data\test\normal\11 - Copy (2) - Copy.png,C:\Users\shrey\Downloads\MIP_project_part2\Lung-Cancer-Classification-\Data\valid\normal\4 - Copy (2).png
4,False,True,False,train,train,normal,normal,11 - Copy (2) - Copy.png,11 - Copy (3).png,C:\Users\shrey\Downloads\MIP_project_part2\Lung-Cancer-Classification-\Data\train\normal\11 - Copy (2) - Copy.png,C:\Users\shrey\Downloads\MIP_project_part2\Lung-Cancer-Classification-\Data\train\normal\11 - Copy (3).png
4,False,True,False,train,train,normal,normal,11 - Copy (2) - Copy.png,11.png,C:\Users\shrey\Downloads\MIP_project_part2\Lung-Cancer-Classification-\Data\train\normal\11 - Copy (2) - Copy.png,C:\Users\shrey\Downloads\MIP_project_part2\Lung-Cancer-Classification-\Data\train\normal\11.png
4,False,True,False,train,train,normal,normal,11 - Copy (2) - Copy.png,12 - Copy (3).png,C:\Users\shrey\Downloads\MIP_project_part2\Lung-Cancer-Classification-\Data\train\normal\11 - Copy (2) - Copy.png,C:\Users\shrey\Downloads\MIP_project_part2\Lung-Cancer-Classification-\Data\train\normal\12 - Copy (3).png
4,False,True,False,train,train,normal,normal,11 - Copy (2) - Copy.png,12 - Copy - Copy.png,C:\Users\shrey\Downloads\MIP_project_part2\Lung-Cancer-Classification-\Data\train\normal\11 - Copy (2) - Copy.png,C:\Users\shrey\Downloads\MIP_project_part2\Lung-Cancer-Classification-\Data\train\normal\12 - Copy - Copy.png
4,False,True,False,train,train,normal,normal,11 - Copy (2) - Copy.png,12 - Copy.png,C:\Users\shrey\Downloads\MIP_project_part2\Lung-Cancer-Classification-\Data\train\normal\11 - Copy (2) - Copy.png,C:\Users\shrey\Downloads\MIP_project_part2\Lung-Cancer-Classification-\Data\train\normal\12 - Copy.png
4,False,True,False,train,train,normal,normal,11 - Copy (2) - Copy.png,12.png,C:\Users\shrey\Downloads\MIP_project_part2\Lung-Cancer-Classification-\Data\train\normal\11 - Copy (2) - Copy.png,C:\Users\shrey\Downloads\MIP_project_part2\Lung-Cancer-Classification-\Data\train\normal\12.png
4,False,True,False,train,train,normal,normal,11 - Copy (2) - Copy.png,18 (2) - Copy.png,C:\Users\shrey\Downloads\MIP_project_part2\Lung-Cancer-Classification-\Data\train\normal\11 - Copy (2) - Copy.png,C:\Users\shrey\Downloads\MIP_project_part2\Lung-Cancer-Classification-\Data\train\normal\18 (2) - Copy.png
4,False,True,False,train,train,normal,normal,11 - Copy (2) - Copy.png,18 (2).png,C:\Users\shrey\Downloads\MIP_project_part2\Lung-Cancer-Classification-\Data\train\normal\11 - Copy (2) - Copy.png,C:\Users\shrey\Downloads\MIP_project_part2\Lung-Cancer-Classification-\Data\train\normal\18 (2).png
4,False,True,False,train,train,normal,normal,11 - Copy (2) - Copy.png,18 - Copy (2) - Copy.png,C:\Users\shrey\Downloads\MIP_project_part2\Lung-Cancer-Classification-\Data\train\normal\11 - Copy (2) - Copy.png,C:\Users\shrey\Downloads\MIP_project_part2\Lung-Cancer-Classification-\Data\train\normal\18 - Copy (2) - Copy.png
4,False,True,False,train,train,normal,normal,11 - Copy (2) - Copy.png,18 - Copy (2).png,C:\Users\shrey\Downloads\MIP_project_part2\Lung-Cancer-Classification-\Data\train\normal\11 - Copy (2) - Copy.png,C:\Users\shrey\Downloads\MIP_project_part2\Lung-Cancer-Classification-\Data\train\normal\18 - Copy (2).png
4,False,True,False,train,train,normal,normal,11 - Copy (2) - Copy.png,18 - Copy (3).png,C:\Users\shrey\Downloads\MIP_project_part2\Lung-Cancer-Classification-\Data\train\normal\11 - Copy (2) - Copy.png,C:\Users\shrey\Downloads\MIP_project_part2\Lung-Cancer-Classification-\Data\train\normal\18 - Copy (3).png
4,False,True,False,train,train,normal,normal,11 - Copy (2) - Copy.png,18 - Copy - Copy.png,C:\Users\shrey\Downloads\MIP_project_part2\Lung-Cancer-Classification-\Data\train\normal\11 - Copy (2) - Copy.png,C:\Users\shrey\Downloads\MIP_project_part2\Lung-Cancer-Classification-\Data\train\normal\18 - Copy - Copy.png
4,False,True,False,train,train,normal,normal,11 - Copy (2) - Copy.png,18 - Copy.png,C:\Users\shrey\Downloads\MIP_project_part2\Lung-Cancer-Classification-\Data\train\normal\11 - Copy (2) - Copy.png,C:\Users\shrey\Downloads\MIP_project_part2\Lung-Cancer-Classification-\Data\train\normal\18 - Copy.png
4,False,True,False,train,train,normal,normal,11 - Copy (2) - Copy.png,18.png,C:\Users\shrey\Downloads\MIP_project_part2\Lung-Cancer-Classification-\Data\train\normal\11 - Copy (2) - Copy.png,C:\Users\shrey\Downloads\MIP_project_part2\Lung-Cancer-Classification-\Data\train\normal\18.png
4,False,True,False,train,train,normal,normal,11 - Copy (2) - Copy.png,4 (2) - Copy.png,C:\Users\shrey\Downloads\MIP_project_part2\Lung-Cancer-Classification-\Data\train\normal\11 - Copy (2) - Copy.png,C:\Users\shrey\Downloads\MIP_project_part2\Lung-Cancer-Classification-\Data\train\normal\4 (2) - Copy.png
4,False,True,False,train,train,normal,normal,11 - Copy (2) - Copy.png,4 (2).png,C:\Users\shrey\Downloads\MIP_project_part2\Lung-Cancer-Classification-\Data\train\normal\11 - Copy (2) - Copy.png,C:\Users\shrey\Downloads\MIP_project_part2\Lung-Cancer-Classification-\Data\train\normal\4 (2).png
4,False,True,False,train,train,normal,normal,11 - Copy (2) - Copy.png,4 - Copy (2) - Copy.png,C:\Users\shrey\Downloads\MIP_project_part2\Lung-Cancer-Classification-\Data\train\normal\11 - Copy (2) - Copy.png,C:\Users\shrey\Downloads\MIP_project_part2\Lung-Cancer-Classification-\Data\train\normal\4 - Copy (2) - Copy.png
4,False,True,False,train,train,normal,normal,11 - Copy (2) - Copy.png,4 - Copy (2).png,C:\Users\shrey\Downloads\MIP_project_part2\Lung-Cancer-Classification-\Data\train\normal\11 - Copy (2) - Copy.png,C:\Users\shrey\Downloads\MIP_project_part2\Lung-Cancer-Classification-\Data\train\normal\4 - Copy (2).png
4,False,True,False,train,train,normal,normal,11 - Copy (2) - Copy.png,4 - Copy (3).png,C:\Users\shrey\Downloads\MIP_project_part2\Lung-Cancer-Classification-\Data\train\normal\11 - Copy (2) - Copy.png,C:\Users\shrey\Downloads\MIP_project_part2\Lung-Cancer-Classification-\Data\train\normal\4 - Copy (3).png
4,False,True,False,train,train,normal,normal,11 - Copy (2) - Copy.png,4 - Copy - Copy.png,C:\Users\shrey\Downloads\MIP_project_part2\Lung-Cancer-Classification-\Data\train\normal\11 - Copy (2) - Copy.png,C:\Users\shrey\Downloads\MIP_project_part2\Lung-Cancer-Classification-\Data\train\normal\4 - Copy - Copy.png
4,False,True,False,train,train,normal,normal,11 - Copy (2) - Copy.png,4 - Copy.png,C:\Users\shrey\Downloads\MIP_project_part2\Lung-Cancer-Classification-\Data\train\normal\11 - Copy (2) - Copy.png,C:\Users\shrey\Downloads\MIP_project_part2\Lung-Cancer-Classification-\Data\train\normal\4 - Copy.png
4,False,True,False,train,train,normal,normal,11 - Copy (2) - Copy.png,4.png,C:\Users\shrey\Downloads\MIP_project_part2\Lung-Cancer-Classification-\Data\train\normal\11 - Copy (2) - Copy.png,C:\Users\shrey\Downloads\MIP_project_part2\Lung-Cancer-Classification-\Data\train\normal\4.png
4,False,True,True,train,val,normal,normal,11 - Copy (2) - Copy.png,4 (2).png,C:\Users\shrey\Downloads\MIP_project_part2\Lung-Cancer-Classification-\Data\train\normal\11 - Copy (2) - Copy.png,C:\Users\shrey\Downloads\MIP_project_part2\Lung-Cancer-Classification-\Data\valid\normal\4 (2).png
4,False,True,True,train,val,normal,normal,11 - Copy (2) - Copy.png,4 - Copy (2).png,C:\Users\shrey\Downloads\MIP_project_part2\Lung-Cancer-Classification-\Data\train\normal\11 - Copy (2) - Copy.png,C:\Users\shrey\Downloads\MIP_project_part2\Lung-Cancer-Classification-\Data\valid\normal\4 - Copy (2).png
4,False,True,False,test,test,normal,normal,11 - Copy (2).png,11 - Copy (3).png,C:\Users\shrey\Downloads\MIP_project_part2\Lung-Cancer-Classification-\Data\test\normal\11 - Copy (2).png,C:\Users\shrey\Downloads\MIP_project_part2\Lung-Cancer-Classification-\Data\test\normal\11 - Copy (3).png
4,False,True,False,test,test,normal,normal,11 - Copy (2).png,11.png,C:\Users\shrey\Downloads\MIP_project_part2\Lung-Cancer-Classification-\Data\test\normal\11 - Copy (2).png,C:\Users\shrey\Downloads\MIP_project_part2\Lung-Cancer-Classification-\Data\test\normal\11.png
4,False,True,False,test,test,normal,normal,11 - Copy (2).png,12 - Copy (3).png,C:\Users\shrey\Downloads\MIP_project_part2\Lung-Cancer-Classification-\Data\test\normal\11 - Copy (2).png,C:\Users\shrey\Downloads\MIP_project_part2\Lung-Cancer-Classification-\Data\test\normal\12 - Copy (3).png
4,False,True,False,test,test,normal,normal,11 - Copy (2).png,12 - Copy - Copy.png,C:\Users\shrey\Downloads\MIP_project_part2\Lung-Cancer-Classification-\Data\test\normal\11 - Copy (2).png,C:\Users\shrey\Downloads\MIP_project_part2\Lung-Cancer-Classification-\Data\test\normal\12 - Copy - Copy.png
4,False,True,False,test,test,normal,normal,11 - Copy (2).png,12 - Copy.png,C:\Users\shrey\Downloads\MIP_project_part2\Lung-Cancer-Classification-\Data\test\normal\11 - Copy (2).png,C:\Users\shrey\Downloads\MIP_project_part2\Lung-Cancer-Classification-\Data\test\normal\12 - Copy.png
4,False,True,False,test,test,normal,normal,11 - Copy (2).png,21.png,C:\Users\shrey\Downloads\MIP_project_part2\Lung-Cancer-Classification-\Data\test\normal\11 - Copy (2).png,C:\Users\shrey\Downloads\MIP_project_part2\Lung-Cancer-Classification-\Data\test\normal\21.png
4,False,True,True,test,train,normal,normal,11 - Copy (2).png,11 (2) - Copy.png,C:\Users\shrey\Downloads\MIP_project_part2\Lung-Cancer-Classification-\Data\test\normal\11 - Copy (2).png,C:\Users\shrey\Downloads\MIP_project_part2\Lung-Cancer-Classification-\Data\train\normal\11 (2) - Copy.png
4,False,True,True,test,train,normal,normal,11 - Copy (2).png,11 (2).png,C:\Users\shrey\Downloads\MIP_project_part2\Lung-Cancer-Classification-\Data\test\normal\11 - Copy (2).png,C:\Users\shrey\Downloads\MIP_project_part2\Lung-Cancer-Classification-\Data\train\normal\11 (2).png
4,False,True,True,test,train,normal,normal,11 - Copy (2).png,11 - Copy (3).png,C:\Users\shrey\Downloads\MIP_project_part2\Lung-Cancer-Classification-\Data\test\normal\11 - Copy (2).png,C:\Users\shrey\Downloads\MIP_project_part2\Lung-Cancer-Classification-\Data\train\normal\11 - Copy (3).png
4,False,True,True,test,train,normal,normal,11 - Copy (2).png,11.png,C:\Users\shrey\Downloads\MIP_project_part2\Lung-Cancer-Classification-\Data\test\normal\11 - Copy (2).png,C:\Users\shrey\Downloads\MIP_project_part2\Lung-Cancer-Classification-\Data\train\normal\11.png
4,False,True,True,test,train,normal,normal,11 - Copy (2).png,12 - Copy (3).png,C:\Users\shrey\Downloads\MIP_project_part2\Lung-Cancer-Classification-\Data\test\normal\11 - Copy (2).png,C:\Users\shrey\Downloads\MIP_project_part2\Lung-Cancer-Classification-\Data\train\normal\12 - Copy (3).png
4,False,True,True,test,train,normal,normal,11 - Copy (2).png,12 - Copy - Copy.png,C:\Users\shrey\Downloads\MIP_project_part2\Lung-Cancer-Classification-\Data\test\normal\11 - Copy (2).png,C:\Users\shrey\Downloads\MIP_project_part2\Lung-Cancer-Classification-\Data\train\normal\12 - Copy - Copy.png
4,False,True,True,test,train,normal,normal,11 - Copy (2).png,12 - Copy.png,C:\Users\shrey\Downloads\MIP_project_part2\Lung-Cancer-Classification-\Data\test\normal\11 - Copy (2).png,C:\Users\shrey\Downloads\MIP_project_part2\Lung-Cancer-Classification-\Data\train\normal\12 - Copy.png
4,False,True,True,test,train,normal,normal,11 - Copy (2).png,12.png,C:\Users\shrey\Downloads\MIP_project_part2\Lung-Cancer-Classification-\Data\test\normal\11 - Copy (2).png,C:\Users\shrey\Downloads\MIP_project_part2\Lung-Cancer-Classification-\Data\train\normal\12.png
4,False,True,True,test,train,normal,normal,11 - Copy (2).png,18 (2) - Copy.png,C:\Users\shrey\Downloads\MIP_project_part2\Lung-Cancer-Classification-\Data\test\normal\11 - Copy (2).png,C:\Users\shrey\Downloads\MIP_project_part2\Lung-Cancer-Classification-\Data\train\normal\18 (2) - Copy.png
4,False,True,True,test,train,normal,normal,11 - Copy (2).png,18 (2).png,C:\Users\shrey\Downloads\MIP_project_part2\Lung-Cancer-Classification-\Data\test\normal\11 - Copy (2).png,C:\Users\shrey\Downloads\MIP_project_part2\Lung-Cancer-Classification-\Data\train\normal\18 (2).png
4,False,True,True,test,train,normal,normal,11 - Copy (2).png,18 - Copy (2) - Copy.png,C:\Users\shrey\Downloads\MIP_project_part2\Lung-Cancer-Classification-\Data\test\normal\11 - Copy (2).png,C:\Users\shrey\Downloads\MIP_project_part2\Lung-Cancer-Classification-\Data\train\normal\18 - Copy (2) - Copy.png
4,False,True,True,test,train,normal,normal,11 - Copy (2).png,18 - Copy (2).png,C:\Users\shrey\Downloads\MIP_project_part2\Lung-Cancer-Classification-\Data\test\normal\11 - Copy (2).png,C:\Users\shrey\Downloads\MIP_project_part2\Lung-Cancer-Classification-\Data\train\normal\18 - Copy (2).png
4,False,True,True,test,train,normal,normal,11 - Copy (2).png,18 - Copy (3).png,C:\Users\shrey\Downloads\MIP_project_part2\Lung-Cancer-Classification-\Data\test\normal\11 - Copy (2).png,C:\Users\shrey\Downloads\MIP_project_part2\Lung-Cancer-Classification-\Data\train\normal\18 - Copy (3).png
4,False,True,True,test,train,normal,normal,11 - Copy (2).png,18 - Copy - Copy.png,C:\Users\shrey\Downloads\MIP_project_part2\Lung-Cancer-Classification-\Data\test\normal\11 - Copy (2).png,C:\Users\shrey\Downloads\MIP_project_part2\Lung-Cancer-Classification-\Data\train\normal\18 - Copy - Copy.png
4,False,True,True,test,train,normal,normal,11 - Copy (2).png,18 - Copy.png,C:\Users\shrey\Downloads\MIP_project_part2\Lung-Cancer-Classification-\Data\test\normal\11 - Copy (2).png,C:\Users\shrey\Downloads\MIP_project_part2\Lung-Cancer-Classification-\Data\train\normal\18 - Copy.png
4,False,True,True,test,train,normal,normal,11 - Copy (2).png,18.png,C:\Users\shrey\Downloads\MIP_project_part2\Lung-Cancer-Classification-\Data\test\normal\11 - Copy (2).png,C:\Users\shrey\Downloads\MIP_project_part2\Lung-Cancer-Classification-\Data\train\normal\18.png
4,False,True,True,test,train,normal,normal,11 - Copy (2).png,4 (2) - Copy.png,C:\Users\shrey\Downloads\MIP_project_part2\Lung-Cancer-Classification-\Data\test\normal\11 - Copy (2).png,C:\Users\shrey\Downloads\MIP_project_part2\Lung-Cancer-Classification-\Data\train\normal\4 (2) - Copy.png
4,False,True,True,test,train,normal,normal,11 - Copy (2).png,4 (2).png,C:\Users\shrey\Downloads\MIP_project_part2\Lung-Cancer-Classification-\Data\test\normal\11 - Copy (2).png,C:\Users\shrey\Downloads\MIP_project_part2\Lung-Cancer-Classification-\Data\train\normal\4 (2).png
4,False,True,True,test,train,normal,normal,11 - Copy (2).png,4 - Copy (2) - Copy.png,C:\Users\shrey\Downloads\MIP_project_part2\Lung-Cancer-Classification-\Data\test\normal\11 - Copy (2).png,C:\Users\shrey\Downloads\MIP_project_part2\Lung-Cancer-Classification-\Data\train\normal\4 - Copy (2) - Copy.png
4,False,True,True,test,train,normal,normal,11 - Copy (2).png,4 - Copy (2).png,C:\Users\shrey\Downloads\MIP_project_part2\Lung-Cancer-Classification-\Data\test\normal\11 - Copy (2).png,C:\Users\shrey\Downloads\MIP_project_part2\Lung-Cancer-Classification-\Data\train\normal\4 - Copy (2).png
4,False,True,True,test,train,normal,normal,11 - Copy (2).png,4 - Copy (3).png,C:\Users\shrey\Downloads\MIP_project_part2\Lung-Cancer-Classification-\Data\test\normal\11 - Copy (2).png,C:\Users\shrey\Downloads\MIP_project_part2\Lung-Cancer-Classification-\Data\train\normal\4 - Copy (3).png
4,False,True,True,test,train,normal,normal,11 - Copy (2).png,4 - Copy - Copy.png,C:\Users\shrey\Downloads\MIP_project_part2\Lung-Cancer-Classification-\Data\test\normal\11 - Copy (2).png,C:\Users\shrey\Downloads\MIP_project_part2\Lung-Cancer-Classification-\Data\train\normal\4 - Copy - Copy.png
4,False,True,True,test,train,normal,normal,11 - Copy (2).png,4 - Copy.png,C:\Users\shrey\Downloads\MIP_project_part2\Lung-Cancer-Classification-\Data\test\normal\11 - Copy (2).png,C:\Users\shrey\Downloads\MIP_project_part2\Lung-Cancer-Classification-\Data\train\normal\4 - Copy.png
4,False,True,True,test,train,normal,normal,11 - Copy (2).png,4.png,C:\Users\shrey\Downloads\MIP_project_part2\Lung-Cancer-Classification-\Data\test\normal\11 - Copy (2).png,C:\Users\shrey\Downloads\MIP_project_part2\Lung-Cancer-Classification-\Data\train\normal\4.png
4,False,True,True,test,val,normal,normal,11 - Copy (2).png,4 (2).png,C:\Users\shrey\Downloads\MIP_project_part2\Lung-Cancer-Classification-\Data\test\normal\11 - Copy (2).png,C:\Users\shrey\Downloads\MIP_project_part2\Lung-Cancer-Classification-\Data\valid\normal\4 (2).png
4,False,True,True,test,val,normal,normal,11 - Copy (2).png,4 - Copy (2).png,C:\Users\shrey\Downloads\MIP_project_part2\Lung-Cancer-Classification-\Data\test\normal\11 - Copy (2).png,C:\Users\shrey\Downloads\MIP_project_part2\Lung-Cancer-Classification-\Data\valid\normal\4 - Copy (2).png
4,False,True,False,train,train,normal,normal,11 - Copy (2).png,11 - Copy (3).png,C:\Users\shrey\Downloads\MIP_project_part2\Lung-Cancer-Classification-\Data\train\normal\11 - Copy (2).png,C:\Users\shrey\Downloads\MIP_project_part2\Lung-Cancer-Classification-\Data\train\normal\11 - Copy (3).png
4,False,True,False,train,train,normal,normal,11 - Copy (2).png,11.png,C:\Users\shrey\Downloads\MIP_project_part2\Lung-Cancer-Classification-\Data\train\normal\11 - Copy (2).png,C:\Users\shrey\Downloads\MIP_project_part2\Lung-Cancer-Classification-\Data\train\normal\11.png
4,False,True,False,train,train,normal,normal,11 - Copy (2).png,12 - Copy (3).png,C:\Users\shrey\Downloads\MIP_project_part2\Lung-Cancer-Classification-\Data\train\normal\11 - Copy (2).png,C:\Users\shrey\Downloads\MIP_project_part2\Lung-Cancer-Classification-\Data\train\normal\12 - Copy (3).png
4,False,True,False,train,train,normal,normal,11 - Copy (2).png,12 - Copy - Copy.png,C:\Users\shrey\Downloads\MIP_project_part2\Lung-Cancer-Classification-\Data\train\normal\11 - Copy (2).png,C:\Users\shrey\Downloads\MIP_project_part2\Lung-Cancer-Classification-\Data\train\normal\12 - Copy - Copy.png
4,False,True,False,train,train,normal,normal,11 - Copy (2).png,12 - Copy.png,C:\Users\shrey\Downloads\MIP_project_part2\Lung-Cancer-Classification-\Data\train\normal\11 - Copy (2).png,C:\Users\shrey\Downloads\MIP_project_part2\Lung-Cancer-Classification-\Data\train\normal\12 - Copy.png
4,False,True,False,train,train,normal,normal,11 - Copy (2).png,12.png,C:\Users\shrey\Downloads\MIP_project_part2\Lung-Cancer-Classification-\Data\train\normal\11 - Copy (2).png,C:\Users\shrey\Downloads\MIP_project_part2\Lung-Cancer-Classification-\Data\train\normal\12.png
4,False,True,False,train,train,normal,normal,11 - Copy (2).png,18 (2) - Copy.png,C:\Users\shrey\Downloads\MIP_project_part2\Lung-Cancer-Classification-\Data\train\normal\11 - Copy (2).png,C:\Users\shrey\Downloads\MIP_project_part2\Lung-Cancer-Classification-\Data\train\normal\18 (2) - Copy.png
4,False,True,False,train,train,normal,normal,11 - Copy (2).png,18 (2).png,C:\Users\shrey\Downloads\MIP_project_part2\Lung-Cancer-Classification-\Data\train\normal\11 - Copy (2).png,C:\Users\shrey\Downloads\MIP_project_part2\Lung-Cancer-Classification-\Data\train\normal\18 (2).png
4,False,True,False,train,train,normal,normal,11 - Copy (2).png,18 - Copy (2) - Copy.png,C:\Users\shrey\Downloads\MIP_project_part2\Lung-Cancer-Classification-\Data\train\normal\11 - Copy (2).png,C:\Users\shrey\Downloads\MIP_project_part2\Lung-Cancer-Classification-\Data\train\normal\18 - Copy (2) - Copy.png
4,False,True,False,train,train,normal,normal,11 - Copy (2).png,18 - Copy (2).png,C:\Users\shrey\Downloads\MIP_project_part2\Lung-Cancer-Classification-\Data\train\normal\11 - Copy (2).png,C:\Users\shrey\Downloads\MIP_project_part2\Lung-Cancer-Classification-\Data\train\normal\18 - Copy (2).png
4,False,True,False,train,train,normal,normal,11 - Copy (2).png,18 - Copy (3).png,C:\Users\shrey\Downloads\MIP_project_part2\Lung-Cancer-Classification-\Data\train\normal\11 - Copy (2).png,C:\Users\shrey\Downloads\MIP_project_part2\Lung-Cancer-Classification-\Data\train\normal\18 - Copy (3).png
4,False,True,False,train,train,normal,normal,11 - Copy (2).png,18 - Copy - Copy.png,C:\Users\shrey\Downloads\MIP_project_part2\Lung-Cancer-Classification-\Data\train\normal\11 - Copy (2).png,C:\Users\shrey\Downloads\MIP_project_part2\Lung-Cancer-Classification-\Data\train\normal\18 - Copy - Copy.png
4,False,True,False,train,train,normal,normal,11 - Copy (2).png,18 - Copy.png,C:\Users\shrey\Downloads\MIP_project_part2\Lung-Cancer-Classification-\Data\train\normal\11 - Copy (2).png,C:\Users\shrey\Downloads\MIP_project_part2\Lung-Cancer-Classification-\Data\train\normal\18 - Copy.png
4,False,True,False,train,train,normal,normal,11 - Copy (2).png,18.png,C:\Users\shrey\Downloads\MIP_project_part2\Lung-Cancer-Classification-\Data\train\normal\11 - Copy (2).png,C:\Users\shrey\Downloads\MIP_project_part2\Lung-Cancer-Classification-\Data\train\normal\18.png
4,False,True,False,train,train,normal,normal,11 - Copy (2).png,4 (2) - Copy.png,C:\Users\shrey\Downloads\MIP_project_part2\Lung-Cancer-Classification-\Data\train\normal\11 - Copy (2).png,C:\Users\shrey\Downloads\MIP_project_part2\Lung-Cancer-Classification-\Data\train\normal\4 (2) - Copy.png
4,False,True,False,train,train,normal,normal,11 - Copy (2).png,4 (2).png,C:\Users\shrey\Downloads\MIP_project_part2\Lung-Cancer-Classification-\Data\train\normal\11 - Copy (2).png,C:\Users\shrey\Downloads\MIP_project_part2\Lung-Cancer-Classification-\Data\train\normal\4 (2).png
4,False,True,False,train,train,normal,normal,11 - Copy (2).png,4 - Copy (2) - Copy.png,C:\Users\shrey\Downloads\MIP_project_part2\Lung-Cancer-Classification-\Data\train\normal\11 - Copy (2).png,C:\Users\shrey\Downloads\MIP_project_part2\Lung-Cancer-Classification-\Data\train\normal\4 - Copy (2) - Copy.png
4,False,True,False,train,train,normal,normal,11 - Copy (2).png,4 - Copy (2).png,C:\Users\shrey\Downloads\MIP_project_part2\Lung-Cancer-Classification-\Data\train\normal\11 - Copy (2).png,C:\Users\shrey\Downloads\MIP_project_part2\Lung-Cancer-Classification-\Data\train\normal\4 - Copy (2).png
4,False,True,False,train,train,normal,normal,11 - Copy (2).png,4 - Copy (3).png,C:\Users\shrey\Downloads\MIP_project_part2\Lung-Cancer-Classification-\Data\train\normal\11 - Copy (2).png,C:\Users\shrey\Downloads\MIP_project_part2\Lung-Cancer-Classification-\Data\train\normal\4 - Copy (3).png
4,False,True,False,train,train,normal,normal,11 - Copy (2).png,4 - Copy - Copy.png,C:\Users\shrey\Downloads\MIP_project_part2\Lung-Cancer-Classification-\Data\train\normal\11 - Copy (2).png,C:\Users\shrey\Downloads\MIP_project_part2\Lung-Cancer-Classification-\Data\train\normal\4 - Copy - Copy.png
4,False,True,False,train,train,normal,normal,11 - Copy (2).png,4 - Copy.png,C:\Users\shrey\Downloads\MIP_project_part2\Lung-Cancer-Classification-\Data\train\normal\11 - Copy (2).png,C:\Users\shrey\Downloads\MIP_project_part2\Lung-Cancer-Classification-\Data\train\normal\4 - Copy.png
4,False,True,False,train,train,normal,normal,11 - Copy (2).png,4.png,C:\Users\shrey\Downloads\MIP_project_part2\Lung-Cancer-Classification-\Data\train\normal\11 - Copy (2).png,C:\Users\shrey\Downloads\MIP_project_part2\Lung-Cancer-Classification-\Data\train\normal\4.png
4,False,True,True,train,val,normal,normal,11 - Copy (2).png,4 (2).png,C:\Users\shrey\Downloads\MIP_project_part2\Lung-Cancer-Classification-\Data\train\normal\11 - Copy (2).png,C:\Users\shrey\Downloads\MIP_project_part2\Lung-Cancer-Classification-\Data\valid\normal\4 (2).png
4,False,True,True,train,val,normal,normal,11 - Copy (2).png,4 - Copy (2).png,C:\Users\shrey\Downloads\MIP_project_part2\Lung-Cancer-Classification-\Data\train\normal\11 - Copy (2).png,C:\Users\shrey\Downloads\MIP_project_part2\Lung-Cancer-Classification-\Data\valid\normal\4 - Copy (2).png
4,False,True,False,test,test,normal,normal,11 - Copy (3).png,11 - Copy - Copy.png,C:\Users\shrey\Downloads\MIP_project_part2\Lung-Cancer-Classification-\Data\test\normal\11 - Copy (3).png,C:\Users\shrey\Downloads\MIP_project_part2\Lung-Cancer-Classification-\Data\test\normal\11 - Copy - Copy.png
4,False,True,False,test,test,normal,normal,11 - Copy (3).png,11 - Copy.png,C:\Users\shrey\Downloads\MIP_project_part2\Lung-Cancer-Classification-\Data\test\normal\11 - Copy (3).png,C:\Users\shrey\Downloads\MIP_project_part2\Lung-Cancer-Classification-\Data\test\normal\11 - Copy.png
4,False,True,True,test,train,normal,normal,11 - Copy (3).png,11 - Copy (2) - Copy.png,C:\Users\shrey\Downloads\MIP_project_part2\Lung-Cancer-Classification-\Data\test\normal\11 - Copy (3).png,C:\Users\shrey\Downloads\MIP_project_part2\Lung-Cancer-Classification-\Data\train\normal\11 - Copy (2) - Copy.png
4,False,True,True,test,train,normal,normal,11 - Copy (3).png,11 - Copy (2).png,C:\Users\shrey\Downloads\MIP_project_part2\Lung-Cancer-Classification-\Data\test\normal\11 - Copy (3).png,C:\Users\shrey\Downloads\MIP_project_part2\Lung-Cancer-Classification-\Data\train\normal\11 - Copy (2).png
4,False,True,True,test,train,normal,normal,11 - Copy (3).png,11 - Copy - Copy.png,C:\Users\shrey\Downloads\MIP_project_part2\Lung-Cancer-Classification-\Data\test\normal\11 - Copy (3).png,C:\Users\shrey\Downloads\MIP_project_part2\Lung-Cancer-Classification-\Data\train\normal\11 - Copy - Copy.png
4,False,True,True,test,train,normal,normal,11 - Copy (3).png,11 - Copy.png,C:\Users\shrey\Downloads\MIP_project_part2\Lung-Cancer-Classification-\Data\test\normal\11 - Copy (3).png,C:\Users\shrey\Downloads\MIP_project_part2\Lung-Cancer-Classification-\Data\train\normal\11 - Copy.png
4,False,True,False,train,train,normal,normal,11 - Copy (3).png,11 - Copy - Copy.png,C:\Users\shrey\Downloads\MIP_project_part2\Lung-Cancer-Classification-\Data\train\normal\11 - Copy (3).png,C:\Users\shrey\Downloads\MIP_project_part2\Lung-Cancer-Classification-\Data\train\normal\11 - Copy - Copy.png
4,False,True,False,train,train,normal,normal,11 - Copy (3).png,11 - Copy.png,C:\Users\shrey\Downloads\MIP_project_part2\Lung-Cancer-Classification-\Data\train\normal\11 - Copy (3).png,C:\Users\shrey\Downloads\MIP_project_part2\Lung-Cancer-Classification-\Data\train\normal\11 - Copy.png
4,False,True,False,test,test,normal,normal,11 - Copy - Copy.png,11.png,C:\Users\shrey\Downloads\MIP_project_part2\Lung-Cancer-Classification-\Data\test\normal\11 - Copy - Copy.png,C:\Users\shrey\Downloads\MIP_project_part2\Lung-Cancer-Classification-\Data\test\normal\11.png
4,False,True,False,test,test,normal,normal,11 - Copy - Copy.png,12 - Copy (3).png,C:\Users\shrey\Downloads\MIP_project_part2\Lung-Cancer-Classification-\Data\test\normal\11 - Copy - Copy.png,C:\Users\shrey\Downloads\MIP_project_part2\Lung-Cancer-Classification-\Data\test\normal\12 - Copy (3).png
4,False,True,False,test,test,normal,normal,11 - Copy - Copy.png,12 - Copy - Copy.png,C:\Users\shrey\Downloads\MIP_project_part2\Lung-Cancer-Classification-\Data\test\normal\11 - Copy - Copy.png,C:\Users\shrey\Downloads\MIP_project_part2\Lung-Cancer-Classification-\Data\test\normal\12 - Copy - Copy.png
4,False,True,False,test,test,normal,normal,11 - Copy - Copy.png,12 - Copy.png,C:\Users\shrey\Downloads\MIP_project_part2\Lung-Cancer-Classification-\Data\test\normal\11 - Copy - Copy.png,C:\Users\shrey\Downloads\MIP_project_part2\Lung-Cancer-Classification-\Data\test\normal\12 - Copy.png
4,False,True,False,test,test,normal,normal,11 - Copy - Copy.png,21.png,C:\Users\shrey\Downloads\MIP_project_part2\Lung-Cancer-Classification-\Data\test\normal\11 - Copy - Copy.png,C:\Users\shrey\Downloads\MIP_project_part2\Lung-Cancer-Classification-\Data\test\normal\21.png
4,False,True,True,test,train,normal,normal,11 - Copy - Copy.png,11 (2) - Copy.png,C:\Users\shrey\Downloads\MIP_project_part2\Lung-Cancer-Classification-\Data\test\normal\11 - Copy - Copy.png,C:\Users\shrey\Downloads\MIP_project_part2\Lung-Cancer-Classification-\Data\train\normal\11 (2) - Copy.png
4,False,True,True,test,train,normal,normal,11 - Copy - Copy.png,11 (2).png,C:\Users\shrey\Downloads\MIP_project_part2\Lung-Cancer-Classification-\Data\test\normal\11 - Copy - Copy.png,C:\Users\shrey\Downloads\MIP_project_part2\Lung-Cancer-Classification-\Data\train\normal\11 (2).png
4,False,True,True,test,train,normal,normal,11 - Copy - Copy.png,11 - Copy (3).png,C:\Users\shrey\Downloads\MIP_project_part2\Lung-Cancer-Classification-\Data\test\normal\11 - Copy - Copy.png,C:\Users\shrey\Downloads\MIP_project_part2\Lung-Cancer-Classification-\Data\train\normal\11 - Copy (3).png
4,False,True,True,test,train,normal,normal,11 - Copy - Copy.png,11.png,C:\Users\shrey\Downloads\MIP_project_part2\Lung-Cancer-Classification-\Data\test\normal\11 - Copy - Copy.png,C:\Users\shrey\Downloads\MIP_project_part2\Lung-Cancer-Classification-\Data\train\normal\11.png
4,False,True,True,test,train,normal,normal,11 - Copy - Copy.png,12 - Copy (3).png,C:\Users\shrey\Downloads\MIP_project_part2\Lung-Cancer-Classification-\Data\test\normal\11 - Copy - Copy.png,C:\Users\shrey\Downloads\MIP_project_part2\Lung-Cancer-Classification-\Data\train\normal\12 - Copy (3).png
4,False,True,True,test,train,normal,normal,11 - Copy - Copy.png,12 - Copy - Copy.png,C:\Users\shrey\Downloads\MIP_project_part2\Lung-Cancer-Classification-\Data\test\normal\11 - Copy - Copy.png,C:\Users\shrey\Downloads\MIP_project_part2\Lung-Cancer-Classification-\Data\train\normal\12 - Copy - Copy.png
4,False,True,True,test,train,normal,normal,11 - Copy - Copy.png,12 - Copy.png,C:\Users\shrey\Downloads\MIP_project_part2\Lung-Cancer-Classification-\Data\test\normal\11 - Copy - Copy.png,C:\Users\shrey\Downloads\MIP_project_part2\Lung-Cancer-Classification-\Data\train\normal\12 - Copy.png
4,False,True,True,test,train,normal,normal,11 - Copy - Copy.png,12.png,C:\Users\shrey\Downloads\MIP_project_part2\Lung-Cancer-Classification-\Data\test\normal\11 - Copy - Copy.png,C:\Users\shrey\Downloads\MIP_project_part2\Lung-Cancer-Classification-\Data\train\normal\12.png
4,False,True,True,test,train,normal,normal,11 - Copy - Copy.png,18 (2) - Copy.png,C:\Users\shrey\Downloads\MIP_project_part2\Lung-Cancer-Classification-\Data\test\normal\11 - Copy - Copy.png,C:\Users\shrey\Downloads\MIP_project_part2\Lung-Cancer-Classification-\Data\train\normal\18 (2) - Copy.png
4,False,True,True,test,train,normal,normal,11 - Copy - Copy.png,18 (2).png,C:\Users\shrey\Downloads\MIP_project_part2\Lung-Cancer-Classification-\Data\test\normal\11 - Copy - Copy.png,C:\Users\shrey\Downloads\MIP_project_part2\Lung-Cancer-Classification-\Data\train\normal\18 (2).png
4,False,True,True,test,train,normal,normal,11 - Copy - Copy.png,18 - Copy (2) - Copy.png,C:\Users\shrey\Downloads\MIP_project_part2\Lung-Cancer-Classification-\Data\test\normal\11 - Copy - Copy.png,C:\Users\shrey\Downloads\MIP_project_part2\Lung-Cancer-Classification-\Data\train\normal\18 - Copy (2) - Copy.png
4,False,True,True,test,train,normal,normal,11 - Copy - Copy.png,18 - Copy (2).png,C:\Users\shrey\Downloads\MIP_project_part2\Lung-Cancer-Classification-\Data\test\normal\11 - Copy - Copy.png,C:\Users\shrey\Downloads\MIP_project_part2\Lung-Cancer-Classification-\Data\train\normal\18 - Copy (2).png
4,False,True,True,test,train,normal,normal,11 - Copy - Copy.png,18 - Copy (3).png,C:\Users\shrey\Downloads\MIP_project_part2\Lung-Cancer-Classification-\Data\test\normal\11 - Copy - Copy.png,C:\Users\shrey\Downloads\MIP_project_part2\Lung-Cancer-Classification-\Data\train\normal\18 - Copy (3).png
4,False,True,True,test,train,normal,normal,11 - Copy - Copy.png,18 - Copy - Copy.png,C:\Users\shrey\Downloads\MIP_project_part2\Lung-Cancer-Classification-\Data\test\normal\11 - Copy - Copy.png,C:\Users\shrey\Downloads\MIP_project_part2\Lung-Cancer-Classification-\Data\train\normal\18 - Copy - Copy.png
4,False,True,True,test,train,normal,normal,11 - Copy - Copy.png,18 - Copy.png,C:\Users\shrey\Downloads\MIP_project_part2\Lung-Cancer-Classification-\Data\test\normal\11 - Copy - Copy.png,C:\Users\shrey\Downloads\MIP_project_part2\Lung-Cancer-Classification-\Data\train\normal\18 - Copy.png
4,False,True,True,test,train,normal,normal,11 - Copy - Copy.png,18.png,C:\Users\shrey\Downloads\MIP_project_part2\Lung-Cancer-Classification-\Data\test\normal\11 - Copy - Copy.png,C:\Users\shrey\Downloads\MIP_project_part2\Lung-Cancer-Classification-\Data\train\normal\18.png
4,False,True,True,test,train,normal,normal,11 - Copy - Copy.png,4 (2) - Copy.png,C:\Users\shrey\Downloads\MIP_project_part2\Lung-Cancer-Classification-\Data\test\normal\11 - Copy - Copy.png,C:\Users\shrey\Downloads\MIP_project_part2\Lung-Cancer-Classification-\Data\train\normal\4 (2) - Copy.png
4,False,True,True,test,train,normal,normal,11 - Copy - Copy.png,4 (2).png,C:\Users\shrey\Downloads\MIP_project_part2\Lung-Cancer-Classification-\Data\test\normal\11 - Copy - Copy.png,C:\Users\shrey\Downloads\MIP_project_part2\Lung-Cancer-Classification-\Data\train\normal\4 (2).png
4,False,True,True,test,train,normal,normal,11 - Copy - Copy.png,4 - Copy (2) - Copy.png,C:\Users\shrey\Downloads\MIP_project_part2\Lung-Cancer-Classification-\Data\test\normal\11 - Copy - Copy.png,C:\Users\shrey\Downloads\MIP_project_part2\Lung-Cancer-Classification-\Data\train\normal\4 - Copy (2) - Copy.png
4,False,True,True,test,train,normal,normal,11 - Copy - Copy.png,4 - Copy (2).png,C:\Users\shrey\Downloads\MIP_project_part2\Lung-Cancer-Classification-\Data\test\normal\11 - Copy - Copy.png,C:\Users\shrey\Downloads\MIP_project_part2\Lung-Cancer-Classification-\Data\train\normal\4 - Copy (2).png
4,False,True,True,test,train,normal,normal,11 - Copy - Copy.png,4 - Copy (3).png,C:\Users\shrey\Downloads\MIP_project_part2\Lung-Cancer-Classification-\Data\test\normal\11 - Copy - Copy.png,C:\Users\shrey\Downloads\MIP_project_part2\Lung-Cancer-Classification-\Data\train\normal\4 - Copy (3).png
4,False,True,True,test,train,normal,normal,11 - Copy - Copy.png,4 - Copy - Copy.png,C:\Users\shrey\Downloads\MIP_project_part2\Lung-Cancer-Classification-\Data\test\normal\11 - Copy - Copy.png,C:\Users\shrey\Downloads\MIP_project_part2\Lung-Cancer-Classification-\Data\train\normal\4 - Copy - Copy.png
4,False,True,True,test,train,normal,normal,11 - Copy - Copy.png,4 - Copy.png,C:\Users\shrey\Downloads\MIP_project_part2\Lung-Cancer-Classification-\Data\test\normal\11 - Copy - Copy.png,C:\Users\shrey\Downloads\MIP_project_part2\Lung-Cancer-Classification-\Data\train\normal\4 - Copy.png
4,False,True,True,test,train,normal,normal,11 - Copy - Copy.png,4.png,C:\Users\shrey\Downloads\MIP_project_part2\Lung-Cancer-Classification-\Data\test\normal\11 - Copy - Copy.png,C:\Users\shrey\Downloads\MIP_project_part2\Lung-Cancer-Classification-\Data\train\normal\4.png
4,False,True,True,test,val,normal,normal,11 - Copy - Copy.png,4 (2).png,C:\Users\shrey\Downloads\MIP_project_part2\Lung-Cancer-Classification-\Data\test\normal\11 - Copy - Copy.png,C:\Users\shrey\Downloads\MIP_project_part2\Lung-Cancer-Classification-\Data\valid\normal\4 (2).png
4,False,True,True,test,val,normal,normal,11 - Copy - Copy.png,4 - Copy (2).png,C:\Users\shrey\Downloads\MIP_project_part2\Lung-Cancer-Classification-\Data\test\normal\11 - Copy - Copy.png,C:\Users\shrey\Downloads\MIP_project_part2\Lung-Cancer-Classification-\Data\valid\normal\4 - Copy (2).png
4,False,True,False,train,train,normal,normal,11 - Copy - Copy.png,11.png,C:\Users\shrey\Downloads\MIP_project_part2\Lung-Cancer-Classification-\Data\train\normal\11 - Copy - Copy.png,C:\Users\shrey\Downloads\MIP_project_part2\Lung-Cancer-Classification-\Data\train\normal\11.png
4,False,True,False,train,train,normal,normal,11 - Copy - Copy.png,12 - Copy (3).png,C:\Users\shrey\Downloads\MIP_project_part2\Lung-Cancer-Classification-\Data\train\normal\11 - Copy - Copy.png,C:\Users\shrey\Downloads\MIP_project_part2\Lung-Cancer-Classification-\Data\train\normal\12 - Copy (3).png
4,False,True,False,train,train,normal,normal,11 - Copy - Copy.png,12 - Copy - Copy.png,C:\Users\shrey\Downloads\MIP_project_part2\Lung-Cancer-Classification-\Data\train\normal\11 - Copy - Copy.png,C:\Users\shrey\Downloads\MIP_project_part2\Lung-Cancer-Classification-\Data\train\normal\12 - Copy - Copy.png
4,False,True,False,train,train,normal,normal,11 - Copy - Copy.png,12 - Copy.png,C:\Users\shrey\Downloads\MIP_project_part2\Lung-Cancer-Classification-\Data\train\normal\11 - Copy - Copy.png,C:\Users\shrey\Downloads\MIP_project_part2\Lung-Cancer-Classification-\Data\train\normal\12 - Copy.png
4,False,True,False,train,train,normal,normal,11 - Copy - Copy.png,12.png,C:\Users\shrey\Downloads\MIP_project_part2\Lung-Cancer-Classification-\Data\train\normal\11 - Copy - Copy.png,C:\Users\shrey\Downloads\MIP_project_part2\Lung-Cancer-Classification-\Data\train\normal\12.png
4,False,True,False,train,train,normal,normal,11 - Copy - Copy.png,18 (2) - Copy.png,C:\Users\shrey\Downloads\MIP_project_part2\Lung-Cancer-Classification-\Data\train\normal\11 - Copy - Copy.png,C:\Users\shrey\Downloads\MIP_project_part2\Lung-Cancer-Classification-\Data\train\normal\18 (2) - Copy.png
4,False,True,False,train,train,normal,normal,11 - Copy - Copy.png,18 (2).png,C:\Users\shrey\Downloads\MIP_project_part2\Lung-Cancer-Classification-\Data\train\normal\11 - Copy - Copy.png,C:\Users\shrey\Downloads\MIP_project_part2\Lung-Cancer-Classification-\Data\train\normal\18 (2).png
4,False,True,False,train,train,normal,normal,11 - Copy - Copy.png,18 - Copy (2) - Copy.png,C:\Users\shrey\Downloads\MIP_project_part2\Lung-Cancer-Classification-\Data\train\normal\11 - Copy - Copy.png,C:\Users\shrey\Downloads\MIP_project_part2\Lung-Cancer-Classification-\Data\train\normal\18 - Copy (2) - Copy.png
4,False,True,False,train,train,normal,normal,11 - Copy - Copy.png,18 - Copy (2).png,C:\Users\shrey\Downloads\MIP_project_part2\Lung-Cancer-Classification-\Data\train\normal\11 - Copy - Copy.png,C:\Users\shrey\Downloads\MIP_project_part2\Lung-Cancer-Classification-\Data\train\normal\18 - Copy (2).png
4,False,True,False,train,train,normal,normal,11 - Copy - Copy.png,18 - Copy (3).png,C:\Users\shrey\Downloads\MIP_project_part2\Lung-Cancer-Classification-\Data\train\normal\11 - Copy - Copy.png,C:\Users\shrey\Downloads\MIP_project_part2\Lung-Cancer-Classification-\Data\train\normal\18 - Copy (3).png
4,False,True,False,train,train,normal,normal,11 - Copy - Copy.png,18 - Copy - Copy.png,C:\Users\shrey\Downloads\MIP_project_part2\Lung-Cancer-Classification-\Data\train\normal\11 - Copy - Copy.png,C:\Users\shrey\Downloads\MIP_project_part2\Lung-Cancer-Classification-\Data\train\normal\18 - Copy - Copy.png
4,False,True,False,train,train,normal,normal,11 - Copy - Copy.png,18 - Copy.png,C:\Users\shrey\Downloads\MIP_project_part2\Lung-Cancer-Classification-\Data\train\normal\11 - Copy - Copy.png,C:\Users\shrey\Downloads\MIP_project_part2\Lung-Cancer-Classification-\Data\train\normal\18 - Copy.png
4,False,True,False,train,train,normal,normal,11 - Copy - Copy.png,18.png,C:\Users\shrey\Downloads\MIP_project_part2\Lung-Cancer-Classification-\Data\train\normal\11 - Copy - Copy.png,C:\Users\shrey\Downloads\MIP_project_part2\Lung-Cancer-Classification-\Data\train\normal\18.png
4,False,True,False,train,train,normal,normal,11 - Copy - Copy.png,4 (2) - Copy.png,C:\Users\shrey\Downloads\MIP_project_part2\Lung-Cancer-Classification-\Data\train\normal\11 - Copy - Copy.png,C:\Users\shrey\Downloads\MIP_project_part2\Lung-Cancer-Classification-\Data\train\normal\4 (2) - Copy.png
4,False,True,False,train,train,normal,normal,11 - Copy - Copy.png,4 (2).png,C:\Users\shrey\Downloads\MIP_project_part2\Lung-Cancer-Classification-\Data\train\normal\11 - Copy - Copy.png,C:\Users\shrey\Downloads\MIP_project_part2\Lung-Cancer-Classification-\Data\train\normal\4 (2).png
4,False,True,False,train,train,normal,normal,11 - Copy - Copy.png,4 - Copy (2) - Copy.png,C:\Users\shrey\Downloads\MIP_project_part2\Lung-Cancer-Classification-\Data\train\normal\11 - Copy - Copy.png,C:\Users\shrey\Downloads\MIP_project_part2\Lung-Cancer-Classification-\Data\train\normal\4 - Copy (2) - Copy.png
4,False,True,False,train,train,normal,normal,11 - Copy - Copy.png,4 - Copy (2).png,C:\Users\shrey\Downloads\MIP_project_part2\Lung-Cancer-Classification-\Data\train\normal\11 - Copy - Copy.png,C:\Users\shrey\Downloads\MIP_project_part2\Lung-Cancer-Classification-\Data\train\normal\4 - Copy (2).png
4,False,True,False,train,train,normal,normal,11 - Copy - Copy.png,4 - Copy (3).png,C:\Users\shrey\Downloads\MIP_project_part2\Lung-Cancer-Classification-\Data\train\normal\11 - Copy - Copy.png,C:\Users\shrey\Downloads\MIP_project_part2\Lung-Cancer-Classification-\Data\train\normal\4 - Copy (3).png
4,False,True,False,train,train,normal,normal,11 - Copy - Copy.png,4 - Copy - Copy.png,C:\Users\shrey\Downloads\MIP_project_part2\Lung-Cancer-Classification-\Data\train\normal\11 - Copy - Copy.png,C:\Users\shrey\Downloads\MIP_project_part2\Lung-Cancer-Classification-\Data\train\normal\4 - Copy - Copy.png
4,False,True,False,train,train,normal,normal,11 - Copy - Copy.png,4 - Copy.png,C:\Users\shrey\Downloads\MIP_project_part2\Lung-Cancer-Classification-\Data\train\normal\11 - Copy - Copy.png,C:\Users\shrey\Downloads\MIP_project_part2\Lung-Cancer-Classification-\Data\train\normal\4 - Copy.png
4,False,True,False,train,train,normal,normal,11 - Copy - Copy.png,4.png,C:\Users\shrey\Downloads\MIP_project_part2\Lung-Cancer-Classification-\Data\train\normal\11 - Copy - Copy.png,C:\Users\shrey\Downloads\MIP_project_part2\Lung-Cancer-Classification-\Data\train\normal\4.png
4,False,True,True,train,val,normal,normal,11 - Copy - Copy.png,4 (2).png,C:\Users\shrey\Downloads\MIP_project_part2\Lung-Cancer-Classification-\Data\train\normal\11 - Copy - Copy.png,C:\Users\shrey\Downloads\MIP_project_part2\Lung-Cancer-Classification-\Data\valid\normal\4 (2).png
4,False,True,True,train,val,normal,normal,11 - Copy - Copy.png,4 - Copy (2).png,C:\Users\shrey\Downloads\MIP_project_part2\Lung-Cancer-Classification-\Data\train\normal\11 - Copy - Copy.png,C:\Users\shrey\Downloads\MIP_project_part2\Lung-Cancer-Classification-\Data\valid\normal\4 - Copy (2).png
4,False,True,False,test,test,normal,normal,11 - Copy.png,11.png,C:\Users\shrey\Downloads\MIP_project_part2\Lung-Cancer-Classification-\Data\test\normal\11 - Copy.png,C:\Users\shrey\Downloads\MIP_project_part2\Lung-Cancer-Classification-\Data\test\normal\11.png
4,False,True,False,test,test,normal,normal,11 - Copy.png,12 - Copy (3).png,C:\Users\shrey\Downloads\MIP_project_part2\Lung-Cancer-Classification-\Data\test\normal\11 - Copy.png,C:\Users\shrey\Downloads\MIP_project_part2\Lung-Cancer-Classification-\Data\test\normal\12 - Copy (3).png
4,False,True,False,test,test,normal,normal,11 - Copy.png,12 - Copy - Copy.png,C:\Users\shrey\Downloads\MIP_project_part2\Lung-Cancer-Classification-\Data\test\normal\11 - Copy.png,C:\Users\shrey\Downloads\MIP_project_part2\Lung-Cancer-Classification-\Data\test\normal\12 - Copy - Copy.png
4,False,True,False,test,test,normal,normal,11 - Copy.png,12 - Copy.png,C:\Users\shrey\Downloads\MIP_project_part2\Lung-Cancer-Classification-\Data\test\normal\11 - Copy.png,C:\Users\shrey\Downloads\MIP_project_part2\Lung-Cancer-Classification-\Data\test\normal\12 - Copy.png
4,False,True,False,test,test,normal,normal,11 - Copy.png,21.png,C:\Users\shrey\Downloads\MIP_project_part2\Lung-Cancer-Classification-\Data\test\normal\11 - Copy.png,C:\Users\shrey\Downloads\MIP_project_part2\Lung-Cancer-Classification-\Data\test\normal\21.png
4,False,True,True,test,train,normal,normal,11 - Copy.png,11 (2) - Copy.png,C:\Users\shrey\Downloads\MIP_project_part2\Lung-Cancer-Classification-\Data\test\normal\11 - Copy.png,C:\Users\shrey\Downloads\MIP_project_part2\Lung-Cancer-Classification-\Data\train\normal\11 (2) - Copy.png
4,False,True,True,test,train,normal,normal,11 - Copy.png,11 (2).png,C:\Users\shrey\Downloads\MIP_project_part2\Lung-Cancer-Classification-\Data\test\normal\11 - Copy.png,C:\Users\shrey\Downloads\MIP_project_part2\Lung-Cancer-Classification-\Data\train\normal\11 (2).png
4,False,True,True,test,train,normal,normal,11 - Copy.png,11 - Copy (3).png,C:\Users\shrey\Downloads\MIP_project_part2\Lung-Cancer-Classification-\Data\test\normal\11 - Copy.png,C:\Users\shrey\Downloads\MIP_project_part2\Lung-Cancer-Classification-\Data\train\normal\11 - Copy (3).png
4,False,True,True,test,train,normal,normal,11 - Copy.png,11.png,C:\Users\shrey\Downloads\MIP_project_part2\Lung-Cancer-Classification-\Data\test\normal\11 - Copy.png,C:\Users\shrey\Downloads\MIP_project_part2\Lung-Cancer-Classification-\Data\train\normal\11.png
4,False,True,True,test,train,normal,normal,11 - Copy.png,12 - Copy (3).png,C:\Users\shrey\Downloads\MIP_project_part2\Lung-Cancer-Classification-\Data\test\normal\11 - Copy.png,C:\Users\shrey\Downloads\MIP_project_part2\Lung-Cancer-Classification-\Data\train\normal\12 - Copy (3).png
4,False,True,True,test,train,normal,normal,11 - Copy.png,12 - Copy - Copy.png,C:\Users\shrey\Downloads\MIP_project_part2\Lung-Cancer-Classification-\Data\test\normal\11 - Copy.png,C:\Users\shrey\Downloads\MIP_project_part2\Lung-Cancer-Classification-\Data\train\normal\12 - Copy - Copy.png
4,False,True,True,test,train,normal,normal,11 - Copy.png,12 - Copy.png,C:\Users\shrey\Downloads\MIP_project_part2\Lung-Cancer-Classification-\Data\test\normal\11 - Copy.png,C:\Users\shrey\Downloads\MIP_project_part2\Lung-Cancer-Classification-\Data\train\normal\12 - Copy.png
4,False,True,True,test,train,normal,normal,11 - Copy.png,12.png,C:\Users\shrey\Downloads\MIP_project_part2\Lung-Cancer-Classification-\Data\test\normal\11 - Copy.png,C:\Users\shrey\Downloads\MIP_project_part2\Lung-Cancer-Classification-\Data\train\normal\12.png
4,False,True,True,test,train,normal,normal,11 - Copy.png,18 (2) - Copy.png,C:\Users\shrey\Downloads\MIP_project_part2\Lung-Cancer-Classification-\Data\test\normal\11 - Copy.png,C:\Users\shrey\Downloads\MIP_project_part2\Lung-Cancer-Classification-\Data\train\normal\18 (2) - Copy.png
4,False,True,True,test,train,normal,normal,11 - Copy.png,18 (2).png,C:\Users\shrey\Downloads\MIP_project_part2\Lung-Cancer-Classification-\Data\test\normal\11 - Copy.png,C:\Users\shrey\Downloads\MIP_project_part2\Lung-Cancer-Classification-\Data\train\normal\18 (2).png
4,False,True,True,test,train,normal,normal,11 - Copy.png,18 - Copy (2) - Copy.png,C:\Users\shrey\Downloads\MIP_project_part2\Lung-Cancer-Classification-\Data\test\normal\11 - Copy.png,C:\Users\shrey\Downloads\MIP_project_part2\Lung-Cancer-Classification-\Data\train\normal\18 - Copy (2) - Copy.png
4,False,True,True,test,train,normal,normal,11 - Copy.png,18 - Copy (2).png,C:\Users\shrey\Downloads\MIP_project_part2\Lung-Cancer-Classification-\Data\test\normal\11 - Copy.png,C:\Users\shrey\Downloads\MIP_project_part2\Lung-Cancer-Classification-\Data\train\normal\18 - Copy (2).png
4,False,True,True,test,train,normal,normal,11 - Copy.png,18 - Copy (3).png,C:\Users\shrey\Downloads\MIP_project_part2\Lung-Cancer-Classification-\Data\test\normal\11 - Copy.png,C:\Users\shrey\Downloads\MIP_project_part2\Lung-Cancer-Classification-\Data\train\normal\18 - Copy (3).png
4,False,True,True,test,train,normal,normal,11 - Copy.png,18 - Copy - Copy.png,C:\Users\shrey\Downloads\MIP_project_part2\Lung-Cancer-Classification-\Data\test\normal\11 - Copy.png,C:\Users\shrey\Downloads\MIP_project_part2\Lung-Cancer-Classification-\Data\train\normal\18 - Copy - Copy.png
4,False,True,True,test,train,normal,normal,11 - Copy.png,18 - Copy.png,C:\Users\shrey\Downloads\MIP_project_part2\Lung-Cancer-Classification-\Data\test\normal\11 - Copy.png,C:\Users\shrey\Downloads\MIP_project_part2\Lung-Cancer-Classification-\Data\train\normal\18 - Copy.png
4,False,True,True,test,train,normal,normal,11 - Copy.png,18.png,C:\Users\shrey\Downloads\MIP_project_part2\Lung-Cancer-Classification-\Data\test\normal\11 - Copy.png,C:\Users\shrey\Downloads\MIP_project_part2\Lung-Cancer-Classification-\Data\train\normal\18.png
4,False,True,True,test,train,normal,normal,11 - Copy.png,4 (2) - Copy.png,C:\Users\shrey\Downloads\MIP_project_part2\Lung-Cancer-Classification-\Data\test\normal\11 - Copy.png,C:\Users\shrey\Downloads\MIP_project_part2\Lung-Cancer-Classification-\Data\train\normal\4 (2) - Copy.png
4,False,True,True,test,train,normal,normal,11 - Copy.png,4 (2).png,C:\Users\shrey\Downloads\MIP_project_part2\Lung-Cancer-Classification-\Data\test\normal\11 - Copy.png,C:\Users\shrey\Downloads\MIP_project_part2\Lung-Cancer-Classification-\Data\train\normal\4 (2).png
4,False,True,True,test,train,normal,normal,11 - Copy.png,4 - Copy (2) - Copy.png,C:\Users\shrey\Downloads\MIP_project_part2\Lung-Cancer-Classification-\Data\test\normal\11 - Copy.png,C:\Users\shrey\Downloads\MIP_project_part2\Lung-Cancer-Classification-\Data\train\normal\4 - Copy (2) - Copy.png
4,False,True,True,test,train,normal,normal,11 - Copy.png,4 - Copy (2).png,C:\Users\shrey\Downloads\MIP_project_part2\Lung-Cancer-Classification-\Data\test\normal\11 - Copy.png,C:\Users\shrey\Downloads\MIP_project_part2\Lung-Cancer-Classification-\Data\train\normal\4 - Copy (2).png
4,False,True,True,test,train,normal,normal,11 - Copy.png,4 - Copy (3).png,C:\Users\shrey\Downloads\MIP_project_part2\Lung-Cancer-Classification-\Data\test\normal\11 - Copy.png,C:\Users\shrey\Downloads\MIP_project_part2\Lung-Cancer-Classification-\Data\train\normal\4 - Copy (3).png
4,False,True,True,test,train,normal,normal,11 - Copy.png,4 - Copy - Copy.png,C:\Users\shrey\Downloads\MIP_project_part2\Lung-Cancer-Classification-\Data\test\normal\11 - Copy.png,C:\Users\shrey\Downloads\MIP_project_part2\Lung-Cancer-Classification-\Data\train\normal\4 - Copy - Copy.png
4,False,True,True,test,train,normal,normal,11 - Copy.png,4 - Copy.png,C:\Users\shrey\Downloads\MIP_project_part2\Lung-Cancer-Classification-\Data\test\normal\11 - Copy.png,C:\Users\shrey\Downloads\MIP_project_part2\Lung-Cancer-Classification-\Data\train\normal\4 - Copy.png
4,False,True,True,test,train,normal,normal,11 - Copy.png,4.png,C:\Users\shrey\Downloads\MIP_project_part2\Lung-Cancer-Classification-\Data\test\normal\11 - Copy.png,C:\Users\shrey\Downloads\MIP_project_part2\Lung-Cancer-Classification-\Data\train\normal\4.png
4,False,True,True,test,val,normal,normal,11 - Copy.png,4 (2).png,C:\Users\shrey\Downloads\MIP_project_part2\Lung-Cancer-Classification-\Data\test\normal\11 - Copy.png,C:\Users\shrey\Downloads\MIP_project_part2\Lung-Cancer-Classification-\Data\valid\normal\4 (2).png
4,False,True,True,test,val,normal,normal,11 - Copy.png,4 - Copy (2).png,C:\Users\shrey\Downloads\MIP_project_part2\Lung-Cancer-Classification-\Data\test\normal\11 - Copy.png,C:\Users\shrey\Downloads\MIP_project_part2\Lung-Cancer-Classification-\Data\valid\normal\4 - Copy (2).png
4,False,True,False,train,train,normal,normal,11 - Copy.png,11.png,C:\Users\shrey\Downloads\MIP_project_part2\Lung-Cancer-Classification-\Data\train\normal\11 - Copy.png,C:\Users\shrey\Downloads\MIP_project_part2\Lung-Cancer-Classification-\Data\train\normal\11.png
4,False,True,False,train,train,normal,normal,11 - Copy.png,12 - Copy (3).png,C:\Users\shrey\Downloads\MIP_project_part2\Lung-Cancer-Classification-\Data\train\normal\11 - Copy.png,C:\Users\shrey\Downloads\MIP_project_part2\Lung-Cancer-Classification-\Data\train\normal\12 - Copy (3).png
4,False,True,False,train,train,normal,normal,11 - Copy.png,12 - Copy - Copy.png,C:\Users\shrey\Downloads\MIP_project_part2\Lung-Cancer-Classification-\Data\train\normal\11 - Copy.png,C:\Users\shrey\Downloads\MIP_project_part2\Lung-Cancer-Classification-\Data\train\normal\12 - Copy - Copy.png
4,False,True,False,train,train,normal,normal,11 - Copy.png,12 - Copy.png,C:\Users\shrey\Downloads\MIP_project_part2\Lung-Cancer-Classification-\Data\train\normal\11 - Copy.png,C:\Users\shrey\Downloads\MIP_project_part2\Lung-Cancer-Classification-\Data\train\normal\12 - Copy.png
4,False,True,False,train,train,normal,normal,11 - Copy.png,12.png,C:\Users\shrey\Downloads\MIP_project_part2\Lung-Cancer-Classification-\Data\train\normal\11 - Copy.png,C:\Users\shrey\Downloads\MIP_project_part2\Lung-Cancer-Classification-\Data\train\normal\12.png
4,False,True,False,train,train,normal,normal,11 - Copy.png,18 (2) - Copy.png,C:\Users\shrey\Downloads\MIP_project_part2\Lung-Cancer-Classification-\Data\train\normal\11 - Copy.png,C:\Users\shrey\Downloads\MIP_project_part2\Lung-Cancer-Classification-\Data\train\normal\18 (2) - Copy.png
4,False,True,False,train,train,normal,normal,11 - Copy.png,18 (2).png,C:\Users\shrey\Downloads\MIP_project_part2\Lung-Cancer-Classification-\Data\train\normal\11 - Copy.png,C:\Users\shrey\Downloads\MIP_project_part2\Lung-Cancer-Classification-\Data\train\normal\18 (2).png
4,False,True,False,train,train,normal,normal,11 - Copy.png,18 - Copy (2) - Copy.png,C:\Users\shrey\Downloads\MIP_project_part2\Lung-Cancer-Classification-\Data\train\normal\11 - Copy.png,C:\Users\shrey\Downloads\MIP_project_part2\Lung-Cancer-Classification-\Data\train\normal\18 - Copy (2) - Copy.png
4,False,True,False,train,train,normal,normal,11 - Copy.png,18 - Copy (2).png,C:\Users\shrey\Downloads\MIP_project_part2\Lung-Cancer-Classification-\Data\train\normal\11 - Copy.png,C:\Users\shrey\Downloads\MIP_project_part2\Lung-Cancer-Classification-\Data\train\normal\18 - Copy (2).png
4,False,True,False,train,train,normal,normal,11 - Copy.png,18 - Copy (3).png,C:\Users\shrey\Downloads\MIP_project_part2\Lung-Cancer-Classification-\Data\train\normal\11 - Copy.png,C:\Users\shrey\Downloads\MIP_project_part2\Lung-Cancer-Classification-\Data\train\normal\18 - Copy (3).png
4,False,True,False,train,train,normal,normal,11 - Copy.png,18 - Copy - Copy.png,C:\Users\shrey\Downloads\MIP_project_part2\Lung-Cancer-Classification-\Data\train\normal\11 - Copy.png,C:\Users\shrey\Downloads\MIP_project_part2\Lung-Cancer-Classification-\Data\train\normal\18 - Copy - Copy.png
4,False,True,False,train,train,normal,normal,11 - Copy.png,18 - Copy.png,C:\Users\shrey\Downloads\MIP_project_part2\Lung-Cancer-Classification-\Data\train\normal\11 - Copy.png,C:\Users\shrey\Downloads\MIP_project_part2\Lung-Cancer-Classification-\Data\train\normal\18 - Copy.png
4,False,True,False,train,train,normal,normal,11 - Copy.png,18.png,C:\Users\shrey\Downloads\MIP_project_part2\Lung-Cancer-Classification-\Data\train\normal\11 - Copy.png,C:\Users\shrey\Downloads\MIP_project_part2\Lung-Cancer-Classification-\Data\train\normal\18.png
4,False,True,False,train,train,normal,normal,11 - Copy.png,4 (2) - Copy.png,C:\Users\shrey\Downloads\MIP_project_part2\Lung-Cancer-Classification-\Data\train\normal\11 - Copy.png,C:\Users\shrey\Downloads\MIP_project_part2\Lung-Cancer-Classification-\Data\train\normal\4 (2) - Copy.png
4,False,True,False,train,train,normal,normal,11 - Copy.png,4 (2).png,C:\Users\shrey\Downloads\MIP_project_part2\Lung-Cancer-Classification-\Data\train\normal\11 - Copy.png,C:\Users\shrey\Downloads\MIP_project_part2\Lung-Cancer-Classification-\Data\train\normal\4 (2).png
4,False,True,False,train,train,normal,normal,11 - Copy.png,4 - Copy (2) - Copy.png,C:\Users\shrey\Downloads\MIP_project_part2\Lung-Cancer-Classification-\Data\train\normal\11 - Copy.png,C:\Users\shrey\Downloads\MIP_project_part2\Lung-Cancer-Classification-\Data\train\normal\4 - Copy (2) - Copy.png
4,False,True,False,train,train,normal,normal,11 - Copy.png,4 - Copy (2).png,C:\Users\shrey\Downloads\MIP_project_part2\Lung-Cancer-Classification-\Data\train\normal\11 - Copy.png,C:\Users\shrey\Downloads\MIP_project_part2\Lung-Cancer-Classification-\Data\train\normal\4 - Copy (2).png
4,False,True,False,train,train,normal,normal,11 - Copy.png,4 - Copy (3).png,C:\Users\shrey\Downloads\MIP_project_part2\Lung-Cancer-Classification-\Data\train\normal\11 - Copy.png,C:\Users\shrey\Downloads\MIP_project_part2\Lung-Cancer-Classification-\Data\train\normal\4 - Copy (3).png
4,False,True,False,train,train,normal,normal,11 - Copy.png,4 - Copy - Copy.png,C:\Users\shrey\Downloads\MIP_project_part2\Lung-Cancer-Classification-\Data\train\normal\11 - Copy.png,C:\Users\shrey\Downloads\MIP_project_part2\Lung-Cancer-Classification-\Data\train\normal\4 - Copy - Copy.png
4,False,True,False,train,train,normal,normal,11 - Copy.png,4 - Copy.png,C:\Users\shrey\Downloads\MIP_project_part2\Lung-Cancer-Classification-\Data\train\normal\11 - Copy.png,C:\Users\shrey\Downloads\MIP_project_part2\Lung-Cancer-Classification-\Data\train\normal\4 - Copy.png
4,False,True,False,train,train,normal,normal,11 - Copy.png,4.png,C:\Users\shrey\Downloads\MIP_project_part2\Lung-Cancer-Classification-\Data\train\normal\11 - Copy.png,C:\Users\shrey\Downloads\MIP_project_part2\Lung-Cancer-Classification-\Data\train\normal\4.png
4,False,True,True,train,val,normal,normal,11 - Copy.png,4 (2).png,C:\Users\shrey\Downloads\MIP_project_part2\Lung-Cancer-Classification-\Data\train\normal\11 - Copy.png,C:\Users\shrey\Downloads\MIP_project_part2\Lung-Cancer-Classification-\Data\valid\normal\4 (2).png
4,False,True,True,train,val,normal,normal,11 - Copy.png,4 - Copy (2).png,C:\Users\shrey\Downloads\MIP_project_part2\Lung-Cancer-Classification-\Data\train\normal\11 - Copy.png,C:\Users\shrey\Downloads\MIP_project_part2\Lung-Cancer-Classification-\Data\valid\normal\4 - Copy (2).png
4,False,True,True,test,train,normal,normal,11.png,11 - Copy (2) - Copy.png,C:\Users\shrey\Downloads\MIP_project_part2\Lung-Cancer-Classification-\Data\test\normal\11.png,C:\Users\shrey\Downloads\MIP_project_part2\Lung-Cancer-Classification-\Data\train\normal\11 - Copy (2) - Copy.png
4,False,True,True,test,train,normal,normal,11.png,11 - Copy (2).png,C:\Users\shrey\Downloads\MIP_project_part2\Lung-Cancer-Classification-\Data\test\normal\11.png,C:\Users\shrey\Downloads\MIP_project_part2\Lung-Cancer-Classification-\Data\train\normal\11 - Copy (2).png
4,False,True,True,test,train,normal,normal,11.png,11 - Copy - Copy.png,C:\Users\shrey\Downloads\MIP_project_part2\Lung-Cancer-Classification-\Data\test\normal\11.png,C:\Users\shrey\Downloads\MIP_project_part2\Lung-Cancer-Classification-\Data\train\normal\11 - Copy - Copy.png
4,False,True,True,test,train,normal,normal,11.png,11 - Copy.png,C:\Users\shrey\Downloads\MIP_project_part2\Lung-Cancer-Classification-\Data\test\normal\11.png,C:\Users\shrey\Downloads\MIP_project_part2\Lung-Cancer-Classification-\Data\train\normal\11 - Copy.png
4,False,True,False,test,test,normal,normal,12 - Copy (3).png,21.png,C:\Users\shrey\Downloads\MIP_project_part2\Lung-Cancer-Classification-\Data\test\normal\12 - Copy (3).png,C:\Users\shrey\Downloads\MIP_project_part2\Lung-Cancer-Classification-\Data\test\normal\21.png
4,False,True,True,test,train,normal,normal,12 - Copy (3).png,11 - Copy (2) - Copy.png,C:\Users\shrey\Downloads\MIP_project_part2\Lung-Cancer-Classification-\Data\test\normal\12 - Copy (3).png,C:\Users\shrey\Downloads\MIP_project_part2\Lung-Cancer-Classification-\Data\train\normal\11 - Copy (2) - Copy.png
4,False,True,True,test,train,normal,normal,12 - Copy (3).png,11 - Copy (2).png,C:\Users\shrey\Downloads\MIP_project_part2\Lung-Cancer-Classification-\Data\test\normal\12 - Copy (3).png,C:\Users\shrey\Downloads\MIP_project_part2\Lung-Cancer-Classification-\Data\train\normal\11 - Copy (2).png
4,False,True,True,test,train,normal,normal,12 - Copy (3).png,11 - Copy - Copy.png,C:\Users\shrey\Downloads\MIP_project_part2\Lung-Cancer-Classification-\Data\test\normal\12 - Copy (3).png,C:\Users\shrey\Downloads\MIP_project_part2\Lung-Cancer-Classification-\Data\train\normal\11 - Copy - Copy.png
4,False,True,True,test,train,normal,normal,12 - Copy (3).png,11 - Copy.png,C:\Users\shrey\Downloads\MIP_project_part2\Lung-Cancer-Classification-\Data\test\normal\12 - Copy (3).png,C:\Users\shrey\Downloads\MIP_project_part2\Lung-Cancer-Classification-\Data\train\normal\11 - Copy.png
4,False,True,False,test,test,normal,normal,12 - Copy - Copy.png,21.png,C:\Users\shrey\Downloads\MIP_project_part2\Lung-Cancer-Classification-\Data\test\normal\12 - Copy - Copy.png,C:\Users\shrey\Downloads\MIP_project_part2\Lung-Cancer-Classification-\Data\test\normal\21.png
4,False,True,True,test,train,normal,normal,12 - Copy - Copy.png,11 - Copy (2) - Copy.png,C:\Users\shrey\Downloads\MIP_project_part2\Lung-Cancer-Classification-\Data\test\normal\12 - Copy - Copy.png,C:\Users\shrey\Downloads\MIP_project_part2\Lung-Cancer-Classification-\Data\train\normal\11 - Copy (2) - Copy.png
4,False,True,True,test,train,normal,normal,12 - Copy - Copy.png,11 - Copy (2).png,C:\Users\shrey\Downloads\MIP_project_part2\Lung-Cancer-Classification-\Data\test\normal\12 - Copy - Copy.png,C:\Users\shrey\Downloads\MIP_project_part2\Lung-Cancer-Classification-\Data\train\normal\11 - Copy (2).png
4,False,True,True,test,train,normal,normal,12 - Copy - Copy.png,11 - Copy - Copy.png,C:\Users\shrey\Downloads\MIP_project_part2\Lung-Cancer-Classification-\Data\test\normal\12 - Copy - Copy.png,C:\Users\shrey\Downloads\MIP_project_part2\Lung-Cancer-Classification-\Data\train\normal\11 - Copy - Copy.png
4,False,True,True,test,train,normal,normal,12 - Copy - Copy.png,11 - Copy.png,C:\Users\shrey\Downloads\MIP_project_part2\Lung-Cancer-Classification-\Data\test\normal\12 - Copy - Copy.png,C:\Users\shrey\Downloads\MIP_project_part2\Lung-Cancer-Classification-\Data\train\normal\11 - Copy.png
4,False,True,True,test,train,normal,normal,12 - Copy - Copy.png,4 (2) - Copy.png,C:\Users\shrey\Downloads\MIP_project_part2\Lung-Cancer-Classification-\Data\test\normal\12 - Copy - Copy.png,C:\Users\shrey\Downloads\MIP_project_part2\Lung-Cancer-Classification-\Data\train\normal\4 (2) - Copy.png
4,False,True,True,test,train,normal,normal,12 - Copy - Copy.png,4 (2).png,C:\Users\shrey\Downloads\MIP_project_part2\Lung-Cancer-Classification-\Data\test\normal\12 - Copy - Copy.png,C:\Users\shrey\Downloads\MIP_project_part2\Lung-Cancer-Classification-\Data\train\normal\4 (2).png
4,False,True,True,test,train,normal,normal,12 - Copy - Copy.png,4 - Copy (3).png,C:\Users\shrey\Downloads\MIP_project_part2\Lung-Cancer-Classification-\Data\test\normal\12 - Copy - Copy.png,C:\Users\shrey\Downloads\MIP_project_part2\Lung-Cancer-Classification-\Data\train\normal\4 - Copy (3).png
4,False,True,True,test,train,normal,normal,12 - Copy - Copy.png,4.png,C:\Users\shrey\Downloads\MIP_project_part2\Lung-Cancer-Classification-\Data\test\normal\12 - Copy - Copy.png,C:\Users\shrey\Downloads\MIP_project_part2\Lung-Cancer-Classification-\Data\train\normal\4.png
4,False,True,True,test,val,normal,normal,12 - Copy - Copy.png,4 (2).png,C:\Users\shrey\Downloads\MIP_project_part2\Lung-Cancer-Classification-\Data\test\normal\12 - Copy - Copy.png,C:\Users\shrey\Downloads\MIP_project_part2\Lung-Cancer-Classification-\Data\valid\normal\4 (2).png
4,False,True,False,train,train,normal,normal,12 - Copy - Copy.png,4 (2) - Copy.png,C:\Users\shrey\Downloads\MIP_project_part2\Lung-Cancer-Classification-\Data\train\normal\12 - Copy - Copy.png,C:\Users\shrey\Downloads\MIP_project_part2\Lung-Cancer-Classification-\Data\train\normal\4 (2) - Copy.png
4,False,True,False,train,train,normal,normal,12 - Copy - Copy.png,4 (2).png,C:\Users\shrey\Downloads\MIP_project_part2\Lung-Cancer-Classification-\Data\train\normal\12 - Copy - Copy.png,C:\Users\shrey\Downloads\MIP_project_part2\Lung-Cancer-Classification-\Data\train\normal\4 (2).png
4,False,True,False,train,train,normal,normal,12 - Copy - Copy.png,4 - Copy (3).png,C:\Users\shrey\Downloads\MIP_project_part2\Lung-Cancer-Classification-\Data\train\normal\12 - Copy - Copy.png,C:\Users\shrey\Downloads\MIP_project_part2\Lung-Cancer-Classification-\Data\train\normal\4 - Copy (3).png
4,False,True,False,train,train,normal,normal,12 - Copy - Copy.png,4.png,C:\Users\shrey\Downloads\MIP_project_part2\Lung-Cancer-Classification-\Data\train\normal\12 - Copy - Copy.png,C:\Users\shrey\Downloads\MIP_project_part2\Lung-Cancer-Classification-\Data\train\normal\4.png
4,False,True,True,train,val,normal,normal,12 - Copy - Copy.png,4 (2).png,C:\Users\shrey\Downloads\MIP_project_part2\Lung-Cancer-Classification-\Data\train\normal\12 - Copy - Copy.png,C:\Users\shrey\Downloads\MIP_project_part2\Lung-Cancer-Classification-\Data\valid\normal\4 (2).png
4,False,True,False,test,test,normal,normal,12 - Copy.png,21.png,C:\Users\shrey\Downloads\MIP_project_part2\Lung-Cancer-Classification-\Data\test\normal\12 - Copy.png,C:\Users\shrey\Downloads\MIP_project_part2\Lung-Cancer-Classification-\Data\test\normal\21.png
4,False,True,True,test,train,normal,normal,12 - Copy.png,11 - Copy (2) - Copy.png,C:\Users\shrey\Downloads\MIP_project_part2\Lung-Cancer-Classification-\Data\test\normal\12 - Copy.png,C:\Users\shrey\Downloads\MIP_project_part2\Lung-Cancer-Classification-\Data\train\normal\11 - Copy (2) - Copy.png
4,False,True,True,test,train,normal,normal,12 - Copy.png,11 - Copy (2).png,C:\Users\shrey\Downloads\MIP_project_part2\Lung-Cancer-Classification-\Data\test\normal\12 - Copy.png,C:\Users\shrey\Downloads\MIP_project_part2\Lung-Cancer-Classification-\Data\train\normal\11 - Copy (2).png
4,False,True,True,test,train,normal,normal,12 - Copy.png,11 - Copy - Copy.png,C:\Users\shrey\Downloads\MIP_project_part2\Lung-Cancer-Classification-\Data\test\normal\12 - Copy.png,C:\Users\shrey\Downloads\MIP_project_part2\Lung-Cancer-Classification-\Data\train\normal\11 - Copy - Copy.png
4,False,True,True,test,train,normal,normal,12 - Copy.png,11 - Copy.png,C:\Users\shrey\Downloads\MIP_project_part2\Lung-Cancer-Classification-\Data\test\normal\12 - Copy.png,C:\Users\shrey\Downloads\MIP_project_part2\Lung-Cancer-Classification-\Data\train\normal\11 - Copy.png
4,False,True,True,test,train,normal,normal,12 - Copy.png,4 (2) - Copy.png,C:\Users\shrey\Downloads\MIP_project_part2\Lung-Cancer-Classification-\Data\test\normal\12 - Copy.png,C:\Users\shrey\Downloads\MIP_project_part2\Lung-Cancer-Classification-\Data\train\normal\4 (2) - Copy.png
4,False,True,True,test,train,normal,normal,12 - Copy.png,4 (2).png,C:\Users\shrey\Downloads\MIP_project_part2\Lung-Cancer-Classification-\Data\test\normal\12 - Copy.png,C:\Users\shrey\Downloads\MIP_project_part2\Lung-Cancer-Classification-\Data\train\normal\4 (2).png
4,False,True,True,test,train,normal,normal,12 - Copy.png,4 - Copy (3).png,C:\Users\shrey\Downloads\MIP_project_part2\Lung-Cancer-Classification-\Data\test\normal\12 - Copy.png,C:\Users\shrey\Downloads\MIP_project_part2\Lung-Cancer-Classification-\Data\train\normal\4 - Copy (3).png
4,False,True,True,test,train,normal,normal,12 - Copy.png,4.png,C:\Users\shrey\Downloads\MIP_project_part2\Lung-Cancer-Classification-\Data\test\normal\12 - Copy.png,C:\Users\shrey\Downloads\MIP_project_part2\Lung-Cancer-Classification-\Data\train\normal\4.png
4,False,True,True,test,val,normal,normal,12 - Copy.png,4 (2).png,C:\Users\shrey\Downloads\MIP_project_part2\Lung-Cancer-Classification-\Data\test\normal\12 - Copy.png,C:\Users\shrey\Downloads\MIP_project_part2\Lung-Cancer-Classification-\Data\valid\normal\4 (2).png
4,False,True,False,train,train,normal,normal,12 - Copy.png,4 (2) - Copy.png,C:\Users\shrey\Downloads\MIP_project_part2\Lung-Cancer-Classification-\Data\train\normal\12 - Copy.png,C:\Users\shrey\Downloads\MIP_project_part2\Lung-Cancer-Classification-\Data\train\normal\4 (2) - Copy.png
4,False,True,False,train,train,normal,normal,12 - Copy.png,4 (2).png,C:\Users\shrey\Downloads\MIP_project_part2\Lung-Cancer-Classification-\Data\train\normal\12 - Copy.png,C:\Users\shrey\Downloads\MIP_project_part2\Lung-Cancer-Classification-\Data\train\normal\4 (2).png
4,False,True,False,train,train,normal,normal,12 - Copy.png,4 - Copy (3).png,C:\Users\shrey\Downloads\MIP_project_part2\Lung-Cancer-Classification-\Data\train\normal\12 - Copy.png,C:\Users\shrey\Downloads\MIP_project_part2\Lung-Cancer-Classification-\Data\train\normal\4 - Copy (3).png
4,False,True,False,train,train,normal,normal,12 - Copy.png,4.png,C:\Users\shrey\Downloads\MIP_project_part2\Lung-Cancer-Classification-\Data\train\normal\12 - Copy.png,C:\Users\shrey\Downloads\MIP_project_part2\Lung-Cancer-Classification-\Data\train\normal\4.png
4,False,True,True,train,val,normal,normal,12 - Copy.png,4 (2).png,C:\Users\shrey\Downloads\MIP_project_part2\Lung-Cancer-Classification-\Data\train\normal\12 - Copy.png,C:\Users\shrey\Downloads\MIP_project_part2\Lung-Cancer-Classification-\Data\valid\normal\4 (2).png
4,False,True,False,train,train,normal,normal,21 - Copy (2) - Copy.png,4 (2) - Copy.png,C:\Users\shrey\Downloads\MIP_project_part2\Lung-Cancer-Classification-\Data\train\normal\21 - Copy (2) - Copy.png,C:\Users\shrey\Downloads\MIP_project_part2\Lung-Cancer-Classification-\Data\train\normal\4 (2) - Copy.png
4,False,True,False,train,train,normal,normal,21 - Copy (2) - Copy.png,4 (2).png,C:\Users\shrey\Downloads\MIP_project_part2\Lung-Cancer-Classification-\Data\train\normal\21 - Copy (2) - Copy.png,C:\Users\shrey\Downloads\MIP_project_part2\Lung-Cancer-Classification-\Data\train\normal\4 (2).png
4,False,True,False,train,train,normal,normal,21 - Copy (2) - Copy.png,4 - Copy (3).png,C:\Users\shrey\Downloads\MIP_project_part2\Lung-Cancer-Classification-\Data\train\normal\21 - Copy (2) - Copy.png,C:\Users\shrey\Downloads\MIP_project_part2\Lung-Cancer-Classification-\Data\train\normal\4 - Copy (3).png
4,False,True,False,train,train,normal,normal,21 - Copy (2) - Copy.png,4.png,C:\Users\shrey\Downloads\MIP_project_part2\Lung-Cancer-Classification-\Data\train\normal\21 - Copy (2) - Copy.png,C:\Users\shrey\Downloads\MIP_project_part2\Lung-Cancer-Classification-\Data\train\normal\4.png
4,False,True,True,train,val,normal,normal,21 - Copy (2) - Copy.png,4 (2).png,C:\Users\shrey\Downloads\MIP_project_part2\Lung-Cancer-Classification-\Data\train\normal\21 - Copy (2) - Copy.png,C:\Users\shrey\Downloads\MIP_project_part2\Lung-Cancer-Classification-\Data\valid\normal\4 (2).png
4,False,True,False,train,train,normal,normal,21 - Copy (2).png,4 (2) - Copy.png,C:\Users\shrey\Downloads\MIP_project_part2\Lung-Cancer-Classification-\Data\train\normal\21 - Copy (2).png,C:\Users\shrey\Downloads\MIP_project_part2\Lung-Cancer-Classification-\Data\train\normal\4 (2) - Copy.png
4,False,True,False,train,train,normal,normal,21 - Copy (2).png,4 (2).png,C:\Users\shrey\Downloads\MIP_project_part2\Lung-Cancer-Classification-\Data\train\normal\21 - Copy (2).png,C:\Users\shrey\Downloads\MIP_project_part2\Lung-Cancer-Classification-\Data\train\normal\4 (2).png
4,False,True,False,train,train,normal,normal,21 - Copy (2).png,4 - Copy (3).png,C:\Users\shrey\Downloads\MIP_project_part2\Lung-Cancer-Classification-\Data\train\normal\21 - Copy (2).png,C:\Users\shrey\Downloads\MIP_project_part2\Lung-Cancer-Classification-\Data\train\normal\4 - Copy (3).png
4,False,True,False,train,train,normal,normal,21 - Copy (2).png,4.png,C:\Users\shrey\Downloads\MIP_project_part2\Lung-Cancer-Classification-\Data\train\normal\21 - Copy (2).png,C:\Users\shrey\Downloads\MIP_project_part2\Lung-Cancer-Classification-\Data\train\normal\4.png
4,False,True,True,train,val,normal,normal,21 - Copy (2).png,4 (2).png,C:\Users\shrey\Downloads\MIP_project_part2\Lung-Cancer-Classification-\Data\train\normal\21 - Copy (2).png,C:\Users\shrey\Downloads\MIP_project_part2\Lung-Cancer-Classification-\Data\valid\normal\4 (2).png
4,False,True,False,train,train,normal,normal,21 - Copy - Copy.png,4 (2) - Copy.png,C:\Users\shrey\Downloads\MIP_project_part2\Lung-Cancer-Classification-\Data\train\normal\21 - Copy - Copy.png,C:\Users\shrey\Downloads\MIP_project_part2\Lung-Cancer-Classification-\Data\train\normal\4 (2) - Copy.png
4,False,True,False,train,train,normal,normal,21 - Copy - Copy.png,4 (2).png,C:\Users\shrey\Downloads\MIP_project_part2\Lung-Cancer-Classification-\Data\train\normal\21 - Copy - Copy.png,C:\Users\shrey\Downloads\MIP_project_part2\Lung-Cancer-Classification-\Data\train\normal\4 (2).png
4,False,True,False,train,train,normal,normal,21 - Copy - Copy.png,4 - Copy (3).png,C:\Users\shrey\Downloads\MIP_project_part2\Lung-Cancer-Classification-\Data\train\normal\21 - Copy - Copy.png,C:\Users\shrey\Downloads\MIP_project_part2\Lung-Cancer-Classification-\Data\train\normal\4 - Copy (3).png
4,False,True,False,train,train,normal,normal,21 - Copy - Copy.png,4.png,C:\Users\shrey\Downloads\MIP_project_part2\Lung-Cancer-Classification-\Data\train\normal\21 - Copy - Copy.png,C:\Users\shrey\Downloads\MIP_project_part2\Lung-Cancer-Classification-\Data\train\normal\4.png
4,False,True,True,train,val,normal,normal,21 - Copy - Copy.png,4 (2).png,C:\Users\shrey\Downloads\MIP_project_part2\Lung-Cancer-Classification-\Data\train\normal\21 - Copy - Copy.png,C:\Users\shrey\Downloads\MIP_project_part2\Lung-Cancer-Classification-\Data\valid\normal\4 (2).png
4,False,True,False,train,train,normal,normal,21 - Copy.png,4 (2) - Copy.png,C:\Users\shrey\Downloads\MIP_project_part2\Lung-Cancer-Classification-\Data\train\normal\21 - Copy.png,C:\Users\shrey\Downloads\MIP_project_part2\Lung-Cancer-Classification-\Data\train\normal\4 (2) - Copy.png
4,False,True,False,train,train,normal,normal,21 - Copy.png,4 (2).png,C:\Users\shrey\Downloads\MIP_project_part2\Lung-Cancer-Classification-\Data\train\normal\21 - Copy.png,C:\Users\shrey\Downloads\MIP_project_part2\Lung-Cancer-Classification-\Data\train\normal\4 (2).png
4,False,True,False,train,train,normal,normal,21 - Copy.png,4 - Copy (3).png,C:\Users\shrey\Downloads\MIP_project_part2\Lung-Cancer-Classification-\Data\train\normal\21 - Copy.png,C:\Users\shrey\Downloads\MIP_project_part2\Lung-Cancer-Classification-\Data\train\normal\4 - Copy (3).png
4,False,True,False,train,train,normal,normal,21 - Copy.png,4.png,C:\Users\shrey\Downloads\MIP_project_part2\Lung-Cancer-Classification-\Data\train\normal\21 - Copy.png,C:\Users\shrey\Downloads\MIP_project_part2\Lung-Cancer-Classification-\Data\train\normal\4.png
4,False,True,True,train,val,normal,normal,21 - Copy.png,4 (2).png,C:\Users\shrey\Downloads\MIP_project_part2\Lung-Cancer-Classification-\Data\train\normal\21 - Copy.png,C:\Users\shrey\Downloads\MIP_project_part2\Lung-Cancer-Classification-\Data\valid\normal\4 (2).png
4,False,True,True,test,train,normal,normal,21.png,11 - Copy (2) - Copy.png,C:\Users\shrey\Downloads\MIP_project_part2\Lung-Cancer-Classification-\Data\test\normal\21.png,C:\Users\shrey\Downloads\MIP_project_part2\Lung-Cancer-Classification-\Data\train\normal\11 - Copy (2) - Copy.png
4,False,True,True,test,train,normal,normal,21.png,11 - Copy (2).png,C:\Users\shrey\Downloads\MIP_project_part2\Lung-Cancer-Classification-\Data\test\normal\21.png,C:\Users\shrey\Downloads\MIP_project_part2\Lung-Cancer-Classification-\Data\train\normal\11 - Copy (2).png
4,False,True,True,test,train,normal,normal,21.png,11 - Copy - Copy.png,C:\Users\shrey\Downloads\MIP_project_part2\Lung-Cancer-Classification-\Data\test\normal\21.png,C:\Users\shrey\Downloads\MIP_project_part2\Lung-Cancer-Classification-\Data\train\normal\11 - Copy - Copy.png
4,False,True,True,test,train,normal,normal,21.png,11 - Copy.png,C:\Users\shrey\Downloads\MIP_project_part2\Lung-Cancer-Classification-\Data\test\normal\21.png,C:\Users\shrey\Downloads\MIP_project_part2\Lung-Cancer-Classification-\Data\train\normal\11 - Copy.png
4,False,True,True,test,train,normal,normal,21.png,12 - Copy (3).png,C:\Users\shrey\Downloads\MIP_project_part2\Lung-Cancer-Classification-\Data\test\normal\21.png,C:\Users\shrey\Downloads\MIP_project_part2\Lung-Cancer-Classification-\Data\train\normal\12 - Copy (3).png
4,False,True,True,test,train,normal,normal,21.png,12 - Copy - Copy.png,C:\Users\shrey\Downloads\MIP_project_part2\Lung-Cancer-Classification-\Data\test\normal\21.png,C:\Users\shrey\Downloads\MIP_project_part2\Lung-Cancer-Classification-\Data\train\normal\12 - Copy - Copy.png
4,False,True,True,test,train,normal,normal,21.png,12 - Copy.png,C:\Users\shrey\Downloads\MIP_project_part2\Lung-Cancer-Classification-\Data\test\normal\21.png,C:\Users\shrey\Downloads\MIP_project_part2\Lung-Cancer-Classification-\Data\train\normal\12 - Copy.png
4,False,True,True,test,train,normal,normal,21.png,12.png,C:\Users\shrey\Downloads\MIP_project_part2\Lung-Cancer-Classification-\Data\test\normal\21.png,C:\Users\shrey\Downloads\MIP_project_part2\Lung-Cancer-Classification-\Data\train\normal\12.png
4,False,True,True,test,train,normal,normal,21.png,21 - Copy (2) - Copy.png,C:\Users\shrey\Downloads\MIP_project_part2\Lung-Cancer-Classification-\Data\test\normal\21.png,C:\Users\shrey\Downloads\MIP_project_part2\Lung-Cancer-Classification-\Data\train\normal\21 - Copy (2) - Copy.png
4,False,True,True,test,train,normal,normal,21.png,21 - Copy (2).png,C:\Users\shrey\Downloads\MIP_project_part2\Lung-Cancer-Classification-\Data\test\normal\21.png,C:\Users\shrey\Downloads\MIP_project_part2\Lung-Cancer-Classification-\Data\train\normal\21 - Copy (2).png
4,False,True,True,test,train,normal,normal,21.png,21 - Copy - Copy.png,C:\Users\shrey\Downloads\MIP_project_part2\Lung-Cancer-Classification-\Data\test\normal\21.png,C:\Users\shrey\Downloads\MIP_project_part2\Lung-Cancer-Classification-\Data\train\normal\21 - Copy - Copy.png
4,False,True,True,test,train,normal,normal,21.png,21 - Copy.png,C:\Users\shrey\Downloads\MIP_project_part2\Lung-Cancer-Classification-\Data\test\normal\21.png,C:\Users\shrey\Downloads\MIP_project_part2\Lung-Cancer-Classification-\Data\train\normal\21 - Copy.png
4,False,True,True,test,train,normal,normal,21.png,4 (2) - Copy.png,C:\Users\shrey\Downloads\MIP_project_part2\Lung-Cancer-Classification-\Data\test\normal\21.png,C:\Users\shrey\Downloads\MIP_project_part2\Lung-Cancer-Classification-\Data\train\normal\4 (2) - Copy.png
4,False,True,True,test,train,normal,normal,21.png,4 (2).png,C:\Users\shrey\Downloads\MIP_project_part2\Lung-Cancer-Classification-\Data\test\normal\21.png,C:\Users\shrey\Downloads\MIP_project_part2\Lung-Cancer-Classification-\Data\train\normal\4 (2).png
4,False,True,True,test,train,normal,normal,21.png,4 - Copy (3).png,C:\Users\shrey\Downloads\MIP_project_part2\Lung-Cancer-Classification-\Data\test\normal\21.png,C:\Users\shrey\Downloads\MIP_project_part2\Lung-Cancer-Classification-\Data\train\normal\4 - Copy (3).png
4,False,True,True,test,train,normal,normal,21.png,4.png,C:\Users\shrey\Downloads\MIP_project_part2\Lung-Cancer-Classification-\Data\test\normal\21.png,C:\Users\shrey\Downloads\MIP_project_part2\Lung-Cancer-Classification-\Data\train\normal\4.png
4,False,True,True,test,val,normal,normal,21.png,4 (2).png,C:\Users\shrey\Downloads\MIP_project_part2\Lung-Cancer-Classification-\Data\test\normal\21.png,C:\Users\shrey\Downloads\MIP_project_part2\Lung-Cancer-Classification-\Data\valid\normal\4 (2).png
