filepath,filename,class,label,split,folder,hash,phash,image_group,split_variant
C:\Users\shrey\Downloads\MIP_project_part2\Lung-Cancer-Classification-\Data\test\adenocarcinoma\000108 (3).png,000108 (3).png,adenocarcinoma,0,train,adenocarcinoma,7ef1068051800dd7d290a46a29536a0d,15002412218659913169,1,leakage_controlled_image_group
C:\Users\shrey\Downloads\MIP_project_part2\Lung-Cancer-Classification-\Data\test\adenocarcinoma\000109 (2).png,000109 (2).png,adenocarcinoma,0,test,adenocarcinoma,3e3e3c3547262bf1bbe22103c35bf8c6,10493755255173099313,2,leakage_controlled_image_group
C:\Users\shrey\Downloads\MIP_project_part2\Lung-Cancer-Classification-\Data\test\adenocarcinoma\000109 (4).png,000109 (4).png,adenocarcinoma,0,train,adenocarcinoma,bc495a958a42f9784b0143c8436b449c,14184152754120385648,3,leakage_controlled_image_group
C:\Users\shrey\Downloads\MIP_project_part2\Lung-Cancer-Classification-\Data\test\adenocarcinoma\000109 (5).png,000109 (5).png,adenocarcinoma,0,train,adenocarcinoma,d59879ee8cd67875a0fb477359022516,11067673906545345656,4,leakage_controlled_image_group
C:\Users\shrey\Downloads\MIP_project_part2\Lung-Cancer-Classification-\Data\test\adenocarcinoma\000112 (2).png,000112 (2).png,adenocarcinoma,0,val,adenocarcinoma,b10181ce96004c7ce699ce29855cce19,9647095297097999665,5,leakage_controlled_image_group
C:\Users\shrey\Downloads\MIP_project_part2\Lung-Cancer-Classification-\Data\test\adenocarcinoma\000113 (7).png,000113 (7).png,adenocarcinoma,0,train,adenocarcinoma,39a7092441231ce1003a31ee16fcd57a,14184117277690657892,6,leakage_controlled_image_group
C:\Users\shrey\Downloads\MIP_project_part2\Lung-Cancer-Classification-\Data\test\adenocarcinoma\000114 (5).png,000114 (5).png,adenocarcinoma,0,train,adenocarcinoma,ac6400c79a496bd2ab52e62fcad89665,10714418953998709819,7,leakage_controlled_image_group
C:\Users\shrey\Downloads\MIP_project_part2\Lung-Cancer-Classification-\Data\test\adenocarcinoma\000114.png,000114.png,adenocarcinoma,0,test,adenocarcinoma,03f52753fcdd8cb4c5718b78e176f7ca,15055546517543676988,8,leakage_controlled_image_group
C:\Users\shrey\Downloads\MIP_project_part2\Lung-Cancer-Classification-\Data\test\adenocarcinoma\000115 (4).png,000115 (4).png,adenocarcinoma,0,train,adenocarcinoma,7c354fe3d6c871935838259a5e7a82f5,10489550726941788521,9,leakage_controlled_image_group
C:\Users\shrey\Downloads\MIP_project_part2\Lung-Cancer-Classification-\Data\test\adenocarcinoma\000115 (8).png,000115 (8).png,adenocarcinoma,0,train,adenocarcinoma,0d1003c80b08cdbd1af8871b65c49df8,9340781007578297961,10,leakage_controlled_image_group
C:\Users\shrey\Downloads\MIP_project_part2\Lung-Cancer-Classification-\Data\test\adenocarcinoma\000115.png,000115.png,adenocarcinoma,0,train,adenocarcinoma,fdb6340d705e8ad526adce7ef783d1fb,15046649286542059316,11,leakage_controlled_image_group
C:\Users\shrey\Downloads\MIP_project_part2\Lung-Cancer-Classification-\Data\test\adenocarcinoma\000116 (5).png,000116 (5).png,adenocarcinoma,0,test,adenocarcinoma,3c0fac8ebb082efe748b4e537d1adc39,15037923012590121017,12,leakage_controlled_image_group
C:\Users\shrey\Downloads\MIP_project_part2\Lung-Cancer-Classification-\Data\test\adenocarcinoma\000116 (7).png,000116 (7).png,adenocarcinoma,0,train,adenocarcinoma,9b3590de4b268cd261c76693f2c5f39b,14184107674175237177,13,leakage_controlled_image_group
C:\Users\shrey\Downloads\MIP_project_part2\Lung-Cancer-Classification-\Data\test\adenocarcinoma\000116 (9).png,000116 (9).png,adenocarcinoma,0,train,adenocarcinoma,7a8833250fefe0422723f377c4953a57,11065914301496440947,14,leakage_controlled_image_group
C:\Users\shrey\Downloads\MIP_project_part2\Lung-Cancer-Classification-\Data\test\adenocarcinoma\000117 (4).png,000117 (4).png,adenocarcinoma,0,train,adenocarcinoma,866482c092332c56a6779f93c1ad2d3c,9566905778338045677,15,leakage_controlled_image_group
C:\Users\shrey\Downloads\MIP_project_part2\Lung-Cancer-Classification-\Data\test\adenocarcinoma\000117 (8).png,000117 (8).png,adenocarcinoma,0,val,adenocarcinoma,ea01420564660f6ad0f11088edb3c580,15334224095863860782,16,leakage_controlled_image_group
C:\Users\shrey\Downloads\MIP_project_part2\Lung-Cancer-Classification-\Data\test\adenocarcinoma\000117.png,000117.png,adenocarcinoma,0,test,adenocarcinoma,5ad8354153d6d82b58945884dc5df67e,15046855394151333435,17,leakage_controlled_image_group
C:\Users\shrey\Downloads\MIP_project_part2\Lung-Cancer-Classification-\Data\test\adenocarcinoma\000118 (5).png,000118 (5).png,adenocarcinoma,0,train,adenocarcinoma,cd95315d58cc1231bdd9982d84cdfa7f,13963725751001779260,18,leakage_controlled_image_group
C:\Users\shrey\Downloads\MIP_project_part2\Lung-Cancer-Classification-\Data\test\adenocarcinoma\000118 (7).png,000118 (7).png,adenocarcinoma,0,test,adenocarcinoma,e4445db999e3f6c722deb5b3e50765ec,10707953961992088682,19,leakage_controlled_image_group
C:\Users\shrey\Downloads\MIP_project_part2\Lung-Cancer-Classification-\Data\test\adenocarcinoma\000119 (4).png,000119 (4).png,adenocarcinoma,0,test,adenocarcinoma,c8ffb14bf0fac67134129310cd4a4ae0,10493807486152764769,20,leakage_controlled_image_group
C:\Users\shrey\Downloads\MIP_project_part2\Lung-Cancer-Classification-\Data\test\adenocarcinoma\000119 (5).png,000119 (5).png,adenocarcinoma,0,train,adenocarcinoma,ea0203ead960b13f81b8f9abb05e267c,13963725753147182136,18,leakage_controlled_image_group
C:\Users\shrey\Downloads\MIP_project_part2\Lung-Cancer-Classification-\Data\test\adenocarcinoma\000119 (6).png,000119 (6).png,adenocarcinoma,0,train,adenocarcinoma,e8f788ee66c2e91458237c6a5dc6294f,9338599306750998842,21,leakage_controlled_image_group
C:\Users\shrey\Downloads\MIP_project_part2\Lung-Cancer-Classification-\Data\test\adenocarcinoma\000120.png,000120.png,adenocarcinoma,0,test,adenocarcinoma,583a1067369a573df475ab0f8c84d909,10516272673561914668,22,leakage_controlled_image_group
C:\Users\shrey\Downloads\MIP_project_part2\Lung-Cancer-Classification-\Data\test\adenocarcinoma\000121 (6).png,000121 (6).png,adenocarcinoma,0,train,adenocarcinoma,52178715c2e557f83c1c8e3092379b83,9625950086471773477,23,leakage_controlled_image_group
C:\Users\shrey\Downloads\MIP_project_part2\Lung-Cancer-Classification-\Data\test\adenocarcinoma\000121 (7).png,000121 (7).png,adenocarcinoma,0,train,adenocarcinoma,f63dc36a0cf42f7a65c1b63477af7a00,15037851652488576041,24,leakage_controlled_image_group
C:\Users\shrey\Downloads\MIP_project_part2\Lung-Cancer-Classification-\Data\test\adenocarcinoma\000121.png,000121.png,adenocarcinoma,0,train,adenocarcinoma,18203fa5ca044d8866c17d0af35c4c69,15055867574932562996,25,leakage_controlled_image_group
C:\Users\shrey\Downloads\MIP_project_part2\Lung-Cancer-Classification-\Data\test\adenocarcinoma\000122 (4).png,000122 (4).png,adenocarcinoma,0,test,adenocarcinoma,93bee63ea0119020759f23bdac2a5152,9331843662477803250,26,leakage_controlled_image_group
C:\Users\shrey\Downloads\MIP_project_part2\Lung-Cancer-Classification-\Data\test\adenocarcinoma\000122.png,000122.png,adenocarcinoma,0,test,adenocarcinoma,828b8f20e7f62bd559803c65f4cb4f73,15028915778707221565,27,leakage_controlled_image_group
C:\Users\shrey\Downloads\MIP_project_part2\Lung-Cancer-Classification-\Data\test\adenocarcinoma\000123 (4).png,000123 (4).png,adenocarcinoma,0,train,adenocarcinoma,461e023a48a5175541705e8273fd012f,15855771191677238323,28,leakage_controlled_image_group
C:\Users\shrey\Downloads\MIP_project_part2\Lung-Cancer-Classification-\Data\test\adenocarcinoma\000123 (6).png,000123 (6).png,adenocarcinoma,0,train,adenocarcinoma,3a2f82aa55bdf7fd7ed204284c83567c,13962388748080086372,29,leakage_controlled_image_group
C:\Users\shrey\Downloads\MIP_project_part2\Lung-Cancer-Classification-\Data\test\adenocarcinoma\000123 (9).png,000123 (9).png,adenocarcinoma,0,train,adenocarcinoma,220f73a54b2eae531caa8e1b68d32653,10492001628717988922,30,leakage_controlled_image_group
C:\Users\shrey\Downloads\MIP_project_part2\Lung-Cancer-Classification-\Data\test\adenocarcinoma\000124 (6).png,000124 (6).png,adenocarcinoma,0,train,adenocarcinoma,f3674422ddf949b44e1b371d4668ccef,9629094432258202254,31,leakage_controlled_image_group
C:\Users\shrey\Downloads\MIP_project_part2\Lung-Cancer-Classification-\Data\test\adenocarcinoma\000124 (9).png,000124 (9).png,adenocarcinoma,0,test,adenocarcinoma,c54df564a0836770f21d8613d6815758,10421081694379060345,32,leakage_controlled_image_group
C:\Users\shrey\Downloads\MIP_project_part2\Lung-Cancer-Classification-\Data\test\adenocarcinoma\000125 (2).png,000125 (2).png,adenocarcinoma,0,val,adenocarcinoma,4fed19e835a7c65fc6a26e368ead35aa,9629112015586007575,33,leakage_controlled_image_group
C:\Users\shrey\Downloads\MIP_project_part2\Lung-Cancer-Classification-\Data\test\adenocarcinoma\000125 (4).png,000125 (4).png,adenocarcinoma,0,train,adenocarcinoma,5a362182c6ae83e40ef5d75d5b0bc32e,9621217530687461990,34,leakage_controlled_image_group
C:\Users\shrey\Downloads\MIP_project_part2\Lung-Cancer-Classification-\Data\test\adenocarcinoma\000125 (5).png,000125 (5).png,adenocarcinoma,0,train,adenocarcinoma,2bfaa7a68177335656b8d78e3a06f1c6,14182991376978410596,6,leakage_controlled_image_group
C:\Users\shrey\Downloads\MIP_project_part2\Lung-Cancer-Classification-\Data\test\adenocarcinoma\000125 (6).png,000125 (6).png,adenocarcinoma,0,train,adenocarcinoma,e1e5f81b51bcbbf76cbfba299c0a730a,10491766784115252273,35,leakage_controlled_image_group
C:\Users\shrey\Downloads\MIP_project_part2\Lung-Cancer-Classification-\Data\test\adenocarcinoma\000125 (8).png,000125 (8).png,adenocarcinoma,0,train,adenocarcinoma,8bc0dabc68bcfc8d6be604beef34d897,14221838416589448291,36,leakage_controlled_image_group
C:\Users\shrey\Downloads\MIP_project_part2\Lung-Cancer-Classification-\Data\test\adenocarcinoma\000126 (6).png,000126 (6).png,adenocarcinoma,0,train,adenocarcinoma,10730cb30ac86979ea5af379a505c88e,10492013723345893434,30,leakage_controlled_image_group
C:\Users\shrey\Downloads\MIP_project_part2\Lung-Cancer-Classification-\Data\test\adenocarcinoma\000127 (5).png,000127 (5).png,adenocarcinoma,0,train,adenocarcinoma,90b7f32392be8ba830c1c87ad43068e0,15103682020977176633,37,leakage_controlled_image_group
C:\Users\shrey\Downloads\MIP_project_part2\Lung-Cancer-Classification-\Data\test\adenocarcinoma\000128 (5).png,000128 (5).png,adenocarcinoma,0,test,adenocarcinoma,ab9b7b8ce65781ee150bff5b13e437dc,9351828079807940077,38,leakage_controlled_image_group
C:\Users\shrey\Downloads\MIP_project_part2\Lung-Cancer-Classification-\Data\test\adenocarcinoma\000129 (5).png,000129 (5).png,adenocarcinoma,0,train,adenocarcinoma,782359d8de83d20bdb85231f35633736,13896167289899400252,39,leakage_controlled_image_group
C:\Users\shrey\Downloads\MIP_project_part2\Lung-Cancer-Classification-\Data\test\adenocarcinoma\000129.png,000129.png,adenocarcinoma,0,train,adenocarcinoma,46612e7b3ab37fbdd4f826cb18e6830a,10512930737166836785,40,leakage_controlled_image_group
C:\Users\shrey\Downloads\MIP_project_part2\Lung-Cancer-Classification-\Data\test\adenocarcinoma\000130 (6).png,000130 (6).png,adenocarcinoma,0,train,adenocarcinoma,738a9f75c9d65092f483243fdd10e5c2,9349611463761555343,41,leakage_controlled_image_group
C:\Users\shrey\Downloads\MIP_project_part2\Lung-Cancer-Classification-\Data\test\adenocarcinoma\000131 (2).png,000131 (2).png,adenocarcinoma,0,train,adenocarcinoma,321d3c24b345bba95e0567fc9ecc4e97,10782301882653747609,42,leakage_controlled_image_group
C:\Users\shrey\Downloads\MIP_project_part2\Lung-Cancer-Classification-\Data\test\adenocarcinoma\000132 (2).png,000132 (2).png,adenocarcinoma,0,train,adenocarcinoma,c9275f6d759e1e7e4919183629ce1c27,13866354503530563228,43,leakage_controlled_image_group
C:\Users\shrey\Downloads\MIP_project_part2\Lung-Cancer-Classification-\Data\test\adenocarcinoma\000132 (7).png,000132 (7).png,adenocarcinoma,0,train,adenocarcinoma,7139953f1d4cd382dec5fa6ac089bfa7,15118935303828433960,44,leakage_controlled_image_group
C:\Users\shrey\Downloads\MIP_project_part2\Lung-Cancer-Classification-\Data\test\adenocarcinoma\000132 (8).png,000132 (8).png,adenocarcinoma,0,train,adenocarcinoma,d75fd6633b8df240d7ee0d2285e43ec1,10491520193150990650,21,leakage_controlled_image_group
C:\Users\shrey\Downloads\MIP_project_part2\Lung-Cancer-Classification-\Data\test\adenocarcinoma\000132.png,000132.png,adenocarcinoma,0,train,adenocarcinoma,7d509cbb7b36062db000129830041589,15055867540289845305,45,leakage_controlled_image_group
C:\Users\shrey\Downloads\MIP_project_part2\Lung-Cancer-Classification-\Data\test\adenocarcinoma\000133 (2).png,000133 (2).png,adenocarcinoma,0,train,adenocarcinoma,c968753cdf7cce6cc3139a4605d922a5,15055896419708648508,46,leakage_controlled_image_group
C:\Users\shrey\Downloads\MIP_project_part2\Lung-Cancer-Classification-\Data\test\adenocarcinoma\000133 (4).png,000133 (4).png,adenocarcinoma,0,train,adenocarcinoma,2d534482c81f301cd72de76b9f78e117,10493789889852227377,47,leakage_controlled_image_group
C:\Users\shrey\Downloads\MIP_project_part2\Lung-Cancer-Classification-\Data\test\adenocarcinoma\000134 (2).png,000134 (2).png,adenocarcinoma,0,test,adenocarcinoma,7e7188dcedfa80b0cb05dc7ed40f657c,13961539372236811373,48,leakage_controlled_image_group
C:\Users\shrey\Downloads\MIP_project_part2\Lung-Cancer-Classification-\Data\test\adenocarcinoma\000134 (9).png,000134 (9).png,adenocarcinoma,0,train,adenocarcinoma,c068e6ab3aa440f0924995416d7814f2,9343102905539524969,49,leakage_controlled_image_group
C:\Users\shrey\Downloads\MIP_project_part2\Lung-Cancer-Classification-\Data\test\adenocarcinoma\000134.png,000134.png,adenocarcinoma,0,val,adenocarcinoma,cf4b1eec12198a5e72d5211a22edf2f5,15055863245609709617,50,leakage_controlled_image_group
C:\Users\shrey\Downloads\MIP_project_part2\Lung-Cancer-Classification-\Data\test\adenocarcinoma\000135 (5).png,000135 (5).png,adenocarcinoma,0,train,adenocarcinoma,c0f70f8b2ea0da7db1cc5de3ab2ba642,15067689636686737715,51,leakage_controlled_image_group
C:\Users\shrey\Downloads\MIP_project_part2\Lung-Cancer-Classification-\Data\test\adenocarcinoma\000136 (2).png,000136 (2).png,adenocarcinoma,0,train,adenocarcinoma,2f103d16e6b0efbfa2d74a930a523b07,10597953317785907635,52,leakage_controlled_image_group
C:\Users\shrey\Downloads\MIP_project_part2\Lung-Cancer-Classification-\Data\test\adenocarcinoma\000136 (8).png,000136 (8).png,adenocarcinoma,0,train,adenocarcinoma,ed41d025836b46b066e67b25189262ac,15121133195673326692,53,leakage_controlled_image_group
C:\Users\shrey\Downloads\MIP_project_part2\Lung-Cancer-Classification-\Data\test\adenocarcinoma\000137 (2).png,000137 (2).png,adenocarcinoma,0,train,adenocarcinoma,ffe0a4ff588baa01a103a69593d1f6e5,15018149499498150065,54,leakage_controlled_image_group
C:\Users\shrey\Downloads\MIP_project_part2\Lung-Cancer-Classification-\Data\test\adenocarcinoma\000137 (4).png,000137 (4).png,adenocarcinoma,0,train,adenocarcinoma,c32747bc1564f048f782df300d038969,9639231654285875941,55,leakage_controlled_image_group
C:\Users\shrey\Downloads\MIP_project_part2\Lung-Cancer-Classification-\Data\test\adenocarcinoma\000137 (8).png,000137 (8).png,adenocarcinoma,0,train,adenocarcinoma,8ba303009d5790be2708bcf0f251c249,9334060520567655993,56,leakage_controlled_image_group
C:\Users\shrey\Downloads\MIP_project_part2\Lung-Cancer-Classification-\Data\test\adenocarcinoma\000138 (6).png,000138 (6).png,adenocarcinoma,0,train,adenocarcinoma,6856182be440dd6fa366a2b1f19ec1e5,14185243176523627876,6,leakage_controlled_image_group
C:\Users\shrey\Downloads\MIP_project_part2\Lung-Cancer-Classification-\Data\test\adenocarcinoma\000138 (9).png,000138 (9).png,adenocarcinoma,0,train,adenocarcinoma,6f0be5f0d15cb1286ef9736133d8c41b,10707953957965884466,57,leakage_controlled_image_group
C:\Users\shrey\Downloads\MIP_project_part2\Lung-Cancer-Classification-\Data\test\adenocarcinoma\000139 (5).png,000139 (5).png,adenocarcinoma,0,test,adenocarcinoma,ff74090e6446f8cc8c40f5f66b4a9a3d,10479329538353226023,58,leakage_controlled_image_group
C:\Users\shrey\Downloads\MIP_project_part2\Lung-Cancer-Classification-\Data\test\adenocarcinoma\000139 (6).png,000139 (6).png,adenocarcinoma,0,train,adenocarcinoma,f9c87c8535e8f01c4c52cdfc4ea9a363,10426237131593232841,59,leakage_controlled_image_group
C:\Users\shrey\Downloads\MIP_project_part2\Lung-Cancer-Classification-\Data\test\adenocarcinoma\000139 (8).png,000139 (8).png,adenocarcinoma,0,train,adenocarcinoma,4ecfa71e7b6fd0d2d0719e17efb723bf,9336347777500345961,60,leakage_controlled_image_group
C:\Users\shrey\Downloads\MIP_project_part2\Lung-Cancer-Classification-\Data\test\adenocarcinoma\000139 (9).png,000139 (9).png,adenocarcinoma,0,train,adenocarcinoma,98ed2a8f13616cfcc60944de40179fd1,9609026386579907940,61,leakage_controlled_image_group
C:\Users\shrey\Downloads\MIP_project_part2\Lung-Cancer-Classification-\Data\test\adenocarcinoma\000139.png,000139.png,adenocarcinoma,0,train,adenocarcinoma,c9a1f2caf9678ae2ae726da28d130b0a,15047986279860759601,62,leakage_controlled_image_group
C:\Users\shrey\Downloads\MIP_project_part2\Lung-Cancer-Classification-\Data\test\adenocarcinoma\000140.png,000140.png,adenocarcinoma,0,test,adenocarcinoma,3defa64c73cd052489155781a3a40526,15306960600112027172,63,leakage_controlled_image_group
C:\Users\shrey\Downloads\MIP_project_part2\Lung-Cancer-Classification-\Data\test\adenocarcinoma\000141 (2).png,000141 (2).png,adenocarcinoma,0,val,adenocarcinoma,f4a3d001d7108e4d8b350c32f75c52e6,9619823354358410606,64,leakage_controlled_image_group
C:\Users\shrey\Downloads\MIP_project_part2\Lung-Cancer-Classification-\Data\test\adenocarcinoma\000142.png,000142.png,adenocarcinoma,0,train,adenocarcinoma,2bdda3a4b088e20fb174ac249d89d3c3,15055932978407111741,65,leakage_controlled_image_group
C:\Users\shrey\Downloads\MIP_project_part2\Lung-Cancer-Classification-\Data\test\adenocarcinoma\000143 (5).png,000143 (5).png,adenocarcinoma,0,test,adenocarcinoma,b80f8e6fc7c7c3a02d97a9d9ee50c23b,15376989768426742931,66,leakage_controlled_image_group
C:\Users\shrey\Downloads\MIP_project_part2\Lung-Cancer-Classification-\Data\test\adenocarcinoma\000143 (6).png,000143 (6).png,adenocarcinoma,0,train,adenocarcinoma,e317600261e79c99a3b7ceec1a4eb5e8,9629112024407054981,67,leakage_controlled_image_group
C:\Users\shrey\Downloads\MIP_project_part2\Lung-Cancer-Classification-\Data\test\adenocarcinoma\000144 (2).png,000144 (2).png,adenocarcinoma,0,test,adenocarcinoma,860129c9896815c8d568325fe6d54a4e,9647130820761631793,68,leakage_controlled_image_group
C:\Users\shrey\Downloads\MIP_project_part2\Lung-Cancer-Classification-\Data\test\adenocarcinoma\000144 (5).png,000144 (5).png,adenocarcinoma,0,train,adenocarcinoma,cbc768602b5281abd2263b42092bf9a1,15091015419341595955,69,leakage_controlled_image_group
C:\Users\shrey\Downloads\MIP_project_part2\Lung-Cancer-Classification-\Data\test\adenocarcinoma\000145 (9).png,000145 (9).png,adenocarcinoma,0,train,adenocarcinoma,f1096545975e3ba738c33e42d4963f65,14149780709809153125,70,leakage_controlled_image_group
C:\Users\shrey\Downloads\MIP_project_part2\Lung-Cancer-Classification-\Data\test\adenocarcinoma\000146 (3).png,000146 (3).png,adenocarcinoma,0,train,adenocarcinoma,e83ed3ad16b21d2c0e5e1bdc695d53bd,15114483107806924336,71,leakage_controlled_image_group
C:\Users\shrey\Downloads\MIP_project_part2\Lung-Cancer-Classification-\Data\test\adenocarcinoma\000146 (6).png,000146 (6).png,adenocarcinoma,0,train,adenocarcinoma,a7259a4ce245ed867469f26511a0ccfa,10486938171518630203,72,leakage_controlled_image_group
C:\Users\shrey\Downloads\MIP_project_part2\Lung-Cancer-Classification-\Data\test\adenocarcinoma\000147.png,000147.png,adenocarcinoma,0,train,adenocarcinoma,0773c7f2262c0d5987736691919bafa9,15047704804824278068,73,leakage_controlled_image_group
C:\Users\shrey\Downloads\MIP_project_part2\Lung-Cancer-Classification-\Data\test\adenocarcinoma\000148 (3).png,000148 (3).png,adenocarcinoma,0,test,adenocarcinoma,19ebef75a551ab13dd7a6fad240cc17d,10493790439538847593,74,leakage_controlled_image_group
C:\Users\shrey\Downloads\MIP_project_part2\Lung-Cancer-Classification-\Data\test\adenocarcinoma\000148 (6).png,000148 (6).png,adenocarcinoma,0,train,adenocarcinoma,80cf955bd6a74de069018b746684583a,15335965657858388839,75,leakage_controlled_image_group
C:\Users\shrey\Downloads\MIP_project_part2\Lung-Cancer-Classification-\Data\test\adenocarcinoma\000148 (8).png,000148 (8).png,adenocarcinoma,0,train,adenocarcinoma,768fb0af01037dd9d755aa329890e9c7,9569620993358305850,76,leakage_controlled_image_group
C:\Users\shrey\Downloads\MIP_project_part2\Lung-Cancer-Classification-\Data\test\adenocarcinoma\000148.png,000148.png,adenocarcinoma,0,val,adenocarcinoma,983e8eb1a9d0b4b8513864a4246fa293,14227238525142316337,77,leakage_controlled_image_group
C:\Users\shrey\Downloads\MIP_project_part2\Lung-Cancer-Classification-\Data\test\adenocarcinoma\000149 (2).png,000149 (2).png,adenocarcinoma,0,train,adenocarcinoma,e32cb7cc47cf26430d2baab99bfb8f1b,9358865230038986353,78,leakage_controlled_image_group
C:\Users\shrey\Downloads\MIP_project_part2\Lung-Cancer-Classification-\Data\test\adenocarcinoma\000149 (4).png,000149 (4).png,adenocarcinoma,0,train,adenocarcinoma,c87642ca196ddc7e23edbb0d5a07eac1,15114483107538488944,71,leakage_controlled_image_group
C:\Users\shrey\Downloads\MIP_project_part2\Lung-Cancer-Classification-\Data\test\adenocarcinoma\000149 (7).png,000149 (7).png,adenocarcinoma,0,train,adenocarcinoma,53e0468e311c316aecc03d0faf97bf8e,13968221585391959096,79,leakage_controlled_image_group
C:\Users\shrey\Downloads\MIP_project_part2\Lung-Cancer-Classification-\Data\test\adenocarcinoma\000151 (5).png,000151 (5).png,adenocarcinoma,0,test,adenocarcinoma,b191ef43168f94e91405ea5d364490aa,15051433812531154736,80,leakage_controlled_image_group
C:\Users\shrey\Downloads\MIP_project_part2\Lung-Cancer-Classification-\Data\test\adenocarcinoma\000153 (5).png,000153 (5).png,adenocarcinoma,0,train,adenocarcinoma,75e97854d11e85bab1b7a287086ad5f5,10493789889867168825,81,leakage_controlled_image_group
C:\Users\shrey\Downloads\MIP_project_part2\Lung-Cancer-Classification-\Data\test\adenocarcinoma\000155 (4).png,000155 (4).png,adenocarcinoma,0,train,adenocarcinoma,1dc756f21ce6ebaf2d3320aa0e896607,14184117277690657892,6,leakage_controlled_image_group
C:\Users\shrey\Downloads\MIP_project_part2\Lung-Cancer-Classification-\Data\test\adenocarcinoma\000155.png,000155.png,adenocarcinoma,0,train,adenocarcinoma,7cb2468e9655d002156746b5068ac448,15196621831629035924,82,leakage_controlled_image_group
C:\Users\shrey\Downloads\MIP_project_part2\Lung-Cancer-Classification-\Data\test\adenocarcinoma\000156 (4).png,000156 (4).png,adenocarcinoma,0,train,adenocarcinoma,20234f0576642de078b6012cf9463039,9344220009387145528,83,leakage_controlled_image_group
C:\Users\shrey\Downloads\MIP_project_part2\Lung-Cancer-Classification-\Data\test\adenocarcinoma\000157 (5).png,000157 (5).png,adenocarcinoma,0,train,adenocarcinoma,d3e68137d850df6910316b0289cf1fe3,13963725753149201457,84,leakage_controlled_image_group
C:\Users\shrey\Downloads\MIP_project_part2\Lung-Cancer-Classification-\Data\test\adenocarcinoma\000157 (6).png,000157 (6).png,adenocarcinoma,0,train,adenocarcinoma,8457ee6d98cd45a0a21bc35005275da6,10707953957898775603,57,leakage_controlled_image_group
C:\Users\shrey\Downloads\MIP_project_part2\Lung-Cancer-Classification-\Data\test\adenocarcinoma\000158 (2).png,000158 (2).png,adenocarcinoma,0,train,adenocarcinoma,7769742eaa55fe54198ecfdc37a4ff09,10459450071750238629,85,leakage_controlled_image_group
C:\Users\shrey\Downloads\MIP_project_part2\Lung-Cancer-Classification-\Data\test\adenocarcinoma\000158 (3).png,000158 (3).png,adenocarcinoma,0,train,adenocarcinoma,e46c28ec95195502e49d3356115be7bf,11264420926949441332,86,leakage_controlled_image_group
C:\Users\shrey\Downloads\MIP_project_part2\Lung-Cancer-Classification-\Data\test\adenocarcinoma\000158 (5).png,000158 (5).png,adenocarcinoma,0,train,adenocarcinoma,564472077114a9dee6a8025f0dfcc869,15301300681816372272,87,leakage_controlled_image_group
C:\Users\shrey\Downloads\MIP_project_part2\Lung-Cancer-Classification-\Data\test\adenocarcinoma\000158 (6).png,000158 (6).png,adenocarcinoma,0,train,adenocarcinoma,af6a90c085db5c36ab4c9eac3b528630,9352039734738329145,88,leakage_controlled_image_group
C:\Users\shrey\Downloads\MIP_project_part2\Lung-Cancer-Classification-\Data\test\adenocarcinoma\000158.png,000158.png,adenocarcinoma,0,train,adenocarcinoma,d111d4752b8133e5a2db8100b09e58a2,15326148948584447033,89,leakage_controlled_image_group
C:\Users\shrey\Downloads\MIP_project_part2\Lung-Cancer-Classification-\Data\test\adenocarcinoma\000160 (4).png,000160 (4).png,adenocarcinoma,0,train,adenocarcinoma,5aa489671e2d35ce5b7db6ee35e25577,10492066504165453881,90,leakage_controlled_image_group
C:\Users\shrey\Downloads\MIP_project_part2\Lung-Cancer-Classification-\Data\test\adenocarcinoma\000160 (6).png,000160 (6).png,adenocarcinoma,0,train,adenocarcinoma,7f055a2283d20a56bc2e1447c6bcb0bd,9346480326906205744,91,leakage_controlled_image_group
C:\Users\shrey\Downloads\MIP_project_part2\Lung-Cancer-Classification-\Data\test\adenocarcinoma\000161 (4).png,000161 (4).png,adenocarcinoma,0,train,adenocarcinoma,2524e3006ab753fc9c518c0a72355258,13963725752108764728,92,leakage_controlled_image_group
C:\Users\shrey\Downloads\MIP_project_part2\Lung-Cancer-Classification-\Data\test\adenocarcinoma\000161 (5).png,000161 (5).png,adenocarcinoma,0,train,adenocarcinoma,1c59d5527217b723d6e70fde1557e6d5,10491494629304580250,93,leakage_controlled_image_group
C:\Users\shrey\Downloads\MIP_project_part2\Lung-Cancer-Classification-\Data\test\adenocarcinoma\000163 (3).png,000163 (3).png,adenocarcinoma,0,val,adenocarcinoma,eeb91ea18a8d6029753bcdbdb0e3e5e5,10689930801745640625,94,leakage_controlled_image_group
C:\Users\shrey\Downloads\MIP_project_part2\Lung-Cancer-Classification-\Data\test\adenocarcinoma\000163 (7).png,000163 (7).png,adenocarcinoma,0,test,adenocarcinoma,de8f93d7790931e079fe7021ff109e9a,15896302558604573752,95,leakage_controlled_image_group
C:\Users\shrey\Downloads\MIP_project_part2\Lung-Cancer-Classification-\Data\test\adenocarcinoma\000164 (5).png,000164 (5).png,adenocarcinoma,0,test,adenocarcinoma,7636366caca10019ba51647227b9f0fc,10492057158619379826,96,leakage_controlled_image_group
C:\Users\shrey\Downloads\MIP_project_part2\Lung-Cancer-Classification-\Data\test\adenocarcinoma\000165 (6).png,000165 (6).png,adenocarcinoma,0,train,adenocarcinoma,532260b1af444adad66073123e688cb0,9336346953638312932,97,leakage_controlled_image_group
C:\Users\shrey\Downloads\MIP_project_part2\Lung-Cancer-Classification-\Data\test\adenocarcinoma\000166 (2).png,000166 (2).png,adenocarcinoma,0,train,adenocarcinoma,4fbcb8586015a6a905df94729e4744e5,10747416792495908147,98,leakage_controlled_image_group
C:\Users\shrey\Downloads\MIP_project_part2\Lung-Cancer-Classification-\Data\test\adenocarcinoma\000166 (3).png,000166 (3).png,adenocarcinoma,0,train,adenocarcinoma,e6db542ca931b29be1bb9853a0446a04,9336910486926170473,99,leakage_controlled_image_group
C:\Users\shrey\Downloads\MIP_project_part2\Lung-Cancer-Classification-\Data\test\adenocarcinoma\000166 (4).png,000166 (4).png,adenocarcinoma,0,test,adenocarcinoma,449aa04b35b1f36051c73e7924b2f800,10512816130294246764,100,leakage_controlled_image_group
C:\Users\shrey\Downloads\MIP_project_part2\Lung-Cancer-Classification-\Data\test\adenocarcinoma\000167 (3).png,000167 (3).png,adenocarcinoma,0,train,adenocarcinoma,666903beea8fb73fb2d799e0708438d7,10492083791357052257,101,leakage_controlled_image_group
C:\Users\shrey\Downloads\MIP_project_part2\Lung-Cancer-Classification-\Data\test\adenocarcinoma\000167 (8).png,000167 (8).png,adenocarcinoma,0,train,adenocarcinoma,ea4f55bcae5a5c3069ef0b7889eda3cd,15319841187758816367,102,leakage_controlled_image_group
C:\Users\shrey\Downloads\MIP_project_part2\Lung-Cancer-Classification-\Data\test\adenocarcinoma\000168 (3).png,000168 (3).png,adenocarcinoma,0,test,adenocarcinoma,6f838689e2376382199bebba4ec06f02,15073318088252354855,103,leakage_controlled_image_group
C:\Users\shrey\Downloads\MIP_project_part2\Lung-Cancer-Classification-\Data\test\adenocarcinoma\000171 (5).png,000171 (5).png,adenocarcinoma,0,train,adenocarcinoma,e2859d6dccb62cf97db240016e3f7ab1,13950531297935531121,35,leakage_controlled_image_group
C:\Users\shrey\Downloads\MIP_project_part2\Lung-Cancer-Classification-\Data\test\adenocarcinoma\000171.png,000171.png,adenocarcinoma,0,test,adenocarcinoma,38ddeea20bbdfeea36b894c13be9252c,15344084722348144701,104,leakage_controlled_image_group
C:\Users\shrey\Downloads\MIP_project_part2\Lung-Cancer-Classification-\Data\test\adenocarcinoma\000172 (3).png,000172 (3).png,adenocarcinoma,0,train,adenocarcinoma,eec0204131af9fd5f3da30627a6400cc,13964631661606567725,105,leakage_controlled_image_group
C:\Users\shrey\Downloads\MIP_project_part2\Lung-Cancer-Classification-\Data\test\adenocarcinoma\000173 (5).png,000173 (5).png,adenocarcinoma,0,train,adenocarcinoma,778b5793148a531e04d9c85353c28256,11067972973738497080,106,leakage_controlled_image_group
C:\Users\shrey\Downloads\MIP_project_part2\Lung-Cancer-Classification-\Data\test\adenocarcinoma\000173 (7).png,000173 (7).png,adenocarcinoma,0,train,adenocarcinoma,28900f578bd1033916f0aa4ca9c3f2f4,15026096450784410681,107,leakage_controlled_image_group
C:\Users\shrey\Downloads\MIP_project_part2\Lung-Cancer-Classification-\Data\test\adenocarcinoma\000174 (4).png,000174 (4).png,adenocarcinoma,0,train,adenocarcinoma,fc02d942e116b2c5836329209beadb3f,15100954474961391222,108,leakage_controlled_image_group
C:\Users\shrey\Downloads\MIP_project_part2\Lung-Cancer-Classification-\Data\test\adenocarcinoma\000176 (2).png,000176 (2).png,adenocarcinoma,0,train,adenocarcinoma,2c07b435dc570d5252d797befdfd3f39,10463953671377461685,85,leakage_controlled_image_group
C:\Users\shrey\Downloads\MIP_project_part2\Lung-Cancer-Classification-\Data\test\adenocarcinoma\000177 (4).png,000177 (4).png,adenocarcinoma,0,train,adenocarcinoma,0df662907c8efa48b93f96607e13567a,10707104825667447866,109,leakage_controlled_image_group
C:\Users\shrey\Downloads\MIP_project_part2\Lung-Cancer-Classification-\Data\test\adenocarcinoma\000177.png,000177.png,adenocarcinoma,0,train,adenocarcinoma,1a092db32d1b1de0859414031ff018df,15056711454184295324,110,leakage_controlled_image_group
C:\Users\shrey\Downloads\MIP_project_part2\Lung-Cancer-Classification-\Data\test\large.cell.carcinoma\000108.png,000108.png,large.cell.carcinoma,1,train,large.cell.carcinoma,b98f851e09928778d0df9e5d8ccf4be4,9363078829317824363,111,leakage_controlled_image_group
C:\Users\shrey\Downloads\MIP_project_part2\Lung-Cancer-Classification-\Data\test\large.cell.carcinoma\000110.png,000110.png,large.cell.carcinoma,1,train,large.cell.carcinoma,918665110a9dbd140081dd6638d29044,10459415488665313651,112,leakage_controlled_image_group
C:\Users\shrey\Downloads\MIP_project_part2\Lung-Cancer-Classification-\Data\test\large.cell.carcinoma\000111 (2).png,000111 (2).png,large.cell.carcinoma,1,train,large.cell.carcinoma,511da9715b9f447025bbaf652fa85b61,9360826479748468589,113,leakage_controlled_image_group
C:\Users\shrey\Downloads\MIP_project_part2\Lung-Cancer-Classification-\Data\test\large.cell.carcinoma\000111.png,000111.png,large.cell.carcinoma,1,train,large.cell.carcinoma,ad09bc840ecb5dd2a28f0571b5fdae01,11075273751596251513,114,leakage_controlled_image_group
C:\Users\shrey\Downloads\MIP_project_part2\Lung-Cancer-Classification-\Data\test\large.cell.carcinoma\000113 (2).png,000113 (2).png,large.cell.carcinoma,1,train,large.cell.carcinoma,ebc02741e1cf071f9414fc2ae3dd5976,10518532989413649773,115,leakage_controlled_image_group
C:\Users\shrey\Downloads\MIP_project_part2\Lung-Cancer-Classification-\Data\test\large.cell.carcinoma\000113.png,000113.png,large.cell.carcinoma,1,train,large.cell.carcinoma,2388843e3f675f5fac84580713780a4c,10462546137607322083,116,leakage_controlled_image_group
C:\Users\shrey\Downloads\MIP_project_part2\Lung-Cancer-Classification-\Data\test\large.cell.carcinoma\000114.png,000114.png,large.cell.carcinoma,1,train,large.cell.carcinoma,942eff7aae05d1b75139d4d1b18e1da2,10498532594576407674,117,leakage_controlled_image_group
C:\Users\shrey\Downloads\MIP_project_part2\Lung-Cancer-Classification-\Data\test\large.cell.carcinoma\000115 (2).png,000115 (2).png,large.cell.carcinoma,1,test,large.cell.carcinoma,6ef5230380e8ed50c52b6bcbb45f3799,13949362087618558042,118,leakage_controlled_image_group
C:\Users\shrey\Downloads\MIP_project_part2\Lung-Cancer-Classification-\Data\test\large.cell.carcinoma\000116.png,000116.png,large.cell.carcinoma,1,test,large.cell.carcinoma,b7292ac370ec4d39788c2ee64f32903e,10465079682953525624,119,leakage_controlled_image_group
C:\Users\shrey\Downloads\MIP_project_part2\Lung-Cancer-Classification-\Data\test\large.cell.carcinoma\000118.png,000118.png,large.cell.carcinoma,1,train,large.cell.carcinoma,10fb9a26bd41b282d6986687d470d71d,15336177034673746796,120,leakage_controlled_image_group
C:\Users\shrey\Downloads\MIP_project_part2\Lung-Cancer-Classification-\Data\test\large.cell.carcinoma\000120.png,000120.png,large.cell.carcinoma,1,train,large.cell.carcinoma,797794f92c70d02693791f131044cc58,10466205642994049377,121,leakage_controlled_image_group
C:\Users\shrey\Downloads\MIP_project_part2\Lung-Cancer-Classification-\Data\test\large.cell.carcinoma\000122.png,000122.png,large.cell.carcinoma,1,train,large.cell.carcinoma,937704386a1837102c5da63a99080035,15103391882762660923,122,leakage_controlled_image_group
C:\Users\shrey\Downloads\MIP_project_part2\Lung-Cancer-Classification-\Data\test\large.cell.carcinoma\000123.png,000123.png,large.cell.carcinoma,1,train,large.cell.carcinoma,c766c93417eceafd5498e8dd3590782c,11040968964121962617,123,leakage_controlled_image_group
C:\Users\shrey\Downloads\MIP_project_part2\Lung-Cancer-Classification-\Data\test\large.cell.carcinoma\000124 (2).png,000124 (2).png,large.cell.carcinoma,1,val,large.cell.carcinoma,f6176500f0e7e714e094cee256cc64ad,15680415163358275898,124,leakage_controlled_image_group
C:\Users\shrey\Downloads\MIP_project_part2\Lung-Cancer-Classification-\Data\test\large.cell.carcinoma\000126.png,000126.png,large.cell.carcinoma,1,train,large.cell.carcinoma,79b93cbe482c05fcac62b402e71be1e9,11070770152035989819,114,leakage_controlled_image_group
C:\Users\shrey\Downloads\MIP_project_part2\Lung-Cancer-Classification-\Data\test\large.cell.carcinoma\000127 (2).png,000127 (2).png,large.cell.carcinoma,1,train,large.cell.carcinoma,58a10ce460879ea1cfa53fd4201475a2,9361935320346471482,125,leakage_controlled_image_group
C:\Users\shrey\Downloads\MIP_project_part2\Lung-Cancer-Classification-\Data\test\large.cell.carcinoma\000128 (2).png,000128 (2).png,large.cell.carcinoma,1,train,large.cell.carcinoma,c2a7a244cdd4358b28d82a8fc3ac4e70,15100603383705642622,126,leakage_controlled_image_group
C:\Users\shrey\Downloads\MIP_project_part2\Lung-Cancer-Classification-\Data\test\large.cell.carcinoma\000128.png,000128.png,large.cell.carcinoma,1,test,large.cell.carcinoma,4a021d7a287d4717a69f45da0c506dbb,15118881668585972860,127,leakage_controlled_image_group
C:\Users\shrey\Downloads\MIP_project_part2\Lung-Cancer-Classification-\Data\test\large.cell.carcinoma\000130.png,000130.png,large.cell.carcinoma,1,train,large.cell.carcinoma,dec011cdf2141fb262c3127e824cdf47,10516264148277028217,128,leakage_controlled_image_group
C:\Users\shrey\Downloads\MIP_project_part2\Lung-Cancer-Classification-\Data\test\large.cell.carcinoma\000131 (2).png,000131 (2).png,large.cell.carcinoma,1,train,large.cell.carcinoma,79f69b9c90662bed803968bea6111c8b,9358583476027727486,129,leakage_controlled_image_group
C:\Users\shrey\Downloads\MIP_project_part2\Lung-Cancer-Classification-\Data\test\large.cell.carcinoma\000131.png,000131.png,large.cell.carcinoma,1,train,large.cell.carcinoma,4cbd7786230cc1fac52aa3e2be72d9bc,10477421091086033251,130,leakage_controlled_image_group
C:\Users\shrey\Downloads\MIP_project_part2\Lung-Cancer-Classification-\Data\test\large.cell.carcinoma\000132 (2).png,000132 (2).png,large.cell.carcinoma,1,train,large.cell.carcinoma,96b5d0d85e4adb4c47dd2855c06bf1e9,11068167561850796062,131,leakage_controlled_image_group
C:\Users\shrey\Downloads\MIP_project_part2\Lung-Cancer-Classification-\Data\test\large.cell.carcinoma\000133 (2).png,000133 (2).png,large.cell.carcinoma,1,train,large.cell.carcinoma,77ec360c17fa62cfeee20c3b66ec712f,15679853717716088858,131,leakage_controlled_image_group
C:\Users\shrey\Downloads\MIP_project_part2\Lung-Cancer-Classification-\Data\test\large.cell.carcinoma\000133.png,000133.png,large.cell.carcinoma,1,train,large.cell.carcinoma,c0e1b4b6069ce5c0f939abeb727f87e5,10494872323924846905,132,leakage_controlled_image_group
C:\Users\shrey\Downloads\MIP_project_part2\Lung-Cancer-Classification-\Data\test\large.cell.carcinoma\000136 (2).png,000136 (2).png,large.cell.carcinoma,1,train,large.cell.carcinoma,620c67f5ba35a596ef607337e6298f9b,13978054572864579899,133,leakage_controlled_image_group
C:\Users\shrey\Downloads\MIP_project_part2\Lung-Cancer-Classification-\Data\test\large.cell.carcinoma\000137.png,000137.png,large.cell.carcinoma,1,train,large.cell.carcinoma,10a99b5853e4ace21c69c68dac6176b0,10498566129689967723,134,leakage_controlled_image_group
C:\Users\shrey\Downloads\MIP_project_part2\Lung-Cancer-Classification-\Data\test\large.cell.carcinoma\000138 (2).png,000138 (2).png,large.cell.carcinoma,1,val,large.cell.carcinoma,7667915abe0be0e56b6e3d46df5c7d95,15605561915802531870,135,leakage_controlled_image_group
C:\Users\shrey\Downloads\MIP_project_part2\Lung-Cancer-Classification-\Data\test\large.cell.carcinoma\000141.png,000141.png,large.cell.carcinoma,1,train,large.cell.carcinoma,f0e8a65d300af6baa9abfa5aefb5b4bf,10495997953181367161,136,leakage_controlled_image_group
C:\Users\shrey\Downloads\MIP_project_part2\Lung-Cancer-Classification-\Data\test\large.cell.carcinoma\000143.png,000143.png,large.cell.carcinoma,1,train,large.cell.carcinoma,a27e9266047290979195c3553197f948,15002457294314697923,137,leakage_controlled_image_group
C:\Users\shrey\Downloads\MIP_project_part2\Lung-Cancer-Classification-\Data\test\large.cell.carcinoma\000147 (2).png,000147 (2).png,large.cell.carcinoma,1,train,large.cell.carcinoma,4eca53a8d748b914e29842dee97e177e,15102280843430606970,138,leakage_controlled_image_group
C:\Users\shrey\Downloads\MIP_project_part2\Lung-Cancer-Classification-\Data\test\large.cell.carcinoma\000148 (2).png,000148 (2).png,large.cell.carcinoma,1,train,large.cell.carcinoma,65a9fef4cbf32a34123b2f11d62278b7,10996127697169430558,131,leakage_controlled_image_group
C:\Users\shrey\Downloads\MIP_project_part2\Lung-Cancer-Classification-\Data\test\large.cell.carcinoma\000148.png,000148.png,large.cell.carcinoma,1,train,large.cell.carcinoma,d5d0c4a6544d0112112f4e09af45d7aa,10482979310302817645,139,leakage_controlled_image_group
C:\Users\shrey\Downloads\MIP_project_part2\Lung-Cancer-Classification-\Data\test\large.cell.carcinoma\000149.png,000149.png,large.cell.carcinoma,1,test,large.cell.carcinoma,7e2c194a5a56c359e16954c55723be1a,15398162020185094457,140,leakage_controlled_image_group
C:\Users\shrey\Downloads\MIP_project_part2\Lung-Cancer-Classification-\Data\test\large.cell.carcinoma\000150.png,000150.png,large.cell.carcinoma,1,train,large.cell.carcinoma,847d2370540980027defc406a1481cac,10489216436931279928,141,leakage_controlled_image_group
C:\Users\shrey\Downloads\MIP_project_part2\Lung-Cancer-Classification-\Data\test\large.cell.carcinoma\000154 (2).png,000154 (2).png,large.cell.carcinoma,1,test,large.cell.carcinoma,b6ae55228f4221cd7d187d0d548d9ed3,9362164017677625659,142,leakage_controlled_image_group
C:\Users\shrey\Downloads\MIP_project_part2\Lung-Cancer-Classification-\Data\test\large.cell.carcinoma\000154.png,000154.png,large.cell.carcinoma,1,train,large.cell.carcinoma,73f66ae0610e593e6ee3953ea7a35a07,10465080095052214417,143,leakage_controlled_image_group
C:\Users\shrey\Downloads\MIP_project_part2\Lung-Cancer-Classification-\Data\test\large.cell.carcinoma\000155.png,000155.png,large.cell.carcinoma,1,val,large.cell.carcinoma,71ee0a02e61c6091111aa2887b7874a8,10462221024700017017,144,leakage_controlled_image_group
C:\Users\shrey\Downloads\MIP_project_part2\Lung-Cancer-Classification-\Data\test\large.cell.carcinoma\000158.png,000158.png,large.cell.carcinoma,1,train,large.cell.carcinoma,e18292c96253296adea6018ae6718dc2,15067389474025907262,145,leakage_controlled_image_group
C:\Users\shrey\Downloads\MIP_project_part2\Lung-Cancer-Classification-\Data\test\large.cell.carcinoma\000159 (2).png,000159 (2).png,large.cell.carcinoma,1,train,large.cell.carcinoma,7e4250b844f1b0d27e4d0841ce078c39,10464472821325771129,146,leakage_controlled_image_group
C:\Users\shrey\Downloads\MIP_project_part2\Lung-Cancer-Classification-\Data\test\large.cell.carcinoma\000159.png,000159.png,large.cell.carcinoma,1,test,large.cell.carcinoma,2dd8f7df1d3189fb1292a0dac672d8a7,10459406443500824883,147,leakage_controlled_image_group
C:\Users\shrey\Downloads\MIP_project_part2\Lung-Cancer-Classification-\Data\test\large.cell.carcinoma\000160.png,000160.png,large.cell.carcinoma,1,train,large.cell.carcinoma,86af8591ea92f1a41f0a451e50003d9a,9349611465440042606,129,leakage_controlled_image_group
C:\Users\shrey\Downloads\MIP_project_part2\Lung-Cancer-Classification-\Data\test\large.cell.carcinoma\000162.png,000162.png,large.cell.carcinoma,1,train,large.cell.carcinoma,4cf87a9318adc4d9d920e2a79c80736f,11038436784547966074,148,leakage_controlled_image_group
C:\Users\shrey\Downloads\MIP_project_part2\Lung-Cancer-Classification-\Data\test\large.cell.carcinoma\000163.png,000163.png,large.cell.carcinoma,1,train,large.cell.carcinoma,edf02496906c5b203c98400d50c6a99d,10495742935203199337,49,leakage_controlled_image_group
C:\Users\shrey\Downloads\MIP_project_part2\Lung-Cancer-Classification-\Data\test\large.cell.carcinoma\000169.png,000169.png,large.cell.carcinoma,1,train,large.cell.carcinoma,2d99c9672e92c3c04eaca62cb3f96c5a,9349787864040961662,149,leakage_controlled_image_group
C:\Users\shrey\Downloads\MIP_project_part2\Lung-Cancer-Classification-\Data\test\large.cell.carcinoma\000170.png,000170.png,large.cell.carcinoma,1,train,large.cell.carcinoma,8dfa6913863c197b19fb13edf8d13f3b,9363369099179662198,150,leakage_controlled_image_group
C:\Users\shrey\Downloads\MIP_project_part2\Lung-Cancer-Classification-\Data\test\large.cell.carcinoma\000171.png,000171.png,large.cell.carcinoma,1,train,large.cell.carcinoma,9d88556015a453f5c29801e166b3af03,10518533543495887209,151,leakage_controlled_image_group
C:\Users\shrey\Downloads\MIP_project_part2\Lung-Cancer-Classification-\Data\test\large.cell.carcinoma\000172 (2).png,000172 (2).png,large.cell.carcinoma,1,train,large.cell.carcinoma,c83c0d88cdf9abf4e8c2ba804781e1a2,10462256416300083322,152,leakage_controlled_image_group
C:\Users\shrey\Downloads\MIP_project_part2\Lung-Cancer-Classification-\Data\test\large.cell.carcinoma\000172.png,000172.png,large.cell.carcinoma,1,train,large.cell.carcinoma,d30464cb3a99e62f34c616c31d4f6d85,15286136285124508721,153,leakage_controlled_image_group
C:\Users\shrey\Downloads\MIP_project_part2\Lung-Cancer-Classification-\Data\test\large.cell.carcinoma\000173 (2).png,000173 (2).png,large.cell.carcinoma,1,test,large.cell.carcinoma,7b695cf014a66f3405c7945e882191b6,9361944119627164984,154,leakage_controlled_image_group
C:\Users\shrey\Downloads\MIP_project_part2\Lung-Cancer-Classification-\Data\test\large.cell.carcinoma\000173.png,000173.png,large.cell.carcinoma,1,train,large.cell.carcinoma,89f85d65d9eef39adeea82ff13f1f6e0,15326703659950750769,155,leakage_controlled_image_group
C:\Users\shrey\Downloads\MIP_project_part2\Lung-Cancer-Classification-\Data\test\large.cell.carcinoma\000174.png,000174.png,large.cell.carcinoma,1,test,large.cell.carcinoma,b79b115cc72d0f213025efa69c1ddcf7,10464481551903766585,156,leakage_controlled_image_group
C:\Users\shrey\Downloads\MIP_project_part2\Lung-Cancer-Classification-\Data\test\normal\10 (2) - Copy.png,10 (2) - Copy.png,normal,2,train,normal,5f468089b5597b4873412a1562d1c830,15062103382870748628,157,leakage_controlled_image_group
C:\Users\shrey\Downloads\MIP_project_part2\Lung-Cancer-Classification-\Data\test\normal\10 (2).png,10 (2).png,normal,2,train,normal,5f468089b5597b4873412a1562d1c830,15062103382870748628,157,leakage_controlled_image_group
C:\Users\shrey\Downloads\MIP_project_part2\Lung-Cancer-Classification-\Data\test\normal\10 - Copy (2) - Copy.png,10 - Copy (2) - Copy.png,normal,2,train,normal,60649ff70c9ea03e0ab227620379026f,15062098993414172116,157,leakage_controlled_image_group
C:\Users\shrey\Downloads\MIP_project_part2\Lung-Cancer-Classification-\Data\test\normal\10 - Copy (2).png,10 - Copy (2).png,normal,2,train,normal,60649ff70c9ea03e0ab227620379026f,15062098993414172116,157,leakage_controlled_image_group
C:\Users\shrey\Downloads\MIP_project_part2\Lung-Cancer-Classification-\Data\test\normal\10 - Copy (3).png,10 - Copy (3).png,normal,2,train,normal,6d22297f0784fb1a73b92a772fbddd26,15062098993414172116,157,leakage_controlled_image_group
C:\Users\shrey\Downloads\MIP_project_part2\Lung-Cancer-Classification-\Data\test\normal\10 - Copy - Copy.png,10 - Copy - Copy.png,normal,2,train,normal,fc2e5247b58037186b2bd164431e9ac3,15062098993414172116,157,leakage_controlled_image_group
C:\Users\shrey\Downloads\MIP_project_part2\Lung-Cancer-Classification-\Data\test\normal\10 - Copy.png,10 - Copy.png,normal,2,train,normal,fc2e5247b58037186b2bd164431e9ac3,15062098993414172116,157,leakage_controlled_image_group
C:\Users\shrey\Downloads\MIP_project_part2\Lung-Cancer-Classification-\Data\test\normal\10.png,10.png,normal,2,train,normal,6d22297f0784fb1a73b92a772fbddd26,15062098993414172116,157,leakage_controlled_image_group
C:\Users\shrey\Downloads\MIP_project_part2\Lung-Cancer-Classification-\Data\test\normal\11 (2) - Copy.png,11 (2) - Copy.png,normal,2,train,normal,90ccb4073ded5177d7b9dac7158b928d,11174069961115467410,158,leakage_controlled_image_group
C:\Users\shrey\Downloads\MIP_project_part2\Lung-Cancer-Classification-\Data\test\normal\11 (2).png,11 (2).png,normal,2,train,normal,90ccb4073ded5177d7b9dac7158b928d,11174069961115467410,158,leakage_controlled_image_group
C:\Users\shrey\Downloads\MIP_project_part2\Lung-Cancer-Classification-\Data\test\normal\11 - Copy (2) - Copy.png,11 - Copy (2) - Copy.png,normal,2,train,normal,f967f52c691519d8ffa26d90ac9dc198,11174210698601709206,158,leakage_controlled_image_group
C:\Users\shrey\Downloads\MIP_project_part2\Lung-Cancer-Classification-\Data\test\normal\11 - Copy (2).png,11 - Copy (2).png,normal,2,train,normal,f967f52c691519d8ffa26d90ac9dc198,11174210698601709206,158,leakage_controlled_image_group
C:\Users\shrey\Downloads\MIP_project_part2\Lung-Cancer-Classification-\Data\test\normal\11 - Copy (3).png,11 - Copy (3).png,normal,2,train,normal,2ecce925c81a3efc3d4a964ca57ff650,11174069961115467410,158,leakage_controlled_image_group
C:\Users\shrey\Downloads\MIP_project_part2\Lung-Cancer-Classification-\Data\test\normal\11 - Copy - Copy.png,11 - Copy - Copy.png,normal,2,train,normal,33b01950ff19a2e0fee00ef3670cb01f,11174210698601709206,158,leakage_controlled_image_group
C:\Users\shrey\Downloads\MIP_project_part2\Lung-Cancer-Classification-\Data\test\normal\11 - Copy.png,11 - Copy.png,normal,2,train,normal,33b01950ff19a2e0fee00ef3670cb01f,11174210698601709206,158,leakage_controlled_image_group
C:\Users\shrey\Downloads\MIP_project_part2\Lung-Cancer-Classification-\Data\test\normal\11.png,11.png,normal,2,train,normal,2ecce925c81a3efc3d4a964ca57ff650,11174069961115467410,158,leakage_controlled_image_group
C:\Users\shrey\Downloads\MIP_project_part2\Lung-Cancer-Classification-\Data\test\normal\12 (2) - Copy.png,12 (2) - Copy.png,normal,2,train,normal,e743a19721513313e5d3d6210fd1cfca,11174491074001251990,158,leakage_controlled_image_group
C:\Users\shrey\Downloads\MIP_project_part2\Lung-Cancer-Classification-\Data\test\normal\12 (2).png,12 (2).png,normal,2,train,normal,e743a19721513313e5d3d6210fd1cfca,11174491074001251990,158,leakage_controlled_image_group
C:\Users\shrey\Downloads\MIP_project_part2\Lung-Cancer-Classification-\Data\test\normal\12 - Copy (2) - Copy.png,12 - Copy (2) - Copy.png,normal,2,test,normal,4ebb15aceb4072cb73457cbeadeede2a,11174139213171809942,159,leakage_controlled_image_group
C:\Users\shrey\Downloads\MIP_project_part2\Lung-Cancer-Classification-\Data\test\normal\12 - Copy (2).png,12 - Copy (2).png,normal,2,test,normal,4ebb15aceb4072cb73457cbeadeede2a,11174139213171809942,159,leakage_controlled_image_group
C:\Users\shrey\Downloads\MIP_project_part2\Lung-Cancer-Classification-\Data\test\normal\12 - Copy (3).png,12 - Copy (3).png,normal,2,train,normal,a2beb8d6b18eb00288c5297caea3a7bc,11174209599091650198,158,leakage_controlled_image_group
C:\Users\shrey\Downloads\MIP_project_part2\Lung-Cancer-Classification-\Data\test\normal\12 - Copy - Copy.png,12 - Copy - Copy.png,normal,2,train,normal,3bef55f68e7055e9311f985553e84768,11174209599024545430,158,leakage_controlled_image_group
C:\Users\shrey\Downloads\MIP_project_part2\Lung-Cancer-Classification-\Data\test\normal\12 - Copy.png,12 - Copy.png,normal,2,train,normal,3bef55f68e7055e9311f985553e84768,11174209599024545430,158,leakage_controlled_image_group
C:\Users\shrey\Downloads\MIP_project_part2\Lung-Cancer-Classification-\Data\test\normal\21.png,21.png,normal,2,train,normal,60d4679a62a0ef1f8abcdaa05adb8339,11174069411358588566,158,leakage_controlled_image_group
C:\Users\shrey\Downloads\MIP_project_part2\Lung-Cancer-Classification-\Data\test\normal\22.png,22.png,normal,2,test,normal,f241699d1ef9d1e8048f4e4655ae1d80,15641937733808390744,160,leakage_controlled_image_group
C:\Users\shrey\Downloads\MIP_project_part2\Lung-Cancer-Classification-\Data\test\normal\23.png,23.png,normal,2,test,normal,b716c6d010bb679b0c148a5970ef7cce,11075834893511377819,161,leakage_controlled_image_group
C:\Users\shrey\Downloads\MIP_project_part2\Lung-Cancer-Classification-\Data\test\normal\24 - Copy.png,24 - Copy.png,normal,2,val,normal,178f85a1b3ae2a54b840896401bbfa0a,11041424846131351186,162,leakage_controlled_image_group
C:\Users\shrey\Downloads\MIP_project_part2\Lung-Cancer-Classification-\Data\test\normal\24.png,24.png,normal,2,val,normal,a303e22b593433a3ba1a2f18608d0deb,11041424846131351186,162,leakage_controlled_image_group
C:\Users\shrey\Downloads\MIP_project_part2\Lung-Cancer-Classification-\Data\test\normal\25.png,25.png,normal,2,test,normal,f364675afbb591043817c94b0e93919c,11032487772884315771,163,leakage_controlled_image_group
C:\Users\shrey\Downloads\MIP_project_part2\Lung-Cancer-Classification-\Data\test\normal\6 (2) - Copy.png,6 (2) - Copy.png,normal,2,train,normal,c5b028c8ce7837ec365dfd4606eea527,10489814158908406950,164,leakage_controlled_image_group
C:\Users\shrey\Downloads\MIP_project_part2\Lung-Cancer-Classification-\Data\test\normal\6 (2).png,6 (2).png,normal,2,train,normal,c5b028c8ce7837ec365dfd4606eea527,10489814158908406950,164,leakage_controlled_image_group
C:\Users\shrey\Downloads\MIP_project_part2\Lung-Cancer-Classification-\Data\test\normal\6 - Copy (2) - Copy.png,6 - Copy (2) - Copy.png,normal,2,test,normal,2a22fd805d0db68736491698305c25d8,11066266110659972806,165,leakage_controlled_image_group
C:\Users\shrey\Downloads\MIP_project_part2\Lung-Cancer-Classification-\Data\test\normal\6 - Copy (2).png,6 - Copy (2).png,normal,2,test,normal,2a22fd805d0db68736491698305c25d8,11066266110659972806,165,leakage_controlled_image_group
C:\Users\shrey\Downloads\MIP_project_part2\Lung-Cancer-Classification-\Data\test\normal\6 - Copy (3).png,6 - Copy (3).png,normal,2,train,normal,c5b028c8ce7837ec365dfd4606eea527,10489814158908406950,164,leakage_controlled_image_group
C:\Users\shrey\Downloads\MIP_project_part2\Lung-Cancer-Classification-\Data\test\normal\6 - Copy.png,6 - Copy.png,normal,2,test,normal,2a22fd805d0db68736491698305c25d8,11066266110659972806,165,leakage_controlled_image_group
C:\Users\shrey\Downloads\MIP_project_part2\Lung-Cancer-Classification-\Data\test\normal\6.png,6.png,normal,2,train,normal,c5b028c8ce7837ec365dfd4606eea527,10489814158908406950,164,leakage_controlled_image_group
C:\Users\shrey\Downloads\MIP_project_part2\Lung-Cancer-Classification-\Data\test\normal\7 (2) - Copy.png,7 (2) - Copy.png,normal,2,train,normal,be891546a445986a881ba74696f8a492,15076651274711088155,166,leakage_controlled_image_group
C:\Users\shrey\Downloads\MIP_project_part2\Lung-Cancer-Classification-\Data\test\normal\7 (2).png,7 (2).png,normal,2,train,normal,be891546a445986a881ba74696f8a492,15076651274711088155,166,leakage_controlled_image_group
C:\Users\shrey\Downloads\MIP_project_part2\Lung-Cancer-Classification-\Data\test\normal\7 - Copy (2) - Copy.png,7 - Copy (2) - Copy.png,normal,2,train,normal,81a47ae233d917ad8fa9d66c9f4ba1bd,11030165888129851026,167,leakage_controlled_image_group
C:\Users\shrey\Downloads\MIP_project_part2\Lung-Cancer-Classification-\Data\test\normal\7 - Copy (2).png,7 - Copy (2).png,normal,2,train,normal,81a47ae233d917ad8fa9d66c9f4ba1bd,11030165888129851026,167,leakage_controlled_image_group
C:\Users\shrey\Downloads\MIP_project_part2\Lung-Cancer-Classification-\Data\test\normal\7 - Copy (3).png,7 - Copy (3).png,normal,2,train,normal,be891546a445986a881ba74696f8a492,15076651274711088155,166,leakage_controlled_image_group
C:\Users\shrey\Downloads\MIP_project_part2\Lung-Cancer-Classification-\Data\test\normal\7 - Copy - Copy.png,7 - Copy - Copy.png,normal,2,train,normal,81a47ae233d917ad8fa9d66c9f4ba1bd,11030165888129851026,167,leakage_controlled_image_group
C:\Users\shrey\Downloads\MIP_project_part2\Lung-Cancer-Classification-\Data\test\normal\7 - Copy.png,7 - Copy.png,normal,2,train,normal,81a47ae233d917ad8fa9d66c9f4ba1bd,11030165888129851026,167,leakage_controlled_image_group
C:\Users\shrey\Downloads\MIP_project_part2\Lung-Cancer-Classification-\Data\test\normal\7.png,7.png,normal,2,train,normal,be891546a445986a881ba74696f8a492,15076651274711088155,166,leakage_controlled_image_group
C:\Users\shrey\Downloads\MIP_project_part2\Lung-Cancer-Classification-\Data\test\normal\8 (2) - Copy.png,8 (2) - Copy.png,normal,2,train,normal,ce93bacfa74548a4966d093038f44edd,10958037901460293294,168,leakage_controlled_image_group
C:\Users\shrey\Downloads\MIP_project_part2\Lung-Cancer-Classification-\Data\test\normal\8 (2).png,8 (2).png,normal,2,train,normal,ce93bacfa74548a4966d093038f44edd,10958037901460293294,168,leakage_controlled_image_group
C:\Users\shrey\Downloads\MIP_project_part2\Lung-Cancer-Classification-\Data\test\normal\8 - Copy (2) - Copy.png,8 - Copy (2) - Copy.png,normal,2,train,normal,168fde108ec12eed2d36a98e899500f4,11030095495431112366,168,leakage_controlled_image_group
C:\Users\shrey\Downloads\MIP_project_part2\Lung-Cancer-Classification-\Data\test\normal\8 - Copy (2).png,8 - Copy (2).png,normal,2,train,normal,168fde108ec12eed2d36a98e899500f4,11030095495431112366,168,leakage_controlled_image_group
C:\Users\shrey\Downloads\MIP_project_part2\Lung-Cancer-Classification-\Data\test\normal\8 - Copy (3).png,8 - Copy (3).png,normal,2,train,normal,891f23f1a6dac051a6de34371a00a398,10958037901460293294,168,leakage_controlled_image_group
C:\Users\shrey\Downloads\MIP_project_part2\Lung-Cancer-Classification-\Data\test\normal\8 - Copy - Copy.png,8 - Copy - Copy.png,normal,2,train,normal,168fde108ec12eed2d36a98e899500f4,11030095495431112366,168,leakage_controlled_image_group
C:\Users\shrey\Downloads\MIP_project_part2\Lung-Cancer-Classification-\Data\test\normal\8 - Copy.png,8 - Copy.png,normal,2,train,normal,168fde108ec12eed2d36a98e899500f4,11030095495431112366,168,leakage_controlled_image_group
C:\Users\shrey\Downloads\MIP_project_part2\Lung-Cancer-Classification-\Data\test\normal\8.png,8.png,normal,2,train,normal,891f23f1a6dac051a6de34371a00a398,10958037901460293294,168,leakage_controlled_image_group
C:\Users\shrey\Downloads\MIP_project_part2\Lung-Cancer-Classification-\Data\test\normal\normal - Copy.png,normal - Copy.png,normal,2,val,normal,8eb20c148627718e9243aa591add61f1,11039735796813683346,169,leakage_controlled_image_group
C:\Users\shrey\Downloads\MIP_project_part2\Lung-Cancer-Classification-\Data\test\normal\normal.png,normal.png,normal,2,val,normal,ddd5983d4de2afc0720ca32a9b6bf23c,11038681399046060385,170,leakage_controlled_image_group
C:\Users\shrey\Downloads\MIP_project_part2\Lung-Cancer-Classification-\Data\test\squamous.cell.carcinoma\000108 (6).png,000108 (6).png,squamous.cell.carcinoma,3,train,squamous.cell.carcinoma,df07538efdbaef2c2938894ab4ba67b0,15100937638820674148,171,leakage_controlled_image_group
C:\Users\shrey\Downloads\MIP_project_part2\Lung-Cancer-Classification-\Data\test\squamous.cell.carcinoma\000110 (2).png,000110 (2).png,squamous.cell.carcinoma,3,train,squamous.cell.carcinoma,b5ece9dce49a28d988f499bc25baca23,10509552797728258408,172,leakage_controlled_image_group
C:\Users\shrey\Downloads\MIP_project_part2\Lung-Cancer-Classification-\Data\test\squamous.cell.carcinoma\000111.png,000111.png,squamous.cell.carcinoma,3,train,squamous.cell.carcinoma,948ebf4a67dbb247b4af627be11a97bc,10489533134834383908,173,leakage_controlled_image_group
C:\Users\shrey\Downloads\MIP_project_part2\Lung-Cancer-Classification-\Data\test\squamous.cell.carcinoma\000112.png,000112.png,squamous.cell.carcinoma,3,train,squamous.cell.carcinoma,f4119494c7eda9e78e191b709a7d0570,9339724932029500449,174,leakage_controlled_image_group
C:\Users\shrey\Downloads\MIP_project_part2\Lung-Cancer-Classification-\Data\test\squamous.cell.carcinoma\000114 (2).png,000114 (2).png,squamous.cell.carcinoma,3,train,squamous.cell.carcinoma,3fcec92e6c55aa1f4676e911317769cf,10489866686394936372,175,leakage_controlled_image_group
C:\Users\shrey\Downloads\MIP_project_part2\Lung-Cancer-Classification-\Data\test\squamous.cell.carcinoma\000114 (3).png,000114 (3).png,squamous.cell.carcinoma,3,test,squamous.cell.carcinoma,99fbb1e553e0065f13848e65c6983b91,15339342821997621149,176,leakage_controlled_image_group
C:\Users\shrey\Downloads\MIP_project_part2\Lung-Cancer-Classification-\Data\test\squamous.cell.carcinoma\000115 (4).png,000115 (4).png,squamous.cell.carcinoma,3,train,squamous.cell.carcinoma,2079a8679479eb171d409a72206109c5,15340178715880144187,177,leakage_controlled_image_group
C:\Users\shrey\Downloads\MIP_project_part2\Lung-Cancer-Classification-\Data\test\squamous.cell.carcinoma\000115 (5).png,000115 (5).png,squamous.cell.carcinoma,3,test,squamous.cell.carcinoma,45b0f42d86cdae5f181508878be0ba39,10707945579286047886,178,leakage_controlled_image_group
C:\Users\shrey\Downloads\MIP_project_part2\Lung-Cancer-Classification-\Data\test\squamous.cell.carcinoma\000116 (5).png,000116 (5).png,squamous.cell.carcinoma,3,test,squamous.cell.carcinoma,92fe7cc9da0eaf0acb3a8b652e7e0561,10419460125013978168,179,leakage_controlled_image_group
C:\Users\shrey\Downloads\MIP_project_part2\Lung-Cancer-Classification-\Data\test\squamous.cell.carcinoma\000117 (2).png,000117 (2).png,squamous.cell.carcinoma,3,train,squamous.cell.carcinoma,41ac6484458210279461a27a00530822,10800840851302812780,180,leakage_controlled_image_group
C:\Users\shrey\Downloads\MIP_project_part2\Lung-Cancer-Classification-\Data\test\squamous.cell.carcinoma\000117 (3).png,000117 (3).png,squamous.cell.carcinoma,3,train,squamous.cell.carcinoma,1e3ee90e85d199bfc77e970971251c0d,10804230091534176101,181,leakage_controlled_image_group
C:\Users\shrey\Downloads\MIP_project_part2\Lung-Cancer-Classification-\Data\test\squamous.cell.carcinoma\000117 (5).png,000117 (5).png,squamous.cell.carcinoma,3,train,squamous.cell.carcinoma,5457ee78a37fa908c5daf6f69641c029,9271024078322291576,182,leakage_controlled_image_group
C:\Users\shrey\Downloads\MIP_project_part2\Lung-Cancer-Classification-\Data\test\squamous.cell.carcinoma\000118 (3).png,000118 (3).png,squamous.cell.carcinoma,3,test,squamous.cell.carcinoma,81289fc7e79dba93f49a4e93968ad8d9,14182428689782696367,183,leakage_controlled_image_group
C:\Users\shrey\Downloads\MIP_project_part2\Lung-Cancer-Classification-\Data\test\squamous.cell.carcinoma\000118 (4).png,000118 (4).png,squamous.cell.carcinoma,3,train,squamous.cell.carcinoma,a10bd1a7740ee698f4c5121fad66e994,9358583677893459257,184,leakage_controlled_image_group
C:\Users\shrey\Downloads\MIP_project_part2\Lung-Cancer-Classification-\Data\test\squamous.cell.carcinoma\000119 (4).png,000119 (4).png,squamous.cell.carcinoma,3,train,squamous.cell.carcinoma,701755bbf4ef770869108491cc1fe4f0,10422252322189634619,185,leakage_controlled_image_group
C:\Users\shrey\Downloads\MIP_project_part2\Lung-Cancer-Classification-\Data\test\squamous.cell.carcinoma\000119.png,000119.png,squamous.cell.carcinoma,3,train,squamous.cell.carcinoma,79026a296b60d4dfbd646146abe57059,10489251625544064617,186,leakage_controlled_image_group
C:\Users\shrey\Downloads\MIP_project_part2\Lung-Cancer-Classification-\Data\test\squamous.cell.carcinoma\000120 (2).png,000120 (2).png,squamous.cell.carcinoma,3,train,squamous.cell.carcinoma,4f4aa3af8fb0fe665c91599375683963,11067673906584104044,187,leakage_controlled_image_group
C:\Users\shrey\Downloads\MIP_project_part2\Lung-Cancer-Classification-\Data\test\squamous.cell.carcinoma\000120 (3).png,000120 (3).png,squamous.cell.carcinoma,3,train,squamous.cell.carcinoma,ae8df7780c78dd5bda42ae2803365c85,15343846146401062756,188,leakage_controlled_image_group
C:\Users\shrey\Downloads\MIP_project_part2\Lung-Cancer-Classification-\Data\test\squamous.cell.carcinoma\000120 (5).png,000120 (5).png,squamous.cell.carcinoma,3,test,squamous.cell.carcinoma,941d11802aa876708f227ae6a25420c6,10419714825177162876,189,leakage_controlled_image_group
C:\Users\shrey\Downloads\MIP_project_part2\Lung-Cancer-Classification-\Data\test\squamous.cell.carcinoma\000121 (5).png,000121 (5).png,squamous.cell.carcinoma,3,train,squamous.cell.carcinoma,fe6e2911a1206849c2050de6959f6e65,10419715203138534456,190,leakage_controlled_image_group
C:\Users\shrey\Downloads\MIP_project_part2\Lung-Cancer-Classification-\Data\test\squamous.cell.carcinoma\000121.png,000121.png,squamous.cell.carcinoma,3,val,squamous.cell.carcinoma,d4cca00cb237ce74787193fc975eb5cd,9335221601911348840,191,leakage_controlled_image_group
C:\Users\shrey\Downloads\MIP_project_part2\Lung-Cancer-Classification-\Data\test\squamous.cell.carcinoma\000122 (6).png,000122 (6).png,squamous.cell.carcinoma,3,test,squamous.cell.carcinoma,12e75ac06499d84e9d2cb748e366530b,9345337315057949308,192,leakage_controlled_image_group
C:\Users\shrey\Downloads\MIP_project_part2\Lung-Cancer-Classification-\Data\test\squamous.cell.carcinoma\000122.png,000122.png,squamous.cell.carcinoma,3,train,squamous.cell.carcinoma,cf761ccc2706b04322124713a2889b46,10489269252040334892,193,leakage_controlled_image_group
C:\Users\shrey\Downloads\MIP_project_part2\Lung-Cancer-Classification-\Data\test\squamous.cell.carcinoma\000124 (4).png,000124 (4).png,squamous.cell.carcinoma,3,train,squamous.cell.carcinoma,19eb7c157eb863c77daf638e387b4b5b,15340178715888544827,177,leakage_controlled_image_group
C:\Users\shrey\Downloads\MIP_project_part2\Lung-Cancer-Classification-\Data\test\squamous.cell.carcinoma\000124 (5).png,000124 (5).png,squamous.cell.carcinoma,3,train,squamous.cell.carcinoma,ef38008cbc934852b51919d1332fc7d0,10729900412914068588,194,leakage_controlled_image_group
C:\Users\shrey\Downloads\MIP_project_part2\Lung-Cancer-Classification-\Data\test\squamous.cell.carcinoma\000124.png,000124.png,squamous.cell.carcinoma,3,train,squamous.cell.carcinoma,9f33fb1d745606dd5ad9358e37a49261,9338590785802472489,195,leakage_controlled_image_group
C:\Users\shrey\Downloads\MIP_project_part2\Lung-Cancer-Classification-\Data\test\squamous.cell.carcinoma\000125 (2).png,000125 (2).png,squamous.cell.carcinoma,3,val,squamous.cell.carcinoma,c26934b84bd65b07e7344f744bea04f2,11068236470057053284,196,leakage_controlled_image_group
C:\Users\shrey\Downloads\MIP_project_part2\Lung-Cancer-Classification-\Data\test\squamous.cell.carcinoma\000125 (6).png,000125 (6).png,squamous.cell.carcinoma,3,train,squamous.cell.carcinoma,9748b4d342b735de8c29d5776e129dec,15688648387975592041,197,leakage_controlled_image_group
C:\Users\shrey\Downloads\MIP_project_part2\Lung-Cancer-Classification-\Data\test\squamous.cell.carcinoma\000125.png,000125.png,squamous.cell.carcinoma,3,train,squamous.cell.carcinoma,c42a6fb4af76436d4e001de394fd8acc,10491546851976559921,198,leakage_controlled_image_group
C:\Users\shrey\Downloads\MIP_project_part2\Lung-Cancer-Classification-\Data\test\squamous.cell.carcinoma\000126 (4).png,000126 (4).png,squamous.cell.carcinoma,3,train,squamous.cell.carcinoma,b718466ae9fa4a63047e30b10b3afe61,9359146636428393785,184,leakage_controlled_image_group
C:\Users\shrey\Downloads\MIP_project_part2\Lung-Cancer-Classification-\Data\test\squamous.cell.carcinoma\000127 (2).png,000127 (2).png,squamous.cell.carcinoma,3,test,squamous.cell.carcinoma,83f047bc03e5d66710d122d43597e0ae,11268365354525469753,199,leakage_controlled_image_group
C:\Users\shrey\Downloads\MIP_project_part2\Lung-Cancer-Classification-\Data\test\squamous.cell.carcinoma\000127 (6).png,000127 (6).png,squamous.cell.carcinoma,3,train,squamous.cell.carcinoma,c7369102da04a10457bbff0f71b7c0eb,10500510413322090601,200,leakage_controlled_image_group
C:\Users\shrey\Downloads\MIP_project_part2\Lung-Cancer-Classification-\Data\test\squamous.cell.carcinoma\000127.png,000127.png,squamous.cell.carcinoma,3,test,squamous.cell.carcinoma,40f52bd755e671e2aa156bac33294f62,9339725477473577249,201,leakage_controlled_image_group
C:\Users\shrey\Downloads\MIP_project_part2\Lung-Cancer-Classification-\Data\test\squamous.cell.carcinoma\000129 (2).png,000129 (2).png,squamous.cell.carcinoma,3,test,squamous.cell.carcinoma,9c26427385bc9d9038d1efbfd9a31927,9335503210859620451,202,leakage_controlled_image_group
C:\Users\shrey\Downloads\MIP_project_part2\Lung-Cancer-Classification-\Data\test\squamous.cell.carcinoma\000129 (6).png,000129 (6).png,squamous.cell.carcinoma,3,train,squamous.cell.carcinoma,fac0ed61b9f24c848fd9c8e0f319da91,15112126269142817340,203,leakage_controlled_image_group
C:\Users\shrey\Downloads\MIP_project_part2\Lung-Cancer-Classification-\Data\test\squamous.cell.carcinoma\000130 (4).png,000130 (4).png,squamous.cell.carcinoma,3,test,squamous.cell.carcinoma,104dd48d760e9f4cfdb4b10965903e5f,15326140151693536299,204,leakage_controlled_image_group
C:\Users\shrey\Downloads\MIP_project_part2\Lung-Cancer-Classification-\Data\test\squamous.cell.carcinoma\000131 (6).png,000131 (6).png,squamous.cell.carcinoma,3,train,squamous.cell.carcinoma,56866a6d3d0b10996195460ffe9adea2,10706818046423886959,205,leakage_controlled_image_group
C:\Users\shrey\Downloads\MIP_project_part2\Lung-Cancer-Classification-\Data\test\squamous.cell.carcinoma\000132 (4).png,000132 (4).png,squamous.cell.carcinoma,3,test,squamous.cell.carcinoma,cbea5449fcf3168f91243471554693bd,10709954940209146939,206,leakage_controlled_image_group
C:\Users\shrey\Downloads\MIP_project_part2\Lung-Cancer-Classification-\Data\test\squamous.cell.carcinoma\000133 (2).png,000133 (2).png,squamous.cell.carcinoma,3,train,squamous.cell.carcinoma,f0879f8059a526f13092cc7041a51527,11068236882290551916,187,leakage_controlled_image_group
C:\Users\shrey\Downloads\MIP_project_part2\Lung-Cancer-Classification-\Data\test\squamous.cell.carcinoma\000133 (3).png,000133 (3).png,squamous.cell.carcinoma,3,train,squamous.cell.carcinoma,330572663fe0cd3bf2090e3c8169a8ae,11092725173991657069,207,leakage_controlled_image_group
C:\Users\shrey\Downloads\MIP_project_part2\Lung-Cancer-Classification-\Data\test\squamous.cell.carcinoma\000134 (5).png,000134 (5).png,squamous.cell.carcinoma,3,train,squamous.cell.carcinoma,95c5d356e365e780d32cd8814ca5e1ae,10441964374061671788,208,leakage_controlled_image_group
C:\Users\shrey\Downloads\MIP_project_part2\Lung-Cancer-Classification-\Data\test\squamous.cell.carcinoma\000135 (4).png,000135 (4).png,squamous.cell.carcinoma,3,train,squamous.cell.carcinoma,6156645a2c98d518eae430c987975af4,13975600124393104699,209,leakage_controlled_image_group
C:\Users\shrey\Downloads\MIP_project_part2\Lung-Cancer-Classification-\Data\test\squamous.cell.carcinoma\000135.png,000135.png,squamous.cell.carcinoma,3,test,squamous.cell.carcinoma,b8b55e0d660ed1c0af0a821403dd54fc,9642591761887477409,210,leakage_controlled_image_group
C:\Users\shrey\Downloads\MIP_project_part2\Lung-Cancer-Classification-\Data\test\squamous.cell.carcinoma\000136 (4).png,000136 (4).png,squamous.cell.carcinoma,3,test,squamous.cell.carcinoma,0d32a885af16d2425b078429dfe974cf,15033375398178810939,211,leakage_controlled_image_group
C:\Users\shrey\Downloads\MIP_project_part2\Lung-Cancer-Classification-\Data\test\squamous.cell.carcinoma\000136 (6).png,000136 (6).png,squamous.cell.carcinoma,3,train,squamous.cell.carcinoma,7579b55a883bfa53614a17d8deb30917,14259625769304927926,212,leakage_controlled_image_group
C:\Users\shrey\Downloads\MIP_project_part2\Lung-Cancer-Classification-\Data\test\squamous.cell.carcinoma\000137 (3).png,000137 (3).png,squamous.cell.carcinoma,3,train,squamous.cell.carcinoma,055779357461dd5df6ad8f83f895c302,15339376940888431407,213,leakage_controlled_image_group
C:\Users\shrey\Downloads\MIP_project_part2\Lung-Cancer-Classification-\Data\test\squamous.cell.carcinoma\000137.png,000137.png,squamous.cell.carcinoma,3,train,squamous.cell.carcinoma,affac9dc6facb2c57eff4d9d860b4039,15607861982419174956,214,leakage_controlled_image_group
C:\Users\shrey\Downloads\MIP_project_part2\Lung-Cancer-Classification-\Data\test\squamous.cell.carcinoma\000139 (4).png,000139 (4).png,squamous.cell.carcinoma,3,train,squamous.cell.carcinoma,37d802b1b6c704a67826fbb9c7850509,13898467734545394747,215,leakage_controlled_image_group
C:\Users\shrey\Downloads\MIP_project_part2\Lung-Cancer-Classification-\Data\test\squamous.cell.carcinoma\000139 (5).png,000139 (5).png,squamous.cell.carcinoma,3,train,squamous.cell.carcinoma,baaa41df7da96c04795aea1f6544edbc,9271028475307382636,216,leakage_controlled_image_group
C:\Users\shrey\Downloads\MIP_project_part2\Lung-Cancer-Classification-\Data\test\squamous.cell.carcinoma\000139 (6).png,000139 (6).png,squamous.cell.carcinoma,3,val,squamous.cell.carcinoma,eb823588104a72914aee98de15b0625c,11067955376510875705,217,leakage_controlled_image_group
C:\Users\shrey\Downloads\MIP_project_part2\Lung-Cancer-Classification-\Data\test\squamous.cell.carcinoma\000141 (2).png,000141 (2).png,squamous.cell.carcinoma,3,train,squamous.cell.carcinoma,1ee001393a360fa6be294c6606b90eec,10728783257338268780,218,leakage_controlled_image_group
C:\Users\shrey\Downloads\MIP_project_part2\Lung-Cancer-Classification-\Data\test\squamous.cell.carcinoma\000141 (4).png,000141 (4).png,squamous.cell.carcinoma,3,train,squamous.cell.carcinoma,71836663fcdf2eaf2fc5e9e8dc021264,14169278169211939897,219,leakage_controlled_image_group
C:\Users\shrey\Downloads\MIP_project_part2\Lung-Cancer-Classification-\Data\test\squamous.cell.carcinoma\000142 (5).png,000142 (5).png,squamous.cell.carcinoma,3,train,squamous.cell.carcinoma,17629d3cdcce70ca3c8fa3efb9ec8fdb,10423668504870418284,216,leakage_controlled_image_group
C:\Users\shrey\Downloads\MIP_project_part2\Lung-Cancer-Classification-\Data\test\squamous.cell.carcinoma\000142 (6).png,000142 (6).png,squamous.cell.carcinoma,3,train,squamous.cell.carcinoma,9761fa3e49ad8ed7796a6ddf26ead2bb,15112126269128137516,203,leakage_controlled_image_group
C:\Users\shrey\Downloads\MIP_project_part2\Lung-Cancer-Classification-\Data\test\squamous.cell.carcinoma\000144 (5).png,000144 (5).png,squamous.cell.carcinoma,3,train,squamous.cell.carcinoma,87d4f6911768e9c2fc5058f7ede5150a,9269867382422002553,220,leakage_controlled_image_group
C:\Users\shrey\Downloads\MIP_project_part2\Lung-Cancer-Classification-\Data\test\squamous.cell.carcinoma\000145 (6).png,000145 (6).png,squamous.cell.carcinoma,3,train,squamous.cell.carcinoma,7e11c5b04e94261d33acd7f8e3423a18,15112117541806946409,197,leakage_controlled_image_group
C:\Users\shrey\Downloads\MIP_project_part2\Lung-Cancer-Classification-\Data\test\squamous.cell.carcinoma\000146 (6).png,000146 (6).png,squamous.cell.carcinoma,3,train,squamous.cell.carcinoma,60f792c0bf5777eca6dd10b9b27aed45,10995053921203268715,221,leakage_controlled_image_group
C:\Users\shrey\Downloads\MIP_project_part2\Lung-Cancer-Classification-\Data\test\squamous.cell.carcinoma\000148 (3).png,000148 (3).png,squamous.cell.carcinoma,3,val,squamous.cell.carcinoma,564c5bc10b3e472911f5d4dffe9f831d,10497985587562114094,222,leakage_controlled_image_group
C:\Users\shrey\Downloads\MIP_project_part2\Lung-Cancer-Classification-\Data\test\squamous.cell.carcinoma\000148 (4).png,000148 (4).png,squamous.cell.carcinoma,3,train,squamous.cell.carcinoma,0ecf699f211ab00f7b55a70519acc753,15322199536379767963,223,leakage_controlled_image_group
C:\Users\shrey\Downloads\MIP_project_part2\Lung-Cancer-Classification-\Data\test\squamous.cell.carcinoma\000149 (4).png,000149 (4).png,squamous.cell.carcinoma,3,train,squamous.cell.carcinoma,767a7b4faf0a3f3e80135c410e84f307,13975591328295894331,209,leakage_controlled_image_group
C:\Users\shrey\Downloads\MIP_project_part2\Lung-Cancer-Classification-\Data\test\squamous.cell.carcinoma\000151 (6).png,000151 (6).png,squamous.cell.carcinoma,3,train,squamous.cell.carcinoma,b004e29fe5d31bc3a478d170d15dd0b1,13948016134213819244,171,leakage_controlled_image_group
C:\Users\shrey\Downloads\MIP_project_part2\Lung-Cancer-Classification-\Data\test\squamous.cell.carcinoma\000151.png,000151.png,squamous.cell.carcinoma,3,val,squamous.cell.carcinoma,33f86f75e3a6335d9bbaab744879f7d3,10996180362004991020,224,leakage_controlled_image_group
C:\Users\shrey\Downloads\MIP_project_part2\Lung-Cancer-Classification-\Data\test\squamous.cell.carcinoma\000153 (3).png,000153 (3).png,squamous.cell.carcinoma,3,train,squamous.cell.carcinoma,6a014a55b3abd2e18fd945dcb8bc9cc2,13947681312296889774,225,leakage_controlled_image_group
C:\Users\shrey\Downloads\MIP_project_part2\Lung-Cancer-Classification-\Data\test\squamous.cell.carcinoma\000153 (4).png,000153 (4).png,squamous.cell.carcinoma,3,train,squamous.cell.carcinoma,60a1780c575d9e5b67624afa34a425bb,13872049390905338939,226,leakage_controlled_image_group
C:\Users\shrey\Downloads\MIP_project_part2\Lung-Cancer-Classification-\Data\test\squamous.cell.carcinoma\000153.png,000153.png,squamous.cell.carcinoma,3,train,squamous.cell.carcinoma,fd7603f1a3abe4697ee1197d0c1950ab,9335124849216642664,227,leakage_controlled_image_group
C:\Users\shrey\Downloads\MIP_project_part2\Lung-Cancer-Classification-\Data\test\squamous.cell.carcinoma\000154 (2).png,000154 (2).png,squamous.cell.carcinoma,3,train,squamous.cell.carcinoma,7973d7e6cd7772ba453a6f7a7dd53b3a,11068236882290551916,187,leakage_controlled_image_group
C:\Users\shrey\Downloads\MIP_project_part2\Lung-Cancer-Classification-\Data\test\squamous.cell.carcinoma\000154 (3).png,000154 (3).png,squamous.cell.carcinoma,3,test,squamous.cell.carcinoma,10bbc98cca0bdd38c9d211efbfc3269b,9566242941485149495,228,leakage_controlled_image_group
C:\Users\shrey\Downloads\MIP_project_part2\Lung-Cancer-Classification-\Data\test\squamous.cell.carcinoma\000154 (4).png,000154 (4).png,squamous.cell.carcinoma,3,train,squamous.cell.carcinoma,c1639a97282b9a7630d7288a62ab9144,9358839314602945897,229,leakage_controlled_image_group
C:\Users\shrey\Downloads\MIP_project_part2\Lung-Cancer-Classification-\Data\test\squamous.cell.carcinoma\000155 (3).png,000155 (3).png,squamous.cell.carcinoma,3,train,squamous.cell.carcinoma,daa8529e0fb3eedd655e988f9998068a,10516290540432936553,230,leakage_controlled_image_group
C:\Users\shrey\Downloads\MIP_project_part2\Lung-Cancer-Classification-\Data\test\squamous.cell.carcinoma\000155.png,000155.png,squamous.cell.carcinoma,3,train,squamous.cell.carcinoma,101bc1568a57423f36abc484b054af32,10792733692492656695,231,leakage_controlled_image_group
C:\Users\shrey\Downloads\MIP_project_part2\Lung-Cancer-Classification-\Data\test\squamous.cell.carcinoma\000156 (2).png,000156 (2).png,squamous.cell.carcinoma,3,train,squamous.cell.carcinoma,683fa0cf95c6665f6ce336f183fe7b6f,10512631468959214689,232,leakage_controlled_image_group
C:\Users\shrey\Downloads\MIP_project_part2\Lung-Cancer-Classification-\Data\test\squamous.cell.carcinoma\000157 (6).png,000157 (6).png,squamous.cell.carcinoma,3,train,squamous.cell.carcinoma,0f526b231cc6dbca090ebd311d1a32d1,15112117266929032749,233,leakage_controlled_image_group
C:\Users\shrey\Downloads\MIP_project_part2\Lung-Cancer-Classification-\Data\test\squamous.cell.carcinoma\000158 (4).png,000158 (4).png,squamous.cell.carcinoma,3,val,squamous.cell.carcinoma,aa2a66d2962091e804ded747dc9d5164,15339615217257229371,234,leakage_controlled_image_group
C:\Users\shrey\Downloads\MIP_project_part2\Lung-Cancer-Classification-\Data\test\squamous.cell.carcinoma\000158 (6).png,000158 (6).png,squamous.cell.carcinoma,3,train,squamous.cell.carcinoma,949461b94fe53bc6c0ea6df9c6f90fd1,10490667255346904185,235,leakage_controlled_image_group
C:\Users\shrey\Downloads\MIP_project_part2\Lung-Cancer-Classification-\Data\test\squamous.cell.carcinoma\000159 (5).png,000159 (5).png,squamous.cell.carcinoma,3,test,squamous.cell.carcinoma,0eeab09aae6863144c2b7b9e904fd3f6,10722300583175220332,236,leakage_controlled_image_group
C:\Users\shrey\Downloads\MIP_project_part2\Lung-Cancer-Classification-\Data\test\squamous.cell.carcinoma\000160 (4).png,000160 (4).png,squamous.cell.carcinoma,3,train,squamous.cell.carcinoma,e4e7218ed03a711a5a53dad9e37bbdd7,15051952737985653819,185,leakage_controlled_image_group
C:\Users\shrey\Downloads\MIP_project_part2\Lung-Cancer-Classification-\Data\test\squamous.cell.carcinoma\000162 (2).png,000162 (2).png,squamous.cell.carcinoma,3,train,squamous.cell.carcinoma,1deff93872249d655b5b7c9fbc0b1ce4,9358856708984564841,237,leakage_controlled_image_group
C:\Users\shrey\Downloads\MIP_project_part2\Lung-Cancer-Classification-\Data\test\squamous.cell.carcinoma\000162.png,000162.png,squamous.cell.carcinoma,3,train,squamous.cell.carcinoma,845a8e5d20e324c4f6bff847a7ee964c,10996179803660301356,238,leakage_controlled_image_group
C:\Users\shrey\Downloads\MIP_project_part2\Lung-Cancer-Classification-\Data\test\squamous.cell.carcinoma\000163 (4).png,000163 (4).png,squamous.cell.carcinoma,3,train,squamous.cell.carcinoma,c1fcae1a7656b816ff90c488bc7121bb,14169278170217524283,219,leakage_controlled_image_group
C:\Users\shrey\Downloads\MIP_project_part2\Lung-Cancer-Classification-\Data\test\squamous.cell.carcinoma\000163 (5).png,000163 (5).png,squamous.cell.carcinoma,3,train,squamous.cell.carcinoma,de4f083b898097ced8d81e266efd8164,10419715203138532412,190,leakage_controlled_image_group
C:\Users\shrey\Downloads\MIP_project_part2\Lung-Cancer-Classification-\Data\test\squamous.cell.carcinoma\000163 (6).png,000163 (6).png,squamous.cell.carcinoma,3,train,squamous.cell.carcinoma,0ed2b7e1b0ebea1e36164d7590cfbf11,10490605751412095051,239,leakage_controlled_image_group
C:\Users\shrey\Downloads\MIP_project_part2\Lung-Cancer-Classification-\Data\test\squamous.cell.carcinoma\000164 (5).png,000164 (5).png,squamous.cell.carcinoma,3,train,squamous.cell.carcinoma,7dccac25d2d5e0ee8b63073700399bc4,15333986532851437164,240,leakage_controlled_image_group
C:\Users\shrey\Downloads\MIP_project_part2\Lung-Cancer-Classification-\Data\test\squamous.cell.carcinoma\000166 (4).png,000166 (4).png,squamous.cell.carcinoma,3,val,squamous.cell.carcinoma,162659779e14f79095a6c3cf09028205,14196255856219729078,241,leakage_controlled_image_group
C:\Users\shrey\Downloads\MIP_project_part2\Lung-Cancer-Classification-\Data\test\squamous.cell.carcinoma\000167 (2).png,000167 (2).png,squamous.cell.carcinoma,3,train,squamous.cell.carcinoma,e4898188a169effcbd761cea62eb52ca,10727666153433320812,242,leakage_controlled_image_group
C:\Users\shrey\Downloads\MIP_project_part2\Lung-Cancer-Classification-\Data\test\squamous.cell.carcinoma\000168 (2).png,000168 (2).png,squamous.cell.carcinoma,3,test,squamous.cell.carcinoma,a98e1435e13aa092c4c4d75a348c83c4,10960150078997015607,243,leakage_controlled_image_group
C:\Users\shrey\Downloads\MIP_project_part2\Lung-Cancer-Classification-\Data\test\squamous.cell.carcinoma\000169 (6).png,000169 (6).png,squamous.cell.carcinoma,3,train,squamous.cell.carcinoma,ec2c0f0c3738f2693cd102c307f5e641,15131256946837646892,244,leakage_controlled_image_group
C:\Users\shrey\Downloads\MIP_project_part2\Lung-Cancer-Classification-\Data\test\squamous.cell.carcinoma\000170 (2).png,000170 (2).png,squamous.cell.carcinoma,3,train,squamous.cell.carcinoma,a40a649dce805bd798c922a3480df76f,10764815455905129585,245,leakage_controlled_image_group
C:\Users\shrey\Downloads\MIP_project_part2\Lung-Cancer-Classification-\Data\test\squamous.cell.carcinoma\000172 (6).png,000172 (6).png,squamous.cell.carcinoma,3,train,squamous.cell.carcinoma,0b03f77de390d54130a92bfb1c16da38,10706819284447145067,246,leakage_controlled_image_group
C:\Users\shrey\Downloads\MIP_project_part2\Lung-Cancer-Classification-\Data\test\squamous.cell.carcinoma\000174 (3).png,000174 (3).png,squamous.cell.carcinoma,3,train,squamous.cell.carcinoma,f91bad1e194d053b7d5925b9c938e623,9363579841587129654,247,leakage_controlled_image_group
C:\Users\shrey\Downloads\MIP_project_part2\Lung-Cancer-Classification-\Data\test\squamous.cell.carcinoma\000177 (3).png,000177 (3).png,squamous.cell.carcinoma,3,train,squamous.cell.carcinoma,708a39bd1894e51a063c087d290629ac,15411416942740315941,248,leakage_controlled_image_group
C:\Users\shrey\Downloads\MIP_project_part2\Lung-Cancer-Classification-\Data\train\adenocarcinoma_left.lower.lobe_T2_N0_M0_Ib\000000 (6).png,000000 (6).png,adenocarcinoma,0,train,adenocarcinoma_left.lower.lobe_T2_N0_M0_Ib,1ed3cf417b17c12cbc072fa33715d0b2,13924661866773965937,249,leakage_controlled_image_group
C:\Users\shrey\Downloads\MIP_project_part2\Lung-Cancer-Classification-\Data\train\adenocarcinoma_left.lower.lobe_T2_N0_M0_Ib\000005 (3).png,000005 (3).png,adenocarcinoma,0,test,adenocarcinoma_left.lower.lobe_T2_N0_M0_Ib,2985924b8ecbb9da940b1b63e123a520,15656208555278367027,250,leakage_controlled_image_group
C:\Users\shrey\Downloads\MIP_project_part2\Lung-Cancer-Classification-\Data\train\adenocarcinoma_left.lower.lobe_T2_N0_M0_Ib\000005 (9).png,000005 (9).png,adenocarcinoma,0,val,adenocarcinoma_left.lower.lobe_T2_N0_M0_Ib,369dde630f43d2fbcc45873f42719c51,15346092976523603087,251,leakage_controlled_image_group
C:\Users\shrey\Downloads\MIP_project_part2\Lung-Cancer-Classification-\Data\train\adenocarcinoma_left.lower.lobe_T2_N0_M0_Ib\000008 (10).png,000008 (10).png,adenocarcinoma,0,train,adenocarcinoma_left.lower.lobe_T2_N0_M0_Ib,5a1362f79501c0a629867100c48f69f1,14154552272475352220,252,leakage_controlled_image_group
C:\Users\shrey\Downloads\MIP_project_part2\Lung-Cancer-Classification-\Data\train\adenocarcinoma_left.lower.lobe_T2_N0_M0_Ib\000009 (3).png,000009 (3).png,adenocarcinoma,0,train,adenocarcinoma_left.lower.lobe_T2_N0_M0_Ib,1c1b2b1f8fbffb173f7d841956cdd9f4,10957898286704111281,253,leakage_controlled_image_group
C:\Users\shrey\Downloads\MIP_project_part2\Lung-Cancer-Classification-\Data\train\adenocarcinoma_left.lower.lobe_T2_N0_M0_Ib\000009 (7).png,000009 (7).png,adenocarcinoma,0,train,adenocarcinoma_left.lower.lobe_T2_N0_M0_Ib,626bd6363e427d7738d6241403ae6186,14203811076565645539,254,leakage_controlled_image_group
C:\Users\shrey\Downloads\MIP_project_part2\Lung-Cancer-Classification-\Data\train\adenocarcinoma_left.lower.lobe_T2_N0_M0_Ib\000013 (4).png,000013 (4).png,adenocarcinoma,0,test,adenocarcinoma_left.lower.lobe_T2_N0_M0_Ib,39ba58c8d055a428dd5395337be8c3a6,10498532181918841402,255,leakage_controlled_image_group
C:\Users\shrey\Downloads\MIP_project_part2\Lung-Cancer-Classification-\Data\train\adenocarcinoma_left.lower.lobe_T2_N0_M0_Ib\000013 (8).png,000013 (8).png,adenocarcinoma,0,val,adenocarcinoma_left.lower.lobe_T2_N0_M0_Ib,f4f770ff035161f4c0553e518771a7ec,15569532620502744612,256,leakage_controlled_image_group
C:\Users\shrey\Downloads\MIP_project_part2\Lung-Cancer-Classification-\Data\train\adenocarcinoma_left.lower.lobe_T2_N0_M0_Ib\000014 (7).png,000014 (7).png,adenocarcinoma,0,train,adenocarcinoma_left.lower.lobe_T2_N0_M0_Ib,4d21c96c54f5ac573bfde3ecab83c033,13915593336733399860,257,leakage_controlled_image_group
C:\Users\shrey\Downloads\MIP_project_part2\Lung-Cancer-Classification-\Data\train\adenocarcinoma_left.lower.lobe_T2_N0_M0_Ib\000015 (10).png,000015 (10).png,adenocarcinoma,0,train,adenocarcinoma_left.lower.lobe_T2_N0_M0_Ib,a5292b7e06454812c63639cc9b0b85ca,10954803157954755177,258,leakage_controlled_image_group
C:\Users\shrey\Downloads\MIP_project_part2\Lung-Cancer-Classification-\Data\train\adenocarcinoma_left.lower.lobe_T2_N0_M0_Ib\000015 (4).png,000015 (4).png,adenocarcinoma,0,test,adenocarcinoma_left.lower.lobe_T2_N0_M0_Ib,28fc90d52d8d2bc399fb205087da0f9d,10497969231517612123,259,leakage_controlled_image_group
C:\Users\shrey\Downloads\MIP_project_part2\Lung-Cancer-Classification-\Data\train\adenocarcinoma_left.lower.lobe_T2_N0_M0_Ib\000015 (9).png,000015 (9).png,adenocarcinoma,0,train,adenocarcinoma_left.lower.lobe_T2_N0_M0_Ib,f8f2b0a139bda40bc0ce9166e1a07a55,9361398427672867226,260,leakage_controlled_image_group
C:\Users\shrey\Downloads\MIP_project_part2\Lung-Cancer-Classification-\Data\train\adenocarcinoma_left.lower.lobe_T2_N0_M0_Ib\000016 (9).png,000016 (9).png,adenocarcinoma,0,train,adenocarcinoma_left.lower.lobe_T2_N0_M0_Ib,af873eb7d291660fd1fe4191d8105bb4,15670911938526006223,261,leakage_controlled_image_group
C:\Users\shrey\Downloads\MIP_project_part2\Lung-Cancer-Classification-\Data\train\adenocarcinoma_left.lower.lobe_T2_N0_M0_Ib\000017 (6).png,000017 (6).png,adenocarcinoma,0,train,adenocarcinoma_left.lower.lobe_T2_N0_M0_Ib,85f9dcdfcb0c4523dfb48c1355ff38e1,15329481902467525710,262,leakage_controlled_image_group
C:\Users\shrey\Downloads\MIP_project_part2\Lung-Cancer-Classification-\Data\train\adenocarcinoma_left.lower.lobe_T2_N0_M0_Ib\000017 (8).png,000017 (8).png,adenocarcinoma,0,test,adenocarcinoma_left.lower.lobe_T2_N0_M0_Ib,b403117b9559a943244bfab7aa5f2264,15298466423280971316,263,leakage_controlled_image_group
C:\Users\shrey\Downloads\MIP_project_part2\Lung-Cancer-Classification-\Data\train\adenocarcinoma_left.lower.lobe_T2_N0_M0_Ib\000018 (5).png,000018 (5).png,adenocarcinoma,0,test,adenocarcinoma_left.lower.lobe_T2_N0_M0_Ib,04498345fde2b17e6517ca86309424d6,14995604830998714955,264,leakage_controlled_image_group
C:\Users\shrey\Downloads\MIP_project_part2\Lung-Cancer-Classification-\Data\train\adenocarcinoma_left.lower.lobe_T2_N0_M0_Ib\000019 (5).png,000019 (5).png,adenocarcinoma,0,train,adenocarcinoma_left.lower.lobe_T2_N0_M0_Ib,e1f7a55f8ad1bb12baec144550a3671c,14776880401610521401,265,leakage_controlled_image_group
C:\Users\shrey\Downloads\MIP_project_part2\Lung-Cancer-Classification-\Data\train\adenocarcinoma_left.lower.lobe_T2_N0_M0_Ib\000020 (10).png,000020 (10).png,adenocarcinoma,0,train,adenocarcinoma_left.lower.lobe_T2_N0_M0_Ib,66245c6c481a14e34e60c11c97f89cf9,15298449123077205197,266,leakage_controlled_image_group
C:\Users\shrey\Downloads\MIP_project_part2\Lung-Cancer-Classification-\Data\train\adenocarcinoma_left.lower.lobe_T2_N0_M0_Ib\000020 (5).png,000020 (5).png,adenocarcinoma,0,val,adenocarcinoma_left.lower.lobe_T2_N0_M0_Ib,22b4c486237f4e3de16a8668956114c7,15085666969408256049,267,leakage_controlled_image_group
C:\Users\shrey\Downloads\MIP_project_part2\Lung-Cancer-Classification-\Data\train\adenocarcinoma_left.lower.lobe_T2_N0_M0_Ib\000020 (6).png,000020 (6).png,adenocarcinoma,0,test,adenocarcinoma_left.lower.lobe_T2_N0_M0_Ib,33db9e8c0a93def7f595696f21938a21,15396758815120178331,268,leakage_controlled_image_group
C:\Users\shrey\Downloads\MIP_project_part2\Lung-Cancer-Classification-\Data\train\adenocarcinoma_left.lower.lobe_T2_N0_M0_Ib\000021 (3).png,000021 (3).png,adenocarcinoma,0,train,adenocarcinoma_left.lower.lobe_T2_N0_M0_Ib,11e12af30a2849542837ae7bcd33bb2b,11030167055133850469,269,leakage_controlled_image_group
C:\Users\shrey\Downloads\MIP_project_part2\Lung-Cancer-Classification-\Data\train\adenocarcinoma_left.lower.lobe_T2_N0_M0_Ib\000021 (4).png,000021 (4).png,adenocarcinoma,0,train,adenocarcinoma_left.lower.lobe_T2_N0_M0_Ib,45204fe06e9f5b185b48969aa769f1fe,10714982024199158107,270,leakage_controlled_image_group
C:\Users\shrey\Downloads\MIP_project_part2\Lung-Cancer-Classification-\Data\train\adenocarcinoma_left.lower.lobe_T2_N0_M0_Ib\000021 (5).png,000021 (5).png,adenocarcinoma,0,test,adenocarcinoma_left.lower.lobe_T2_N0_M0_Ib,64b0644292f09556572aaf720953f469,13978630911271857799,271,leakage_controlled_image_group
C:\Users\shrey\Downloads\MIP_project_part2\Lung-Cancer-Classification-\Data\train\adenocarcinoma_left.lower.lobe_T2_N0_M0_Ib\000021 (6).png,000021 (6).png,adenocarcinoma,0,train,adenocarcinoma_left.lower.lobe_T2_N0_M0_Ib,2f2e773ec6e73fd41fa1728d5b0f4cd3,11026526263167171443,272,leakage_controlled_image_group
C:\Users\shrey\Downloads\MIP_project_part2\Lung-Cancer-Classification-\Data\train\adenocarcinoma_left.lower.lobe_T2_N0_M0_Ib\000021 (8).png,000021 (8).png,adenocarcinoma,0,train,adenocarcinoma_left.lower.lobe_T2_N0_M0_Ib,b8e5c46ddf990cb7af0d2c8bf10039f3,15858021729559132881,273,leakage_controlled_image_group
C:\Users\shrey\Downloads\MIP_project_part2\Lung-Cancer-Classification-\Data\train\adenocarcinoma_left.lower.lobe_T2_N0_M0_Ib\000022 (10).png,000022 (10).png,adenocarcinoma,0,train,adenocarcinoma_left.lower.lobe_T2_N0_M0_Ib,500546b0ddf391007a147fa89c83b89e,15286065121817017585,274,leakage_controlled_image_group
C:\Users\shrey\Downloads\MIP_project_part2\Lung-Cancer-Classification-\Data\train\adenocarcinoma_left.lower.lobe_T2_N0_M0_Ib\000022 (2).png,000022 (2).png,adenocarcinoma,0,train,adenocarcinoma_left.lower.lobe_T2_N0_M0_Ib,74611144d378a45f196a92b5d17f9ff4,15340178304112425251,275,leakage_controlled_image_group
C:\Users\shrey\Downloads\MIP_project_part2\Lung-Cancer-Classification-\Data\train\adenocarcinoma_left.lower.lobe_T2_N0_M0_Ib\000022 (8).png,000022 (8).png,adenocarcinoma,0,test,adenocarcinoma_left.lower.lobe_T2_N0_M0_Ib,d9b352dcd117d51273176ce59d677d5d,15279313300560308593,276,leakage_controlled_image_group
C:\Users\shrey\Downloads\MIP_project_part2\Lung-Cancer-Classification-\Data\train\adenocarcinoma_left.lower.lobe_T2_N0_M0_Ib\000022 (9).png,000022 (9).png,adenocarcinoma,0,train,adenocarcinoma_left.lower.lobe_T2_N0_M0_Ib,fbb5fb62805923351980c9b401d8cfc6,15310905181402381620,277,leakage_controlled_image_group
C:\Users\shrey\Downloads\MIP_project_part2\Lung-Cancer-Classification-\Data\train\adenocarcinoma_left.lower.lobe_T2_N0_M0_Ib\000022.png,000022.png,adenocarcinoma,0,val,adenocarcinoma_left.lower.lobe_T2_N0_M0_Ib,863602cb88a1f3a0ce3c08f8a22de56a,15330045616925584587,278,leakage_controlled_image_group
C:\Users\shrey\Downloads\MIP_project_part2\Lung-Cancer-Classification-\Data\train\adenocarcinoma_left.lower.lobe_T2_N0_M0_Ib\000023 (10).png,000023 (10).png,adenocarcinoma,0,train,adenocarcinoma_left.lower.lobe_T2_N0_M0_Ib,538f97c7a4c2ed66985dc634c279a413,11030238421650389574,279,leakage_controlled_image_group
C:\Users\shrey\Downloads\MIP_project_part2\Lung-Cancer-Classification-\Data\train\adenocarcinoma_left.lower.lobe_T2_N0_M0_Ib\000023 (5).png,000023 (5).png,adenocarcinoma,0,train,adenocarcinoma_left.lower.lobe_T2_N0_M0_Ib,cde6e015a47c57c92f0301e395f4570e,14220681441555282386,280,leakage_controlled_image_group
C:\Users\shrey\Downloads\MIP_project_part2\Lung-Cancer-Classification-\Data\train\adenocarcinoma_left.lower.lobe_T2_N0_M0_Ib\000023 (7).png,000023 (7).png,adenocarcinoma,0,train,adenocarcinoma_left.lower.lobe_T2_N0_M0_Ib,d25ff4a5b3398cfd22cfd9e8a4f2c94f,10473708808099363185,281,leakage_controlled_image_group
C:\Users\shrey\Downloads\MIP_project_part2\Lung-Cancer-Classification-\Data\train\adenocarcinoma_left.lower.lobe_T2_N0_M0_Ib\000023 (9).png,000023 (9).png,adenocarcinoma,0,train,adenocarcinoma_left.lower.lobe_T2_N0_M0_Ib,1da703340a726f72ab29c4533f0937f2,15346094076026318055,282,leakage_controlled_image_group
C:\Users\shrey\Downloads\MIP_project_part2\Lung-Cancer-Classification-\Data\train\adenocarcinoma_left.lower.lobe_T2_N0_M0_Ib\000024 (10).png,000024 (10).png,adenocarcinoma,0,train,adenocarcinoma_left.lower.lobe_T2_N0_M0_Ib,4071ee80da026b39beffc241b5b5734a,9882875047107443301,283,leakage_controlled_image_group
C:\Users\shrey\Downloads\MIP_project_part2\Lung-Cancer-Classification-\Data\train\adenocarcinoma_left.lower.lobe_T2_N0_M0_Ib\000024 (6).png,000024 (6).png,adenocarcinoma,0,test,adenocarcinoma_left.lower.lobe_T2_N0_M0_Ib,211a7b2915e2e63106a915f7272e8f84,11029955873466760049,284,leakage_controlled_image_group
C:\Users\shrey\Downloads\MIP_project_part2\Lung-Cancer-Classification-\Data\train\adenocarcinoma_left.lower.lobe_T2_N0_M0_Ib\000024 (7).png,000024 (7).png,adenocarcinoma,0,train,adenocarcinoma_left.lower.lobe_T2_N0_M0_Ib,8d192386ba6714c217367ae585a8a2dd,13915585098456775014,285,leakage_controlled_image_group
C:\Users\shrey\Downloads\MIP_project_part2\Lung-Cancer-Classification-\Data\train\adenocarcinoma_left.lower.lobe_T2_N0_M0_Ib\000024.png,000024.png,adenocarcinoma,0,test,adenocarcinoma_left.lower.lobe_T2_N0_M0_Ib,452e6d945a74370411b7a887f8f25961,15071091889374247286,286,leakage_controlled_image_group
C:\Users\shrey\Downloads\MIP_project_part2\Lung-Cancer-Classification-\Data\train\adenocarcinoma_left.lower.lobe_T2_N0_M0_Ib\000025 (6).png,000025 (6).png,adenocarcinoma,0,val,adenocarcinoma_left.lower.lobe_T2_N0_M0_Ib,9a0d84692b1a8dffa364f0b48b11f2e0,15329481893675675087,287,leakage_controlled_image_group
C:\Users\shrey\Downloads\MIP_project_part2\Lung-Cancer-Classification-\Data\train\adenocarcinoma_left.lower.lobe_T2_N0_M0_Ib\000026 (10).png,000026 (10).png,adenocarcinoma,0,test,adenocarcinoma_left.lower.lobe_T2_N0_M0_Ib,df4f77b998a3c82611a1bfa66fee16f5,10958180861901290105,288,leakage_controlled_image_group
C:\Users\shrey\Downloads\MIP_project_part2\Lung-Cancer-Classification-\Data\train\adenocarcinoma_left.lower.lobe_T2_N0_M0_Ib\000026 (3).png,000026 (3).png,adenocarcinoma,0,train,adenocarcinoma_left.lower.lobe_T2_N0_M0_Ib,3984deddc6c4540da4210dbd074d5de3,15927616145637251888,289,leakage_controlled_image_group
C:\Users\shrey\Downloads\MIP_project_part2\Lung-Cancer-Classification-\Data\train\adenocarcinoma_left.lower.lobe_T2_N0_M0_Ib\000027 (4).png,000027 (4).png,adenocarcinoma,0,train,adenocarcinoma_left.lower.lobe_T2_N0_M0_Ib,6c934b57bf05fda15426a60d5a6bc2ee,10678671769383876731,290,leakage_controlled_image_group
C:\Users\shrey\Downloads\MIP_project_part2\Lung-Cancer-Classification-\Data\train\adenocarcinoma_left.lower.lobe_T2_N0_M0_Ib\000027 (6).png,000027 (6).png,adenocarcinoma,0,test,adenocarcinoma_left.lower.lobe_T2_N0_M0_Ib,76f69a41e4cbf4ca00f8cb30aa169eb9,15066253154842130992,291,leakage_controlled_image_group
C:\Users\shrey\Downloads\MIP_project_part2\Lung-Cancer-Classification-\Data\train\adenocarcinoma_left.lower.lobe_T2_N0_M0_Ib\000029 (4).png,000029 (4).png,adenocarcinoma,0,train,adenocarcinoma_left.lower.lobe_T2_N0_M0_Ib,7a17534321e62e5f31434db957dc98d5,10714980924686482811,270,leakage_controlled_image_group
C:\Users\shrey\Downloads\MIP_project_part2\Lung-Cancer-Classification-\Data\train\adenocarcinoma_left.lower.lobe_T2_N0_M0_Ib\000029 (5).png,000029 (5).png,adenocarcinoma,0,val,adenocarcinoma_left.lower.lobe_T2_N0_M0_Ib,9602ab53c7aad0dfcc6972961b1a2d4c,14490902924784179833,292,leakage_controlled_image_group
C:\Users\shrey\Downloads\MIP_project_part2\Lung-Cancer-Classification-\Data\train\adenocarcinoma_left.lower.lobe_T2_N0_M0_Ib\000029 (9).png,000029 (9).png,adenocarcinoma,0,test,adenocarcinoma_left.lower.lobe_T2_N0_M0_Ib,f46e644255c1f886ad141360a2987975,15670916332340981549,293,leakage_controlled_image_group
C:\Users\shrey\Downloads\MIP_project_part2\Lung-Cancer-Classification-\Data\train\adenocarcinoma_left.lower.lobe_T2_N0_M0_Ib\000030 (4).png,000030 (4).png,adenocarcinoma,0,train,adenocarcinoma_left.lower.lobe_T2_N0_M0_Ib,61c94e1249ee0fddf20f0b9b96b68eec,10426474571318589563,294,leakage_controlled_image_group
C:\Users\shrey\Downloads\MIP_project_part2\Lung-Cancer-Classification-\Data\train\adenocarcinoma_left.lower.lobe_T2_N0_M0_Ib\000031 (3).png,000031 (3).png,adenocarcinoma,0,test,adenocarcinoma_left.lower.lobe_T2_N0_M0_Ib,847c8ccb34cf9544ac1af8a6c740a355,9326399107210640278,295,leakage_controlled_image_group
C:\Users\shrey\Downloads\MIP_project_part2\Lung-Cancer-Classification-\Data\train\adenocarcinoma_left.lower.lobe_T2_N0_M0_Ib\000032 (8).png,000032 (8).png,adenocarcinoma,0,test,adenocarcinoma_left.lower.lobe_T2_N0_M0_Ib,68b327e344b28115ede7c474dd61d195,14508071572845913313,296,leakage_controlled_image_group
C:\Users\shrey\Downloads\MIP_project_part2\Lung-Cancer-Classification-\Data\train\adenocarcinoma_left.lower.lobe_T2_N0_M0_Ib\000033 (9).png,000033 (9).png,adenocarcinoma,0,train,adenocarcinoma_left.lower.lobe_T2_N0_M0_Ib,b6c293f48fee92ecc302eda9941a5212,15923393906029776684,297,leakage_controlled_image_group
C:\Users\shrey\Downloads\MIP_project_part2\Lung-Cancer-Classification-\Data\train\adenocarcinoma_left.lower.lobe_T2_N0_M0_Ib\000034 (6).png,000034 (6).png,adenocarcinoma,0,val,adenocarcinoma_left.lower.lobe_T2_N0_M0_Ib,262969faaf65ce2d179963e4c01d98c0,15077565792632597606,298,leakage_controlled_image_group
C:\Users\shrey\Downloads\MIP_project_part2\Lung-Cancer-Classification-\Data\train\adenocarcinoma_left.lower.lobe_T2_N0_M0_Ib\000035 (4).png,000035 (4).png,adenocarcinoma,0,train,adenocarcinoma_left.lower.lobe_T2_N0_M0_Ib,c885f7b640a4573fa90e2bbb1e177259,15326667023845584335,299,leakage_controlled_image_group
C:\Users\shrey\Downloads\MIP_project_part2\Lung-Cancer-Classification-\Data\train\adenocarcinoma_left.lower.lobe_T2_N0_M0_Ib\000035 (5).png,000035 (5).png,adenocarcinoma,0,train,adenocarcinoma_left.lower.lobe_T2_N0_M0_Ib,1d09973eef1b14b3a9f670aaee353083,15932053706567924001,300,leakage_controlled_image_group
C:\Users\shrey\Downloads\MIP_project_part2\Lung-Cancer-Classification-\Data\train\adenocarcinoma_left.lower.lobe_T2_N0_M0_Ib\000035 (6).png,000035 (6).png,adenocarcinoma,0,train,adenocarcinoma_left.lower.lobe_T2_N0_M0_Ib,6d844e6266adda741430470cacb44774,11035514788975769955,301,leakage_controlled_image_group
C:\Users\shrey\Downloads\MIP_project_part2\Lung-Cancer-Classification-\Data\train\adenocarcinoma_left.lower.lobe_T2_N0_M0_Ib\000035 (8).png,000035 (8).png,adenocarcinoma,0,val,adenocarcinoma_left.lower.lobe_T2_N0_M0_Ib,e4b42f2c6bd5061159f378f1fcd1404a,14145527962071035124,302,leakage_controlled_image_group
C:\Users\shrey\Downloads\MIP_project_part2\Lung-Cancer-Classification-\Data\train\adenocarcinoma_left.lower.lobe_T2_N0_M0_Ib\000036 (6).png,000036 (6).png,adenocarcinoma,0,train,adenocarcinoma_left.lower.lobe_T2_N0_M0_Ib,91f809ddd31e9602129d8066f70a6844,9348723599891197006,303,leakage_controlled_image_group
C:\Users\shrey\Downloads\MIP_project_part2\Lung-Cancer-Classification-\Data\train\adenocarcinoma_left.lower.lobe_T2_N0_M0_Ib\000036 (7).png,000036 (7).png,adenocarcinoma,0,val,adenocarcinoma_left.lower.lobe_T2_N0_M0_Ib,022f30cca2e5c4d74608f8b3915b32f6,13915584824931547330,304,leakage_controlled_image_group
C:\Users\shrey\Downloads\MIP_project_part2\Lung-Cancer-Classification-\Data\train\adenocarcinoma_left.lower.lobe_T2_N0_M0_Ib\000040 (10).png,000040 (10).png,adenocarcinoma,0,val,adenocarcinoma_left.lower.lobe_T2_N0_M0_Ib,d2ea83b7bf56e055d2cc20eae4567f71,10993925984612662855,305,leakage_controlled_image_group
C:\Users\shrey\Downloads\MIP_project_part2\Lung-Cancer-Classification-\Data\train\adenocarcinoma_left.lower.lobe_T2_N0_M0_Ib\000040 (3).png,000040 (3).png,adenocarcinoma,0,train,adenocarcinoma_left.lower.lobe_T2_N0_M0_Ib,a2fe1f36e0d35658fc6d26942e3f18ae,11026790158849096545,269,leakage_controlled_image_group
C:\Users\shrey\Downloads\MIP_project_part2\Lung-Cancer-Classification-\Data\train\adenocarcinoma_left.lower.lobe_T2_N0_M0_Ib\000040 (5).png,000040 (5).png,adenocarcinoma,0,train,adenocarcinoma_left.lower.lobe_T2_N0_M0_Ib,04583192645eae8cbf658ba6d11ae057,14202667566493539225,306,leakage_controlled_image_group
C:\Users\shrey\Downloads\MIP_project_part2\Lung-Cancer-Classification-\Data\train\adenocarcinoma_left.lower.lobe_T2_N0_M0_Ib\000041 (2).png,000041 (2).png,adenocarcinoma,0,train,adenocarcinoma_left.lower.lobe_T2_N0_M0_Ib,69d9211eb82c48feecfabafc6c9c973f,15376210983709326118,307,leakage_controlled_image_group
C:\Users\shrey\Downloads\MIP_project_part2\Lung-Cancer-Classification-\Data\train\adenocarcinoma_left.lower.lobe_T2_N0_M0_Ib\000041 (4).png,000041 (4).png,adenocarcinoma,0,train,adenocarcinoma_left.lower.lobe_T2_N0_M0_Ib,d5e83aa0632452a00d64fce35ee9c7e2,11291442775968857875,308,leakage_controlled_image_group
C:\Users\shrey\Downloads\MIP_project_part2\Lung-Cancer-Classification-\Data\train\adenocarcinoma_left.lower.lobe_T2_N0_M0_Ib\000041 (7).png,000041 (7).png,adenocarcinoma,0,train,adenocarcinoma_left.lower.lobe_T2_N0_M0_Ib,4923e9a5dfb2976990ae16b2959ad3f9,13915585098454677990,285,leakage_controlled_image_group
C:\Users\shrey\Downloads\MIP_project_part2\Lung-Cancer-Classification-\Data\train\adenocarcinoma_left.lower.lobe_T2_N0_M0_Ib\000041 (8).png,000041 (8).png,adenocarcinoma,0,test,adenocarcinoma_left.lower.lobe_T2_N0_M0_Ib,4dcf2bfefe0a273890b64d0593adaf07,15278183280706088177,309,leakage_controlled_image_group
C:\Users\shrey\Downloads\MIP_project_part2\Lung-Cancer-Classification-\Data\train\adenocarcinoma_left.lower.lobe_T2_N0_M0_Ib\000042 (10).png,000042 (10).png,adenocarcinoma,0,train,adenocarcinoma_left.lower.lobe_T2_N0_M0_Ib,3bd4c54735b64cf6872563035e00f9f3,11002651702440812228,310,leakage_controlled_image_group
C:\Users\shrey\Downloads\MIP_project_part2\Lung-Cancer-Classification-\Data\train\adenocarcinoma_left.lower.lobe_T2_N0_M0_Ib\000044 (10).png,000044 (10).png,adenocarcinoma,0,train,adenocarcinoma_left.lower.lobe_T2_N0_M0_Ib,9c8d50fc6d1d22cca48503639a558599,9531611872049785957,311,leakage_controlled_image_group
C:\Users\shrey\Downloads\MIP_project_part2\Lung-Cancer-Classification-\Data\train\adenocarcinoma_left.lower.lobe_T2_N0_M0_Ib\000044 (9).png,000044 (9).png,adenocarcinoma,0,test,adenocarcinoma_left.lower.lobe_T2_N0_M0_Ib,e7f81a47f4d0ad6d9b2f14c1836137a2,13941550589531664181,312,leakage_controlled_image_group
C:\Users\shrey\Downloads\MIP_project_part2\Lung-Cancer-Classification-\Data\train\adenocarcinoma_left.lower.lobe_T2_N0_M0_Ib\000046 (5).png,000046 (5).png,adenocarcinoma,0,train,adenocarcinoma_left.lower.lobe_T2_N0_M0_Ib,17731bd44f687d9603a8bc2802e0bc5b,14779127803377695604,265,leakage_controlled_image_group
C:\Users\shrey\Downloads\MIP_project_part2\Lung-Cancer-Classification-\Data\train\adenocarcinoma_left.lower.lobe_T2_N0_M0_Ib\000048 (8).png,000048 (8).png,adenocarcinoma,0,train,adenocarcinoma_left.lower.lobe_T2_N0_M0_Ib,a17b50d1ca338029bcec15666ffb1c17,10958128153863395945,313,leakage_controlled_image_group
C:\Users\shrey\Downloads\MIP_project_part2\Lung-Cancer-Classification-\Data\train\adenocarcinoma_left.lower.lobe_T2_N0_M0_Ib\000048.png,000048.png,adenocarcinoma,0,test,adenocarcinoma_left.lower.lobe_T2_N0_M0_Ib,ef758bee61a9351316533070f23a4af6,15303586625859886029,314,leakage_controlled_image_group
C:\Users\shrey\Downloads\MIP_project_part2\Lung-Cancer-Classification-\Data\train\adenocarcinoma_left.lower.lobe_T2_N0_M0_Ib\000049 (5).png,000049 (5).png,adenocarcinoma,0,test,adenocarcinoma_left.lower.lobe_T2_N0_M0_Ib,05b7f43be7d9343826ee4e2fd121acde,15297324013440151479,315,leakage_controlled_image_group
C:\Users\shrey\Downloads\MIP_project_part2\Lung-Cancer-Classification-\Data\train\adenocarcinoma_left.lower.lobe_T2_N0_M0_Ib\000049 (9).png,000049 (9).png,adenocarcinoma,0,train,adenocarcinoma_left.lower.lobe_T2_N0_M0_Ib,99da9df2b77c891b4ffd07ed245e3e6b,13977860582352367421,316,leakage_controlled_image_group
C:\Users\shrey\Downloads\MIP_project_part2\Lung-Cancer-Classification-\Data\train\adenocarcinoma_left.lower.lobe_T2_N0_M0_Ib\000050 (3).png,000050 (3).png,adenocarcinoma,0,val,adenocarcinoma_left.lower.lobe_T2_N0_M0_Ib,f2fb35df97f6107f2616a655563b9219,11029956979710504504,317,leakage_controlled_image_group
C:\Users\shrey\Downloads\MIP_project_part2\Lung-Cancer-Classification-\Data\train\adenocarcinoma_left.lower.lobe_T2_N0_M0_Ib\000050 (5).png,000050 (5).png,adenocarcinoma,0,val,adenocarcinoma_left.lower.lobe_T2_N0_M0_Ib,69bfc84bcdc0a7b188faad0d5d6c7b17,15643819438644862623,318,leakage_controlled_image_group
C:\Users\shrey\Downloads\MIP_project_part2\Lung-Cancer-Classification-\Data\train\adenocarcinoma_left.lower.lobe_T2_N0_M0_Ib\000050 (7).png,000050 (7).png,adenocarcinoma,0,train,adenocarcinoma_left.lower.lobe_T2_N0_M0_Ib,5bb6ec3ee05c08e0df6a0524b8a5f280,14203814924906688867,319,leakage_controlled_image_group
C:\Users\shrey\Downloads\MIP_project_part2\Lung-Cancer-Classification-\Data\train\adenocarcinoma_left.lower.lobe_T2_N0_M0_Ib\000050 (8).png,000050 (8).png,adenocarcinoma,0,train,adenocarcinoma_left.lower.lobe_T2_N0_M0_Ib,5bc3657cbe3afa8179f8295e55b5b6e1,10166620223204522353,320,leakage_controlled_image_group
C:\Users\shrey\Downloads\MIP_project_part2\Lung-Cancer-Classification-\Data\train\adenocarcinoma_left.lower.lobe_T2_N0_M0_Ib\000051 (3).png,000051 (3).png,adenocarcinoma,0,train,adenocarcinoma_left.lower.lobe_T2_N0_M0_Ib,1c6d690cad84e761d614191eccf6c561,11029957530528521876,321,leakage_controlled_image_group
C:\Users\shrey\Downloads\MIP_project_part2\Lung-Cancer-Classification-\Data\train\adenocarcinoma_left.lower.lobe_T2_N0_M0_Ib\000051 (4).png,000051 (4).png,adenocarcinoma,0,train,adenocarcinoma_left.lower.lobe_T2_N0_M0_Ib,0d59b6446f8540e415feedf4522ae762,11255132554706303802,322,leakage_controlled_image_group
C:\Users\shrey\Downloads\MIP_project_part2\Lung-Cancer-Classification-\Data\train\adenocarcinoma_left.lower.lobe_T2_N0_M0_Ib\000052 (10).png,000052 (10).png,adenocarcinoma,0,val,adenocarcinoma_left.lower.lobe_T2_N0_M0_Ib,573c14644893c4082ba69165cf883749,11002510930868457159,323,leakage_controlled_image_group
C:\Users\shrey\Downloads\MIP_project_part2\Lung-Cancer-Classification-\Data\train\adenocarcinoma_left.lower.lobe_T2_N0_M0_Ib\000054 (5).png,000054 (5).png,adenocarcinoma,0,train,adenocarcinoma_left.lower.lobe_T2_N0_M0_Ib,6e50315551aab49788a4c4deaa090558,14490920489747095225,324,leakage_controlled_image_group
C:\Users\shrey\Downloads\MIP_project_part2\Lung-Cancer-Classification-\Data\train\adenocarcinoma_left.lower.lobe_T2_N0_M0_Ib\000054 (6).png,000054 (6).png,adenocarcinoma,0,train,adenocarcinoma_left.lower.lobe_T2_N0_M0_Ib,ce6d866b0eba82df89f5a9b481501685,15077504203602935098,325,leakage_controlled_image_group
C:\Users\shrey\Downloads\MIP_project_part2\Lung-Cancer-Classification-\Data\train\adenocarcinoma_left.lower.lobe_T2_N0_M0_Ib\000054 (7).png,000054 (7).png,adenocarcinoma,0,train,adenocarcinoma_left.lower.lobe_T2_N0_M0_Ib,8fe16fcdef6293df68a8873d21ee5822,14491482903026088394,326,leakage_controlled_image_group
C:\Users\shrey\Downloads\MIP_project_part2\Lung-Cancer-Classification-\Data\train\adenocarcinoma_left.lower.lobe_T2_N0_M0_Ib\000054.png,000054.png,adenocarcinoma,0,train,adenocarcinoma_left.lower.lobe_T2_N0_M0_Ib,64c8bc68da57353aea42a5a8f930e345,15310904356704750460,327,leakage_controlled_image_group
C:\Users\shrey\Downloads\MIP_project_part2\Lung-Cancer-Classification-\Data\train\adenocarcinoma_left.lower.lobe_T2_N0_M0_Ib\000055 (2).png,000055 (2).png,adenocarcinoma,0,test,adenocarcinoma_left.lower.lobe_T2_N0_M0_Ib,46d8be79269a7a7284e519b71f4fe35e,15398724549512428579,328,leakage_controlled_image_group
C:\Users\shrey\Downloads\MIP_project_part2\Lung-Cancer-Classification-\Data\train\adenocarcinoma_left.lower.lobe_T2_N0_M0_Ib\000056 (7).png,000056 (7).png,adenocarcinoma,0,train,adenocarcinoma_left.lower.lobe_T2_N0_M0_Ib,3df0ec5c16302b239c5b22eeb1380001,14487542251199936740,285,leakage_controlled_image_group
C:\Users\shrey\Downloads\MIP_project_part2\Lung-Cancer-Classification-\Data\train\adenocarcinoma_left.lower.lobe_T2_N0_M0_Ib\000057 (2).png,000057 (2).png,adenocarcinoma,0,train,adenocarcinoma_left.lower.lobe_T2_N0_M0_Ib,0c5550571bdd50dedb3e09c368819d18,10516194045846648951,329,leakage_controlled_image_group
C:\Users\shrey\Downloads\MIP_project_part2\Lung-Cancer-Classification-\Data\train\adenocarcinoma_left.lower.lobe_T2_N0_M0_Ib\000057.png,000057.png,adenocarcinoma,0,test,adenocarcinoma_left.lower.lobe_T2_N0_M0_Ib,118b493e3c06b1ab01271f96535be7a8,15329059423179271380,330,leakage_controlled_image_group
C:\Users\shrey\Downloads\MIP_project_part2\Lung-Cancer-Classification-\Data\train\adenocarcinoma_left.lower.lobe_T2_N0_M0_Ib\000058 (4).png,000058 (4).png,adenocarcinoma,0,test,adenocarcinoma_left.lower.lobe_T2_N0_M0_Ib,f0315ec98aa6cb51856f70d84312cc55,10714982039971708730,331,leakage_controlled_image_group
C:\Users\shrey\Downloads\MIP_project_part2\Lung-Cancer-Classification-\Data\train\adenocarcinoma_left.lower.lobe_T2_N0_M0_Ib\000058 (5).png,000058 (5).png,adenocarcinoma,0,train,adenocarcinoma_left.lower.lobe_T2_N0_M0_Ib,6449c514139aba670df93d4024c1eb85,15301844122930195893,332,leakage_controlled_image_group
C:\Users\shrey\Downloads\MIP_project_part2\Lung-Cancer-Classification-\Data\train\adenocarcinoma_left.lower.lobe_T2_N0_M0_Ib\000059 (7).png,000059 (7).png,adenocarcinoma,0,test,adenocarcinoma_left.lower.lobe_T2_N0_M0_Ib,4b8e0e72eeb980c4cb98e6423f0deb26,15644949215629287108,333,leakage_controlled_image_group
C:\Users\shrey\Downloads\MIP_project_part2\Lung-Cancer-Classification-\Data\train\adenocarcinoma_left.lower.lobe_T2_N0_M0_Ib\000061.png,000061.png,adenocarcinoma,0,train,adenocarcinoma_left.lower.lobe_T2_N0_M0_Ib,c116bb0f4baab401ee8884db41b6b56a,15304148794124024164,334,leakage_controlled_image_group
C:\Users\shrey\Downloads\MIP_project_part2\Lung-Cancer-Classification-\Data\train\adenocarcinoma_left.lower.lobe_T2_N0_M0_Ib\000063 (3).png,000063 (3).png,adenocarcinoma,0,train,adenocarcinoma_left.lower.lobe_T2_N0_M0_Ib,9a25343b232af4063f82a09f6d7f8557,9317409122715269734,335,leakage_controlled_image_group
C:\Users\shrey\Downloads\MIP_project_part2\Lung-Cancer-Classification-\Data\train\adenocarcinoma_left.lower.lobe_T2_N0_M0_Ib\000063 (5).png,000063 (5).png,adenocarcinoma,0,train,adenocarcinoma_left.lower.lobe_T2_N0_M0_Ib,b409eae526d2045b85fff64614dfcdea,14507790582114250036,336,leakage_controlled_image_group
C:\Users\shrey\Downloads\MIP_project_part2\Lung-Cancer-Classification-\Data\train\adenocarcinoma_left.lower.lobe_T2_N0_M0_Ib\000063 (7).png,000063 (7).png,adenocarcinoma,0,train,adenocarcinoma_left.lower.lobe_T2_N0_M0_Ib,e6b02568235c4257cbcefbd9553045cc,10474816902116173203,337,leakage_controlled_image_group
C:\Users\shrey\Downloads\MIP_project_part2\Lung-Cancer-Classification-\Data\train\adenocarcinoma_left.lower.lobe_T2_N0_M0_Ib\000065 (3).png,000065 (3).png,adenocarcinoma,0,train,adenocarcinoma_left.lower.lobe_T2_N0_M0_Ib,7329f5a5b58382da86252893556fe686,11026789351386856289,269,leakage_controlled_image_group
C:\Users\shrey\Downloads\MIP_project_part2\Lung-Cancer-Classification-\Data\train\adenocarcinoma_left.lower.lobe_T2_N0_M0_Ib\000065 (8).png,000065 (8).png,adenocarcinoma,0,train,adenocarcinoma_left.lower.lobe_T2_N0_M0_Ib,3a99978c754af0cc0f7eed4f0b4489e7,15279308631924570481,338,leakage_controlled_image_group
C:\Users\shrey\Downloads\MIP_project_part2\Lung-Cancer-Classification-\Data\train\adenocarcinoma_left.lower.lobe_T2_N0_M0_Ib\000065 (9).png,000065 (9).png,adenocarcinoma,0,train,adenocarcinoma_left.lower.lobe_T2_N0_M0_Ib,a9e76942caab0955c883ce335692294e,15346094076026842167,282,leakage_controlled_image_group
C:\Users\shrey\Downloads\MIP_project_part2\Lung-Cancer-Classification-\Data\train\adenocarcinoma_left.lower.lobe_T2_N0_M0_Ib\000066 (10).png,000066 (10).png,adenocarcinoma,0,train,adenocarcinoma_left.lower.lobe_T2_N0_M0_Ib,7702a9cde83d75b5fb898f57fc469aff,9317690795285114065,339,leakage_controlled_image_group
C:\Users\shrey\Downloads\MIP_project_part2\Lung-Cancer-Classification-\Data\train\adenocarcinoma_left.lower.lobe_T2_N0_M0_Ib\000066 (9).png,000066 (9).png,adenocarcinoma,0,val,adenocarcinoma_left.lower.lobe_T2_N0_M0_Ib,e5a2e3ad08f1ae54b50218d9553f1b8c,9365331228032977310,340,leakage_controlled_image_group
C:\Users\shrey\Downloads\MIP_project_part2\Lung-Cancer-Classification-\Data\train\adenocarcinoma_left.lower.lobe_T2_N0_M0_Ib\000067 (10).png,000067 (10).png,adenocarcinoma,0,train,adenocarcinoma_left.lower.lobe_T2_N0_M0_Ib,6b942e569ad3908033823b3d11518e58,9877246578366364517,341,leakage_controlled_image_group
C:\Users\shrey\Downloads\MIP_project_part2\Lung-Cancer-Classification-\Data\train\adenocarcinoma_left.lower.lobe_T2_N0_M0_Ib\000067.png,000067.png,adenocarcinoma,0,val,adenocarcinoma_left.lower.lobe_T2_N0_M0_Ib,872da33e58f289c8be82106bcdc9e6b8,15038999461288635874,342,leakage_controlled_image_group
C:\Users\shrey\Downloads\MIP_project_part2\Lung-Cancer-Classification-\Data\train\adenocarcinoma_left.lower.lobe_T2_N0_M0_Ib\000068 (10).png,000068 (10).png,adenocarcinoma,0,val,adenocarcinoma_left.lower.lobe_T2_N0_M0_Ib,192a235a3c53dd92624b56aeba885cc4,10957899386793524857,343,leakage_controlled_image_group
C:\Users\shrey\Downloads\MIP_project_part2\Lung-Cancer-Classification-\Data\train\adenocarcinoma_left.lower.lobe_T2_N0_M0_Ib\000068 (3).png,000068 (3).png,adenocarcinoma,0,train,adenocarcinoma_left.lower.lobe_T2_N0_M0_Ib,76e7558ebd642a8e5c01df7127e2b44b,11026789351118420837,269,leakage_controlled_image_group
C:\Users\shrey\Downloads\MIP_project_part2\Lung-Cancer-Classification-\Data\train\adenocarcinoma_left.lower.lobe_T2_N0_M0_Ib\000068 (9).png,000068 (9).png,adenocarcinoma,0,train,adenocarcinoma_left.lower.lobe_T2_N0_M0_Ib,6c828af27166862f3a284983997e2d85,15310628092123561267,344,leakage_controlled_image_group
C:\Users\shrey\Downloads\MIP_project_part2\Lung-Cancer-Classification-\Data\train\adenocarcinoma_left.lower.lobe_T2_N0_M0_Ib\000069 (6).png,000069 (6).png,adenocarcinoma,0,test,adenocarcinoma_left.lower.lobe_T2_N0_M0_Ib,97788afeac9d2c6714b2ff90a309712f,15071091863322376571,345,leakage_controlled_image_group
C:\Users\shrey\Downloads\MIP_project_part2\Lung-Cancer-Classification-\Data\train\adenocarcinoma_left.lower.lobe_T2_N0_M0_Ib\000071 (3).png,000071 (3).png,adenocarcinoma,0,train,adenocarcinoma_left.lower.lobe_T2_N0_M0_Ib,8229aa6006e11489c6e94f00d37dd032,11044804557358578273,269,leakage_controlled_image_group
C:\Users\shrey\Downloads\MIP_project_part2\Lung-Cancer-Classification-\Data\train\adenocarcinoma_left.lower.lobe_T2_N0_M0_Ib\000072 (10).png,000072 (10).png,adenocarcinoma,0,train,adenocarcinoma_left.lower.lobe_T2_N0_M0_Ib,97c8635ba9b4adce87d67dd8b079e34c,15029092935818755783,346,leakage_controlled_image_group
C:\Users\shrey\Downloads\MIP_project_part2\Lung-Cancer-Classification-\Data\train\adenocarcinoma_left.lower.lobe_T2_N0_M0_Ib\000074 (5).png,000074 (5).png,adenocarcinoma,0,test,adenocarcinoma_left.lower.lobe_T2_N0_M0_Ib,f14a3fd05dce362364cde999c13033a4,14147502061640318311,347,leakage_controlled_image_group
C:\Users\shrey\Downloads\MIP_project_part2\Lung-Cancer-Classification-\Data\train\adenocarcinoma_left.lower.lobe_T2_N0_M0_Ib\000075 (5).png,000075 (5).png,adenocarcinoma,0,test,adenocarcinoma_left.lower.lobe_T2_N0_M0_Ib,97661ab75460af028958a519da10b468,14488650541398129209,348,leakage_controlled_image_group
C:\Users\shrey\Downloads\MIP_project_part2\Lung-Cancer-Classification-\Data\train\adenocarcinoma_left.lower.lobe_T2_N0_M0_Ib\000077 (6).png,000077 (6).png,adenocarcinoma,0,train,adenocarcinoma_left.lower.lobe_T2_N0_M0_Ib,2f95457cd0e26826a4a683f22c49baf9,15361288159838867355,349,leakage_controlled_image_group
C:\Users\shrey\Downloads\MIP_project_part2\Lung-Cancer-Classification-\Data\train\adenocarcinoma_left.lower.lobe_T2_N0_M0_Ib\000077 (9).png,000077 (9).png,adenocarcinoma,0,train,adenocarcinoma_left.lower.lobe_T2_N0_M0_Ib,fbe8b04501d6dbe4355802bf2715ff84,15310623693542358822,350,leakage_controlled_image_group
C:\Users\shrey\Downloads\MIP_project_part2\Lung-Cancer-Classification-\Data\train\adenocarcinoma_left.lower.lobe_T2_N0_M0_Ib\000078 (6).png,000078 (6).png,adenocarcinoma,0,train,adenocarcinoma_left.lower.lobe_T2_N0_M0_Ib,3c2a58467a36e6cc4b6e84fac05fa146,11026806669764541281,269,leakage_controlled_image_group
C:\Users\shrey\Downloads\MIP_project_part2\Lung-Cancer-Classification-\Data\train\adenocarcinoma_left.lower.lobe_T2_N0_M0_Ib\000079 (6).png,000079 (6).png,adenocarcinoma,0,train,adenocarcinoma_left.lower.lobe_T2_N0_M0_Ib,cace3d2e37a955d275f2dc4680e0c7b2,11031082880938293872,351,leakage_controlled_image_group
C:\Users\shrey\Downloads\MIP_project_part2\Lung-Cancer-Classification-\Data\train\adenocarcinoma_left.lower.lobe_T2_N0_M0_Ib\000080 (10).png,000080 (10).png,adenocarcinoma,0,train,adenocarcinoma_left.lower.lobe_T2_N0_M0_Ib,2d3d5352d4709258b785a484bf98cc74,15350244723034716259,352,leakage_controlled_image_group
C:\Users\shrey\Downloads\MIP_project_part2\Lung-Cancer-Classification-\Data\train\adenocarcinoma_left.lower.lobe_T2_N0_M0_Ib\000080 (6).png,000080 (6).png,adenocarcinoma,0,train,adenocarcinoma_left.lower.lobe_T2_N0_M0_Ib,6ff76477e069ec7586184c8b0de376b3,15289512072786491761,353,leakage_controlled_image_group
C:\Users\shrey\Downloads\MIP_project_part2\Lung-Cancer-Classification-\Data\train\adenocarcinoma_left.lower.lobe_T2_N0_M0_Ib\000081 (2).png,000081 (2).png,adenocarcinoma,0,train,adenocarcinoma_left.lower.lobe_T2_N0_M0_Ib,1fe0ee001e338ae383436f9a846e0d99,10498813102920202567,354,leakage_controlled_image_group
C:\Users\shrey\Downloads\MIP_project_part2\Lung-Cancer-Classification-\Data\train\adenocarcinoma_left.lower.lobe_T2_N0_M0_Ib\000083 (3).png,000083 (3).png,adenocarcinoma,0,test,adenocarcinoma_left.lower.lobe_T2_N0_M0_Ib,bd803c93529fd6201e8b923f79748eb9,10959025269339078193,355,leakage_controlled_image_group
C:\Users\shrey\Downloads\MIP_project_part2\Lung-Cancer-Classification-\Data\train\adenocarcinoma_left.lower.lobe_T2_N0_M0_Ib\000083 (6).png,000083 (6).png,adenocarcinoma,0,test,adenocarcinoma_left.lower.lobe_T2_N0_M0_Ib,63cb0af1ed8c0a5591030b041f9926d1,15073062179573623163,356,leakage_controlled_image_group
C:\Users\shrey\Downloads\MIP_project_part2\Lung-Cancer-Classification-\Data\train\adenocarcinoma_left.lower.lobe_T2_N0_M0_Ib\000084 (2).png,000084 (2).png,adenocarcinoma,0,train,adenocarcinoma_left.lower.lobe_T2_N0_M0_Ib,ad640803e930dc116bfd10e03ba80ff4,10516193769895132343,357,leakage_controlled_image_group
C:\Users\shrey\Downloads\MIP_project_part2\Lung-Cancer-Classification-\Data\train\adenocarcinoma_left.lower.lobe_T2_N0_M0_Ib\000084 (3).png,000084 (3).png,adenocarcinoma,0,train,adenocarcinoma_left.lower.lobe_T2_N0_M0_Ib,227c9a22cd3cef3d9c833944850a6354,11026790178176449057,269,leakage_controlled_image_group
C:\Users\shrey\Downloads\MIP_project_part2\Lung-Cancer-Classification-\Data\train\adenocarcinoma_left.lower.lobe_T2_N0_M0_Ib\000084 (7).png,000084 (7).png,adenocarcinoma,0,train,adenocarcinoma_left.lower.lobe_T2_N0_M0_Ib,c0d4474eef476557522b2e24c98dd374,11031082863892902881,358,leakage_controlled_image_group
C:\Users\shrey\Downloads\MIP_project_part2\Lung-Cancer-Classification-\Data\train\adenocarcinoma_left.lower.lobe_T2_N0_M0_Ib\000084.png,000084.png,adenocarcinoma,0,test,adenocarcinoma_left.lower.lobe_T2_N0_M0_Ib,0c42206e4cef6bd811230ef042b00471,14999030189347584371,359,leakage_controlled_image_group
C:\Users\shrey\Downloads\MIP_project_part2\Lung-Cancer-Classification-\Data\train\adenocarcinoma_left.lower.lobe_T2_N0_M0_Ib\000085 (10).png,000085 (10).png,adenocarcinoma,0,train,adenocarcinoma_left.lower.lobe_T2_N0_M0_Ib,7aa96401b75cef76bb41cbcc6cd1fba7,15350240874744002675,352,leakage_controlled_image_group
C:\Users\shrey\Downloads\MIP_project_part2\Lung-Cancer-Classification-\Data\train\adenocarcinoma_left.lower.lobe_T2_N0_M0_Ib\000085 (4).png,000085 (4).png,adenocarcinoma,0,train,adenocarcinoma_left.lower.lobe_T2_N0_M0_Ib,6377f0bc683f355f9c143a793c2ef4f7,10444488968804661583,360,leakage_controlled_image_group
C:\Users\shrey\Downloads\MIP_project_part2\Lung-Cancer-Classification-\Data\train\adenocarcinoma_left.lower.lobe_T2_N0_M0_Ib\000085 (7).png,000085 (7).png,adenocarcinoma,0,test,adenocarcinoma_left.lower.lobe_T2_N0_M0_Ib,62d646d6e74efb992edd6514e3f72afc,11033333563800173157,361,leakage_controlled_image_group
C:\Users\shrey\Downloads\MIP_project_part2\Lung-Cancer-Classification-\Data\train\adenocarcinoma_left.lower.lobe_T2_N0_M0_Ib\000086 (3).png,000086 (3).png,adenocarcinoma,0,test,adenocarcinoma_left.lower.lobe_T2_N0_M0_Ib,c87278f3b4abccbfa1d5417f06f0f584,11044523632069540197,362,leakage_controlled_image_group
C:\Users\shrey\Downloads\MIP_project_part2\Lung-Cancer-Classification-\Data\train\adenocarcinoma_left.lower.lobe_T2_N0_M0_Ib\000086 (8).png,000086 (8).png,adenocarcinoma,0,test,adenocarcinoma_left.lower.lobe_T2_N0_M0_Ib,12480914f9c31a1d9b5eff46d7d021d8,15277198120435076316,363,leakage_controlled_image_group
C:\Users\shrey\Downloads\MIP_project_part2\Lung-Cancer-Classification-\Data\train\adenocarcinoma_left.lower.lobe_T2_N0_M0_Ib\000087 (4).png,000087 (4).png,adenocarcinoma,0,train,adenocarcinoma_left.lower.lobe_T2_N0_M0_Ib,241ae2a197fc1c519938b16bbce1e26b,10714700549490882875,270,leakage_controlled_image_group
C:\Users\shrey\Downloads\MIP_project_part2\Lung-Cancer-Classification-\Data\train\adenocarcinoma_left.lower.lobe_T2_N0_M0_Ib\000087 (8).png,000087 (8).png,adenocarcinoma,0,train,adenocarcinoma_left.lower.lobe_T2_N0_M0_Ib,99de91ddedd0222ea3a6ad7385fdd5b4,15858038982118751780,364,leakage_controlled_image_group
C:\Users\shrey\Downloads\MIP_project_part2\Lung-Cancer-Classification-\Data\train\adenocarcinoma_left.lower.lobe_T2_N0_M0_Ib\000089 (8).png,000089 (8).png,adenocarcinoma,0,train,adenocarcinoma_left.lower.lobe_T2_N0_M0_Ib,90d4caa1ebad58641b6fe06a46d792c7,10958198453891250800,365,leakage_controlled_image_group
C:\Users\shrey\Downloads\MIP_project_part2\Lung-Cancer-Classification-\Data\train\adenocarcinoma_left.lower.lobe_T2_N0_M0_Ib\000090 (2).png,000090 (2).png,adenocarcinoma,0,test,adenocarcinoma_left.lower.lobe_T2_N0_M0_Ib,83db2baadad9cb779fdc813457e50911,10476295139688855843,366,leakage_controlled_image_group
C:\Users\shrey\Downloads\MIP_project_part2\Lung-Cancer-Classification-\Data\train\adenocarcinoma_left.lower.lobe_T2_N0_M0_Ib\000091 (3).png,000091 (3).png,adenocarcinoma,0,train,adenocarcinoma_left.lower.lobe_T2_N0_M0_Ib,b9a32deaa2cf549e2675317d66d8f290,11029955881262128796,321,leakage_controlled_image_group
C:\Users\shrey\Downloads\MIP_project_part2\Lung-Cancer-Classification-\Data\train\adenocarcinoma_left.lower.lobe_T2_N0_M0_Ib\000091 (7).png,000091 (7).png,adenocarcinoma,0,val,adenocarcinoma_left.lower.lobe_T2_N0_M0_Ib,cd03f1a32486fc112a931859b75970b3,15642767784419275760,367,leakage_controlled_image_group
C:\Users\shrey\Downloads\MIP_project_part2\Lung-Cancer-Classification-\Data\train\adenocarcinoma_left.lower.lobe_T2_N0_M0_Ib\000091.png,000091.png,adenocarcinoma,0,train,adenocarcinoma_left.lower.lobe_T2_N0_M0_Ib,d022951e4829aab1c91c56af984eced8,15326668054105831795,368,leakage_controlled_image_group
C:\Users\shrey\Downloads\MIP_project_part2\Lung-Cancer-Classification-\Data\train\adenocarcinoma_left.lower.lobe_T2_N0_M0_Ib\000092 (10).png,000092 (10).png,adenocarcinoma,0,train,adenocarcinoma_left.lower.lobe_T2_N0_M0_Ib,09933119f160831c3db7982c7c09c9ee,15362625499640379748,369,leakage_controlled_image_group
C:\Users\shrey\Downloads\MIP_project_part2\Lung-Cancer-Classification-\Data\train\adenocarcinoma_left.lower.lobe_T2_N0_M0_Ib\000093 (10).png,000093 (10).png,adenocarcinoma,0,val,adenocarcinoma_left.lower.lobe_T2_N0_M0_Ib,75caee07ef00f1364058da46af16c05d,15376136022845582435,370,leakage_controlled_image_group
C:\Users\shrey\Downloads\MIP_project_part2\Lung-Cancer-Classification-\Data\train\adenocarcinoma_left.lower.lobe_T2_N0_M0_Ib\000093 (4).png,000093 (4).png,adenocarcinoma,0,val,adenocarcinoma_left.lower.lobe_T2_N0_M0_Ib,ee562df135da33d67f11a9ca9b98bd06,11002935322892189459,371,leakage_controlled_image_group
C:\Users\shrey\Downloads\MIP_project_part2\Lung-Cancer-Classification-\Data\train\adenocarcinoma_left.lower.lobe_T2_N0_M0_Ib\000093 (6).png,000093 (6).png,adenocarcinoma,0,train,adenocarcinoma_left.lower.lobe_T2_N0_M0_Ib,974b120e12c1b5f47c3ad3080ef0ea3a,15926701045940239160,372,leakage_controlled_image_group
C:\Users\shrey\Downloads\MIP_project_part2\Lung-Cancer-Classification-\Data\train\adenocarcinoma_left.lower.lobe_T2_N0_M0_Ib\000095 (6).png,000095 (6).png,adenocarcinoma,0,test,adenocarcinoma_left.lower.lobe_T2_N0_M0_Ib,efe359349367d55f3618b17abf85d900,15390509020095462196,373,leakage_controlled_image_group
C:\Users\shrey\Downloads\MIP_project_part2\Lung-Cancer-Classification-\Data\train\adenocarcinoma_left.lower.lobe_T2_N0_M0_Ib\000095.png,000095.png,adenocarcinoma,0,train,adenocarcinoma_left.lower.lobe_T2_N0_M0_Ib,23bce13a83e26934641b245d0008e11b,15304149441595709899,374,leakage_controlled_image_group
C:\Users\shrey\Downloads\MIP_project_part2\Lung-Cancer-Classification-\Data\train\adenocarcinoma_left.lower.lobe_T2_N0_M0_Ib\000096 (7).png,000096 (7).png,adenocarcinoma,0,train,adenocarcinoma_left.lower.lobe_T2_N0_M0_Ib,fbfd5a47b33f8cd2300883c7c544c2b7,10474834158250388849,281,leakage_controlled_image_group
C:\Users\shrey\Downloads\MIP_project_part2\Lung-Cancer-Classification-\Data\train\adenocarcinoma_left.lower.lobe_T2_N0_M0_Ib\000097 (10).png,000097 (10).png,adenocarcinoma,0,train,adenocarcinoma_left.lower.lobe_T2_N0_M0_Ib,80ae8a49a419205e68ed495a1c54db66,15298450609141918838,375,leakage_controlled_image_group
C:\Users\shrey\Downloads\MIP_project_part2\Lung-Cancer-Classification-\Data\train\adenocarcinoma_left.lower.lobe_T2_N0_M0_Ib\000097 (2).png,000097 (2).png,adenocarcinoma,0,train,adenocarcinoma_left.lower.lobe_T2_N0_M0_Ib,a2e9712df7bc14d2ddf5cba59bcdbb51,10511707766748834967,376,leakage_controlled_image_group
C:\Users\shrey\Downloads\MIP_project_part2\Lung-Cancer-Classification-\Data\train\adenocarcinoma_left.lower.lobe_T2_N0_M0_Ib\000097 (3).png,000097 (3).png,adenocarcinoma,0,val,adenocarcinoma_left.lower.lobe_T2_N0_M0_Ib,4014b70c72ce0d88d24a07574e9aa2ff,15065181141288632113,377,leakage_controlled_image_group
C:\Users\shrey\Downloads\MIP_project_part2\Lung-Cancer-Classification-\Data\train\adenocarcinoma_left.lower.lobe_T2_N0_M0_Ib\000098 (5).png,000098 (5).png,adenocarcinoma,0,train,adenocarcinoma_left.lower.lobe_T2_N0_M0_Ib,6f902eda457e021ee4ae26cba1a113dd,13933599217530072422,378,leakage_controlled_image_group
C:\Users\shrey\Downloads\MIP_project_part2\Lung-Cancer-Classification-\Data\train\adenocarcinoma_left.lower.lobe_T2_N0_M0_Ib\000098 (8).png,000098 (8).png,adenocarcinoma,0,train,adenocarcinoma_left.lower.lobe_T2_N0_M0_Ib,f8e7ac4158430ef793784a0edff14ae6,9322194759441804401,379,leakage_controlled_image_group
C:\Users\shrey\Downloads\MIP_project_part2\Lung-Cancer-Classification-\Data\train\adenocarcinoma_left.lower.lobe_T2_N0_M0_Ib\000099 (7).png,000099 (7).png,adenocarcinoma,0,train,adenocarcinoma_left.lower.lobe_T2_N0_M0_Ib,ab5f0860024996b7ab7bfc65d64fc48f,13915585100654590564,285,leakage_controlled_image_group
C:\Users\shrey\Downloads\MIP_project_part2\Lung-Cancer-Classification-\Data\train\adenocarcinoma_left.lower.lobe_T2_N0_M0_Ib\000100 (10).png,000100 (10).png,adenocarcinoma,0,train,adenocarcinoma_left.lower.lobe_T2_N0_M0_Ib,fb44710d397078fc4f6e17d569152574,15893839038311182278,380,leakage_controlled_image_group
C:\Users\shrey\Downloads\MIP_project_part2\Lung-Cancer-Classification-\Data\train\adenocarcinoma_left.lower.lobe_T2_N0_M0_Ib\000101 (7).png,000101 (7).png,adenocarcinoma,0,train,adenocarcinoma_left.lower.lobe_T2_N0_M0_Ib,535260caed0a19b4543d87c51210c9d8,15351089629538643056,381,leakage_controlled_image_group
C:\Users\shrey\Downloads\MIP_project_part2\Lung-Cancer-Classification-\Data\train\adenocarcinoma_left.lower.lobe_T2_N0_M0_Ib\000102 (2).png,000102 (2).png,adenocarcinoma,0,train,adenocarcinoma_left.lower.lobe_T2_N0_M0_Ib,8fe8a6a3a66afcdff33bbc515b28b199,15304078588251569619,382,leakage_controlled_image_group
C:\Users\shrey\Downloads\MIP_project_part2\Lung-Cancer-Classification-\Data\train\adenocarcinoma_left.lower.lobe_T2_N0_M0_Ib\000102 (3).png,000102 (3).png,adenocarcinoma,0,train,adenocarcinoma_left.lower.lobe_T2_N0_M0_Ib,6b3f580981fd1ac5434564eee0300fb9,15353367328801450771,383,leakage_controlled_image_group
C:\Users\shrey\Downloads\MIP_project_part2\Lung-Cancer-Classification-\Data\train\adenocarcinoma_left.lower.lobe_T2_N0_M0_Ib\000102 (7).png,000102 (7).png,adenocarcinoma,0,train,adenocarcinoma_left.lower.lobe_T2_N0_M0_Ib,7dba5eb6a31354599a1de1203dd41f51,13913332740826889077,384,leakage_controlled_image_group
C:\Users\shrey\Downloads\MIP_project_part2\Lung-Cancer-Classification-\Data\train\adenocarcinoma_left.lower.lobe_T2_N0_M0_Ib\000102.png,000102.png,adenocarcinoma,0,train,adenocarcinoma_left.lower.lobe_T2_N0_M0_Ib,aeb88818ebca64a704e961721912dc85,15326666954594205491,368,leakage_controlled_image_group
C:\Users\shrey\Downloads\MIP_project_part2\Lung-Cancer-Classification-\Data\train\adenocarcinoma_left.lower.lobe_T2_N0_M0_Ib\000103 (9).png,000103 (9).png,adenocarcinoma,0,train,adenocarcinoma_left.lower.lobe_T2_N0_M0_Ib,d875d93756315f7cbe0ec06f4562ca23,15310623968420773158,350,leakage_controlled_image_group
C:\Users\shrey\Downloads\MIP_project_part2\Lung-Cancer-Classification-\Data\train\adenocarcinoma_left.lower.lobe_T2_N0_M0_Ib\000104 (10).png,000104 (10).png,adenocarcinoma,0,test,adenocarcinoma_left.lower.lobe_T2_N0_M0_Ib,12204581dc5d97ca5e729c386949cff1,15297331792500256581,385,leakage_controlled_image_group
C:\Users\shrey\Downloads\MIP_project_part2\Lung-Cancer-Classification-\Data\train\adenocarcinoma_left.lower.lobe_T2_N0_M0_Ib\000104 (4).png,000104 (4).png,adenocarcinoma,0,train,adenocarcinoma_left.lower.lobe_T2_N0_M0_Ib,62199670446e0ccb3775c9b5fda6af78,10714982023661239675,270,leakage_controlled_image_group
C:\Users\shrey\Downloads\MIP_project_part2\Lung-Cancer-Classification-\Data\train\adenocarcinoma_left.lower.lobe_T2_N0_M0_Ib\000105 (3).png,000105 (3).png,adenocarcinoma,0,val,adenocarcinoma_left.lower.lobe_T2_N0_M0_Ib,db1bf5238360491f3dc015a5013b3f83,10957899386729553464,386,leakage_controlled_image_group
C:\Users\shrey\Downloads\MIP_project_part2\Lung-Cancer-Classification-\Data\train\adenocarcinoma_left.lower.lobe_T2_N0_M0_Ib\000105 (4).png,000105 (4).png,adenocarcinoma,0,test,adenocarcinoma_left.lower.lobe_T2_N0_M0_Ib,142127da0cd7b87716c86cf5b053eb62,15038437661307469007,387,leakage_controlled_image_group
C:\Users\shrey\Downloads\MIP_project_part2\Lung-Cancer-Classification-\Data\train\adenocarcinoma_left.lower.lobe_T2_N0_M0_Ib\000105.png,000105.png,adenocarcinoma,0,train,adenocarcinoma_left.lower.lobe_T2_N0_M0_Ib,a7a4ca2255225762444a7de7395b1f18,15290638157577338227,368,leakage_controlled_image_group
C:\Users\shrey\Downloads\MIP_project_part2\Lung-Cancer-Classification-\Data\train\adenocarcinoma_left.lower.lobe_T2_N0_M0_Ib\000106 (10).png,000106 (10).png,adenocarcinoma,0,test,adenocarcinoma_left.lower.lobe_T2_N0_M0_Ib,9da2d0bdd0e481b753694a22ecf0c11b,15605608704563887719,388,leakage_controlled_image_group
C:\Users\shrey\Downloads\MIP_project_part2\Lung-Cancer-Classification-\Data\train\adenocarcinoma_left.lower.lobe_T2_N0_M0_Ib\000106 (4).png,000106 (4).png,adenocarcinoma,0,train,adenocarcinoma_left.lower.lobe_T2_N0_M0_Ib,7fe89ce5915058d83b8af1439350653d,10408460171787663823,360,leakage_controlled_image_group
C:\Users\shrey\Downloads\MIP_project_part2\Lung-Cancer-Classification-\Data\train\adenocarcinoma_left.lower.lobe_T2_N0_M0_Ib\000106 (8).png,000106 (8).png,adenocarcinoma,0,train,adenocarcinoma_left.lower.lobe_T2_N0_M0_Ib,00dbcab4e722fb1435b548c94c416691,10669944782591900472,389,leakage_controlled_image_group
C:\Users\shrey\Downloads\MIP_project_part2\Lung-Cancer-Classification-\Data\train\adenocarcinoma_left.lower.lobe_T2_N0_M0_Ib\000107 (9).png,000107 (9).png,adenocarcinoma,0,test,adenocarcinoma_left.lower.lobe_T2_N0_M0_Ib,c965b31fc69b8ba1120b23614f910e01,14265229890571693390,390,leakage_controlled_image_group
C:\Users\shrey\Downloads\MIP_project_part2\Lung-Cancer-Classification-\Data\train\adenocarcinoma_left.lower.lobe_T2_N0_M0_Ib\000118 (4).png,000118 (4).png,adenocarcinoma,0,train,adenocarcinoma_left.lower.lobe_T2_N0_M0_Ib,924fff40c59e3e1792ab9e0a862f359a,14487541701444123492,285,leakage_controlled_image_group
C:\Users\shrey\Downloads\MIP_project_part2\Lung-Cancer-Classification-\Data\train\adenocarcinoma_left.lower.lobe_T2_N0_M0_Ib\000118 (6).png,000118 (6).png,adenocarcinoma,0,test,adenocarcinoma_left.lower.lobe_T2_N0_M0_Ib,a2ecb8cb577b182c2ef7239eb9de0449,11246125365186031412,391,leakage_controlled_image_group
C:\Users\shrey\Downloads\MIP_project_part2\Lung-Cancer-Classification-\Data\train\adenocarcinoma_left.lower.lobe_T2_N0_M0_Ib\000119 (10).png,000119 (10).png,adenocarcinoma,0,test,adenocarcinoma_left.lower.lobe_T2_N0_M0_Ib,7b36efbf2afe8a0b68f87a2bbe1deaab,10715263498851871963,392,leakage_controlled_image_group
C:\Users\shrey\Downloads\MIP_project_part2\Lung-Cancer-Classification-\Data\train\adenocarcinoma_left.lower.lobe_T2_N0_M0_Ib\000119 (4).png,000119 (4).png,adenocarcinoma,0,train,adenocarcinoma_left.lower.lobe_T2_N0_M0_Ib,b52c94af82e2e1a8937338b78fb7f3ee,13915585098523883876,285,leakage_controlled_image_group
C:\Users\shrey\Downloads\MIP_project_part2\Lung-Cancer-Classification-\Data\train\adenocarcinoma_left.lower.lobe_T2_N0_M0_Ib\000119 (5).png,000119 (5).png,adenocarcinoma,0,val,adenocarcinoma_left.lower.lobe_T2_N0_M0_Ib,d07319625cf212a917055bff31dcf8a9,15925575178247748464,393,leakage_controlled_image_group
C:\Users\shrey\Downloads\MIP_project_part2\Lung-Cancer-Classification-\Data\train\adenocarcinoma_left.lower.lobe_T2_N0_M0_Ib\000119 (6).png,000119 (6).png,adenocarcinoma,0,train,adenocarcinoma_left.lower.lobe_T2_N0_M0_Ib,6f1db6638e883dd6bec2cf3af0cdb365,15297060577114274767,394,leakage_controlled_image_group
C:\Users\shrey\Downloads\MIP_project_part2\Lung-Cancer-Classification-\Data\train\adenocarcinoma_left.lower.lobe_T2_N0_M0_Ib\000121 (10).png,000121 (10).png,adenocarcinoma,0,test,adenocarcinoma_left.lower.lobe_T2_N0_M0_Ib,4c9c7348d4d1392e25df1446956cf773,15077495617626061754,395,leakage_controlled_image_group
C:\Users\shrey\Downloads\MIP_project_part2\Lung-Cancer-Classification-\Data\train\adenocarcinoma_left.lower.lobe_T2_N0_M0_Ib\000121 (9).png,000121 (9).png,adenocarcinoma,0,train,adenocarcinoma_left.lower.lobe_T2_N0_M0_Ib,396e07033fccbc6a06a8b3d384411800,15349123213918219227,396,leakage_controlled_image_group
C:\Users\shrey\Downloads\MIP_project_part2\Lung-Cancer-Classification-\Data\train\adenocarcinoma_left.lower.lobe_T2_N0_M0_Ib\000121.png,000121.png,adenocarcinoma,0,val,adenocarcinoma_left.lower.lobe_T2_N0_M0_Ib,de67429dd56123aa54500f3d2f37dcd4,15111057603478035663,397,leakage_controlled_image_group
C:\Users\shrey\Downloads\MIP_project_part2\Lung-Cancer-Classification-\Data\train\adenocarcinoma_left.lower.lobe_T2_N0_M0_Ib\000122.png,000122.png,adenocarcinoma,0,train,adenocarcinoma_left.lower.lobe_T2_N0_M0_Ib,06f72de21edf5a45eff5fa7580a9405e,15869350748080581433,398,leakage_controlled_image_group
C:\Users\shrey\Downloads\MIP_project_part2\Lung-Cancer-Classification-\Data\train\adenocarcinoma_left.lower.lobe_T2_N0_M0_Ib\ad1.png,ad1.png,adenocarcinoma,0,train,adenocarcinoma_left.lower.lobe_T2_N0_M0_Ib,aea27cafe9f6294712b6acd9b395effa,13341076837553700133,399,leakage_controlled_image_group
C:\Users\shrey\Downloads\MIP_project_part2\Lung-Cancer-Classification-\Data\train\adenocarcinoma_left.lower.lobe_T2_N0_M0_Ib\ad10.png,ad10.png,adenocarcinoma,0,train,adenocarcinoma_left.lower.lobe_T2_N0_M0_Ib,9ed622c5e384d09937ff90c25b954873,10464474258494728607,400,leakage_controlled_image_group
C:\Users\shrey\Downloads\MIP_project_part2\Lung-Cancer-Classification-\Data\train\adenocarcinoma_left.lower.lobe_T2_N0_M0_Ib\ad11.png,ad11.png,adenocarcinoma,0,train,adenocarcinoma_left.lower.lobe_T2_N0_M0_Ib,412793458a5394a5c7b2c62ca5520410,13973340078551034918,401,leakage_controlled_image_group
C:\Users\shrey\Downloads\MIP_project_part2\Lung-Cancer-Classification-\Data\train\adenocarcinoma_left.lower.lobe_T2_N0_M0_Ib\ad12.png,ad12.png,adenocarcinoma,0,val,adenocarcinoma_left.lower.lobe_T2_N0_M0_Ib,ca38867e0245bfdc93f1d940ff72fa17,18263156874600516449,402,leakage_controlled_image_group
C:\Users\shrey\Downloads\MIP_project_part2\Lung-Cancer-Classification-\Data\train\adenocarcinoma_left.lower.lobe_T2_N0_M0_Ib\ad13.png,ad13.png,adenocarcinoma,0,train,adenocarcinoma_left.lower.lobe_T2_N0_M0_Ib,fa7a0ada9338fb25d387f42bfdb14c60,11058312020000783283,403,leakage_controlled_image_group
C:\Users\shrey\Downloads\MIP_project_part2\Lung-Cancer-Classification-\Data\train\adenocarcinoma_left.lower.lobe_T2_N0_M0_Ib\ad14.png,ad14.png,adenocarcinoma,0,test,adenocarcinoma_left.lower.lobe_T2_N0_M0_Ib,3663562be905e9c1ac64b616ae7a72cc,10476313336379393430,404,leakage_controlled_image_group
C:\Users\shrey\Downloads\MIP_project_part2\Lung-Cancer-Classification-\Data\train\adenocarcinoma_left.lower.lobe_T2_N0_M0_Ib\ad15.png,ad15.png,adenocarcinoma,0,train,adenocarcinoma_left.lower.lobe_T2_N0_M0_Ib,9e6828bd030609e6c698f0f92f4d3300,13978758076170333287,405,leakage_controlled_image_group
C:\Users\shrey\Downloads\MIP_project_part2\Lung-Cancer-Classification-\Data\train\adenocarcinoma_left.lower.lobe_T2_N0_M0_Ib\ad16.png,ad16.png,adenocarcinoma,0,train,adenocarcinoma_left.lower.lobe_T2_N0_M0_Ib,fdda5fa348cef0e20320effe649cc624,11039259725575776740,406,leakage_controlled_image_group
C:\Users\shrey\Downloads\MIP_project_part2\Lung-Cancer-Classification-\Data\train\adenocarcinoma_left.lower.lobe_T2_N0_M0_Ib\ad17.png,ad17.png,adenocarcinoma,0,train,adenocarcinoma_left.lower.lobe_T2_N0_M0_Ib,a7587160e80169a3a5125ff88192e0e0,13341076322155526498,407,leakage_controlled_image_group
C:\Users\shrey\Downloads\MIP_project_part2\Lung-Cancer-Classification-\Data\train\adenocarcinoma_left.lower.lobe_T2_N0_M0_Ib\ad18.png,ad18.png,adenocarcinoma,0,train,adenocarcinoma_left.lower.lobe_T2_N0_M0_Ib,4831fcfda5d47f1b914235d719bdc6f1,17974926534939251561,408,leakage_controlled_image_group
C:\Users\shrey\Downloads\MIP_project_part2\Lung-Cancer-Classification-\Data\train\adenocarcinoma_left.lower.lobe_T2_N0_M0_Ib\ad19.png,ad19.png,adenocarcinoma,0,train,adenocarcinoma_left.lower.lobe_T2_N0_M0_Ib,5056fbc6f3cbb4cb6e9693746d422628,18118560201184305266,409,leakage_controlled_image_group
C:\Users\shrey\Downloads\MIP_project_part2\Lung-Cancer-Classification-\Data\train\adenocarcinoma_left.lower.lobe_T2_N0_M0_Ib\ad2.png,ad2.png,adenocarcinoma,0,train,adenocarcinoma_left.lower.lobe_T2_N0_M0_Ib,1890979371fc364ccd51e29b9a741279,18188843399724088497,410,leakage_controlled_image_group
C:\Users\shrey\Downloads\MIP_project_part2\Lung-Cancer-Classification-\Data\train\adenocarcinoma_left.lower.lobe_T2_N0_M0_Ib\ad20.png,ad20.png,adenocarcinoma,0,val,adenocarcinoma_left.lower.lobe_T2_N0_M0_Ib,c863950b817630560915bf1be1b134f3,11053809849638337329,411,leakage_controlled_image_group
C:\Users\shrey\Downloads\MIP_project_part2\Lung-Cancer-Classification-\Data\train\adenocarcinoma_left.lower.lobe_T2_N0_M0_Ib\ad21.png,ad21.png,adenocarcinoma,0,train,adenocarcinoma_left.lower.lobe_T2_N0_M0_Ib,fdda5fa348cef0e20320effe649cc624,11039259725575776740,406,leakage_controlled_image_group
C:\Users\shrey\Downloads\MIP_project_part2\Lung-Cancer-Classification-\Data\train\adenocarcinoma_left.lower.lobe_T2_N0_M0_Ib\ad22.png,ad22.png,adenocarcinoma,0,train,adenocarcinoma_left.lower.lobe_T2_N0_M0_Ib,2452280331e1973306adc1626ccc0a3a,11026790453051144755,412,leakage_controlled_image_group
C:\Users\shrey\Downloads\MIP_project_part2\Lung-Cancer-Classification-\Data\train\adenocarcinoma_left.lower.lobe_T2_N0_M0_Ib\ad3.png,ad3.png,adenocarcinoma,0,train,adenocarcinoma_left.lower.lobe_T2_N0_M0_Ib,318a3e70d440292185877bdaa1ea16a0,10464474258494728607,400,leakage_controlled_image_group
C:\Users\shrey\Downloads\MIP_project_part2\Lung-Cancer-Classification-\Data\train\adenocarcinoma_left.lower.lobe_T2_N0_M0_Ib\ad4.png,ad4.png,adenocarcinoma,0,train,adenocarcinoma_left.lower.lobe_T2_N0_M0_Ib,7ff14c2f2122af6f28cd1dc717087052,9909633843340065385,413,leakage_controlled_image_group
C:\Users\shrey\Downloads\MIP_project_part2\Lung-Cancer-Classification-\Data\train\adenocarcinoma_left.lower.lobe_T2_N0_M0_Ib\ad5.png,ad5.png,adenocarcinoma,0,train,adenocarcinoma_left.lower.lobe_T2_N0_M0_Ib,81d35c75ec62727595443d9f05875e47,11102152013558632414,414,leakage_controlled_image_group
C:\Users\shrey\Downloads\MIP_project_part2\Lung-Cancer-Classification-\Data\train\adenocarcinoma_left.lower.lobe_T2_N0_M0_Ib\ad6.png,ad6.png,adenocarcinoma,0,train,adenocarcinoma_left.lower.lobe_T2_N0_M0_Ib,ace1e94d983211f393703f82371ff130,9365541658345830805,415,leakage_controlled_image_group
C:\Users\shrey\Downloads\MIP_project_part2\Lung-Cancer-Classification-\Data\train\adenocarcinoma_left.lower.lobe_T2_N0_M0_Ib\ad7.png,ad7.png,adenocarcinoma,0,train,adenocarcinoma_left.lower.lobe_T2_N0_M0_Ib,46bdc3a825d350b37561407572825ce2,13364315764715452706,416,leakage_controlled_image_group
C:\Users\shrey\Downloads\MIP_project_part2\Lung-Cancer-Classification-\Data\train\adenocarcinoma_left.lower.lobe_T2_N0_M0_Ib\ad8.png,ad8.png,adenocarcinoma,0,test,adenocarcinoma_left.lower.lobe_T2_N0_M0_Ib,5d3c2374d9662a6487abffdeee0a98f3,9359068793725335597,417,leakage_controlled_image_group
C:\Users\shrey\Downloads\MIP_project_part2\Lung-Cancer-Classification-\Data\train\adenocarcinoma_left.lower.lobe_T2_N0_M0_Ib\ad9.png,ad9.png,adenocarcinoma,0,train,adenocarcinoma_left.lower.lobe_T2_N0_M0_Ib,79c79dd79338278fc1cbbc47333a5897,14497391654017134405,418,leakage_controlled_image_group
C:\Users\shrey\Downloads\MIP_project_part2\Lung-Cancer-Classification-\Data\train\large.cell.carcinoma_left.hilum_T2_N2_M0_IIIa\000002.png,000002.png,large.cell.carcinoma,1,val,large.cell.carcinoma_left.hilum_T2_N2_M0_IIIa,b6279303ce96d4e70d65f5e214f809eb,10518744074190274151,419,leakage_controlled_image_group
C:\Users\shrey\Downloads\MIP_project_part2\Lung-Cancer-Classification-\Data\train\large.cell.carcinoma_left.hilum_T2_N2_M0_IIIa\000003 (3).png,000003 (3).png,large.cell.carcinoma,1,test,large.cell.carcinoma_left.hilum_T2_N2_M0_IIIa,9023ac2e99f205d5f47d57a10e2ea56a,9325924115494697267,420,leakage_controlled_image_group
C:\Users\shrey\Downloads\MIP_project_part2\Lung-Cancer-Classification-\Data\train\large.cell.carcinoma_left.hilum_T2_N2_M0_IIIa\000003 (4).png,000003 (4).png,large.cell.carcinoma,1,train,large.cell.carcinoma_left.hilum_T2_N2_M0_IIIa,d8fa568088ca08a5746810942c3bfe71,15091006219544705319,421,leakage_controlled_image_group
C:\Users\shrey\Downloads\MIP_project_part2\Lung-Cancer-Classification-\Data\train\large.cell.carcinoma_left.hilum_T2_N2_M0_IIIa\000009 (3).png,000009 (3).png,large.cell.carcinoma,1,train,large.cell.carcinoma_left.hilum_T2_N2_M0_IIIa,4bdc30ad25c1576155043b2943a7f17d,15079747250058771301,422,leakage_controlled_image_group
C:\Users\shrey\Downloads\MIP_project_part2\Lung-Cancer-Classification-\Data\train\large.cell.carcinoma_left.hilum_T2_N2_M0_IIIa\000009 (4).png,000009 (4).png,large.cell.carcinoma,1,train,large.cell.carcinoma_left.hilum_T2_N2_M0_IIIa,bb9f8e61535e1d0947a035fe96c7253a,15656209100799818597,422,leakage_controlled_image_group
C:\Users\shrey\Downloads\MIP_project_part2\Lung-Cancer-Classification-\Data\train\large.cell.carcinoma_left.hilum_T2_N2_M0_IIIa\000010.png,000010.png,large.cell.carcinoma,1,train,large.cell.carcinoma_left.hilum_T2_N2_M0_IIIa,2aa41b0763b4a9b3862e5e3a415bc57a,11034742050266839665,423,leakage_controlled_image_group
C:\Users\shrey\Downloads\MIP_project_part2\Lung-Cancer-Classification-\Data\train\large.cell.carcinoma_left.hilum_T2_N2_M0_IIIa\000015.png,000015.png,large.cell.carcinoma,1,train,large.cell.carcinoma_left.hilum_T2_N2_M0_IIIa,a3876f24d090bc756913cd71930e10c2,10473761308232396081,424,leakage_controlled_image_group
C:\Users\shrey\Downloads\MIP_project_part2\Lung-Cancer-Classification-\Data\train\large.cell.carcinoma_left.hilum_T2_N2_M0_IIIa\000016 (3).png,000016 (3).png,large.cell.carcinoma,1,train,large.cell.carcinoma_left.hilum_T2_N2_M0_IIIa,0c77b91358f61b7b15c1d50a604ef7bd,15642977807246202473,425,leakage_controlled_image_group
C:\Users\shrey\Downloads\MIP_project_part2\Lung-Cancer-Classification-\Data\train\large.cell.carcinoma_left.hilum_T2_N2_M0_IIIa\000016 (4).png,000016 (4).png,large.cell.carcinoma,1,train,large.cell.carcinoma_left.hilum_T2_N2_M0_IIIa,006ff59d668990c1f71352df5eb70e81,15642980068948974185,426,leakage_controlled_image_group
C:\Users\shrey\Downloads\MIP_project_part2\Lung-Cancer-Classification-\Data\train\large.cell.carcinoma_left.hilum_T2_N2_M0_IIIa\000017.png,000017.png,large.cell.carcinoma,1,train,large.cell.carcinoma_left.hilum_T2_N2_M0_IIIa,6715a91956fc73866e79a9bd0dcb56a6,15934301435368848244,427,leakage_controlled_image_group
C:\Users\shrey\Downloads\MIP_project_part2\Lung-Cancer-Classification-\Data\train\large.cell.carcinoma_left.hilum_T2_N2_M0_IIIa\000018 (2).png,000018 (2).png,large.cell.carcinoma,1,train,large.cell.carcinoma_left.hilum_T2_N2_M0_IIIa,a7188f045ca702b767f3e21ea550332f,15356718566424787429,428,leakage_controlled_image_group
C:\Users\shrey\Downloads\MIP_project_part2\Lung-Cancer-Classification-\Data\train\large.cell.carcinoma_left.hilum_T2_N2_M0_IIIa\000019 (3).png,000019 (3).png,large.cell.carcinoma,1,test,large.cell.carcinoma_left.hilum_T2_N2_M0_IIIa,c62fbb97f4fcb41d3ca86dec95b59b0e,15091076998984841767,429,leakage_controlled_image_group
C:\Users\shrey\Downloads\MIP_project_part2\Lung-Cancer-Classification-\Data\train\large.cell.carcinoma_left.hilum_T2_N2_M0_IIIa\000019 (4).png,000019 (4).png,large.cell.carcinoma,1,test,large.cell.carcinoma_left.hilum_T2_N2_M0_IIIa,3c2aaccc07a35867bc29cc1877ffb466,10479320612886879087,430,leakage_controlled_image_group
C:\Users\shrey\Downloads\MIP_project_part2\Lung-Cancer-Classification-\Data\train\large.cell.carcinoma_left.hilum_T2_N2_M0_IIIa\000020 (3).png,000020 (3).png,large.cell.carcinoma,1,train,large.cell.carcinoma_left.hilum_T2_N2_M0_IIIa,dc08a2a1848c44bd4b39915fcd029696,15655646672687274681,431,leakage_controlled_image_group
C:\Users\shrey\Downloads\MIP_project_part2\Lung-Cancer-Classification-\Data\train\large.cell.carcinoma_left.hilum_T2_N2_M0_IIIa\000020 (4).png,000020 (4).png,large.cell.carcinoma,1,train,large.cell.carcinoma_left.hilum_T2_N2_M0_IIIa,c428670d5cdb1e45f8c2d0ca7d4b238c,15662402069980543794,432,leakage_controlled_image_group
C:\Users\shrey\Downloads\MIP_project_part2\Lung-Cancer-Classification-\Data\train\large.cell.carcinoma_left.hilum_T2_N2_M0_IIIa\000021.png,000021.png,large.cell.carcinoma,1,val,large.cell.carcinoma_left.hilum_T2_N2_M0_IIIa,a1b0e86fd8fc52dfe4ba8555fb988405,11264419312175994516,433,leakage_controlled_image_group
C:\Users\shrey\Downloads\MIP_project_part2\Lung-Cancer-Classification-\Data\train\large.cell.carcinoma_left.hilum_T2_N2_M0_IIIa\000023 (2).png,000023 (2).png,large.cell.carcinoma,1,test,large.cell.carcinoma_left.hilum_T2_N2_M0_IIIa,5bcb420ff5fc4852df9fd23a9f14d161,9321209382261177561,434,leakage_controlled_image_group
C:\Users\shrey\Downloads\MIP_project_part2\Lung-Cancer-Classification-\Data\train\large.cell.carcinoma_left.hilum_T2_N2_M0_IIIa\000024 (2).png,000024 (2).png,large.cell.carcinoma,1,train,large.cell.carcinoma_left.hilum_T2_N2_M0_IIIa,6d706dcfc11bf796485ff6b7ecafd162,15001221168432234252,435,leakage_controlled_image_group
C:\Users\shrey\Downloads\MIP_project_part2\Lung-Cancer-Classification-\Data\train\large.cell.carcinoma_left.hilum_T2_N2_M0_IIIa\000026 (2).png,000026 (2).png,large.cell.carcinoma,1,train,large.cell.carcinoma_left.hilum_T2_N2_M0_IIIa,91c7ad14e56ec75686981f8bf168bea2,15361222222420932913,436,leakage_controlled_image_group
C:\Users\shrey\Downloads\MIP_project_part2\Lung-Cancer-Classification-\Data\train\large.cell.carcinoma_left.hilum_T2_N2_M0_IIIa\000026.png,000026.png,large.cell.carcinoma,1,test,large.cell.carcinoma_left.hilum_T2_N2_M0_IIIa,3f16368967661bbe93e1de3d615ca424,11030238452662196885,437,leakage_controlled_image_group
C:\Users\shrey\Downloads\MIP_project_part2\Lung-Cancer-Classification-\Data\train\large.cell.carcinoma_left.hilum_T2_N2_M0_IIIa\000027 (2).png,000027 (2).png,large.cell.carcinoma,1,train,large.cell.carcinoma_left.hilum_T2_N2_M0_IIIa,470ab60750f04ae1190f5d794cc88b0f,11004059049654500979,438,leakage_controlled_image_group
C:\Users\shrey\Downloads\MIP_project_part2\Lung-Cancer-Classification-\Data\train\large.cell.carcinoma_left.hilum_T2_N2_M0_IIIa\000027.png,000027.png,large.cell.carcinoma,1,train,large.cell.carcinoma_left.hilum_T2_N2_M0_IIIa,9eb707e6c9851bb91c6363a69492059f,11060284542831721081,439,leakage_controlled_image_group
C:\Users\shrey\Downloads\MIP_project_part2\Lung-Cancer-Classification-\Data\train\large.cell.carcinoma_left.hilum_T2_N2_M0_IIIa\000031 (2).png,000031 (2).png,large.cell.carcinoma,1,train,large.cell.carcinoma_left.hilum_T2_N2_M0_IIIa,df079ecd7d533dd3f814d1d12e71021a,15280435136948284731,440,leakage_controlled_image_group
C:\Users\shrey\Downloads\MIP_project_part2\Lung-Cancer-Classification-\Data\train\large.cell.carcinoma_left.hilum_T2_N2_M0_IIIa\000031.png,000031.png,large.cell.carcinoma,1,train,large.cell.carcinoma_left.hilum_T2_N2_M0_IIIa,3727a9d5bddb8f5be64cf65bbf0bfef8,15004313249370095160,441,leakage_controlled_image_group
C:\Users\shrey\Downloads\MIP_project_part2\Lung-Cancer-Classification-\Data\train\large.cell.carcinoma_left.hilum_T2_N2_M0_IIIa\000032.png,000032.png,large.cell.carcinoma,1,test,large.cell.carcinoma_left.hilum_T2_N2_M0_IIIa,4316ebebaa62b657dcf2f931d25f6832,11246406829624356404,442,leakage_controlled_image_group
C:\Users\shrey\Downloads\MIP_project_part2\Lung-Cancer-Classification-\Data\train\large.cell.carcinoma_left.hilum_T2_N2_M0_IIIa\000033 (3).png,000033 (3).png,large.cell.carcinoma,1,train,large.cell.carcinoma_left.hilum_T2_N2_M0_IIIa,3a777c6a3e3a51c55bd9c396c323134f,15642698301918771809,426,leakage_controlled_image_group
C:\Users\shrey\Downloads\MIP_project_part2\Lung-Cancer-Classification-\Data\train\large.cell.carcinoma_left.hilum_T2_N2_M0_IIIa\000033 (4).png,000033 (4).png,large.cell.carcinoma,1,train,large.cell.carcinoma_left.hilum_T2_N2_M0_IIIa,785721a7a7b3527df499d920be4daf6b,15642698301918771809,426,leakage_controlled_image_group
C:\Users\shrey\Downloads\MIP_project_part2\Lung-Cancer-Classification-\Data\train\large.cell.carcinoma_left.hilum_T2_N2_M0_IIIa\000034 (2).png,000034 (2).png,large.cell.carcinoma,1,train,large.cell.carcinoma_left.hilum_T2_N2_M0_IIIa,2e4e531a06f790a59ed90148d476a095,15349119372883687699,443,leakage_controlled_image_group
C:\Users\shrey\Downloads\MIP_project_part2\Lung-Cancer-Classification-\Data\train\large.cell.carcinoma_left.hilum_T2_N2_M0_IIIa\000039 (3).png,000039 (3).png,large.cell.carcinoma,1,train,large.cell.carcinoma_left.hilum_T2_N2_M0_IIIa,8cfd6e35f995061e776f6364cbcd80b5,15091006627553622835,444,leakage_controlled_image_group
C:\Users\shrey\Downloads\MIP_project_part2\Lung-Cancer-Classification-\Data\train\large.cell.carcinoma_left.hilum_T2_N2_M0_IIIa\000039 (4).png,000039 (4).png,large.cell.carcinoma,1,train,large.cell.carcinoma_left.hilum_T2_N2_M0_IIIa,e029bb7e69d20a28df49317dc9a82fb4,15091006219276269879,421,leakage_controlled_image_group
C:\Users\shrey\Downloads\MIP_project_part2\Lung-Cancer-Classification-\Data\train\large.cell.carcinoma_left.hilum_T2_N2_M0_IIIa\000040 (2).png,000040 (2).png,large.cell.carcinoma,1,test,large.cell.carcinoma_left.hilum_T2_N2_M0_IIIa,1e76bc9357d8966444194303ed3681c5,15420046724929425350,445,leakage_controlled_image_group
C:\Users\shrey\Downloads\MIP_project_part2\Lung-Cancer-Classification-\Data\train\large.cell.carcinoma_left.hilum_T2_N2_M0_IIIa\000041 (3).png,000041 (3).png,large.cell.carcinoma,1,train,large.cell.carcinoma_left.hilum_T2_N2_M0_IIIa,996470ea32811251a0670eacee9f8f01,11031012495819579113,446,leakage_controlled_image_group
C:\Users\shrey\Downloads\MIP_project_part2\Lung-Cancer-Classification-\Data\train\large.cell.carcinoma_left.hilum_T2_N2_M0_IIIa\000041 (4).png,000041 (4).png,large.cell.carcinoma,1,train,large.cell.carcinoma_left.hilum_T2_N2_M0_IIIa,1817b115593954a95cd7a94e9c913be3,11031012495014263401,447,leakage_controlled_image_group
C:\Users\shrey\Downloads\MIP_project_part2\Lung-Cancer-Classification-\Data\train\large.cell.carcinoma_left.hilum_T2_N2_M0_IIIa\000041.png,000041.png,large.cell.carcinoma,1,train,large.cell.carcinoma_left.hilum_T2_N2_M0_IIIa,85fbb95f91b2b95c6ba6beab96aba546,10482768224025603473,448,leakage_controlled_image_group
C:\Users\shrey\Downloads\MIP_project_part2\Lung-Cancer-Classification-\Data\train\large.cell.carcinoma_left.hilum_T2_N2_M0_IIIa\000042 (2).png,000042 (2).png,large.cell.carcinoma,1,test,large.cell.carcinoma_left.hilum_T2_N2_M0_IIIa,7aa566f07e7c3010c2ecf0b8618c10ce,10450328857788316007,449,leakage_controlled_image_group
C:\Users\shrey\Downloads\MIP_project_part2\Lung-Cancer-Classification-\Data\train\large.cell.carcinoma_left.hilum_T2_N2_M0_IIIa\000043 (2).png,000043 (2).png,large.cell.carcinoma,1,train,large.cell.carcinoma_left.hilum_T2_N2_M0_IIIa,b6c2e24eac7b52a10c1bebf268a3f8df,15283821220445174232,450,leakage_controlled_image_group
C:\Users\shrey\Downloads\MIP_project_part2\Lung-Cancer-Classification-\Data\train\large.cell.carcinoma_left.hilum_T2_N2_M0_IIIa\000045.png,000045.png,large.cell.carcinoma,1,test,large.cell.carcinoma_left.hilum_T2_N2_M0_IIIa,f21018aabeb81b6f21bf700a4414ceef,11053812309575613025,451,leakage_controlled_image_group
C:\Users\shrey\Downloads\MIP_project_part2\Lung-Cancer-Classification-\Data\train\large.cell.carcinoma_left.hilum_T2_N2_M0_IIIa\000046.png,000046.png,large.cell.carcinoma,1,val,large.cell.carcinoma_left.hilum_T2_N2_M0_IIIa,17a28663a74dc17cfdece085959b648d,15004311041228553786,452,leakage_controlled_image_group
C:\Users\shrey\Downloads\MIP_project_part2\Lung-Cancer-Classification-\Data\train\large.cell.carcinoma_left.hilum_T2_N2_M0_IIIa\000047 (2).png,000047 (2).png,large.cell.carcinoma,1,val,large.cell.carcinoma_left.hilum_T2_N2_M0_IIIa,62acc153fb48728c8a5e6ded6061e950,9592128897633625818,453,leakage_controlled_image_group
C:\Users\shrey\Downloads\MIP_project_part2\Lung-Cancer-Classification-\Data\train\large.cell.carcinoma_left.hilum_T2_N2_M0_IIIa\000051.png,000051.png,large.cell.carcinoma,1,test,large.cell.carcinoma_left.hilum_T2_N2_M0_IIIa,e377f65862c7015e87bfd44ed8ebb278,11053812291330415123,454,leakage_controlled_image_group
C:\Users\shrey\Downloads\MIP_project_part2\Lung-Cancer-Classification-\Data\train\large.cell.carcinoma_left.hilum_T2_N2_M0_IIIa\000055 (3).png,000055 (3).png,large.cell.carcinoma,1,test,large.cell.carcinoma_left.hilum_T2_N2_M0_IIIa,b895a626720d9005cba747b50506f398,15091006252277119845,455,leakage_controlled_image_group
C:\Users\shrey\Downloads\MIP_project_part2\Lung-Cancer-Classification-\Data\train\large.cell.carcinoma_left.hilum_T2_N2_M0_IIIa\000055 (4).png,000055 (4).png,large.cell.carcinoma,1,train,large.cell.carcinoma_left.hilum_T2_N2_M0_IIIa,bf1e957fc33b8b6046b8d31ff9d6e42e,10479619812119886451,456,leakage_controlled_image_group
C:\Users\shrey\Downloads\MIP_project_part2\Lung-Cancer-Classification-\Data\train\large.cell.carcinoma_left.hilum_T2_N2_M0_IIIa\000055.png,000055.png,large.cell.carcinoma,1,train,large.cell.carcinoma_left.hilum_T2_N2_M0_IIIa,8acab1ab03af871ea869f6e158fc899e,10959042870783323748,457,leakage_controlled_image_group
C:\Users\shrey\Downloads\MIP_project_part2\Lung-Cancer-Classification-\Data\train\large.cell.carcinoma_left.hilum_T2_N2_M0_IIIa\000056 (3).png,000056 (3).png,large.cell.carcinoma,1,train,large.cell.carcinoma_left.hilum_T2_N2_M0_IIIa,8c113be95e98b7b89a513a7c65312fac,14507791195821406817,426,leakage_controlled_image_group
C:\Users\shrey\Downloads\MIP_project_part2\Lung-Cancer-Classification-\Data\train\large.cell.carcinoma_left.hilum_T2_N2_M0_IIIa\000056 (4).png,000056 (4).png,large.cell.carcinoma,1,train,large.cell.carcinoma_left.hilum_T2_N2_M0_IIIa,62bc1f28512854e41fd95168162fb4ee,14507791717661219506,458,leakage_controlled_image_group
C:\Users\shrey\Downloads\MIP_project_part2\Lung-Cancer-Classification-\Data\train\large.cell.carcinoma_left.hilum_T2_N2_M0_IIIa\000057 (3).png,000057 (3).png,large.cell.carcinoma,1,train,large.cell.carcinoma_left.hilum_T2_N2_M0_IIIa,e186c3a2adb7d91893eb6ee835f50440,10478828027382807351,459,leakage_controlled_image_group
C:\Users\shrey\Downloads\MIP_project_part2\Lung-Cancer-Classification-\Data\train\large.cell.carcinoma_left.hilum_T2_N2_M0_IIIa\000057 (4).png,000057 (4).png,large.cell.carcinoma,1,train,large.cell.carcinoma_left.hilum_T2_N2_M0_IIIa,45d81773596afc577033db006cf90a6f,10479109502359517495,459,leakage_controlled_image_group
C:\Users\shrey\Downloads\MIP_project_part2\Lung-Cancer-Classification-\Data\train\large.cell.carcinoma_left.hilum_T2_N2_M0_IIIa\000057.png,000057.png,large.cell.carcinoma,1,test,large.cell.carcinoma_left.hilum_T2_N2_M0_IIIa,2ce3c84326e3a6efbb06d860dbdf67b3,10957842212611501668,460,leakage_controlled_image_group
C:\Users\shrey\Downloads\MIP_project_part2\Lung-Cancer-Classification-\Data\train\large.cell.carcinoma_left.hilum_T2_N2_M0_IIIa\000058 (3).png,000058 (3).png,large.cell.carcinoma,1,train,large.cell.carcinoma_left.hilum_T2_N2_M0_IIIa,d7655a102129e4b2fca5054ea217e3c1,15642979776891271785,426,leakage_controlled_image_group
C:\Users\shrey\Downloads\MIP_project_part2\Lung-Cancer-Classification-\Data\train\large.cell.carcinoma_left.hilum_T2_N2_M0_IIIa\000058 (4).png,000058 (4).png,large.cell.carcinoma,1,train,large.cell.carcinoma_left.hilum_T2_N2_M0_IIIa,610eaae1714b8ab3c2408ac8e0e395cf,15642979714614237741,461,leakage_controlled_image_group
C:\Users\shrey\Downloads\MIP_project_part2\Lung-Cancer-Classification-\Data\train\large.cell.carcinoma_left.hilum_T2_N2_M0_IIIa\000059 (3).png,000059 (3).png,large.cell.carcinoma,1,train,large.cell.carcinoma_left.hilum_T2_N2_M0_IIIa,a37244ddf11081e3e69f5a30f38d22c2,14507791713372281395,462,leakage_controlled_image_group
C:\Users\shrey\Downloads\MIP_project_part2\Lung-Cancer-Classification-\Data\train\large.cell.carcinoma_left.hilum_T2_N2_M0_IIIa\000059 (4).png,000059 (4).png,large.cell.carcinoma,1,train,large.cell.carcinoma_left.hilum_T2_N2_M0_IIIa,e8381d856aad914d2e7c8fba1b32263e,14507791715519773234,462,leakage_controlled_image_group
C:\Users\shrey\Downloads\MIP_project_part2\Lung-Cancer-Classification-\Data\train\large.cell.carcinoma_left.hilum_T2_N2_M0_IIIa\000060.png,000060.png,large.cell.carcinoma,1,test,large.cell.carcinoma_left.hilum_T2_N2_M0_IIIa,9f9f7b800b83d22941dde0f8e7b397f4,14132033304411311932,463,leakage_controlled_image_group
C:\Users\shrey\Downloads\MIP_project_part2\Lung-Cancer-Classification-\Data\train\large.cell.carcinoma_left.hilum_T2_N2_M0_IIIa\000062 (2).png,000062 (2).png,large.cell.carcinoma,1,train,large.cell.carcinoma_left.hilum_T2_N2_M0_IIIa,8616f227fa0f7a834eb1e43f0ddbdf00,11029954774379700115,464,leakage_controlled_image_group
C:\Users\shrey\Downloads\MIP_project_part2\Lung-Cancer-Classification-\Data\train\large.cell.carcinoma_left.hilum_T2_N2_M0_IIIa\000062 (3).png,000062 (3).png,large.cell.carcinoma,1,train,large.cell.carcinoma_left.hilum_T2_N2_M0_IIIa,30979c176bc41a569cb3985097a25051,13949360446721522328,465,leakage_controlled_image_group
C:\Users\shrey\Downloads\MIP_project_part2\Lung-Cancer-Classification-\Data\train\large.cell.carcinoma_left.hilum_T2_N2_M0_IIIa\000062 (4).png,000062 (4).png,large.cell.carcinoma,1,test,large.cell.carcinoma_left.hilum_T2_N2_M0_IIIa,68dce3a3d096751fc7132b92a04570cd,15138293156698155969,466,leakage_controlled_image_group
C:\Users\shrey\Downloads\MIP_project_part2\Lung-Cancer-Classification-\Data\train\large.cell.carcinoma_left.hilum_T2_N2_M0_IIIa\000062.png,000062.png,large.cell.carcinoma,1,train,large.cell.carcinoma_left.hilum_T2_N2_M0_IIIa,0503d667c66f1d62512aea40d6d4021b,11049097260117277493,467,leakage_controlled_image_group
C:\Users\shrey\Downloads\MIP_project_part2\Lung-Cancer-Classification-\Data\train\large.cell.carcinoma_left.hilum_T2_N2_M0_IIIa\000063 (2).png,000063 (2).png,large.cell.carcinoma,1,train,large.cell.carcinoma_left.hilum_T2_N2_M0_IIIa,6a210c09ac75a2c1bf27536d2ecdfd37,15090514126408391579,468,leakage_controlled_image_group
C:\Users\shrey\Downloads\MIP_project_part2\Lung-Cancer-Classification-\Data\train\large.cell.carcinoma_left.hilum_T2_N2_M0_IIIa\000063.png,000063.png,large.cell.carcinoma,1,train,large.cell.carcinoma_left.hilum_T2_N2_M0_IIIa,0798a74a3d21982f018383d40f646b70,11048252576419576628,469,leakage_controlled_image_group
C:\Users\shrey\Downloads\MIP_project_part2\Lung-Cancer-Classification-\Data\train\large.cell.carcinoma_left.hilum_T2_N2_M0_IIIa\000065 (2).png,000065 (2).png,large.cell.carcinoma,1,test,large.cell.carcinoma_left.hilum_T2_N2_M0_IIIa,fa3ab6c3beef8abfe82fc2dbcccb1abd,9646172506183591226,470,leakage_controlled_image_group
C:\Users\shrey\Downloads\MIP_project_part2\Lung-Cancer-Classification-\Data\train\large.cell.carcinoma_left.hilum_T2_N2_M0_IIIa\000066 (2).png,000066 (2).png,large.cell.carcinoma,1,train,large.cell.carcinoma_left.hilum_T2_N2_M0_IIIa,f1b1c7fcc5cdfa5dbc5ca29fe7a6882a,11327193438671878969,471,leakage_controlled_image_group
C:\Users\shrey\Downloads\MIP_project_part2\Lung-Cancer-Classification-\Data\train\large.cell.carcinoma_left.hilum_T2_N2_M0_IIIa\000066.png,000066.png,large.cell.carcinoma,1,train,large.cell.carcinoma_left.hilum_T2_N2_M0_IIIa,f866f3a08bc46acf555a83eaec7d2b51,10957912583031065189,472,leakage_controlled_image_group
C:\Users\shrey\Downloads\MIP_project_part2\Lung-Cancer-Classification-\Data\train\large.cell.carcinoma_left.hilum_T2_N2_M0_IIIa\000068 (3).png,000068 (3).png,large.cell.carcinoma,1,train,large.cell.carcinoma_left.hilum_T2_N2_M0_IIIa,cbab66966d43abec60978d939478c7fb,15660994141048371809,473,leakage_controlled_image_group
C:\Users\shrey\Downloads\MIP_project_part2\Lung-Cancer-Classification-\Data\train\large.cell.carcinoma_left.hilum_T2_N2_M0_IIIa\000068 (4).png,000068 (4).png,large.cell.carcinoma,1,train,large.cell.carcinoma_left.hilum_T2_N2_M0_IIIa,b1f197db0ca540c4637840d2e4b5a56a,15642698301918769765,426,leakage_controlled_image_group
C:\Users\shrey\Downloads\MIP_project_part2\Lung-Cancer-Classification-\Data\train\large.cell.carcinoma_left.hilum_T2_N2_M0_IIIa\000068.png,000068.png,large.cell.carcinoma,1,test,large.cell.carcinoma_left.hilum_T2_N2_M0_IIIa,54d37790e151af7a23eedcde537fdff1,11035867182450370851,474,leakage_controlled_image_group
C:\Users\shrey\Downloads\MIP_project_part2\Lung-Cancer-Classification-\Data\train\large.cell.carcinoma_left.hilum_T2_N2_M0_IIIa\000069.png,000069.png,large.cell.carcinoma,1,train,large.cell.carcinoma_left.hilum_T2_N2_M0_IIIa,c1270212a14ad3be76b515ff5bee4958,11246423324380434276,475,leakage_controlled_image_group
C:\Users\shrey\Downloads\MIP_project_part2\Lung-Cancer-Classification-\Data\train\large.cell.carcinoma_left.hilum_T2_N2_M0_IIIa\000071 (2).png,000071 (2).png,large.cell.carcinoma,1,val,large.cell.carcinoma_left.hilum_T2_N2_M0_IIIa,224e4b53d122fc030b4172356dc40576,15357840142373255623,476,leakage_controlled_image_group
C:\Users\shrey\Downloads\MIP_project_part2\Lung-Cancer-Classification-\Data\train\large.cell.carcinoma_left.hilum_T2_N2_M0_IIIa\000072 (2).png,000072 (2).png,large.cell.carcinoma,1,train,large.cell.carcinoma_left.hilum_T2_N2_M0_IIIa,68d894929b6cbc8c6da79cffff19a5b8,10462783764793400173,477,leakage_controlled_image_group
C:\Users\shrey\Downloads\MIP_project_part2\Lung-Cancer-Classification-\Data\train\large.cell.carcinoma_left.hilum_T2_N2_M0_IIIa\000073 (2).png,000073 (2).png,large.cell.carcinoma,1,train,large.cell.carcinoma_left.hilum_T2_N2_M0_IIIa,221c261e632bb20b9e3953f0a778e0e2,15307737912742214875,478,leakage_controlled_image_group
C:\Users\shrey\Downloads\MIP_project_part2\Lung-Cancer-Classification-\Data\train\large.cell.carcinoma_left.hilum_T2_N2_M0_IIIa\000076 (3).png,000076 (3).png,large.cell.carcinoma,1,train,large.cell.carcinoma_left.hilum_T2_N2_M0_IIIa,0f8c1ce032abbe38665658f39ec6df59,15079742857380969329,479,leakage_controlled_image_group
C:\Users\shrey\Downloads\MIP_project_part2\Lung-Cancer-Classification-\Data\train\large.cell.carcinoma_left.hilum_T2_N2_M0_IIIa\000076 (4).png,000076 (4).png,large.cell.carcinoma,1,train,large.cell.carcinoma_left.hilum_T2_N2_M0_IIIa,9346784e1cae9272d1375190323e80d0,15656208523133262641,480,leakage_controlled_image_group
C:\Users\shrey\Downloads\MIP_project_part2\Lung-Cancer-Classification-\Data\train\large.cell.carcinoma_left.hilum_T2_N2_M0_IIIa\000077.png,000077.png,large.cell.carcinoma,1,train,large.cell.carcinoma_left.hilum_T2_N2_M0_IIIa,ac2118c0a1c2893028854bd985a5152c,11246406803317641110,481,leakage_controlled_image_group
C:\Users\shrey\Downloads\MIP_project_part2\Lung-Cancer-Classification-\Data\train\large.cell.carcinoma_left.hilum_T2_N2_M0_IIIa\000078 (3).png,000078 (3).png,large.cell.carcinoma,1,train,large.cell.carcinoma_left.hilum_T2_N2_M0_IIIa,ba47d8a177c115eabc07828901796dc3,15642713906336004713,447,leakage_controlled_image_group
C:\Users\shrey\Downloads\MIP_project_part2\Lung-Cancer-Classification-\Data\train\large.cell.carcinoma_left.hilum_T2_N2_M0_IIIa\000078 (4).png,000078 (4).png,large.cell.carcinoma,1,train,large.cell.carcinoma_left.hilum_T2_N2_M0_IIIa,42221e6ce2b67eb869ce6968605fd8bd,15642697405608770284,482,leakage_controlled_image_group
C:\Users\shrey\Downloads\MIP_project_part2\Lung-Cancer-Classification-\Data\train\large.cell.carcinoma_left.hilum_T2_N2_M0_IIIa\000080.png,000080.png,large.cell.carcinoma,1,train,large.cell.carcinoma_left.hilum_T2_N2_M0_IIIa,e816654df0cb774b588bed5b669b4139,15130149180302129479,483,leakage_controlled_image_group
C:\Users\shrey\Downloads\MIP_project_part2\Lung-Cancer-Classification-\Data\train\large.cell.carcinoma_left.hilum_T2_N2_M0_IIIa\000081.png,000081.png,large.cell.carcinoma,1,train,large.cell.carcinoma_left.hilum_T2_N2_M0_IIIa,c53421c6eb79026ffea24507e207f7ce,11049097260119386421,467,leakage_controlled_image_group
C:\Users\shrey\Downloads\MIP_project_part2\Lung-Cancer-Classification-\Data\train\large.cell.carcinoma_left.hilum_T2_N2_M0_IIIa\000084 (2).png,000084 (2).png,large.cell.carcinoma,1,val,large.cell.carcinoma_left.hilum_T2_N2_M0_IIIa,c4f42f1d82dbea4124ba28315fb7d322,15934657349293710189,484,leakage_controlled_image_group
C:\Users\shrey\Downloads\MIP_project_part2\Lung-Cancer-Classification-\Data\train\large.cell.carcinoma_left.hilum_T2_N2_M0_IIIa\000084.png,000084.png,large.cell.carcinoma,1,test,large.cell.carcinoma_left.hilum_T2_N2_M0_IIIa,340056e9720abc523c463174c107f9c3,11047970074960607540,485,leakage_controlled_image_group
C:\Users\shrey\Downloads\MIP_project_part2\Lung-Cancer-Classification-\Data\train\large.cell.carcinoma_left.hilum_T2_N2_M0_IIIa\000089.png,000089.png,large.cell.carcinoma,1,train,large.cell.carcinoma_left.hilum_T2_N2_M0_IIIa,7514f2b5b547ea504809cea2a4027954,11049097276229695025,486,leakage_controlled_image_group
C:\Users\shrey\Downloads\MIP_project_part2\Lung-Cancer-Classification-\Data\train\large.cell.carcinoma_left.hilum_T2_N2_M0_IIIa\000093 (3).png,000093 (3).png,large.cell.carcinoma,1,train,large.cell.carcinoma_left.hilum_T2_N2_M0_IIIa,9af4cb129e225d11a0a669b0ba121225,10479320235208684005,487,leakage_controlled_image_group
C:\Users\shrey\Downloads\MIP_project_part2\Lung-Cancer-Classification-\Data\train\large.cell.carcinoma_left.hilum_T2_N2_M0_IIIa\000093 (4).png,000093 (4).png,large.cell.carcinoma,1,train,large.cell.carcinoma_left.hilum_T2_N2_M0_IIIa,e3569e45f312c2a40e013d90ea3e3959,11055780983200381412,488,leakage_controlled_image_group
C:\Users\shrey\Downloads\MIP_project_part2\Lung-Cancer-Classification-\Data\train\large.cell.carcinoma_left.hilum_T2_N2_M0_IIIa\000094 (2).png,000094 (2).png,large.cell.carcinoma,1,train,large.cell.carcinoma_left.hilum_T2_N2_M0_IIIa,08303be387fe7c8c258f37ece5f61646,15934371270463600998,489,leakage_controlled_image_group
C:\Users\shrey\Downloads\MIP_project_part2\Lung-Cancer-Classification-\Data\train\large.cell.carcinoma_left.hilum_T2_N2_M0_IIIa\000094 (3).png,000094 (3).png,large.cell.carcinoma,1,test,large.cell.carcinoma_left.hilum_T2_N2_M0_IIIa,8a94587aca08f2f88ee04f24dd2bc0b6,10479337788991683429,490,leakage_controlled_image_group
C:\Users\shrey\Downloads\MIP_project_part2\Lung-Cancer-Classification-\Data\train\large.cell.carcinoma_left.hilum_T2_N2_M0_IIIa\000094 (4).png,000094 (4).png,large.cell.carcinoma,1,test,large.cell.carcinoma_left.hilum_T2_N2_M0_IIIa,0e19dbd879072ed3557f645f02b2ffe2,9325923707474753893,491,leakage_controlled_image_group
C:\Users\shrey\Downloads\MIP_project_part2\Lung-Cancer-Classification-\Data\train\large.cell.carcinoma_left.hilum_T2_N2_M0_IIIa\000095 (2).png,000095 (2).png,large.cell.carcinoma,1,val,large.cell.carcinoma_left.hilum_T2_N2_M0_IIIa,ee8255743c824504edc6d310fbcad77f,15934653019983461220,492,leakage_controlled_image_group
C:\Users\shrey\Downloads\MIP_project_part2\Lung-Cancer-Classification-\Data\train\large.cell.carcinoma_left.hilum_T2_N2_M0_IIIa\000095 (3).png,000095 (3).png,large.cell.carcinoma,1,train,large.cell.carcinoma_left.hilum_T2_N2_M0_IIIa,fa211fc2d219e307988e476f366e8a67,15642698529548016233,426,leakage_controlled_image_group
C:\Users\shrey\Downloads\MIP_project_part2\Lung-Cancer-Classification-\Data\train\large.cell.carcinoma_left.hilum_T2_N2_M0_IIIa\000095 (4).png,000095 (4).png,large.cell.carcinoma,1,train,large.cell.carcinoma_left.hilum_T2_N2_M0_IIIa,520201f1bb9d809bd01c8c3e28cf32fd,10958954900983675513,447,leakage_controlled_image_group
C:\Users\shrey\Downloads\MIP_project_part2\Lung-Cancer-Classification-\Data\train\large.cell.carcinoma_left.hilum_T2_N2_M0_IIIa\000095.png,000095.png,large.cell.carcinoma,1,test,large.cell.carcinoma_left.hilum_T2_N2_M0_IIIa,de31f768151b530f5fbc670c3d8d596e,15382891396507139428,493,leakage_controlled_image_group
C:\Users\shrey\Downloads\MIP_project_part2\Lung-Cancer-Classification-\Data\train\large.cell.carcinoma_left.hilum_T2_N2_M0_IIIa\000097 (2).png,000097 (2).png,large.cell.carcinoma,1,train,large.cell.carcinoma_left.hilum_T2_N2_M0_IIIa,6eaae71160f00da18893b3f17d1d9d97,10483067258343417983,494,leakage_controlled_image_group
C:\Users\shrey\Downloads\MIP_project_part2\Lung-Cancer-Classification-\Data\train\large.cell.carcinoma_left.hilum_T2_N2_M0_IIIa\000097.png,000097.png,large.cell.carcinoma,1,train,large.cell.carcinoma_left.hilum_T2_N2_M0_IIIa,80e1bf0ee501ece4d53036435bfe3b54,11264420961311274548,86,leakage_controlled_image_group
C:\Users\shrey\Downloads\MIP_project_part2\Lung-Cancer-Classification-\Data\train\large.cell.carcinoma_left.hilum_T2_N2_M0_IIIa\000098 (3).png,000098 (3).png,large.cell.carcinoma,1,train,large.cell.carcinoma_left.hilum_T2_N2_M0_IIIa,d1185cb63fcbec9ef301b569d4bd2f58,10477349870433565031,495,leakage_controlled_image_group
C:\Users\shrey\Downloads\MIP_project_part2\Lung-Cancer-Classification-\Data\train\large.cell.carcinoma_left.hilum_T2_N2_M0_IIIa\000098 (4).png,000098 (4).png,large.cell.carcinoma,1,train,large.cell.carcinoma_left.hilum_T2_N2_M0_IIIa,4fcb3a99ae3af77b8c2b21c029c41f55,15088754452266318308,496,leakage_controlled_image_group
C:\Users\shrey\Downloads\MIP_project_part2\Lung-Cancer-Classification-\Data\train\large.cell.carcinoma_left.hilum_T2_N2_M0_IIIa\000104 (2).png,000104 (2).png,large.cell.carcinoma,1,train,large.cell.carcinoma_left.hilum_T2_N2_M0_IIIa,3f0b1feae6374d87f2d480c6e74f5d5a,10498954394388012691,497,leakage_controlled_image_group
C:\Users\shrey\Downloads\MIP_project_part2\Lung-Cancer-Classification-\Data\train\large.cell.carcinoma_left.hilum_T2_N2_M0_IIIa\000104.png,000104.png,large.cell.carcinoma,1,train,large.cell.carcinoma_left.hilum_T2_N2_M0_IIIa,0aa60e24f641bab40aee9270d49e0e11,10467287464295543604,498,leakage_controlled_image_group
C:\Users\shrey\Downloads\MIP_project_part2\Lung-Cancer-Classification-\Data\train\large.cell.carcinoma_left.hilum_T2_N2_M0_IIIa\000105 (2).png,000105 (2).png,large.cell.carcinoma,1,test,large.cell.carcinoma_left.hilum_T2_N2_M0_IIIa,9f0560b3815a49c2e4755a2e1d47de7d,10472846305161148917,499,leakage_controlled_image_group
C:\Users\shrey\Downloads\MIP_project_part2\Lung-Cancer-Classification-\Data\train\large.cell.carcinoma_left.hilum_T2_N2_M0_IIIa\000105.png,000105.png,large.cell.carcinoma,1,val,large.cell.carcinoma_left.hilum_T2_N2_M0_IIIa,c08abe04565c22f0552d838daf897f15,13841269657761037948,500,leakage_controlled_image_group
C:\Users\shrey\Downloads\MIP_project_part2\Lung-Cancer-Classification-\Data\train\large.cell.carcinoma_left.hilum_T2_N2_M0_IIIa\000106 (2).png,000106 (2).png,large.cell.carcinoma,1,train,large.cell.carcinoma_left.hilum_T2_N2_M0_IIIa,442251d50e7002a5fa4916315b4526cd,11363499695500835787,501,leakage_controlled_image_group
C:\Users\shrey\Downloads\MIP_project_part2\Lung-Cancer-Classification-\Data\train\large.cell.carcinoma_left.hilum_T2_N2_M0_IIIa\000106.png,000106.png,large.cell.carcinoma,1,train,large.cell.carcinoma_left.hilum_T2_N2_M0_IIIa,4a8bf69e546dc1d5dda1994206fcb660,15934582369183364038,502,leakage_controlled_image_group
C:\Users\shrey\Downloads\MIP_project_part2\Lung-Cancer-Classification-\Data\train\large.cell.carcinoma_left.hilum_T2_N2_M0_IIIa\000133.png,000133.png,large.cell.carcinoma,1,val,large.cell.carcinoma_left.hilum_T2_N2_M0_IIIa,0b4a86ee2a41e46f931bf47995dd7c17,15925364620909091619,503,leakage_controlled_image_group
C:\Users\shrey\Downloads\MIP_project_part2\Lung-Cancer-Classification-\Data\train\large.cell.carcinoma_left.hilum_T2_N2_M0_IIIa\000137.png,000137.png,large.cell.carcinoma,1,test,large.cell.carcinoma_left.hilum_T2_N2_M0_IIIa,3d4c4338947917b2a8e96cfbfa835ba0,11040087828422474555,504,leakage_controlled_image_group
C:\Users\shrey\Downloads\MIP_project_part2\Lung-Cancer-Classification-\Data\train\large.cell.carcinoma_left.hilum_T2_N2_M0_IIIa\000143.png,000143.png,large.cell.carcinoma,1,val,large.cell.carcinoma_left.hilum_T2_N2_M0_IIIa,a1ca49d883f6eff8e07b2ea4e7573f7b,15938872877009222457,505,leakage_controlled_image_group
C:\Users\shrey\Downloads\MIP_project_part2\Lung-Cancer-Classification-\Data\train\large.cell.carcinoma_left.hilum_T2_N2_M0_IIIa\000149.png,000149.png,large.cell.carcinoma,1,test,large.cell.carcinoma_left.hilum_T2_N2_M0_IIIa,8b8b0195b030a212f7732592f5f6d11c,11034741019407629284,506,leakage_controlled_image_group
C:\Users\shrey\Downloads\MIP_project_part2\Lung-Cancer-Classification-\Data\train\large.cell.carcinoma_left.hilum_T2_N2_M0_IIIa\000150.png,000150.png,large.cell.carcinoma,1,train,large.cell.carcinoma_left.hilum_T2_N2_M0_IIIa,57efbd1544688b6a520ae5fd9add3741,15076440112032923193,507,leakage_controlled_image_group
C:\Users\shrey\Downloads\MIP_project_part2\Lung-Cancer-Classification-\Data\train\large.cell.carcinoma_left.hilum_T2_N2_M0_IIIa\000154.png,000154.png,large.cell.carcinoma,1,train,large.cell.carcinoma_left.hilum_T2_N2_M0_IIIa,6eece0b8ac8fa202a23af1021a228f81,15076437913010716472,507,leakage_controlled_image_group
C:\Users\shrey\Downloads\MIP_project_part2\Lung-Cancer-Classification-\Data\train\large.cell.carcinoma_left.hilum_T2_N2_M0_IIIa\000159.png,000159.png,large.cell.carcinoma,1,val,large.cell.carcinoma_left.hilum_T2_N2_M0_IIIa,09aefe124c13f74f4ab6ebfe069a63ae,15348907700851061604,508,leakage_controlled_image_group
C:\Users\shrey\Downloads\MIP_project_part2\Lung-Cancer-Classification-\Data\train\large.cell.carcinoma_left.hilum_T2_N2_M0_IIIa\000169.png,000169.png,large.cell.carcinoma,1,test,large.cell.carcinoma_left.hilum_T2_N2_M0_IIIa,25104fd7f0b2cf97b13a1a18da8041de,15298448985404096287,509,leakage_controlled_image_group
C:\Users\shrey\Downloads\MIP_project_part2\Lung-Cancer-Classification-\Data\train\large.cell.carcinoma_left.hilum_T2_N2_M0_IIIa\000172.png,000172.png,large.cell.carcinoma,1,train,large.cell.carcinoma_left.hilum_T2_N2_M0_IIIa,d7f0ea9f3c4456e0af52551c7f3c6282,15276846000535057262,510,leakage_controlled_image_group
C:\Users\shrey\Downloads\MIP_project_part2\Lung-Cancer-Classification-\Data\train\large.cell.carcinoma_left.hilum_T2_N2_M0_IIIa\000173.png,000173.png,large.cell.carcinoma,1,test,large.cell.carcinoma_left.hilum_T2_N2_M0_IIIa,ed035175264a2bbf106937995b707f5f,11034882307790478129,511,leakage_controlled_image_group
C:\Users\shrey\Downloads\MIP_project_part2\Lung-Cancer-Classification-\Data\train\large.cell.carcinoma_left.hilum_T2_N2_M0_IIIa\di1.png,di1.png,large.cell.carcinoma,1,train,large.cell.carcinoma_left.hilum_T2_N2_M0_IIIa,5cfbbbb43919c59928aea673712c080b,14434907264307587131,512,leakage_controlled_image_group
C:\Users\shrey\Downloads\MIP_project_part2\Lung-Cancer-Classification-\Data\train\large.cell.carcinoma_left.hilum_T2_N2_M0_IIIa\l1.png,l1.png,large.cell.carcinoma,1,train,large.cell.carcinoma_left.hilum_T2_N2_M0_IIIa,eb6d67ceba90d987cd1dcf2565720795,14434907264307587131,512,leakage_controlled_image_group
C:\Users\shrey\Downloads\MIP_project_part2\Lung-Cancer-Classification-\Data\train\large.cell.carcinoma_left.hilum_T2_N2_M0_IIIa\l2.png,l2.png,large.cell.carcinoma,1,train,large.cell.carcinoma_left.hilum_T2_N2_M0_IIIa,c321817b33409838df87465945640fa5,10959306809532770721,513,leakage_controlled_image_group
C:\Users\shrey\Downloads\MIP_project_part2\Lung-Cancer-Classification-\Data\train\large.cell.carcinoma_left.hilum_T2_N2_M0_IIIa\l3.png,l3.png,large.cell.carcinoma,1,train,large.cell.carcinoma_left.hilum_T2_N2_M0_IIIa,6748b44a4a12283a63c490cd6d00456d,14491201399505975661,514,leakage_controlled_image_group
C:\Users\shrey\Downloads\MIP_project_part2\Lung-Cancer-Classification-\Data\train\large.cell.carcinoma_left.hilum_T2_N2_M0_IIIa\l4.png,l4.png,large.cell.carcinoma,1,train,large.cell.carcinoma_left.hilum_T2_N2_M0_IIIa,acd405d5bb971e46887c9ebc14e2f48f,15641923740464016697,515,leakage_controlled_image_group
C:\Users\shrey\Downloads\MIP_project_part2\Lung-Cancer-Classification-\Data\train\large.cell.carcinoma_left.hilum_T2_N2_M0_IIIa\l5.png,l5.png,large.cell.carcinoma,1,train,large.cell.carcinoma_left.hilum_T2_N2_M0_IIIa,7d473e9ece83e19f496408b12e688f02,14513156306502643002,516,leakage_controlled_image_group
C:\Users\shrey\Downloads\MIP_project_part2\Lung-Cancer-Classification-\Data\train\large.cell.carcinoma_left.hilum_T2_N2_M0_IIIa\l6.png,l6.png,large.cell.carcinoma,1,train,large.cell.carcinoma_left.hilum_T2_N2_M0_IIIa,d473915b8f00423e78353b88e967d10d,9879516477637421421,517,leakage_controlled_image_group
C:\Users\shrey\Downloads\MIP_project_part2\Lung-Cancer-Classification-\Data\train\normal\10 (2) - Copy.png,10 (2) - Copy.png,normal,2,train,normal,5f468089b5597b4873412a1562d1c830,15062103382870748628,157,leakage_controlled_image_group
C:\Users\shrey\Downloads\MIP_project_part2\Lung-Cancer-Classification-\Data\train\normal\10 (2).png,10 (2).png,normal,2,train,normal,5f468089b5597b4873412a1562d1c830,15062103382870748628,157,leakage_controlled_image_group
C:\Users\shrey\Downloads\MIP_project_part2\Lung-Cancer-Classification-\Data\train\normal\10 - Copy (2) - Copy.png,10 - Copy (2) - Copy.png,normal,2,train,normal,60649ff70c9ea03e0ab227620379026f,15062098993414172116,157,leakage_controlled_image_group
C:\Users\shrey\Downloads\MIP_project_part2\Lung-Cancer-Classification-\Data\train\normal\10 - Copy (2).png,10 - Copy (2).png,normal,2,train,normal,60649ff70c9ea03e0ab227620379026f,15062098993414172116,157,leakage_controlled_image_group
C:\Users\shrey\Downloads\MIP_project_part2\Lung-Cancer-Classification-\Data\train\normal\10 - Copy (3).png,10 - Copy (3).png,normal,2,train,normal,6d22297f0784fb1a73b92a772fbddd26,15062098993414172116,157,leakage_controlled_image_group
C:\Users\shrey\Downloads\MIP_project_part2\Lung-Cancer-Classification-\Data\train\normal\10 - Copy - Copy.png,10 - Copy - Copy.png,normal,2,train,normal,fc2e5247b58037186b2bd164431e9ac3,15062098993414172116,157,leakage_controlled_image_group
C:\Users\shrey\Downloads\MIP_project_part2\Lung-Cancer-Classification-\Data\train\normal\10 - Copy.png,10 - Copy.png,normal,2,train,normal,fc2e5247b58037186b2bd164431e9ac3,15062098993414172116,157,leakage_controlled_image_group
C:\Users\shrey\Downloads\MIP_project_part2\Lung-Cancer-Classification-\Data\train\normal\10.png,10.png,normal,2,train,normal,6d22297f0784fb1a73b92a772fbddd26,15062098993414172116,157,leakage_controlled_image_group
C:\Users\shrey\Downloads\MIP_project_part2\Lung-Cancer-Classification-\Data\train\normal\11 (2) - Copy.png,11 (2) - Copy.png,normal,2,train,normal,90ccb4073ded5177d7b9dac7158b928d,11174069961115467410,158,leakage_controlled_image_group
C:\Users\shrey\Downloads\MIP_project_part2\Lung-Cancer-Classification-\Data\train\normal\11 (2).png,11 (2).png,normal,2,train,normal,90ccb4073ded5177d7b9dac7158b928d,11174069961115467410,158,leakage_controlled_image_group
C:\Users\shrey\Downloads\MIP_project_part2\Lung-Cancer-Classification-\Data\train\normal\11 - Copy (2) - Copy.png,11 - Copy (2) - Copy.png,normal,2,train,normal,f967f52c691519d8ffa26d90ac9dc198,11174210698601709206,158,leakage_controlled_image_group
C:\Users\shrey\Downloads\MIP_project_part2\Lung-Cancer-Classification-\Data\train\normal\11 - Copy (2).png,11 - Copy (2).png,normal,2,train,normal,f967f52c691519d8ffa26d90ac9dc198,11174210698601709206,158,leakage_controlled_image_group
C:\Users\shrey\Downloads\MIP_project_part2\Lung-Cancer-Classification-\Data\train\normal\11 - Copy (3).png,11 - Copy (3).png,normal,2,train,normal,2ecce925c81a3efc3d4a964ca57ff650,11174069961115467410,158,leakage_controlled_image_group
C:\Users\shrey\Downloads\MIP_project_part2\Lung-Cancer-Classification-\Data\train\normal\11 - Copy - Copy.png,11 - Copy - Copy.png,normal,2,train,normal,33b01950ff19a2e0fee00ef3670cb01f,11174210698601709206,158,leakage_controlled_image_group
C:\Users\shrey\Downloads\MIP_project_part2\Lung-Cancer-Classification-\Data\train\normal\11 - Copy.png,11 - Copy.png,normal,2,train,normal,33b01950ff19a2e0fee00ef3670cb01f,11174210698601709206,158,leakage_controlled_image_group
C:\Users\shrey\Downloads\MIP_project_part2\Lung-Cancer-Classification-\Data\train\normal\11.png,11.png,normal,2,train,normal,2ecce925c81a3efc3d4a964ca57ff650,11174069961115467410,158,leakage_controlled_image_group
C:\Users\shrey\Downloads\MIP_project_part2\Lung-Cancer-Classification-\Data\train\normal\12 (2) - Copy.png,12 (2) - Copy.png,normal,2,train,normal,e743a19721513313e5d3d6210fd1cfca,11174491074001251990,158,leakage_controlled_image_group
C:\Users\shrey\Downloads\MIP_project_part2\Lung-Cancer-Classification-\Data\train\normal\12 (2).png,12 (2).png,normal,2,train,normal,e743a19721513313e5d3d6210fd1cfca,11174491074001251990,158,leakage_controlled_image_group
C:\Users\shrey\Downloads\MIP_project_part2\Lung-Cancer-Classification-\Data\train\normal\12 - Copy (2) - Copy.png,12 - Copy (2) - Copy.png,normal,2,test,normal,4ebb15aceb4072cb73457cbeadeede2a,11174139213171809942,159,leakage_controlled_image_group
C:\Users\shrey\Downloads\MIP_project_part2\Lung-Cancer-Classification-\Data\train\normal\12 - Copy (2).png,12 - Copy (2).png,normal,2,test,normal,4ebb15aceb4072cb73457cbeadeede2a,11174139213171809942,159,leakage_controlled_image_group
C:\Users\shrey\Downloads\MIP_project_part2\Lung-Cancer-Classification-\Data\train\normal\12 - Copy (3).png,12 - Copy (3).png,normal,2,train,normal,a2beb8d6b18eb00288c5297caea3a7bc,11174209599091650198,158,leakage_controlled_image_group
C:\Users\shrey\Downloads\MIP_project_part2\Lung-Cancer-Classification-\Data\train\normal\12 - Copy - Copy.png,12 - Copy - Copy.png,normal,2,train,normal,3bef55f68e7055e9311f985553e84768,11174209599024545430,158,leakage_controlled_image_group
C:\Users\shrey\Downloads\MIP_project_part2\Lung-Cancer-Classification-\Data\train\normal\12 - Copy.png,12 - Copy.png,normal,2,train,normal,3bef55f68e7055e9311f985553e84768,11174209599024545430,158,leakage_controlled_image_group
C:\Users\shrey\Downloads\MIP_project_part2\Lung-Cancer-Classification-\Data\train\normal\12.png,12.png,normal,2,train,normal,a2beb8d6b18eb00288c5297caea3a7bc,11174209599091650198,158,leakage_controlled_image_group
C:\Users\shrey\Downloads\MIP_project_part2\Lung-Cancer-Classification-\Data\train\normal\13 (2) - Copy.png,13 (2) - Copy.png,normal,2,train,normal,08ea225a55d83e937d27c682964a1449,11210555031797813774,518,leakage_controlled_image_group
C:\Users\shrey\Downloads\MIP_project_part2\Lung-Cancer-Classification-\Data\train\normal\13 (2).png,13 (2).png,normal,2,train,normal,08ea225a55d83e937d27c682964a1449,11210555031797813774,518,leakage_controlled_image_group
C:\Users\shrey\Downloads\MIP_project_part2\Lung-Cancer-Classification-\Data\train\normal\13 - Copy (2) - Copy.png,13 - Copy (2) - Copy.png,normal,2,train,normal,8166e29023c244b9abce2ca052aa2916,15818506695347767166,519,leakage_controlled_image_group
C:\Users\shrey\Downloads\MIP_project_part2\Lung-Cancer-Classification-\Data\train\normal\13 - Copy (2).png,13 - Copy (2).png,normal,2,train,normal,8166e29023c244b9abce2ca052aa2916,15818506695347767166,519,leakage_controlled_image_group
C:\Users\shrey\Downloads\MIP_project_part2\Lung-Cancer-Classification-\Data\train\normal\13 - Copy (3).png,13 - Copy (3).png,normal,2,val,normal,54b4ab4d25aaf23d36a3c57860d20411,11030235124862964588,520,leakage_controlled_image_group
C:\Users\shrey\Downloads\MIP_project_part2\Lung-Cancer-Classification-\Data\train\normal\13 - Copy - Copy.png,13 - Copy - Copy.png,normal,2,val,normal,e0b5d49bb849a2dd47f9bb102cf8f6e6,11030235124861916028,520,leakage_controlled_image_group
C:\Users\shrey\Downloads\MIP_project_part2\Lung-Cancer-Classification-\Data\train\normal\13 - Copy.png,13 - Copy.png,normal,2,val,normal,e0b5d49bb849a2dd47f9bb102cf8f6e6,11030235124861916028,520,leakage_controlled_image_group
C:\Users\shrey\Downloads\MIP_project_part2\Lung-Cancer-Classification-\Data\train\normal\13.png,13.png,normal,2,val,normal,54b4ab4d25aaf23d36a3c57860d20411,11030235124862964588,520,leakage_controlled_image_group
C:\Users\shrey\Downloads\MIP_project_part2\Lung-Cancer-Classification-\Data\train\normal\16 (2) - Copy.png,16 (2) - Copy.png,normal,2,train,normal,32c9080cd8561ddd72c6f5194e9f90c3,15060973110687198644,157,leakage_controlled_image_group
C:\Users\shrey\Downloads\MIP_project_part2\Lung-Cancer-Classification-\Data\train\normal\16 (2).png,16 (2).png,normal,2,train,normal,32c9080cd8561ddd72c6f5194e9f90c3,15060973110687198644,157,leakage_controlled_image_group
C:\Users\shrey\Downloads\MIP_project_part2\Lung-Cancer-Classification-\Data\train\normal\16 - Copy (2) - Copy.png,16 - Copy (2) - Copy.png,normal,2,val,normal,ce53a5fcb94b7345dfb7026b34f3e0ff,13650921826450829882,521,leakage_controlled_image_group
C:\Users\shrey\Downloads\MIP_project_part2\Lung-Cancer-Classification-\Data\train\normal\16 - Copy (2).png,16 - Copy (2).png,normal,2,val,normal,ce53a5fcb94b7345dfb7026b34f3e0ff,13650921826450829882,521,leakage_controlled_image_group
C:\Users\shrey\Downloads\MIP_project_part2\Lung-Cancer-Classification-\Data\train\normal\16 - Copy (3).png,16 - Copy (3).png,normal,2,train,normal,6c0bb991f74ebcd94018392649935488,15060972011192348084,157,leakage_controlled_image_group
C:\Users\shrey\Downloads\MIP_project_part2\Lung-Cancer-Classification-\Data\train\normal\16 - Copy - Copy.png,16 - Copy - Copy.png,normal,2,train,normal,11c2e59052d1ef90a1d6484dbe244eeb,15060972011192348084,157,leakage_controlled_image_group
C:\Users\shrey\Downloads\MIP_project_part2\Lung-Cancer-Classification-\Data\train\normal\16 - Copy.png,16 - Copy.png,normal,2,train,normal,11c2e59052d1ef90a1d6484dbe244eeb,15060972011192348084,157,leakage_controlled_image_group
C:\Users\shrey\Downloads\MIP_project_part2\Lung-Cancer-Classification-\Data\train\normal\16.png,16.png,normal,2,train,normal,6c0bb991f74ebcd94018392649935488,15060972011192348084,157,leakage_controlled_image_group
C:\Users\shrey\Downloads\MIP_project_part2\Lung-Cancer-Classification-\Data\train\normal\17 (2) - Copy.png,17 (2) - Copy.png,normal,2,val,normal,459435c13315cb96e585885735c94ccc,10994066679689170630,522,leakage_controlled_image_group
C:\Users\shrey\Downloads\MIP_project_part2\Lung-Cancer-Classification-\Data\train\normal\17 (2).png,17 (2).png,normal,2,val,normal,459435c13315cb96e585885735c94ccc,10994066679689170630,522,leakage_controlled_image_group
C:\Users\shrey\Downloads\MIP_project_part2\Lung-Cancer-Classification-\Data\train\normal\17 - Copy (2) - Copy.png,17 - Copy (2) - Copy.png,normal,2,train,normal,740f05c0bfc0f1cf80409a40a4d7a8c9,11138180761442371182,523,leakage_controlled_image_group
C:\Users\shrey\Downloads\MIP_project_part2\Lung-Cancer-Classification-\Data\train\normal\17 - Copy (2).png,17 - Copy (2).png,normal,2,train,normal,740f05c0bfc0f1cf80409a40a4d7a8c9,11138180761442371182,523,leakage_controlled_image_group
C:\Users\shrey\Downloads\MIP_project_part2\Lung-Cancer-Classification-\Data\train\normal\17 - Copy (3).png,17 - Copy (3).png,normal,2,val,normal,0d645c4b19992372a9f6ad52a47729f5,10994066679689170630,522,leakage_controlled_image_group
C:\Users\shrey\Downloads\MIP_project_part2\Lung-Cancer-Classification-\Data\train\normal\17 - Copy - Copy.png,17 - Copy - Copy.png,normal,2,val,normal,6cdf7af1a565474267e529d8e2806a5b,10994066679689170630,522,leakage_controlled_image_group
C:\Users\shrey\Downloads\MIP_project_part2\Lung-Cancer-Classification-\Data\train\normal\17 - Copy.png,17 - Copy.png,normal,2,val,normal,6cdf7af1a565474267e529d8e2806a5b,10994066679689170630,522,leakage_controlled_image_group
C:\Users\shrey\Downloads\MIP_project_part2\Lung-Cancer-Classification-\Data\train\normal\17.png,17.png,normal,2,val,normal,0d645c4b19992372a9f6ad52a47729f5,10994066679689170630,522,leakage_controlled_image_group
C:\Users\shrey\Downloads\MIP_project_part2\Lung-Cancer-Classification-\Data\train\normal\18 (2) - Copy.png,18 (2) - Copy.png,normal,2,train,normal,73c3c787dedea638633a1d53e41ca508,11102153104567983766,158,leakage_controlled_image_group
C:\Users\shrey\Downloads\MIP_project_part2\Lung-Cancer-Classification-\Data\train\normal\18 (2).png,18 (2).png,normal,2,train,normal,73c3c787dedea638633a1d53e41ca508,11102153104567983766,158,leakage_controlled_image_group
C:\Users\shrey\Downloads\MIP_project_part2\Lung-Cancer-Classification-\Data\train\normal\18 - Copy (2) - Copy.png,18 - Copy (2) - Copy.png,normal,2,train,normal,cb77eb2fca9a1fa0b3617d1a5a2c4bdd,11102153104567983766,158,leakage_controlled_image_group
C:\Users\shrey\Downloads\MIP_project_part2\Lung-Cancer-Classification-\Data\train\normal\18 - Copy (2).png,18 - Copy (2).png,normal,2,train,normal,cb77eb2fca9a1fa0b3617d1a5a2c4bdd,11102153104567983766,158,leakage_controlled_image_group
C:\Users\shrey\Downloads\MIP_project_part2\Lung-Cancer-Classification-\Data\train\normal\18 - Copy (3).png,18 - Copy (3).png,normal,2,train,normal,0246900641cdc0ee36de1c0a2bc974ae,11102153104567983766,158,leakage_controlled_image_group
C:\Users\shrey\Downloads\MIP_project_part2\Lung-Cancer-Classification-\Data\train\normal\18 - Copy - Copy.png,18 - Copy - Copy.png,normal,2,train,normal,ef03696d21724e842d182a64032e8cf3,11102153104567983766,158,leakage_controlled_image_group
C:\Users\shrey\Downloads\MIP_project_part2\Lung-Cancer-Classification-\Data\train\normal\18 - Copy.png,18 - Copy.png,normal,2,train,normal,ef03696d21724e842d182a64032e8cf3,11102153104567983766,158,leakage_controlled_image_group
C:\Users\shrey\Downloads\MIP_project_part2\Lung-Cancer-Classification-\Data\train\normal\18.png,18.png,normal,2,train,normal,0246900641cdc0ee36de1c0a2bc974ae,11102153104567983766,158,leakage_controlled_image_group
C:\Users\shrey\Downloads\MIP_project_part2\Lung-Cancer-Classification-\Data\train\normal\19 (2) - Copy.png,19 (2) - Copy.png,normal,2,train,normal,01c81f15b578c0b7a0583a8cc6f74bc4,11365890171221581745,524,leakage_controlled_image_group
C:\Users\shrey\Downloads\MIP_project_part2\Lung-Cancer-Classification-\Data\train\normal\19 (2).png,19 (2).png,normal,2,train,normal,01c81f15b578c0b7a0583a8cc6f74bc4,11365890171221581745,524,leakage_controlled_image_group
C:\Users\shrey\Downloads\MIP_project_part2\Lung-Cancer-Classification-\Data\train\normal\19 - Copy (2) - Copy.png,19 - Copy (2) - Copy.png,normal,2,test,normal,37c701fcbc991235cda33b2d85706f9f,11111194365044626124,525,leakage_controlled_image_group
C:\Users\shrey\Downloads\MIP_project_part2\Lung-Cancer-Classification-\Data\train\normal\19 - Copy (2).png,19 - Copy (2).png,normal,2,test,normal,37c701fcbc991235cda33b2d85706f9f,11111194365044626124,525,leakage_controlled_image_group
C:\Users\shrey\Downloads\MIP_project_part2\Lung-Cancer-Classification-\Data\train\normal\19 - Copy (3).png,19 - Copy (3).png,normal,2,train,normal,8b09b57b7eae5d2425ff7561ebfae0c2,11365890171221581745,524,leakage_controlled_image_group
C:\Users\shrey\Downloads\MIP_project_part2\Lung-Cancer-Classification-\Data\train\normal\19 - Copy - Copy.png,19 - Copy - Copy.png,normal,2,train,normal,14fa9aa413d8fe1d18bf960d8828740a,11365890171221581745,524,leakage_controlled_image_group
C:\Users\shrey\Downloads\MIP_project_part2\Lung-Cancer-Classification-\Data\train\normal\19 - Copy.png,19 - Copy.png,normal,2,train,normal,14fa9aa413d8fe1d18bf960d8828740a,11365890171221581745,524,leakage_controlled_image_group
C:\Users\shrey\Downloads\MIP_project_part2\Lung-Cancer-Classification-\Data\train\normal\19.png,19.png,normal,2,train,normal,8b09b57b7eae5d2425ff7561ebfae0c2,11365890171221581745,524,leakage_controlled_image_group
C:\Users\shrey\Downloads\MIP_project_part2\Lung-Cancer-Classification-\Data\train\normal\2 (2) - Copy.png,2 (2) - Copy.png,normal,2,test,normal,f8fdeb1e90b0961fcc57b8a1e9f0ca10,11039244545841839507,526,leakage_controlled_image_group
C:\Users\shrey\Downloads\MIP_project_part2\Lung-Cancer-Classification-\Data\train\normal\2 (2).png,2 (2).png,normal,2,test,normal,f8fdeb1e90b0961fcc57b8a1e9f0ca10,11039244545841839507,526,leakage_controlled_image_group
C:\Users\shrey\Downloads\MIP_project_part2\Lung-Cancer-Classification-\Data\train\normal\2 - Copy (2) - Copy.png,2 - Copy (2) - Copy.png,normal,2,test,normal,f77e3b8a4bd78bd6a23cbda652f03e48,11040405613129526726,527,leakage_controlled_image_group
C:\Users\shrey\Downloads\MIP_project_part2\Lung-Cancer-Classification-\Data\train\normal\2 - Copy (2).png,2 - Copy (2).png,normal,2,test,normal,f77e3b8a4bd78bd6a23cbda652f03e48,11040405613129526726,527,leakage_controlled_image_group
C:\Users\shrey\Downloads\MIP_project_part2\Lung-Cancer-Classification-\Data\train\normal\2 - Copy (3).png,2 - Copy (3).png,normal,2,test,normal,0cd58bfa4e7510100f03f928af9b4afc,11040405613129526726,527,leakage_controlled_image_group
C:\Users\shrey\Downloads\MIP_project_part2\Lung-Cancer-Classification-\Data\train\normal\2 - Copy - Copy.png,2 - Copy - Copy.png,normal,2,test,normal,f77e3b8a4bd78bd6a23cbda652f03e48,11040405613129526726,527,leakage_controlled_image_group
C:\Users\shrey\Downloads\MIP_project_part2\Lung-Cancer-Classification-\Data\train\normal\2 - Copy.png,2 - Copy.png,normal,2,test,normal,f77e3b8a4bd78bd6a23cbda652f03e48,11040405613129526726,527,leakage_controlled_image_group
C:\Users\shrey\Downloads\MIP_project_part2\Lung-Cancer-Classification-\Data\train\normal\2.png,2.png,normal,2,test,normal,0cd58bfa4e7510100f03f928af9b4afc,11040405613129526726,527,leakage_controlled_image_group
C:\Users\shrey\Downloads\MIP_project_part2\Lung-Cancer-Classification-\Data\train\normal\20 (2) - Copy.png,20 (2) - Copy.png,normal,2,train,normal,9a41c798e6e59d44b96c646ec0cdabb0,15968286952777370471,528,leakage_controlled_image_group
C:\Users\shrey\Downloads\MIP_project_part2\Lung-Cancer-Classification-\Data\train\normal\20 (2).png,20 (2).png,normal,2,train,normal,9a41c798e6e59d44b96c646ec0cdabb0,15968286952777370471,528,leakage_controlled_image_group
C:\Users\shrey\Downloads\MIP_project_part2\Lung-Cancer-Classification-\Data\train\normal\20 - Copy (2) - Copy.png,20 - Copy (2) - Copy.png,normal,2,train,normal,55ff72351cd8799c4a92ad8cc6d852c0,15968286952777370598,528,leakage_controlled_image_group
C:\Users\shrey\Downloads\MIP_project_part2\Lung-Cancer-Classification-\Data\train\normal\20 - Copy (2).png,20 - Copy (2).png,normal,2,train,normal,55ff72351cd8799c4a92ad8cc6d852c0,15968286952777370598,528,leakage_controlled_image_group
C:\Users\shrey\Downloads\MIP_project_part2\Lung-Cancer-Classification-\Data\train\normal\20 - Copy (3).png,20 - Copy (3).png,normal,2,train,normal,9a41c798e6e59d44b96c646ec0cdabb0,15968286952777370471,528,leakage_controlled_image_group
C:\Users\shrey\Downloads\MIP_project_part2\Lung-Cancer-Classification-\Data\train\normal\20 - Copy - Copy.png,20 - Copy - Copy.png,normal,2,train,normal,2db6f3f8a0d064d40a480f3f4c4bded4,15968286952777370471,528,leakage_controlled_image_group
C:\Users\shrey\Downloads\MIP_project_part2\Lung-Cancer-Classification-\Data\train\normal\20 - Copy.png,20 - Copy.png,normal,2,train,normal,2db6f3f8a0d064d40a480f3f4c4bded4,15968286952777370471,528,leakage_controlled_image_group
C:\Users\shrey\Downloads\MIP_project_part2\Lung-Cancer-Classification-\Data\train\normal\20.png,20.png,normal,2,train,normal,9a41c798e6e59d44b96c646ec0cdabb0,15968286952777370471,528,leakage_controlled_image_group
C:\Users\shrey\Downloads\MIP_project_part2\Lung-Cancer-Classification-\Data\train\normal\21 - Copy (2) - Copy.png,21 - Copy (2) - Copy.png,normal,2,train,normal,19760ebd9fc13424fcfb653c0097a995,11030235148503645846,158,leakage_controlled_image_group
C:\Users\shrey\Downloads\MIP_project_part2\Lung-Cancer-Classification-\Data\train\normal\21 - Copy (2).png,21 - Copy (2).png,normal,2,train,normal,19760ebd9fc13424fcfb653c0097a995,11030235148503645846,158,leakage_controlled_image_group
C:\Users\shrey\Downloads\MIP_project_part2\Lung-Cancer-Classification-\Data\train\normal\21 - Copy - Copy.png,21 - Copy - Copy.png,normal,2,train,normal,19760ebd9fc13424fcfb653c0097a995,11030235148503645846,158,leakage_controlled_image_group
C:\Users\shrey\Downloads\MIP_project_part2\Lung-Cancer-Classification-\Data\train\normal\21 - Copy.png,21 - Copy.png,normal,2,train,normal,19760ebd9fc13424fcfb653c0097a995,11030235148503645846,158,leakage_controlled_image_group
C:\Users\shrey\Downloads\MIP_project_part2\Lung-Cancer-Classification-\Data\train\normal\3 (2) - Copy.png,3 (2) - Copy.png,normal,2,test,normal,071ffc9dd155d9f3f30c42aca168c0fb,10473761318438187185,529,leakage_controlled_image_group
C:\Users\shrey\Downloads\MIP_project_part2\Lung-Cancer-Classification-\Data\train\normal\3 (2).png,3 (2).png,normal,2,test,normal,071ffc9dd155d9f3f30c42aca168c0fb,10473761318438187185,529,leakage_controlled_image_group
C:\Users\shrey\Downloads\MIP_project_part2\Lung-Cancer-Classification-\Data\train\normal\3 - Copy (2) - Copy.png,3 - Copy (2) - Copy.png,normal,2,test,normal,7952642030d709d46e1eb1ba69174c45,10455746919928705265,529,leakage_controlled_image_group
C:\Users\shrey\Downloads\MIP_project_part2\Lung-Cancer-Classification-\Data\train\normal\3 - Copy (2).png,3 - Copy (2).png,normal,2,test,normal,7952642030d709d46e1eb1ba69174c45,10455746919928705265,529,leakage_controlled_image_group
C:\Users\shrey\Downloads\MIP_project_part2\Lung-Cancer-Classification-\Data\train\normal\3 - Copy (3).png,3 - Copy (3).png,normal,2,test,normal,071ffc9dd155d9f3f30c42aca168c0fb,10473761318438187185,529,leakage_controlled_image_group
C:\Users\shrey\Downloads\MIP_project_part2\Lung-Cancer-Classification-\Data\train\normal\3 - Copy - Copy.png,3 - Copy - Copy.png,normal,2,test,normal,7952642030d709d46e1eb1ba69174c45,10455746919928705265,529,leakage_controlled_image_group
C:\Users\shrey\Downloads\MIP_project_part2\Lung-Cancer-Classification-\Data\train\normal\3 - Copy.png,3 - Copy.png,normal,2,test,normal,7952642030d709d46e1eb1ba69174c45,10455746919928705265,529,leakage_controlled_image_group
C:\Users\shrey\Downloads\MIP_project_part2\Lung-Cancer-Classification-\Data\train\normal\3.png,3.png,normal,2,test,normal,071ffc9dd155d9f3f30c42aca168c0fb,10473761318438187185,529,leakage_controlled_image_group
C:\Users\shrey\Downloads\MIP_project_part2\Lung-Cancer-Classification-\Data\train\normal\4 (2) - Copy.png,4 (2) - Copy.png,normal,2,train,normal,619cb5c53a58021dc329817f0124c0ec,11174491074067836566,158,leakage_controlled_image_group
C:\Users\shrey\Downloads\MIP_project_part2\Lung-Cancer-Classification-\Data\train\normal\4 (2).png,4 (2).png,normal,2,train,normal,619cb5c53a58021dc329817f0124c0ec,11174491074067836566,158,leakage_controlled_image_group
C:\Users\shrey\Downloads\MIP_project_part2\Lung-Cancer-Classification-\Data\train\normal\4 - Copy (2) - Copy.png,4 - Copy (2) - Copy.png,normal,2,train,normal,f560698a5054368eb64bf2726c8d74e3,11174210698602773126,158,leakage_controlled_image_group
C:\Users\shrey\Downloads\MIP_project_part2\Lung-Cancer-Classification-\Data\train\normal\4 - Copy (2).png,4 - Copy (2).png,normal,2,train,normal,f560698a5054368eb64bf2726c8d74e3,11174210698602773126,158,leakage_controlled_image_group
C:\Users\shrey\Downloads\MIP_project_part2\Lung-Cancer-Classification-\Data\train\normal\4 - Copy (3).png,4 - Copy (3).png,normal,2,train,normal,619cb5c53a58021dc329817f0124c0ec,11174491074067836566,158,leakage_controlled_image_group
C:\Users\shrey\Downloads\MIP_project_part2\Lung-Cancer-Classification-\Data\train\normal\4 - Copy - Copy.png,4 - Copy - Copy.png,normal,2,train,normal,f560698a5054368eb64bf2726c8d74e3,11174210698602773126,158,leakage_controlled_image_group
C:\Users\shrey\Downloads\MIP_project_part2\Lung-Cancer-Classification-\Data\train\normal\4 - Copy.png,4 - Copy.png,normal,2,train,normal,f560698a5054368eb64bf2726c8d74e3,11174210698602773126,158,leakage_controlled_image_group
C:\Users\shrey\Downloads\MIP_project_part2\Lung-Cancer-Classification-\Data\train\normal\4.png,4.png,normal,2,train,normal,619cb5c53a58021dc329817f0124c0ec,11174491074067836566,158,leakage_controlled_image_group
C:\Users\shrey\Downloads\MIP_project_part2\Lung-Cancer-Classification-\Data\train\normal\5 (2) - Copy.png,5 (2) - Copy.png,normal,2,test,normal,489afa049dc03363c587ef4f1c5f1d70,15874633919959431286,530,leakage_controlled_image_group
C:\Users\shrey\Downloads\MIP_project_part2\Lung-Cancer-Classification-\Data\train\normal\5 (2).png,5 (2).png,normal,2,test,normal,489afa049dc03363c587ef4f1c5f1d70,15874633919959431286,530,leakage_controlled_image_group
C:\Users\shrey\Downloads\MIP_project_part2\Lung-Cancer-Classification-\Data\train\normal\5 - Copy (2) - Copy.png,5 - Copy (2) - Copy.png,normal,2,test,normal,489afa049dc03363c587ef4f1c5f1d70,15874633919959431286,530,leakage_controlled_image_group
C:\Users\shrey\Downloads\MIP_project_part2\Lung-Cancer-Classification-\Data\train\normal\5 - Copy (2).png,5 - Copy (2).png,normal,2,test,normal,489afa049dc03363c587ef4f1c5f1d70,15874633919959431286,530,leakage_controlled_image_group
C:\Users\shrey\Downloads\MIP_project_part2\Lung-Cancer-Classification-\Data\train\normal\5 - Copy (3).png,5 - Copy (3).png,normal,2,test,normal,489afa049dc03363c587ef4f1c5f1d70,15874633919959431286,530,leakage_controlled_image_group
C:\Users\shrey\Downloads\MIP_project_part2\Lung-Cancer-Classification-\Data\train\normal\5 - Copy - Copy.png,5 - Copy - Copy.png,normal,2,test,normal,489afa049dc03363c587ef4f1c5f1d70,15874633919959431286,530,leakage_controlled_image_group
C:\Users\shrey\Downloads\MIP_project_part2\Lung-Cancer-Classification-\Data\train\normal\5 - Copy.png,5 - Copy.png,normal,2,test,normal,489afa049dc03363c587ef4f1c5f1d70,15874633919959431286,530,leakage_controlled_image_group
C:\Users\shrey\Downloads\MIP_project_part2\Lung-Cancer-Classification-\Data\train\normal\5.png,5.png,normal,2,test,normal,489afa049dc03363c587ef4f1c5f1d70,15874633919959431286,530,leakage_controlled_image_group
C:\Users\shrey\Downloads\MIP_project_part2\Lung-Cancer-Classification-\Data\train\normal\6 (2) - Copy.png,6 (2) - Copy.png,normal,2,train,normal,c5b028c8ce7837ec365dfd4606eea527,10489814158908406950,164,leakage_controlled_image_group
C:\Users\shrey\Downloads\MIP_project_part2\Lung-Cancer-Classification-\Data\train\normal\6 (2).png,6 (2).png,normal,2,train,normal,c5b028c8ce7837ec365dfd4606eea527,10489814158908406950,164,leakage_controlled_image_group
C:\Users\shrey\Downloads\MIP_project_part2\Lung-Cancer-Classification-\Data\train\normal\6 - Copy (2) - Copy.png,6 - Copy (2) - Copy.png,normal,2,test,normal,2a22fd805d0db68736491698305c25d8,11066266110659972806,165,leakage_controlled_image_group
C:\Users\shrey\Downloads\MIP_project_part2\Lung-Cancer-Classification-\Data\train\normal\6 - Copy (2).png,6 - Copy (2).png,normal,2,test,normal,2a22fd805d0db68736491698305c25d8,11066266110659972806,165,leakage_controlled_image_group
C:\Users\shrey\Downloads\MIP_project_part2\Lung-Cancer-Classification-\Data\train\normal\6 - Copy (3).png,6 - Copy (3).png,normal,2,train,normal,c5b028c8ce7837ec365dfd4606eea527,10489814158908406950,164,leakage_controlled_image_group
C:\Users\shrey\Downloads\MIP_project_part2\Lung-Cancer-Classification-\Data\train\normal\6 - Copy - Copy.png,6 - Copy - Copy.png,normal,2,test,normal,2a22fd805d0db68736491698305c25d8,11066266110659972806,165,leakage_controlled_image_group
C:\Users\shrey\Downloads\MIP_project_part2\Lung-Cancer-Classification-\Data\train\normal\6 - Copy.png,6 - Copy.png,normal,2,test,normal,2a22fd805d0db68736491698305c25d8,11066266110659972806,165,leakage_controlled_image_group
C:\Users\shrey\Downloads\MIP_project_part2\Lung-Cancer-Classification-\Data\train\normal\6.png,6.png,normal,2,train,normal,c5b028c8ce7837ec365dfd4606eea527,10489814158908406950,164,leakage_controlled_image_group
C:\Users\shrey\Downloads\MIP_project_part2\Lung-Cancer-Classification-\Data\train\normal\7 (2) - Copy.png,7 (2) - Copy.png,normal,2,train,normal,be891546a445986a881ba74696f8a492,15076651274711088155,166,leakage_controlled_image_group
C:\Users\shrey\Downloads\MIP_project_part2\Lung-Cancer-Classification-\Data\train\normal\7 (2).png,7 (2).png,normal,2,train,normal,be891546a445986a881ba74696f8a492,15076651274711088155,166,leakage_controlled_image_group
C:\Users\shrey\Downloads\MIP_project_part2\Lung-Cancer-Classification-\Data\train\normal\7 - Copy (2) - Copy.png,7 - Copy (2) - Copy.png,normal,2,train,normal,81a47ae233d917ad8fa9d66c9f4ba1bd,11030165888129851026,167,leakage_controlled_image_group
C:\Users\shrey\Downloads\MIP_project_part2\Lung-Cancer-Classification-\Data\train\normal\7 - Copy (2).png,7 - Copy (2).png,normal,2,train,normal,81a47ae233d917ad8fa9d66c9f4ba1bd,11030165888129851026,167,leakage_controlled_image_group
C:\Users\shrey\Downloads\MIP_project_part2\Lung-Cancer-Classification-\Data\train\normal\7 - Copy (3).png,7 - Copy (3).png,normal,2,train,normal,be891546a445986a881ba74696f8a492,15076651274711088155,166,leakage_controlled_image_group
C:\Users\shrey\Downloads\MIP_project_part2\Lung-Cancer-Classification-\Data\train\normal\7 - Copy - Copy.png,7 - Copy - Copy.png,normal,2,train,normal,81a47ae233d917ad8fa9d66c9f4ba1bd,11030165888129851026,167,leakage_controlled_image_group
C:\Users\shrey\Downloads\MIP_project_part2\Lung-Cancer-Classification-\Data\train\normal\7 - Copy.png,7 - Copy.png,normal,2,train,normal,81a47ae233d917ad8fa9d66c9f4ba1bd,11030165888129851026,167,leakage_controlled_image_group
C:\Users\shrey\Downloads\MIP_project_part2\Lung-Cancer-Classification-\Data\train\normal\7.png,7.png,normal,2,train,normal,be891546a445986a881ba74696f8a492,15076651274711088155,166,leakage_controlled_image_group
C:\Users\shrey\Downloads\MIP_project_part2\Lung-Cancer-Classification-\Data\train\normal\8 (2) - Copy.png,8 (2) - Copy.png,normal,2,train,normal,ce93bacfa74548a4966d093038f44edd,10958037901460293294,168,leakage_controlled_image_group
C:\Users\shrey\Downloads\MIP_project_part2\Lung-Cancer-Classification-\Data\train\normal\8 (2).png,8 (2).png,normal,2,train,normal,ce93bacfa74548a4966d093038f44edd,10958037901460293294,168,leakage_controlled_image_group
C:\Users\shrey\Downloads\MIP_project_part2\Lung-Cancer-Classification-\Data\train\normal\8 - Copy (2) - Copy.png,8 - Copy (2) - Copy.png,normal,2,train,normal,168fde108ec12eed2d36a98e899500f4,11030095495431112366,168,leakage_controlled_image_group
C:\Users\shrey\Downloads\MIP_project_part2\Lung-Cancer-Classification-\Data\train\normal\8 - Copy (2).png,8 - Copy (2).png,normal,2,train,normal,168fde108ec12eed2d36a98e899500f4,11030095495431112366,168,leakage_controlled_image_group
C:\Users\shrey\Downloads\MIP_project_part2\Lung-Cancer-Classification-\Data\train\normal\8 - Copy (3).png,8 - Copy (3).png,normal,2,train,normal,891f23f1a6dac051a6de34371a00a398,10958037901460293294,168,leakage_controlled_image_group
C:\Users\shrey\Downloads\MIP_project_part2\Lung-Cancer-Classification-\Data\train\normal\8 - Copy - Copy.png,8 - Copy - Copy.png,normal,2,train,normal,168fde108ec12eed2d36a98e899500f4,11030095495431112366,168,leakage_controlled_image_group
C:\Users\shrey\Downloads\MIP_project_part2\Lung-Cancer-Classification-\Data\train\normal\8 - Copy.png,8 - Copy.png,normal,2,train,normal,168fde108ec12eed2d36a98e899500f4,11030095495431112366,168,leakage_controlled_image_group
C:\Users\shrey\Downloads\MIP_project_part2\Lung-Cancer-Classification-\Data\train\normal\8.png,8.png,normal,2,train,normal,891f23f1a6dac051a6de34371a00a398,10958037901460293294,168,leakage_controlled_image_group
C:\Users\shrey\Downloads\MIP_project_part2\Lung-Cancer-Classification-\Data\train\normal\n6 (2) - Copy.jpg,n6 (2) - Copy.jpg,normal,2,train,normal,3192f903fd737bda84aa9cbb2bc19dcf,11039455988897082435,531,leakage_controlled_image_group
C:\Users\shrey\Downloads\MIP_project_part2\Lung-Cancer-Classification-\Data\train\normal\n6 (2).jpg,n6 (2).jpg,normal,2,train,normal,3192f903fd737bda84aa9cbb2bc19dcf,11039455988897082435,531,leakage_controlled_image_group
C:\Users\shrey\Downloads\MIP_project_part2\Lung-Cancer-Classification-\Data\train\normal\n6 - Copy.jpg,n6 - Copy.jpg,normal,2,train,normal,3192f903fd737bda84aa9cbb2bc19dcf,11039455988897082435,531,leakage_controlled_image_group
C:\Users\shrey\Downloads\MIP_project_part2\Lung-Cancer-Classification-\Data\train\normal\n6.jpg,n6.jpg,normal,2,train,normal,3192f903fd737bda84aa9cbb2bc19dcf,11039455988897082435,531,leakage_controlled_image_group
C:\Users\shrey\Downloads\MIP_project_part2\Lung-Cancer-Classification-\Data\train\normal\n7 (2) - Copy.png,n7 (2) - Copy.png,normal,2,train,normal,ae5f1f39f812e92f0d638750fca7db66,11260074646814076080,532,leakage_controlled_image_group
C:\Users\shrey\Downloads\MIP_project_part2\Lung-Cancer-Classification-\Data\train\normal\n7 (2).png,n7 (2).png,normal,2,train,normal,ae5f1f39f812e92f0d638750fca7db66,11260074646814076080,532,leakage_controlled_image_group
C:\Users\shrey\Downloads\MIP_project_part2\Lung-Cancer-Classification-\Data\train\normal\n7 - Copy.png,n7 - Copy.png,normal,2,train,normal,ae5f1f39f812e92f0d638750fca7db66,11260074646814076080,532,leakage_controlled_image_group
C:\Users\shrey\Downloads\MIP_project_part2\Lung-Cancer-Classification-\Data\train\normal\n7.png,n7.png,normal,2,train,normal,ae5f1f39f812e92f0d638750fca7db66,11260074646814076080,532,leakage_controlled_image_group
C:\Users\shrey\Downloads\MIP_project_part2\Lung-Cancer-Classification-\Data\train\normal\n8 (2) - Copy.jpg,n8 (2) - Copy.jpg,normal,2,train,normal,2f6fdc5873f3c4267eac65cf04bf96c3,10489814158908406950,164,leakage_controlled_image_group
C:\Users\shrey\Downloads\MIP_project_part2\Lung-Cancer-Classification-\Data\train\normal\n8 (2).jpg,n8 (2).jpg,normal,2,train,normal,2f6fdc5873f3c4267eac65cf04bf96c3,10489814158908406950,164,leakage_controlled_image_group
C:\Users\shrey\Downloads\MIP_project_part2\Lung-Cancer-Classification-\Data\train\normal\n8 - Copy.jpg,n8 - Copy.jpg,normal,2,train,normal,2f6fdc5873f3c4267eac65cf04bf96c3,10489814158908406950,164,leakage_controlled_image_group
C:\Users\shrey\Downloads\MIP_project_part2\Lung-Cancer-Classification-\Data\train\normal\n8.jpg,n8.jpg,normal,2,train,normal,2f6fdc5873f3c4267eac65cf04bf96c3,10489814158908406950,164,leakage_controlled_image_group
C:\Users\shrey\Downloads\MIP_project_part2\Lung-Cancer-Classification-\Data\train\normal\n9 (2) - Copy.jpg,n9 (2) - Copy.jpg,normal,2,val,normal,6e9dcb3d1f8115dd4bca8c174c3ddc11,15702159385479507257,533,leakage_controlled_image_group
C:\Users\shrey\Downloads\MIP_project_part2\Lung-Cancer-Classification-\Data\train\normal\n9 (2).jpg,n9 (2).jpg,normal,2,val,normal,6e9dcb3d1f8115dd4bca8c174c3ddc11,15702159385479507257,533,leakage_controlled_image_group
C:\Users\shrey\Downloads\MIP_project_part2\Lung-Cancer-Classification-\Data\train\normal\n9 - Copy.jpg,n9 - Copy.jpg,normal,2,val,normal,6e9dcb3d1f8115dd4bca8c174c3ddc11,15702159385479507257,533,leakage_controlled_image_group
C:\Users\shrey\Downloads\MIP_project_part2\Lung-Cancer-Classification-\Data\train\normal\n9.jpg,n9.jpg,normal,2,val,normal,6e9dcb3d1f8115dd4bca8c174c3ddc11,15702159385479507257,533,leakage_controlled_image_group
C:\Users\shrey\Downloads\MIP_project_part2\Lung-Cancer-Classification-\Data\train\squamous.cell.carcinoma_left.hilum_T1_N2_M0_IIIa\000002 (4).png,000002 (4).png,squamous.cell.carcinoma,3,test,squamous.cell.carcinoma_left.hilum_T1_N2_M0_IIIa,b6c2eb6d6efeaf3ac875ec3b150376bb,11047406991068524487,534,leakage_controlled_image_group
C:\Users\shrey\Downloads\MIP_project_part2\Lung-Cancer-Classification-\Data\train\squamous.cell.carcinoma_left.hilum_T1_N2_M0_IIIa\000002 (6).png,000002 (6).png,squamous.cell.carcinoma,3,test,squamous.cell.carcinoma_left.hilum_T1_N2_M0_IIIa,5ebd04f19a11eae992637d3955427b2f,15898624111298358259,535,leakage_controlled_image_group
C:\Users\shrey\Downloads\MIP_project_part2\Lung-Cancer-Classification-\Data\train\squamous.cell.carcinoma_left.hilum_T1_N2_M0_IIIa\000003.png,000003.png,squamous.cell.carcinoma,3,val,squamous.cell.carcinoma_left.hilum_T1_N2_M0_IIIa,476309b521d2465fbe911cf63a88d1c0,9605621899190627554,536,leakage_controlled_image_group
C:\Users\shrey\Downloads\MIP_project_part2\Lung-Cancer-Classification-\Data\train\squamous.cell.carcinoma_left.hilum_T1_N2_M0_IIIa\000004 (4).png,000004 (4).png,squamous.cell.carcinoma,3,train,squamous.cell.carcinoma_left.hilum_T1_N2_M0_IIIa,53b2612ddebc5c13bc185cfb1253565d,10692182975695514855,537,leakage_controlled_image_group
C:\Users\shrey\Downloads\MIP_project_part2\Lung-Cancer-Classification-\Data\train\squamous.cell.carcinoma_left.hilum_T1_N2_M0_IIIa\000004 (5).png,000004 (5).png,squamous.cell.carcinoma,3,train,squamous.cell.carcinoma_left.hilum_T1_N2_M0_IIIa,12d869a982f3a3e381c830c021d71b76,15704406237251004623,538,leakage_controlled_image_group
C:\Users\shrey\Downloads\MIP_project_part2\Lung-Cancer-Classification-\Data\train\squamous.cell.carcinoma_left.hilum_T1_N2_M0_IIIa\000004 (7).png,000004 (7).png,squamous.cell.carcinoma,3,train,squamous.cell.carcinoma_left.hilum_T1_N2_M0_IIIa,cd1c432a0de06bdb442a3b54bf8a5473,11056978536117844014,539,leakage_controlled_image_group
C:\Users\shrey\Downloads\MIP_project_part2\Lung-Cancer-Classification-\Data\train\squamous.cell.carcinoma_left.hilum_T1_N2_M0_IIIa\000006 (4).png,000006 (4).png,squamous.cell.carcinoma,3,train,squamous.cell.carcinoma_left.hilum_T1_N2_M0_IIIa,452e8ecac148553eb394d28bbb7ea009,11340699565999009125,540,leakage_controlled_image_group
C:\Users\shrey\Downloads\MIP_project_part2\Lung-Cancer-Classification-\Data\train\squamous.cell.carcinoma_left.hilum_T1_N2_M0_IIIa\000006.png,000006.png,squamous.cell.carcinoma,3,val,squamous.cell.carcinoma_left.hilum_T1_N2_M0_IIIa,d9b299af51cd3df3f06f357bd6a3a1a2,15373884128867466127,541,leakage_controlled_image_group
C:\Users\shrey\Downloads\MIP_project_part2\Lung-Cancer-Classification-\Data\train\squamous.cell.carcinoma_left.hilum_T1_N2_M0_IIIa\000007 (4).png,000007 (4).png,squamous.cell.carcinoma,3,train,squamous.cell.carcinoma_left.hilum_T1_N2_M0_IIIa,74a174e35639c516c8900d20977829bc,11047969180735008560,542,leakage_controlled_image_group
C:\Users\shrey\Downloads\MIP_project_part2\Lung-Cancer-Classification-\Data\train\squamous.cell.carcinoma_left.hilum_T1_N2_M0_IIIa\000007.png,000007.png,squamous.cell.carcinoma,3,test,squamous.cell.carcinoma_left.hilum_T1_N2_M0_IIIa,de18c375af0d442719a8b5cf1ae30cc6,15928746556540087441,543,leakage_controlled_image_group
C:\Users\shrey\Downloads\MIP_project_part2\Lung-Cancer-Classification-\Data\train\squamous.cell.carcinoma_left.hilum_T1_N2_M0_IIIa\000008 (3).png,000008 (3).png,squamous.cell.carcinoma,3,train,squamous.cell.carcinoma_left.hilum_T1_N2_M0_IIIa,5cd56e77314c7ec414cac103db0dcfa9,15077284875249523098,544,leakage_controlled_image_group
C:\Users\shrey\Downloads\MIP_project_part2\Lung-Cancer-Classification-\Data\train\squamous.cell.carcinoma_left.hilum_T1_N2_M0_IIIa\000009 (2).png,000009 (2).png,squamous.cell.carcinoma,3,train,squamous.cell.carcinoma_left.hilum_T1_N2_M0_IIIa,d8cda0e30c155ac23411c12b5c1d8410,10694649888677588193,545,leakage_controlled_image_group
C:\Users\shrey\Downloads\MIP_project_part2\Lung-Cancer-Classification-\Data\train\squamous.cell.carcinoma_left.hilum_T1_N2_M0_IIIa\000010 (6).png,000010 (6).png,squamous.cell.carcinoma,3,train,squamous.cell.carcinoma_left.hilum_T1_N2_M0_IIIa,c14993840fdc791d3b3dd4726944910b,15346937552313658507,546,leakage_controlled_image_group
C:\Users\shrey\Downloads\MIP_project_part2\Lung-Cancer-Classification-\Data\train\squamous.cell.carcinoma_left.hilum_T1_N2_M0_IIIa\000013 (6).png,000013 (6).png,squamous.cell.carcinoma,3,train,squamous.cell.carcinoma_left.hilum_T1_N2_M0_IIIa,b11fdae351bd4f27a2fdb2625fccc447,9327876667221572519,547,leakage_controlled_image_group
C:\Users\shrey\Downloads\MIP_project_part2\Lung-Cancer-Classification-\Data\train\squamous.cell.carcinoma_left.hilum_T1_N2_M0_IIIa\000015 (5).png,000015 (5).png,squamous.cell.carcinoma,3,train,squamous.cell.carcinoma_left.hilum_T1_N2_M0_IIIa,5bdc6ab07d123580d48229d80abb0de9,15382684856633158439,548,leakage_controlled_image_group
C:\Users\shrey\Downloads\MIP_project_part2\Lung-Cancer-Classification-\Data\train\squamous.cell.carcinoma_left.hilum_T1_N2_M0_IIIa\000015 (7).png,000015 (7).png,squamous.cell.carcinoma,3,val,squamous.cell.carcinoma_left.hilum_T1_N2_M0_IIIa,44de3e3a652916a1f3b0d9a637335577,15094383875309517205,549,leakage_controlled_image_group
C:\Users\shrey\Downloads\MIP_project_part2\Lung-Cancer-Classification-\Data\train\squamous.cell.carcinoma_left.hilum_T1_N2_M0_IIIa\000016 (3).png,000016 (3).png,squamous.cell.carcinoma,3,train,squamous.cell.carcinoma_left.hilum_T1_N2_M0_IIIa,7af0e5a79eddff358d5430023f14e7ac,11041497762978609234,550,leakage_controlled_image_group
C:\Users\shrey\Downloads\MIP_project_part2\Lung-Cancer-Classification-\Data\train\squamous.cell.carcinoma_left.hilum_T1_N2_M0_IIIa\000017 (4).png,000017 (4).png,squamous.cell.carcinoma,3,train,squamous.cell.carcinoma_left.hilum_T1_N2_M0_IIIa,1d69dbc2df8a7f16ff532f2f14c3b36f,10400814207404110645,551,leakage_controlled_image_group
C:\Users\shrey\Downloads\MIP_project_part2\Lung-Cancer-Classification-\Data\train\squamous.cell.carcinoma_left.hilum_T1_N2_M0_IIIa\000018 (6).png,000018 (6).png,squamous.cell.carcinoma,3,test,squamous.cell.carcinoma_left.hilum_T1_N2_M0_IIIa,b41ca62a38a9b59bef30d24eda5ab23a,14511519855249472423,552,leakage_controlled_image_group
C:\Users\shrey\Downloads\MIP_project_part2\Lung-Cancer-Classification-\Data\train\squamous.cell.carcinoma_left.hilum_T1_N2_M0_IIIa\000024 (5).png,000024 (5).png,squamous.cell.carcinoma,3,train,squamous.cell.carcinoma_left.hilum_T1_N2_M0_IIIa,43eded7b5955c11c6f5ab38b61a8a431,11002935340050050670,553,leakage_controlled_image_group
C:\Users\shrey\Downloads\MIP_project_part2\Lung-Cancer-Classification-\Data\train\squamous.cell.carcinoma_left.hilum_T1_N2_M0_IIIa\000024 (7).png,000024 (7).png,squamous.cell.carcinoma,3,train,squamous.cell.carcinoma_left.hilum_T1_N2_M0_IIIa,8a278999fee794212bb0abdfefa0f701,10480799292342417457,554,leakage_controlled_image_group
C:\Users\shrey\Downloads\MIP_project_part2\Lung-Cancer-Classification-\Data\train\squamous.cell.carcinoma_left.hilum_T1_N2_M0_IIIa\000027 (2).png,000027 (2).png,squamous.cell.carcinoma,3,test,squamous.cell.carcinoma_left.hilum_T1_N2_M0_IIIa,d4787c3010f12ff4b870bdd111c4f6c5,15279379198569102772,555,leakage_controlled_image_group
C:\Users\shrey\Downloads\MIP_project_part2\Lung-Cancer-Classification-\Data\train\squamous.cell.carcinoma_left.hilum_T1_N2_M0_IIIa\000028 (4).png,000028 (4).png,squamous.cell.carcinoma,3,train,squamous.cell.carcinoma_left.hilum_T1_N2_M0_IIIa,5671dcee4c328b5f2b7228c6d5b10699,11340699565395046245,540,leakage_controlled_image_group
C:\Users\shrey\Downloads\MIP_project_part2\Lung-Cancer-Classification-\Data\train\squamous.cell.carcinoma_left.hilum_T1_N2_M0_IIIa\000028 (5).png,000028 (5).png,squamous.cell.carcinoma,3,test,squamous.cell.carcinoma_left.hilum_T1_N2_M0_IIIa,93ef0d266d926c9e6d22212bf2ade9c7,15308305116313368731,556,leakage_controlled_image_group
C:\Users\shrey\Downloads\MIP_project_part2\Lung-Cancer-Classification-\Data\train\squamous.cell.carcinoma_left.hilum_T1_N2_M0_IIIa\000028 (7).png,000028 (7).png,squamous.cell.carcinoma,3,train,squamous.cell.carcinoma_left.hilum_T1_N2_M0_IIIa,1b886fbeb2414e9e5bf4f25ca24a8100,10516000531791899770,557,leakage_controlled_image_group
C:\Users\shrey\Downloads\MIP_project_part2\Lung-Cancer-Classification-\Data\train\squamous.cell.carcinoma_left.hilum_T1_N2_M0_IIIa\000029 (4).png,000029 (4).png,squamous.cell.carcinoma,3,test,squamous.cell.carcinoma_left.hilum_T1_N2_M0_IIIa,aa5dd8325c398129cca5bf6130486811,11340981040966285620,558,leakage_controlled_image_group
C:\Users\shrey\Downloads\MIP_project_part2\Lung-Cancer-Classification-\Data\train\squamous.cell.carcinoma_left.hilum_T1_N2_M0_IIIa\000030 (2).png,000030 (2).png,squamous.cell.carcinoma,3,test,squamous.cell.carcinoma_left.hilum_T1_N2_M0_IIIa,9dca4cbe4047e3a29cd715cffe1f2b87,11264138380319289261,559,leakage_controlled_image_group
C:\Users\shrey\Downloads\MIP_project_part2\Lung-Cancer-Classification-\Data\train\squamous.cell.carcinoma_left.hilum_T1_N2_M0_IIIa\000030 (5).png,000030 (5).png,squamous.cell.carcinoma,3,train,squamous.cell.carcinoma_left.hilum_T1_N2_M0_IIIa,b8ca0338adc2c599f09d6978aad728e6,11093007057720064110,560,leakage_controlled_image_group
C:\Users\shrey\Downloads\MIP_project_part2\Lung-Cancer-Classification-\Data\train\squamous.cell.carcinoma_left.hilum_T1_N2_M0_IIIa\000030 (7).png,000030 (7).png,squamous.cell.carcinoma,3,test,squamous.cell.carcinoma_left.hilum_T1_N2_M0_IIIa,fc4f1246f05a4567d3993bff999ee11d,15415894248742861159,561,leakage_controlled_image_group
C:\Users\shrey\Downloads\MIP_project_part2\Lung-Cancer-Classification-\Data\train\squamous.cell.carcinoma_left.hilum_T1_N2_M0_IIIa\000032.png,000032.png,squamous.cell.carcinoma,3,test,squamous.cell.carcinoma_left.hilum_T1_N2_M0_IIIa,0b765e703fc8ef8634aed3faf0998043,10791541958303825841,562,leakage_controlled_image_group
C:\Users\shrey\Downloads\MIP_project_part2\Lung-Cancer-Classification-\Data\train\squamous.cell.carcinoma_left.hilum_T1_N2_M0_IIIa\000033.png,000033.png,squamous.cell.carcinoma,3,train,squamous.cell.carcinoma_left.hilum_T1_N2_M0_IIIa,130045bf843106c09e8fcbdd95b9e8a5,15928741754768746800,563,leakage_controlled_image_group
C:\Users\shrey\Downloads\MIP_project_part2\Lung-Cancer-Classification-\Data\train\squamous.cell.carcinoma_left.hilum_T1_N2_M0_IIIa\000035 (5).png,000035 (5).png,squamous.cell.carcinoma,3,test,squamous.cell.carcinoma_left.hilum_T1_N2_M0_IIIa,3a358831a3999b42b9732e4df30018ce,15302961468061593445,564,leakage_controlled_image_group
C:\Users\shrey\Downloads\MIP_project_part2\Lung-Cancer-Classification-\Data\train\squamous.cell.carcinoma_left.hilum_T1_N2_M0_IIIa\000035.png,000035.png,squamous.cell.carcinoma,3,train,squamous.cell.carcinoma_left.hilum_T1_N2_M0_IIIa,8651b6c7652f15f6d05053c9bbdcce40,15928671386017229873,563,leakage_controlled_image_group
C:\Users\shrey\Downloads\MIP_project_part2\Lung-Cancer-Classification-\Data\train\squamous.cell.carcinoma_left.hilum_T1_N2_M0_IIIa\000036 (4).png,000036 (4).png,squamous.cell.carcinoma,3,train,squamous.cell.carcinoma_left.hilum_T1_N2_M0_IIIa,59798a98712e21a092826df496752cfb,9537295166130107281,565,leakage_controlled_image_group
C:\Users\shrey\Downloads\MIP_project_part2\Lung-Cancer-Classification-\Data\train\squamous.cell.carcinoma_left.hilum_T1_N2_M0_IIIa\000037 (2).png,000037 (2).png,squamous.cell.carcinoma,3,train,squamous.cell.carcinoma_left.hilum_T1_N2_M0_IIIa,3215ffcf0b5f2bd51c601567968e950b,10759664922029088741,566,leakage_controlled_image_group
C:\Users\shrey\Downloads\MIP_project_part2\Lung-Cancer-Classification-\Data\train\squamous.cell.carcinoma_left.hilum_T1_N2_M0_IIIa\000038 (2).png,000038 (2).png,squamous.cell.carcinoma,3,train,squamous.cell.carcinoma_left.hilum_T1_N2_M0_IIIa,2495101aed9eba8b4fa77a430c18b653,11248377156615814320,567,leakage_controlled_image_group
C:\Users\shrey\Downloads\MIP_project_part2\Lung-Cancer-Classification-\Data\train\squamous.cell.carcinoma_left.hilum_T1_N2_M0_IIIa\000038 (5).png,000038 (5).png,squamous.cell.carcinoma,3,train,squamous.cell.carcinoma_left.hilum_T1_N2_M0_IIIa,9e8063feea2e92d4e66e7a2997f748ba,10480516426868537783,568,leakage_controlled_image_group
C:\Users\shrey\Downloads\MIP_project_part2\Lung-Cancer-Classification-\Data\train\squamous.cell.carcinoma_left.hilum_T1_N2_M0_IIIa\000038 (7).png,000038 (7).png,squamous.cell.carcinoma,3,train,squamous.cell.carcinoma_left.hilum_T1_N2_M0_IIIa,c5a5968a0925cc70fbbd7c1fccdf0378,15380428406237968695,569,leakage_controlled_image_group
C:\Users\shrey\Downloads\MIP_project_part2\Lung-Cancer-Classification-\Data\train\squamous.cell.carcinoma_left.hilum_T1_N2_M0_IIIa\000041 (4).png,000041 (4).png,squamous.cell.carcinoma,3,train,squamous.cell.carcinoma_left.hilum_T1_N2_M0_IIIa,cd08e236ddba3ca70fbe90faca8837d3,11336195983541038636,570,leakage_controlled_image_group
C:\Users\shrey\Downloads\MIP_project_part2\Lung-Cancer-Classification-\Data\train\squamous.cell.carcinoma_left.hilum_T1_N2_M0_IIIa\000043 (3).png,000043 (3).png,squamous.cell.carcinoma,3,train,squamous.cell.carcinoma_left.hilum_T1_N2_M0_IIIa,897eed19380b5e6ff1a5ce728fd2c94c,11247251316011723568,571,leakage_controlled_image_group
C:\Users\shrey\Downloads\MIP_project_part2\Lung-Cancer-Classification-\Data\train\squamous.cell.carcinoma_left.hilum_T1_N2_M0_IIIa\000043.png,000043.png,squamous.cell.carcinoma,3,train,squamous.cell.carcinoma_left.hilum_T1_N2_M0_IIIa,30fcf5e2a25cd81e2c3f5f088a8e2ae2,9873675141260081509,572,leakage_controlled_image_group
C:\Users\shrey\Downloads\MIP_project_part2\Lung-Cancer-Classification-\Data\train\squamous.cell.carcinoma_left.hilum_T1_N2_M0_IIIa\000044 (2).png,000044 (2).png,squamous.cell.carcinoma,3,val,squamous.cell.carcinoma_left.hilum_T1_N2_M0_IIIa,ec839d4509a0f93afea903ddf77849da,10401986303438370981,573,leakage_controlled_image_group
C:\Users\shrey\Downloads\MIP_project_part2\Lung-Cancer-Classification-\Data\train\squamous.cell.carcinoma_left.hilum_T1_N2_M0_IIIa\000046 (4).png,000046 (4).png,squamous.cell.carcinoma,3,train,squamous.cell.carcinoma_left.hilum_T1_N2_M0_IIIa,3eabb6f19aad5b69b1eae21767c6e8df,11336195983539990320,574,leakage_controlled_image_group
C:\Users\shrey\Downloads\MIP_project_part2\Lung-Cancer-Classification-\Data\train\squamous.cell.carcinoma_left.hilum_T1_N2_M0_IIIa\000046 (5).png,000046 (5).png,squamous.cell.carcinoma,3,train,squamous.cell.carcinoma_left.hilum_T1_N2_M0_IIIa,a632921ba099953ef043afb143791a43,15307812260226152767,575,leakage_controlled_image_group
C:\Users\shrey\Downloads\MIP_project_part2\Lung-Cancer-Classification-\Data\train\squamous.cell.carcinoma_left.hilum_T1_N2_M0_IIIa\000046 (6).png,000046 (6).png,squamous.cell.carcinoma,3,train,squamous.cell.carcinoma_left.hilum_T1_N2_M0_IIIa,ba9659d1fc71124fe7afe91273449296,13864971803418373945,576,leakage_controlled_image_group
C:\Users\shrey\Downloads\MIP_project_part2\Lung-Cancer-Classification-\Data\train\squamous.cell.carcinoma_left.hilum_T1_N2_M0_IIIa\000046 (7).png,000046 (7).png,squamous.cell.carcinoma,3,train,squamous.cell.carcinoma_left.hilum_T1_N2_M0_IIIa,f31940be8b61b9812902908e5dc28238,15308371082716002623,575,leakage_controlled_image_group
C:\Users\shrey\Downloads\MIP_project_part2\Lung-Cancer-Classification-\Data\train\squamous.cell.carcinoma_left.hilum_T1_N2_M0_IIIa\000048 (5).png,000048 (5).png,squamous.cell.carcinoma,3,train,squamous.cell.carcinoma_left.hilum_T1_N2_M0_IIIa,8cd16219e29bbe5fc0c8df5a853ab941,11092444245213997646,577,leakage_controlled_image_group
C:\Users\shrey\Downloads\MIP_project_part2\Lung-Cancer-Classification-\Data\train\squamous.cell.carcinoma_left.hilum_T1_N2_M0_IIIa\000048 (7).png,000048 (7).png,squamous.cell.carcinoma,3,train,squamous.cell.carcinoma_left.hilum_T1_N2_M0_IIIa,bf8a1489895a964a0c771c7457b8f8ef,11056978536117844007,539,leakage_controlled_image_group
C:\Users\shrey\Downloads\MIP_project_part2\Lung-Cancer-Classification-\Data\train\squamous.cell.carcinoma_left.hilum_T1_N2_M0_IIIa\000048.png,000048.png,squamous.cell.carcinoma,3,test,squamous.cell.carcinoma_left.hilum_T1_N2_M0_IIIa,a19c2263c0cadcfaec4052900c6c5416,15411043597759510988,578,leakage_controlled_image_group
C:\Users\shrey\Downloads\MIP_project_part2\Lung-Cancer-Classification-\Data\train\squamous.cell.carcinoma_left.hilum_T1_N2_M0_IIIa\000049 (3).png,000049 (3).png,squamous.cell.carcinoma,3,train,squamous.cell.carcinoma_left.hilum_T1_N2_M0_IIIa,e797d6db1ddae1e8cdc7890207d2b4de,10954801031945943649,258,leakage_controlled_image_group
C:\Users\shrey\Downloads\MIP_project_part2\Lung-Cancer-Classification-\Data\train\squamous.cell.carcinoma_left.hilum_T1_N2_M0_IIIa\000050 (2).png,000050 (2).png,squamous.cell.carcinoma,3,test,squamous.cell.carcinoma_left.hilum_T1_N2_M0_IIIa,bf8d5a8d2232ae55fecca89993c6530a,11248377156078431877,579,leakage_controlled_image_group
C:\Users\shrey\Downloads\MIP_project_part2\Lung-Cancer-Classification-\Data\train\squamous.cell.carcinoma_left.hilum_T1_N2_M0_IIIa\000050 (6).png,000050 (6).png,squamous.cell.carcinoma,3,train,squamous.cell.carcinoma_left.hilum_T1_N2_M0_IIIa,5cfd1eb9aed18fd77f99df0b2c0486b9,14153202175275646355,580,leakage_controlled_image_group
C:\Users\shrey\Downloads\MIP_project_part2\Lung-Cancer-Classification-\Data\train\squamous.cell.carcinoma_left.hilum_T1_N2_M0_IIIa\000051 (3).png,000051 (3).png,squamous.cell.carcinoma,3,val,squamous.cell.carcinoma_left.hilum_T1_N2_M0_IIIa,9801053e1ebfc99a9d67f89d653086e1,10742796414799866676,581,leakage_controlled_image_group
C:\Users\shrey\Downloads\MIP_project_part2\Lung-Cancer-Classification-\Data\train\squamous.cell.carcinoma_left.hilum_T1_N2_M0_IIIa\000052 (4).png,000052 (4).png,squamous.cell.carcinoma,3,test,squamous.cell.carcinoma_left.hilum_T1_N2_M0_IIIa,21dc2b685d6a8619fe7afd4ba84198fc,15303867246140222774,582,leakage_controlled_image_group
C:\Users\shrey\Downloads\MIP_project_part2\Lung-Cancer-Classification-\Data\train\squamous.cell.carcinoma_left.hilum_T1_N2_M0_IIIa\000053 (6).png,000053 (6).png,squamous.cell.carcinoma,3,train,squamous.cell.carcinoma_left.hilum_T1_N2_M0_IIIa,b9d44e230b8da410a7aeadf2c2bba522,13935059102677941143,583,leakage_controlled_image_group
C:\Users\shrey\Downloads\MIP_project_part2\Lung-Cancer-Classification-\Data\train\squamous.cell.carcinoma_left.hilum_T1_N2_M0_IIIa\000053.png,000053.png,squamous.cell.carcinoma,3,val,squamous.cell.carcinoma_left.hilum_T1_N2_M0_IIIa,b1f47c53affb1a97a60f810d7beeb6ca,10959025261427048240,584,leakage_controlled_image_group
C:\Users\shrey\Downloads\MIP_project_part2\Lung-Cancer-Classification-\Data\train\squamous.cell.carcinoma_left.hilum_T1_N2_M0_IIIa\000054 (3).png,000054 (3).png,squamous.cell.carcinoma,3,train,squamous.cell.carcinoma_left.hilum_T1_N2_M0_IIIa,68a3334c726304f558ab5f74bc633035,9362515308432551110,585,leakage_controlled_image_group
C:\Users\shrey\Downloads\MIP_project_part2\Lung-Cancer-Classification-\Data\train\squamous.cell.carcinoma_left.hilum_T1_N2_M0_IIIa\000054.png,000054.png,squamous.cell.carcinoma,3,train,squamous.cell.carcinoma_left.hilum_T1_N2_M0_IIIa,cad91322a7090b6d46ed30dfcd8e136c,15280242366723400501,586,leakage_controlled_image_group
C:\Users\shrey\Downloads\MIP_project_part2\Lung-Cancer-Classification-\Data\train\squamous.cell.carcinoma_left.hilum_T1_N2_M0_IIIa\000055 (2).png,000055 (2).png,squamous.cell.carcinoma,3,train,squamous.cell.carcinoma_left.hilum_T1_N2_M0_IIIa,1144e6433af25de9898361fb0afd0ebf,9325360782223748842,587,leakage_controlled_image_group
C:\Users\shrey\Downloads\MIP_project_part2\Lung-Cancer-Classification-\Data\train\squamous.cell.carcinoma_left.hilum_T1_N2_M0_IIIa\000055 (3).png,000055 (3).png,squamous.cell.carcinoma,3,train,squamous.cell.carcinoma_left.hilum_T1_N2_M0_IIIa,887db84459612f5d45fbcf4d71be919b,15073062214479130098,588,leakage_controlled_image_group
C:\Users\shrey\Downloads\MIP_project_part2\Lung-Cancer-Classification-\Data\train\squamous.cell.carcinoma_left.hilum_T1_N2_M0_IIIa\000056 (5).png,000056 (5).png,squamous.cell.carcinoma,3,test,squamous.cell.carcinoma_left.hilum_T1_N2_M0_IIIa,38d4b3519b053d0536858476a53af30d,15668940531980056869,589,leakage_controlled_image_group
C:\Users\shrey\Downloads\MIP_project_part2\Lung-Cancer-Classification-\Data\train\squamous.cell.carcinoma_left.hilum_T1_N2_M0_IIIa\000056 (7).png,000056 (7).png,squamous.cell.carcinoma,3,train,squamous.cell.carcinoma_left.hilum_T1_N2_M0_IIIa,86871ed07b6bc78a65671b1cc74cc22f,11056977436605823278,539,leakage_controlled_image_group
C:\Users\shrey\Downloads\MIP_project_part2\Lung-Cancer-Classification-\Data\train\squamous.cell.carcinoma_left.hilum_T1_N2_M0_IIIa\000057 (3).png,000057 (3).png,squamous.cell.carcinoma,3,val,squamous.cell.carcinoma_left.hilum_T1_N2_M0_IIIa,3dc96fa322462c587851e57557f27c2d,15289441717465857456,590,leakage_controlled_image_group
C:\Users\shrey\Downloads\MIP_project_part2\Lung-Cancer-Classification-\Data\train\squamous.cell.carcinoma_left.hilum_T1_N2_M0_IIIa\000057 (4).png,000057 (4).png,squamous.cell.carcinoma,3,train,squamous.cell.carcinoma_left.hilum_T1_N2_M0_IIIa,264aacf06973e9ea2493a8d90a7ed3cd,15297394691423353745,591,leakage_controlled_image_group
C:\Users\shrey\Downloads\MIP_project_part2\Lung-Cancer-Classification-\Data\train\squamous.cell.carcinoma_left.hilum_T1_N2_M0_IIIa\000057 (5).png,000057 (5).png,squamous.cell.carcinoma,3,train,squamous.cell.carcinoma_left.hilum_T1_N2_M0_IIIa,63763fc55827b75db45ebf146c862b0c,10515982664720083311,592,leakage_controlled_image_group
C:\Users\shrey\Downloads\MIP_project_part2\Lung-Cancer-Classification-\Data\train\squamous.cell.carcinoma_left.hilum_T1_N2_M0_IIIa\000057 (6).png,000057 (6).png,squamous.cell.carcinoma,3,train,squamous.cell.carcinoma_left.hilum_T1_N2_M0_IIIa,7da771f1bb3a0e57a95c7d321e513066,15880609480841115967,593,leakage_controlled_image_group
C:\Users\shrey\Downloads\MIP_project_part2\Lung-Cancer-Classification-\Data\train\squamous.cell.carcinoma_left.hilum_T1_N2_M0_IIIa\000057 (7).png,000057 (7).png,squamous.cell.carcinoma,3,test,squamous.cell.carcinoma_left.hilum_T1_N2_M0_IIIa,a98ba653c8fa4f2bd92c9646cc83c32a,15992640856293534055,594,leakage_controlled_image_group
C:\Users\shrey\Downloads\MIP_project_part2\Lung-Cancer-Classification-\Data\train\squamous.cell.carcinoma_left.hilum_T1_N2_M0_IIIa\000058 (3).png,000058 (3).png,squamous.cell.carcinoma,3,train,squamous.cell.carcinoma_left.hilum_T1_N2_M0_IIIa,7a059061ccc960a0a038b948ce2a60e7,11042622559338641778,595,leakage_controlled_image_group
C:\Users\shrey\Downloads\MIP_project_part2\Lung-Cancer-Classification-\Data\train\squamous.cell.carcinoma_left.hilum_T1_N2_M0_IIIa\000058 (5).png,000058 (5).png,squamous.cell.carcinoma,3,train,squamous.cell.carcinoma_left.hilum_T1_N2_M0_IIIa,153910dd2ca0ce64107cd29cdf288b86,15668663175791655231,596,leakage_controlled_image_group
C:\Users\shrey\Downloads\MIP_project_part2\Lung-Cancer-Classification-\Data\train\squamous.cell.carcinoma_left.hilum_T1_N2_M0_IIIa\000058 (7).png,000058 (7).png,squamous.cell.carcinoma,3,test,squamous.cell.carcinoma_left.hilum_T1_N2_M0_IIIa,33d473b3c71ca2c8f0cfa96d4f185ba0,11057258636166179183,597,leakage_controlled_image_group
C:\Users\shrey\Downloads\MIP_project_part2\Lung-Cancer-Classification-\Data\train\squamous.cell.carcinoma_left.hilum_T1_N2_M0_IIIa\000058.png,000058.png,squamous.cell.carcinoma,3,train,squamous.cell.carcinoma_left.hilum_T1_N2_M0_IIIa,3fba1068145a1d1c08a5cb3736ce5772,10957899378419068533,598,leakage_controlled_image_group
C:\Users\shrey\Downloads\MIP_project_part2\Lung-Cancer-Classification-\Data\train\squamous.cell.carcinoma_left.hilum_T1_N2_M0_IIIa\000060 (2).png,000060 (2).png,squamous.cell.carcinoma,3,train,squamous.cell.carcinoma_left.hilum_T1_N2_M0_IIIa,5f4b48798767a66e02c7e53c310c9006,15371377260551748833,599,leakage_controlled_image_group
C:\Users\shrey\Downloads\MIP_project_part2\Lung-Cancer-Classification-\Data\train\squamous.cell.carcinoma_left.hilum_T1_N2_M0_IIIa\000062 (5).png,000062 (5).png,squamous.cell.carcinoma,3,test,squamous.cell.carcinoma_left.hilum_T1_N2_M0_IIIa,b74f3da7da914c9acfd16670e0594ab3,11094977365385034438,600,leakage_controlled_image_group
C:\Users\shrey\Downloads\MIP_project_part2\Lung-Cancer-Classification-\Data\train\squamous.cell.carcinoma_left.hilum_T1_N2_M0_IIIa\000062 (7).png,000062 (7).png,squamous.cell.carcinoma,3,train,squamous.cell.carcinoma_left.hilum_T1_N2_M0_IIIa,2a792c5cba68ef2ee94103a45e6134d1,11092725445849655630,601,leakage_controlled_image_group
C:\Users\shrey\Downloads\MIP_project_part2\Lung-Cancer-Classification-\Data\train\squamous.cell.carcinoma_left.hilum_T1_N2_M0_IIIa\000063 (3).png,000063 (3).png,squamous.cell.carcinoma,3,train,squamous.cell.carcinoma_left.hilum_T1_N2_M0_IIIa,d8bfa34874366eb38bde28844e690ab5,15858091818533285680,602,leakage_controlled_image_group
C:\Users\shrey\Downloads\MIP_project_part2\Lung-Cancer-Classification-\Data\train\squamous.cell.carcinoma_left.hilum_T1_N2_M0_IIIa\000063 (6).png,000063 (6).png,squamous.cell.carcinoma,3,val,squamous.cell.carcinoma_left.hilum_T1_N2_M0_IIIa,4270f876818b8501a26d73b84f9c63d4,13927177854936495028,603,leakage_controlled_image_group
C:\Users\shrey\Downloads\MIP_project_part2\Lung-Cancer-Classification-\Data\train\squamous.cell.carcinoma_left.hilum_T1_N2_M0_IIIa\000063.png,000063.png,squamous.cell.carcinoma,3,val,squamous.cell.carcinoma_left.hilum_T1_N2_M0_IIIa,8130ef34b6db90e6f4cde33d5afd1b1b,15366864933542981460,604,leakage_controlled_image_group
C:\Users\shrey\Downloads\MIP_project_part2\Lung-Cancer-Classification-\Data\train\squamous.cell.carcinoma_left.hilum_T1_N2_M0_IIIa\000064 (4).png,000064 (4).png,squamous.cell.carcinoma,3,train,squamous.cell.carcinoma_left.hilum_T1_N2_M0_IIIa,8d38fca8842d6ff3ffb07e8e9103e2ce,10694715872048331955,605,leakage_controlled_image_group
C:\Users\shrey\Downloads\MIP_project_part2\Lung-Cancer-Classification-\Data\train\squamous.cell.carcinoma_left.hilum_T1_N2_M0_IIIa\000065 (5).png,000065 (5).png,squamous.cell.carcinoma,3,train,squamous.cell.carcinoma_left.hilum_T1_N2_M0_IIIa,66a238bd3483f6e0eb7c2d6a95cd635a,11002935322828295879,606,leakage_controlled_image_group
C:\Users\shrey\Downloads\MIP_project_part2\Lung-Cancer-Classification-\Data\train\squamous.cell.carcinoma_left.hilum_T1_N2_M0_IIIa\000065 (7).png,000065 (7).png,squamous.cell.carcinoma,3,train,squamous.cell.carcinoma_left.hilum_T1_N2_M0_IIIa,1d13292c2c10f9bf3f25f9529a4f4e7f,11002935339983466087,553,leakage_controlled_image_group
C:\Users\shrey\Downloads\MIP_project_part2\Lung-Cancer-Classification-\Data\train\squamous.cell.carcinoma_left.hilum_T1_N2_M0_IIIa\000066 (2).png,000066 (2).png,squamous.cell.carcinoma,3,train,squamous.cell.carcinoma_left.hilum_T1_N2_M0_IIIa,218df11cf702d2bce2a6514fd0925530,10978161178436194092,607,leakage_controlled_image_group
C:\Users\shrey\Downloads\MIP_project_part2\Lung-Cancer-Classification-\Data\train\squamous.cell.carcinoma_left.hilum_T1_N2_M0_IIIa\000066.png,000066.png,squamous.cell.carcinoma,3,train,squamous.cell.carcinoma_left.hilum_T1_N2_M0_IIIa,ec0e802032c9f89bdb45b8a1d21310e5,9317532129927323358,608,leakage_controlled_image_group
C:\Users\shrey\Downloads\MIP_project_part2\Lung-Cancer-Classification-\Data\train\squamous.cell.carcinoma_left.hilum_T1_N2_M0_IIIa\000067 (2).png,000067 (2).png,squamous.cell.carcinoma,3,val,squamous.cell.carcinoma_left.hilum_T1_N2_M0_IIIa,073a8f274d32f324b13b29eef19a3e5f,10694718951745007203,609,leakage_controlled_image_group
C:\Users\shrey\Downloads\MIP_project_part2\Lung-Cancer-Classification-\Data\train\squamous.cell.carcinoma_left.hilum_T1_N2_M0_IIIa\000067 (3).png,000067 (3).png,squamous.cell.carcinoma,3,train,squamous.cell.carcinoma_left.hilum_T1_N2_M0_IIIa,f030cd0e6c01a8e43ef0fd4bf30fe231,11035866649608087908,610,leakage_controlled_image_group
C:\Users\shrey\Downloads\MIP_project_part2\Lung-Cancer-Classification-\Data\train\squamous.cell.carcinoma_left.hilum_T1_N2_M0_IIIa\000067 (5).png,000067 (5).png,squamous.cell.carcinoma,3,train,squamous.cell.carcinoma_left.hilum_T1_N2_M0_IIIa,857edc00d348ed36e404947780a1cded,15902564620855307719,611,leakage_controlled_image_group
C:\Users\shrey\Downloads\MIP_project_part2\Lung-Cancer-Classification-\Data\train\squamous.cell.carcinoma_left.hilum_T1_N2_M0_IIIa\000067 (7).png,000067 (7).png,squamous.cell.carcinoma,3,test,squamous.cell.carcinoma_left.hilum_T1_N2_M0_IIIa,b0425bd81dac74ef143baaf6935e7697,15578587063315741815,612,leakage_controlled_image_group
C:\Users\shrey\Downloads\MIP_project_part2\Lung-Cancer-Classification-\Data\train\squamous.cell.carcinoma_left.hilum_T1_N2_M0_IIIa\000068 (4).png,000068 (4).png,squamous.cell.carcinoma,3,train,squamous.cell.carcinoma_left.hilum_T1_N2_M0_IIIa,026dbbbae01aac756675747b150ca9f1,10984375367100156825,613,leakage_controlled_image_group
C:\Users\shrey\Downloads\MIP_project_part2\Lung-Cancer-Classification-\Data\train\squamous.cell.carcinoma_left.hilum_T1_N2_M0_IIIa\000069 (2).png,000069 (2).png,squamous.cell.carcinoma,3,train,squamous.cell.carcinoma_left.hilum_T1_N2_M0_IIIa,7478dee429cf6df93b1edcdde910e191,9319662228798471077,614,leakage_controlled_image_group
C:\Users\shrey\Downloads\MIP_project_part2\Lung-Cancer-Classification-\Data\train\squamous.cell.carcinoma_left.hilum_T1_N2_M0_IIIa\000070 (2).png,000070 (2).png,squamous.cell.carcinoma,3,train,squamous.cell.carcinoma_left.hilum_T1_N2_M0_IIIa,097506853af87c55cc9832582486edfa,9244579216858441883,615,leakage_controlled_image_group
C:\Users\shrey\Downloads\MIP_project_part2\Lung-Cancer-Classification-\Data\train\squamous.cell.carcinoma_left.hilum_T1_N2_M0_IIIa\000070.png,000070.png,squamous.cell.carcinoma,3,test,squamous.cell.carcinoma_left.hilum_T1_N2_M0_IIIa,7b417f1b9e628ad307c79d02775b0a04,11028831132663167333,616,leakage_controlled_image_group
C:\Users\shrey\Downloads\MIP_project_part2\Lung-Cancer-Classification-\Data\train\squamous.cell.carcinoma_left.hilum_T1_N2_M0_IIIa\000071 (3).png,000071 (3).png,squamous.cell.carcinoma,3,train,squamous.cell.carcinoma_left.hilum_T1_N2_M0_IIIa,a1b6bbc3f23ae7b3d4d8d429433fc807,11247250157734227800,617,leakage_controlled_image_group
C:\Users\shrey\Downloads\MIP_project_part2\Lung-Cancer-Classification-\Data\train\squamous.cell.carcinoma_left.hilum_T1_N2_M0_IIIa\000073 (6).png,000073 (6).png,squamous.cell.carcinoma,3,val,squamous.cell.carcinoma_left.hilum_T1_N2_M0_IIIa,45c8f45d22aa82c3e982ab4bccfe00c6,13937310627622304661,618,leakage_controlled_image_group
C:\Users\shrey\Downloads\MIP_project_part2\Lung-Cancer-Classification-\Data\train\squamous.cell.carcinoma_left.hilum_T1_N2_M0_IIIa\000074 (5).png,000074 (5).png,squamous.cell.carcinoma,3,test,squamous.cell.carcinoma_left.hilum_T1_N2_M0_IIIa,548bb9bff99eb1343971dab11f53f8b4,11092720360070982599,619,leakage_controlled_image_group
C:\Users\shrey\Downloads\MIP_project_part2\Lung-Cancer-Classification-\Data\train\squamous.cell.carcinoma_left.hilum_T1_N2_M0_IIIa\000074 (6).png,000074 (6).png,squamous.cell.carcinoma,3,train,squamous.cell.carcinoma_left.hilum_T1_N2_M0_IIIa,b658462b446b486202f559e185c2e767,14153201900398263729,580,leakage_controlled_image_group
C:\Users\shrey\Downloads\MIP_project_part2\Lung-Cancer-Classification-\Data\train\squamous.cell.carcinoma_left.hilum_T1_N2_M0_IIIa\000074 (7).png,000074 (7).png,squamous.cell.carcinoma,3,train,squamous.cell.carcinoma_left.hilum_T1_N2_M0_IIIa,8631324ec1a66a90a53be7203145192f,15704406374195018095,620,leakage_controlled_image_group
C:\Users\shrey\Downloads\MIP_project_part2\Lung-Cancer-Classification-\Data\train\squamous.cell.carcinoma_left.hilum_T1_N2_M0_IIIa\000075.png,000075.png,squamous.cell.carcinoma,3,train,squamous.cell.carcinoma_left.hilum_T1_N2_M0_IIIa,61759d2a8207b84b7aafefa3259cd836,15352496287225965804,621,leakage_controlled_image_group
C:\Users\shrey\Downloads\MIP_project_part2\Lung-Cancer-Classification-\Data\train\squamous.cell.carcinoma_left.hilum_T1_N2_M0_IIIa\000077 (2).png,000077 (2).png,squamous.cell.carcinoma,3,train,squamous.cell.carcinoma_left.hilum_T1_N2_M0_IIIa,b344ea91a8d3be3c8dec2e66da09506c,9319670814975013733,622,leakage_controlled_image_group
C:\Users\shrey\Downloads\MIP_project_part2\Lung-Cancer-Classification-\Data\train\squamous.cell.carcinoma_left.hilum_T1_N2_M0_IIIa\000077 (4).png,000077 (4).png,squamous.cell.carcinoma,3,test,squamous.cell.carcinoma_left.hilum_T1_N2_M0_IIIa,04fa3af8c4abaae92b78e99687647f0d,11047970280315842084,623,leakage_controlled_image_group
C:\Users\shrey\Downloads\MIP_project_part2\Lung-Cancer-Classification-\Data\train\squamous.cell.carcinoma_left.hilum_T1_N2_M0_IIIa\000077 (5).png,000077 (5).png,squamous.cell.carcinoma,3,train,squamous.cell.carcinoma_left.hilum_T1_N2_M0_IIIa,d9624de42400af88904b89e65a20b297,15378115342675754292,624,leakage_controlled_image_group
C:\Users\shrey\Downloads\MIP_project_part2\Lung-Cancer-Classification-\Data\train\squamous.cell.carcinoma_left.hilum_T1_N2_M0_IIIa\000078 (5).png,000078 (5).png,squamous.cell.carcinoma,3,train,squamous.cell.carcinoma_left.hilum_T1_N2_M0_IIIa,0c9c64d3dff9668831812187eb7f64ee,11002935357179981415,553,leakage_controlled_image_group
C:\Users\shrey\Downloads\MIP_project_part2\Lung-Cancer-Classification-\Data\train\squamous.cell.carcinoma_left.hilum_T1_N2_M0_IIIa\000078 (7).png,000078 (7).png,squamous.cell.carcinoma,3,train,squamous.cell.carcinoma_left.hilum_T1_N2_M0_IIIa,5f6bdeb8c4ea50a8a8f7fe1fca14b82c,11076676149714557383,625,leakage_controlled_image_group
C:\Users\shrey\Downloads\MIP_project_part2\Lung-Cancer-Classification-\Data\train\squamous.cell.carcinoma_left.hilum_T1_N2_M0_IIIa\000078.png,000078.png,squamous.cell.carcinoma,3,train,squamous.cell.carcinoma_left.hilum_T1_N2_M0_IIIa,45b2b6acc8958d6c52b14069103dea30,10164068122523029210,626,leakage_controlled_image_group
C:\Users\shrey\Downloads\MIP_project_part2\Lung-Cancer-Classification-\Data\train\squamous.cell.carcinoma_left.hilum_T1_N2_M0_IIIa\000079 (5).png,000079 (5).png,squamous.cell.carcinoma,3,train,squamous.cell.carcinoma_left.hilum_T1_N2_M0_IIIa,955bd59568f768c4afce0850c262a6d0,15346934803812542474,627,leakage_controlled_image_group
C:\Users\shrey\Downloads\MIP_project_part2\Lung-Cancer-Classification-\Data\train\squamous.cell.carcinoma_left.hilum_T1_N2_M0_IIIa\000079 (7).png,000079 (7).png,squamous.cell.carcinoma,3,test,squamous.cell.carcinoma_left.hilum_T1_N2_M0_IIIa,4847ea41d8be487be98a98db59274046,10734917836628911251,628,leakage_controlled_image_group
C:\Users\shrey\Downloads\MIP_project_part2\Lung-Cancer-Classification-\Data\train\squamous.cell.carcinoma_left.hilum_T1_N2_M0_IIIa\000079.png,000079.png,squamous.cell.carcinoma,3,test,squamous.cell.carcinoma_left.hilum_T1_N2_M0_IIIa,2ae3edecffac04611a4fc4b91bf64433,10418593100773281426,629,leakage_controlled_image_group
C:\Users\shrey\Downloads\MIP_project_part2\Lung-Cancer-Classification-\Data\train\squamous.cell.carcinoma_left.hilum_T1_N2_M0_IIIa\000081 (3).png,000081 (3).png,squamous.cell.carcinoma,3,val,squamous.cell.carcinoma_left.hilum_T1_N2_M0_IIIa,156f4d24b849b94771218d9ab9a97546,11040370245406058853,630,leakage_controlled_image_group
C:\Users\shrey\Downloads\MIP_project_part2\Lung-Cancer-Classification-\Data\train\squamous.cell.carcinoma_left.hilum_T1_N2_M0_IIIa\000081 (6).png,000081 (6).png,squamous.cell.carcinoma,3,train,squamous.cell.carcinoma_left.hilum_T1_N2_M0_IIIa,5a71727e5222c7f85dc04d7b009289cc,13938436583362696134,631,leakage_controlled_image_group
C:\Users\shrey\Downloads\MIP_project_part2\Lung-Cancer-Classification-\Data\train\squamous.cell.carcinoma_left.hilum_T1_N2_M0_IIIa\000081.png,000081.png,squamous.cell.carcinoma,3,train,squamous.cell.carcinoma_left.hilum_T1_N2_M0_IIIa,fd533bc3a333d5591def99d7d43b950a,13933862477010402540,632,leakage_controlled_image_group
C:\Users\shrey\Downloads\MIP_project_part2\Lung-Cancer-Classification-\Data\train\squamous.cell.carcinoma_left.hilum_T1_N2_M0_IIIa\000082 (3).png,000082 (3).png,squamous.cell.carcinoma,3,train,squamous.cell.carcinoma_left.hilum_T1_N2_M0_IIIa,9d058ec75b90445e6e487bd65bad47ce,10959304356561451632,633,leakage_controlled_image_group
C:\Users\shrey\Downloads\MIP_project_part2\Lung-Cancer-Classification-\Data\train\squamous.cell.carcinoma_left.hilum_T1_N2_M0_IIIa\000082 (4).png,000082 (4).png,squamous.cell.carcinoma,3,train,squamous.cell.carcinoma_left.hilum_T1_N2_M0_IIIa,ba1e8b182539049bbad879c690d3164e,10692200568418430150,537,leakage_controlled_image_group
C:\Users\shrey\Downloads\MIP_project_part2\Lung-Cancer-Classification-\Data\train\squamous.cell.carcinoma_left.hilum_T1_N2_M0_IIIa\000083 (2).png,000083 (2).png,squamous.cell.carcinoma,3,train,squamous.cell.carcinoma_left.hilum_T1_N2_M0_IIIa,35b7131d54beb4522f9f9548a5f1bdb4,10672197844327100043,634,leakage_controlled_image_group
C:\Users\shrey\Downloads\MIP_project_part2\Lung-Cancer-Classification-\Data\train\squamous.cell.carcinoma_left.hilum_T1_N2_M0_IIIa\000083 (5).png,000083 (5).png,squamous.cell.carcinoma,3,val,squamous.cell.carcinoma_left.hilum_T1_N2_M0_IIIa,32ea080c9de27ed51bf8e53e5f6a857e,9365875776746190931,635,leakage_controlled_image_group
C:\Users\shrey\Downloads\MIP_project_part2\Lung-Cancer-Classification-\Data\train\squamous.cell.carcinoma_left.hilum_T1_N2_M0_IIIa\000083 (6).png,000083 (6).png,squamous.cell.carcinoma,3,train,squamous.cell.carcinoma_left.hilum_T1_N2_M0_IIIa,b7594d9ca6fde3f65b31cc4b878f51f3,11304674358006143603,636,leakage_controlled_image_group
C:\Users\shrey\Downloads\MIP_project_part2\Lung-Cancer-Classification-\Data\train\squamous.cell.carcinoma_left.hilum_T1_N2_M0_IIIa\000083 (7).png,000083 (7).png,squamous.cell.carcinoma,3,test,squamous.cell.carcinoma_left.hilum_T1_N2_M0_IIIa,69f176e82c3374caebebb8c2c4832e55,15308653656095014299,637,leakage_controlled_image_group
C:\Users\shrey\Downloads\MIP_project_part2\Lung-Cancer-Classification-\Data\train\squamous.cell.carcinoma_left.hilum_T1_N2_M0_IIIa\000084 (3).png,000084 (3).png,squamous.cell.carcinoma,3,train,squamous.cell.carcinoma_left.hilum_T1_N2_M0_IIIa,1f1e7dd8671c0ea8ab6c581f84eafd33,10742846981688016243,638,leakage_controlled_image_group
C:\Users\shrey\Downloads\MIP_project_part2\Lung-Cancer-Classification-\Data\train\squamous.cell.carcinoma_left.hilum_T1_N2_M0_IIIa\000084 (5).png,000084 (5).png,squamous.cell.carcinoma,3,val,squamous.cell.carcinoma_left.hilum_T1_N2_M0_IIIa,b1d45a1a6ae93b772e5f525722b34004,10516281323315689830,639,leakage_controlled_image_group
C:\Users\shrey\Downloads\MIP_project_part2\Lung-Cancer-Classification-\Data\train\squamous.cell.carcinoma_left.hilum_T1_N2_M0_IIIa\000084 (7).png,000084 (7).png,squamous.cell.carcinoma,3,train,squamous.cell.carcinoma_left.hilum_T1_N2_M0_IIIa,019d29b456a343beb19e1a9cd22f335b,11056977161927670071,596,leakage_controlled_image_group
C:\Users\shrey\Downloads\MIP_project_part2\Lung-Cancer-Classification-\Data\train\squamous.cell.carcinoma_left.hilum_T1_N2_M0_IIIa\000085.png,000085.png,squamous.cell.carcinoma,3,train,squamous.cell.carcinoma_left.hilum_T1_N2_M0_IIIa,a93bf3103ef4ac8fb3f72e348abb2c90,11029957488379574423,640,leakage_controlled_image_group
C:\Users\shrey\Downloads\MIP_project_part2\Lung-Cancer-Classification-\Data\train\squamous.cell.carcinoma_left.hilum_T1_N2_M0_IIIa\000088.png,000088.png,squamous.cell.carcinoma,3,train,squamous.cell.carcinoma_left.hilum_T1_N2_M0_IIIa,b153f1cc50226dc1a0cad4cdf19ff8da,10957894980641521457,641,leakage_controlled_image_group
C:\Users\shrey\Downloads\MIP_project_part2\Lung-Cancer-Classification-\Data\train\squamous.cell.carcinoma_left.hilum_T1_N2_M0_IIIa\000089 (4).png,000089 (4).png,squamous.cell.carcinoma,3,test,squamous.cell.carcinoma_left.hilum_T1_N2_M0_IIIa,22884d6e3a7cbdb52f003ca5c5efdc36,11340981551539973577,642,leakage_controlled_image_group
C:\Users\shrey\Downloads\MIP_project_part2\Lung-Cancer-Classification-\Data\train\squamous.cell.carcinoma_left.hilum_T1_N2_M0_IIIa\000090 (6).png,000090 (6).png,squamous.cell.carcinoma,3,train,squamous.cell.carcinoma_left.hilum_T1_N2_M0_IIIa,56f2fe1bd6c44890babfd73e32c86e46,15902846279956048742,643,leakage_controlled_image_group
C:\Users\shrey\Downloads\MIP_project_part2\Lung-Cancer-Classification-\Data\train\squamous.cell.carcinoma_left.hilum_T1_N2_M0_IIIa\000091 (5).png,000091 (5).png,squamous.cell.carcinoma,3,val,squamous.cell.carcinoma_left.hilum_T1_N2_M0_IIIa,6c94007e44b69284c0724c98d9674fc3,14150959171547117981,644,leakage_controlled_image_group
C:\Users\shrey\Downloads\MIP_project_part2\Lung-Cancer-Classification-\Data\train\squamous.cell.carcinoma_left.hilum_T1_N2_M0_IIIa\000091 (7).png,000091 (7).png,squamous.cell.carcinoma,3,train,squamous.cell.carcinoma_left.hilum_T1_N2_M0_IIIa,eb61a7894e69186df7e2d6029bcfda3a,15310904356430887325,645,leakage_controlled_image_group
C:\Users\shrey\Downloads\MIP_project_part2\Lung-Cancer-Classification-\Data\train\squamous.cell.carcinoma_left.hilum_T1_N2_M0_IIIa\000093.png,000093.png,squamous.cell.carcinoma,3,train,squamous.cell.carcinoma_left.hilum_T1_N2_M0_IIIa,21af7d94e6d68d3411c98d1a5cba5c96,10993928157935718293,646,leakage_controlled_image_group
C:\Users\shrey\Downloads\MIP_project_part2\Lung-Cancer-Classification-\Data\train\squamous.cell.carcinoma_left.hilum_T1_N2_M0_IIIa\000094 (3).png,000094 (3).png,squamous.cell.carcinoma,3,test,squamous.cell.carcinoma_left.hilum_T1_N2_M0_IIIa,e3fe1b03eef0ce3e8efd63d62d17cf7b,10959025286906395346,647,leakage_controlled_image_group
C:\Users\shrey\Downloads\MIP_project_part2\Lung-Cancer-Classification-\Data\train\squamous.cell.carcinoma_left.hilum_T1_N2_M0_IIIa\000094.png,000094.png,squamous.cell.carcinoma,3,train,squamous.cell.carcinoma_left.hilum_T1_N2_M0_IIIa,9bf877f9d5970c78b697af904157af3a,11031364351618988657,351,leakage_controlled_image_group
C:\Users\shrey\Downloads\MIP_project_part2\Lung-Cancer-Classification-\Data\train\squamous.cell.carcinoma_left.hilum_T1_N2_M0_IIIa\000096 (2).png,000096 (2).png,squamous.cell.carcinoma,3,train,squamous.cell.carcinoma_left.hilum_T1_N2_M0_IIIa,2e09f8c703e4e95e9e9c7c985dd90095,10685427261985533153,648,leakage_controlled_image_group
C:\Users\shrey\Downloads\MIP_project_part2\Lung-Cancer-Classification-\Data\train\squamous.cell.carcinoma_left.hilum_T1_N2_M0_IIIa\000096.png,000096.png,squamous.cell.carcinoma,3,train,squamous.cell.carcinoma_left.hilum_T1_N2_M0_IIIa,46a265f791341d967786b4ebd6ce7994,11031082945361754725,351,leakage_controlled_image_group
C:\Users\shrey\Downloads\MIP_project_part2\Lung-Cancer-Classification-\Data\train\squamous.cell.carcinoma_left.hilum_T1_N2_M0_IIIa\000099 (2).png,000099 (2).png,squamous.cell.carcinoma,3,train,squamous.cell.carcinoma_left.hilum_T1_N2_M0_IIIa,a1a4fab18f34b35038ebfd02530fbfe8,10694715936147778785,648,leakage_controlled_image_group
C:\Users\shrey\Downloads\MIP_project_part2\Lung-Cancer-Classification-\Data\train\squamous.cell.carcinoma_left.hilum_T1_N2_M0_IIIa\000099 (3).png,000099 (3).png,squamous.cell.carcinoma,3,test,squamous.cell.carcinoma_left.hilum_T1_N2_M0_IIIa,2c740b183a561cdaa224f1053536f862,13942658670159949362,649,leakage_controlled_image_group
C:\Users\shrey\Downloads\MIP_project_part2\Lung-Cancer-Classification-\Data\train\squamous.cell.carcinoma_left.hilum_T1_N2_M0_IIIa\000100 (4).png,000100 (4).png,squamous.cell.carcinoma,3,train,squamous.cell.carcinoma_left.hilum_T1_N2_M0_IIIa,5f7375cdda18694f6c2989296a47c057,11053600583283652657,650,leakage_controlled_image_group
C:\Users\shrey\Downloads\MIP_project_part2\Lung-Cancer-Classification-\Data\train\squamous.cell.carcinoma_left.hilum_T1_N2_M0_IIIa\000101 (3).png,000101 (3).png,squamous.cell.carcinoma,3,train,squamous.cell.carcinoma_left.hilum_T1_N2_M0_IIIa,fada88f930e1a60ccf6944fadd66fc82,15654022708719005043,651,leakage_controlled_image_group
C:\Users\shrey\Downloads\MIP_project_part2\Lung-Cancer-Classification-\Data\train\squamous.cell.carcinoma_left.hilum_T1_N2_M0_IIIa\000103.png,000103.png,squamous.cell.carcinoma,3,train,squamous.cell.carcinoma_left.hilum_T1_N2_M0_IIIa,3490213a09d9075764e7609912e9d09f,10957899360916762293,646,leakage_controlled_image_group
C:\Users\shrey\Downloads\MIP_project_part2\Lung-Cancer-Classification-\Data\train\squamous.cell.carcinoma_left.hilum_T1_N2_M0_IIIa\000104 (2).png,000104 (2).png,squamous.cell.carcinoma,3,val,squamous.cell.carcinoma_left.hilum_T1_N2_M0_IIIa,ee72a4e2ef953de651a28135bb87390e,15084250028961455044,652,leakage_controlled_image_group
C:\Users\shrey\Downloads\MIP_project_part2\Lung-Cancer-Classification-\Data\train\squamous.cell.carcinoma_left.hilum_T1_N2_M0_IIIa\000104.png,000104.png,squamous.cell.carcinoma,3,test,squamous.cell.carcinoma_left.hilum_T1_N2_M0_IIIa,69a574faa49bf549027dd4cbc6ba62a2,10996175542583454663,653,leakage_controlled_image_group
C:\Users\shrey\Downloads\MIP_project_part2\Lung-Cancer-Classification-\Data\train\squamous.cell.carcinoma_left.hilum_T1_N2_M0_IIIa\000105 (5).png,000105 (5).png,squamous.cell.carcinoma,3,train,squamous.cell.carcinoma_left.hilum_T1_N2_M0_IIIa,0ab41a6daadee061e8ae5730d479b355,15127664285117737295,592,leakage_controlled_image_group
C:\Users\shrey\Downloads\MIP_project_part2\Lung-Cancer-Classification-\Data\train\squamous.cell.carcinoma_left.hilum_T1_N2_M0_IIIa\000105 (7).png,000105 (7).png,squamous.cell.carcinoma,3,train,squamous.cell.carcinoma_left.hilum_T1_N2_M0_IIIa,d75fcc648f4f86082280b941e1416f97,15380714261211658599,654,leakage_controlled_image_group
C:\Users\shrey\Downloads\MIP_project_part2\Lung-Cancer-Classification-\Data\train\squamous.cell.carcinoma_left.hilum_T1_N2_M0_IIIa\000106 (3).png,000106 (3).png,squamous.cell.carcinoma,3,test,squamous.cell.carcinoma_left.hilum_T1_N2_M0_IIIa,e50b9bad78ca4201084eabe7ac95f10b,15858091443065593802,655,leakage_controlled_image_group
C:\Users\shrey\Downloads\MIP_project_part2\Lung-Cancer-Classification-\Data\train\squamous.cell.carcinoma_left.hilum_T1_N2_M0_IIIa\000106 (4).png,000106 (4).png,squamous.cell.carcinoma,3,test,squamous.cell.carcinoma_left.hilum_T1_N2_M0_IIIa,9ca0d655e490ca5c81d4cc03de6c7bf6,12197443686648740278,656,leakage_controlled_image_group
C:\Users\shrey\Downloads\MIP_project_part2\Lung-Cancer-Classification-\Data\train\squamous.cell.carcinoma_left.hilum_T1_N2_M0_IIIa\000106 (5).png,000106 (5).png,squamous.cell.carcinoma,3,val,squamous.cell.carcinoma_left.hilum_T1_N2_M0_IIIa,dc63ff3a13b0d0761406bad606208ca4,15110157746224123757,657,leakage_controlled_image_group
C:\Users\shrey\Downloads\MIP_project_part2\Lung-Cancer-Classification-\Data\train\squamous.cell.carcinoma_left.hilum_T1_N2_M0_IIIa\000106 (6).png,000106 (6).png,squamous.cell.carcinoma,3,train,squamous.cell.carcinoma_left.hilum_T1_N2_M0_IIIa,b93d65053a960495ea8a07d1eef96be7,14502512656066098022,658,leakage_controlled_image_group
C:\Users\shrey\Downloads\MIP_project_part2\Lung-Cancer-Classification-\Data\train\squamous.cell.carcinoma_left.hilum_T1_N2_M0_IIIa\000106 (7).png,000106 (7).png,squamous.cell.carcinoma,3,train,squamous.cell.carcinoma_left.hilum_T1_N2_M0_IIIa,b9afc2cc932c3cce407f243ae6e01fa2,15076365353903472500,659,leakage_controlled_image_group
C:\Users\shrey\Downloads\MIP_project_part2\Lung-Cancer-Classification-\Data\train\squamous.cell.carcinoma_left.hilum_T1_N2_M0_IIIa\000120 (2).png,000120 (2).png,squamous.cell.carcinoma,3,test,squamous.cell.carcinoma_left.hilum_T1_N2_M0_IIIa,ae4b3e2ab37568a3affab6020497c26e,11266390455012978564,660,leakage_controlled_image_group
C:\Users\shrey\Downloads\MIP_project_part2\Lung-Cancer-Classification-\Data\train\squamous.cell.carcinoma_left.hilum_T1_N2_M0_IIIa\000120 (4).png,000120 (4).png,squamous.cell.carcinoma,3,test,squamous.cell.carcinoma_left.hilum_T1_N2_M0_IIIa,b981520a3eabd94bee3d550ea3aadc09,15343837342108904539,661,leakage_controlled_image_group
C:\Users\shrey\Downloads\MIP_project_part2\Lung-Cancer-Classification-\Data\train\squamous.cell.carcinoma_left.hilum_T1_N2_M0_IIIa\000120 (6).png,000120 (6).png,squamous.cell.carcinoma,3,train,squamous.cell.carcinoma_left.hilum_T1_N2_M0_IIIa,a0a37c3243560a2b63b71e84a15776ba,11318181851262906212,662,leakage_controlled_image_group
C:\Users\shrey\Downloads\MIP_project_part2\Lung-Cancer-Classification-\Data\train\squamous.cell.carcinoma_left.hilum_T1_N2_M0_IIIa\000121 (2).png,000121 (2).png,squamous.cell.carcinoma,3,train,squamous.cell.carcinoma_left.hilum_T1_N2_M0_IIIa,602c9d3ac10798e285c80a505792f3c2,10978165576725985445,663,leakage_controlled_image_group
C:\Users\shrey\Downloads\MIP_project_part2\Lung-Cancer-Classification-\Data\train\squamous.cell.carcinoma_left.hilum_T1_N2_M0_IIIa\000121.png,000121.png,squamous.cell.carcinoma,3,train,squamous.cell.carcinoma_left.hilum_T1_N2_M0_IIIa,7fbae974fee57444af98410736f6b395,15928741754760358961,563,leakage_controlled_image_group
C:\Users\shrey\Downloads\MIP_project_part2\Lung-Cancer-Classification-\Data\train\squamous.cell.carcinoma_left.hilum_T1_N2_M0_IIIa\000122 (3).png,000122 (3).png,squamous.cell.carcinoma,3,train,squamous.cell.carcinoma_left.hilum_T1_N2_M0_IIIa,2a5e1e2a56cde7c6cd4e8544cb1bdd3b,15289512068692978743,664,leakage_controlled_image_group
C:\Users\shrey\Downloads\MIP_project_part2\Lung-Cancer-Classification-\Data\train\squamous.cell.carcinoma_left.hilum_T1_N2_M0_IIIa\000122.png,000122.png,squamous.cell.carcinoma,3,train,squamous.cell.carcinoma_left.hilum_T1_N2_M0_IIIa,75770f8f6305cf5346125bd0dd1a306a,10957899378964327537,598,leakage_controlled_image_group
C:\Users\shrey\Downloads\MIP_project_part2\Lung-Cancer-Classification-\Data\train\squamous.cell.carcinoma_left.hilum_T1_N2_M0_IIIa\sq1.png,sq1.png,squamous.cell.carcinoma,3,train,squamous.cell.carcinoma_left.hilum_T1_N2_M0_IIIa,b5c45d06edaa35bada9014f3f6803f48,11031723852740651158,665,leakage_controlled_image_group
C:\Users\shrey\Downloads\MIP_project_part2\Lung-Cancer-Classification-\Data\train\squamous.cell.carcinoma_left.hilum_T1_N2_M0_IIIa\sq2.png,sq2.png,squamous.cell.carcinoma,3,train,squamous.cell.carcinoma_left.hilum_T1_N2_M0_IIIa,acd405d5bb971e46887c9ebc14e2f48f,15641923740464016697,515,leakage_controlled_image_group
C:\Users\shrey\Downloads\MIP_project_part2\Lung-Cancer-Classification-\Data\train\squamous.cell.carcinoma_left.hilum_T1_N2_M0_IIIa\sq3.png,sq3.png,squamous.cell.carcinoma,3,train,squamous.cell.carcinoma_left.hilum_T1_N2_M0_IIIa,33c44160b1d99dc8fbb1fdf707af039e,11255132538337508211,666,leakage_controlled_image_group
C:\Users\shrey\Downloads\MIP_project_part2\Lung-Cancer-Classification-\Data\train\squamous.cell.carcinoma_left.hilum_T1_N2_M0_IIIa\sq4.png,sq4.png,squamous.cell.carcinoma,3,train,squamous.cell.carcinoma_left.hilum_T1_N2_M0_IIIa,33c44160b1d99dc8fbb1fdf707af039e,11255132538337508211,666,leakage_controlled_image_group
C:\Users\shrey\Downloads\MIP_project_part2\Lung-Cancer-Classification-\Data\train\squamous.cell.carcinoma_left.hilum_T1_N2_M0_IIIa\sq5.png,sq5.png,squamous.cell.carcinoma,3,train,squamous.cell.carcinoma_left.hilum_T1_N2_M0_IIIa,be0395bdf9dc104b7bc2dca3d712e103,11095396882573477521,667,leakage_controlled_image_group
C:\Users\shrey\Downloads\MIP_project_part2\Lung-Cancer-Classification-\Data\train\squamous.cell.carcinoma_left.hilum_T1_N2_M0_IIIa\sq6.png,sq6.png,squamous.cell.carcinoma,3,train,squamous.cell.carcinoma_left.hilum_T1_N2_M0_IIIa,be0395bdf9dc104b7bc2dca3d712e103,11095396882573477521,667,leakage_controlled_image_group
C:\Users\shrey\Downloads\MIP_project_part2\Lung-Cancer-Classification-\Data\valid\adenocarcinoma_left.lower.lobe_T2_N0_M0_Ib\000108 (7).png,000108 (7).png,adenocarcinoma,0,train,adenocarcinoma_left.lower.lobe_T2_N0_M0_Ib,b3c6fdce35f97559aa57c9dd2134d074,10957897187856236089,668,leakage_controlled_image_group
C:\Users\shrey\Downloads\MIP_project_part2\Lung-Cancer-Classification-\Data\valid\adenocarcinoma_left.lower.lobe_T2_N0_M0_Ib\000108 (8).png,000108 (8).png,adenocarcinoma,0,train,adenocarcinoma_left.lower.lobe_T2_N0_M0_Ib,60102c5cbf282dc42993e57d7a789144,15939156543377526624,669,leakage_controlled_image_group
C:\Users\shrey\Downloads\MIP_project_part2\Lung-Cancer-Classification-\Data\valid\adenocarcinoma_left.lower.lobe_T2_N0_M0_Ib\000109 (3).png,000109 (3).png,adenocarcinoma,0,train,adenocarcinoma_left.lower.lobe_T2_N0_M0_Ib,2d61bf83836c2b6c3b1516a2f1fadb0a,14779127803395520820,265,leakage_controlled_image_group
C:\Users\shrey\Downloads\MIP_project_part2\Lung-Cancer-Classification-\Data\valid\adenocarcinoma_left.lower.lobe_T2_N0_M0_Ib\000109 (4).png,000109 (4).png,adenocarcinoma,0,train,adenocarcinoma_left.lower.lobe_T2_N0_M0_Ib,3a9b55a1d8f61d036e27fff81f96b73a,11033333554673368929,670,leakage_controlled_image_group
C:\Users\shrey\Downloads\MIP_project_part2\Lung-Cancer-Classification-\Data\valid\adenocarcinoma_left.lower.lobe_T2_N0_M0_Ib\000109 (8).png,000109 (8).png,adenocarcinoma,0,val,adenocarcinoma_left.lower.lobe_T2_N0_M0_Ib,81032bbefbf08ed307816d003a1a1ee6,10476294589397678950,671,leakage_controlled_image_group
C:\Users\shrey\Downloads\MIP_project_part2\Lung-Cancer-Classification-\Data\valid\adenocarcinoma_left.lower.lobe_T2_N0_M0_Ib\000110 (7).png,000110 (7).png,adenocarcinoma,0,train,adenocarcinoma_left.lower.lobe_T2_N0_M0_Ib,db936d5adcadeaafdd9fbb0f721cc51f,14154552409918483608,252,leakage_controlled_image_group
C:\Users\shrey\Downloads\MIP_project_part2\Lung-Cancer-Classification-\Data\valid\adenocarcinoma_left.lower.lobe_T2_N0_M0_Ib\000111 (2).png,000111 (2).png,adenocarcinoma,0,train,adenocarcinoma_left.lower.lobe_T2_N0_M0_Ib,2e390fb8c8bc0bb0ca84c4689ad73070,13941829865468407612,672,leakage_controlled_image_group
C:\Users\shrey\Downloads\MIP_project_part2\Lung-Cancer-Classification-\Data\valid\adenocarcinoma_left.lower.lobe_T2_N0_M0_Ib\000112 (2).png,000112 (2).png,adenocarcinoma,0,train,adenocarcinoma_left.lower.lobe_T2_N0_M0_Ib,5f188036673da31122a75a4ca40d3ec4,14806220844431146532,673,leakage_controlled_image_group
C:\Users\shrey\Downloads\MIP_project_part2\Lung-Cancer-Classification-\Data\valid\adenocarcinoma_left.lower.lobe_T2_N0_M0_Ib\000112 (9).png,000112 (9).png,adenocarcinoma,0,train,adenocarcinoma_left.lower.lobe_T2_N0_M0_Ib,d1db07984a719fe1ee1e9a8e6b9197f3,10959023070700402297,674,leakage_controlled_image_group
C:\Users\shrey\Downloads\MIP_project_part2\Lung-Cancer-Classification-\Data\valid\adenocarcinoma_left.lower.lobe_T2_N0_M0_Ib\000113 (3).png,000113 (3).png,adenocarcinoma,0,train,adenocarcinoma_left.lower.lobe_T2_N0_M0_Ib,ff4d63f3e128f8e8c6198e9221d15046,14797142184724101488,675,leakage_controlled_image_group
C:\Users\shrey\Downloads\MIP_project_part2\Lung-Cancer-Classification-\Data\valid\adenocarcinoma_left.lower.lobe_T2_N0_M0_Ib\000113.png,000113.png,adenocarcinoma,0,train,adenocarcinoma_left.lower.lobe_T2_N0_M0_Ib,712e7e9c335ce71dd202549be68dedb9,15001426987793525606,676,leakage_controlled_image_group
C:\Users\shrey\Downloads\MIP_project_part2\Lung-Cancer-Classification-\Data\valid\adenocarcinoma_left.lower.lobe_T2_N0_M0_Ib\000114 (10).png,000114 (10).png,adenocarcinoma,0,train,adenocarcinoma_left.lower.lobe_T2_N0_M0_Ib,0b0a11dc7c5642ad6f518d74d5bfcdb1,11291442777977798517,677,leakage_controlled_image_group
C:\Users\shrey\Downloads\MIP_project_part2\Lung-Cancer-Classification-\Data\valid\adenocarcinoma_left.lower.lobe_T2_N0_M0_Ib\000114.png,000114.png,adenocarcinoma,0,train,adenocarcinoma_left.lower.lobe_T2_N0_M0_Ib,e88c653334393d2aae1c2edce653ceac,10458280110414633935,678,leakage_controlled_image_group
C:\Users\shrey\Downloads\MIP_project_part2\Lung-Cancer-Classification-\Data\valid\adenocarcinoma_left.lower.lobe_T2_N0_M0_Ib\000115 (2).png,000115 (2).png,adenocarcinoma,0,train,adenocarcinoma_left.lower.lobe_T2_N0_M0_Ib,d10236470f7c2eede31046e25823968f,13000558640419053511,679,leakage_controlled_image_group
C:\Users\shrey\Downloads\MIP_project_part2\Lung-Cancer-Classification-\Data\valid\adenocarcinoma_left.lower.lobe_T2_N0_M0_Ib\000115 (5).png,000115 (5).png,adenocarcinoma,0,val,adenocarcinoma_left.lower.lobe_T2_N0_M0_Ib,93f9ec195966934b04cb7df61a05bf37,9312975866868034870,680,leakage_controlled_image_group
C:\Users\shrey\Downloads\MIP_project_part2\Lung-Cancer-Classification-\Data\valid\adenocarcinoma_left.lower.lobe_T2_N0_M0_Ib\000115 (9).png,000115 (9).png,adenocarcinoma,0,test,adenocarcinoma_left.lower.lobe_T2_N0_M0_Ib,4e040bc2e539ab0cc2968b3e079b81e0,15355601724738648893,681,leakage_controlled_image_group
C:\Users\shrey\Downloads\MIP_project_part2\Lung-Cancer-Classification-\Data\valid\adenocarcinoma_left.lower.lobe_T2_N0_M0_Ib\000115.png,000115.png,adenocarcinoma,0,train,adenocarcinoma_left.lower.lobe_T2_N0_M0_Ib,a24535c5b050981a9b1867c70ef068bc,15288390863452122670,682,leakage_controlled_image_group
C:\Users\shrey\Downloads\MIP_project_part2\Lung-Cancer-Classification-\Data\valid\adenocarcinoma_left.lower.lobe_T2_N0_M0_Ib\000116 (3).png,000116 (3).png,adenocarcinoma,0,train,adenocarcinoma_left.lower.lobe_T2_N0_M0_Ib,5c48cd95496e05733243e3e8fb0b1b8a,14776876003564010349,265,leakage_controlled_image_group
C:\Users\shrey\Downloads\MIP_project_part2\Lung-Cancer-Classification-\Data\valid\adenocarcinoma_left.lower.lobe_T2_N0_M0_Ib\000116 (5).png,000116 (5).png,adenocarcinoma,0,train,adenocarcinoma_left.lower.lobe_T2_N0_M0_Ib,59ec6a66e42d2d6e5ce74776677751b3,11029955881251648377,683,leakage_controlled_image_group
C:\Users\shrey\Downloads\MIP_project_part2\Lung-Cancer-Classification-\Data\valid\adenocarcinoma_left.lower.lobe_T2_N0_M0_Ib\000116 (8).png,000116 (8).png,adenocarcinoma,0,val,adenocarcinoma_left.lower.lobe_T2_N0_M0_Ib,00fb1ea88bd2f3662d4b1de58eb7646b,15867098909613375281,684,leakage_controlled_image_group
C:\Users\shrey\Downloads\MIP_project_part2\Lung-Cancer-Classification-\Data\valid\adenocarcinoma_left.lower.lobe_T2_N0_M0_Ib\000116 (9).png,000116 (9).png,adenocarcinoma,0,train,adenocarcinoma_left.lower.lobe_T2_N0_M0_Ib,63b3bcb0a9f8c90efb27276687743b86,15351155171009449773,685,leakage_controlled_image_group
C:\Users\shrey\Downloads\MIP_project_part2\Lung-Cancer-Classification-\Data\valid\adenocarcinoma_left.lower.lobe_T2_N0_M0_Ib\000117 (6).png,000117 (6).png,adenocarcinoma,0,test,adenocarcinoma_left.lower.lobe_T2_N0_M0_Ib,509a1ed4211564ed505589d661a0bf2f,14203814912851208497,686,leakage_controlled_image_group
C:\Users\shrey\Downloads\MIP_project_part2\Lung-Cancer-Classification-\Data\valid\adenocarcinoma_left.lower.lobe_T2_N0_M0_Ib\000117.png,000117.png,adenocarcinoma,0,train,adenocarcinoma_left.lower.lobe_T2_N0_M0_Ib,7043fbe1d888e96ba78684305864cd9b,15004668369074665852,687,leakage_controlled_image_group
C:\Users\shrey\Downloads\MIP_project_part2\Lung-Cancer-Classification-\Data\valid\large.cell.carcinoma_left.hilum_T2_N2_M0_IIIa\000108 (2).png,000108 (2).png,large.cell.carcinoma,1,test,large.cell.carcinoma_left.hilum_T2_N2_M0_IIIa,72c08eddec1f0d1e608e014780cd14a2,9366948603736829814,688,leakage_controlled_image_group
C:\Users\shrey\Downloads\MIP_project_part2\Lung-Cancer-Classification-\Data\valid\large.cell.carcinoma_left.hilum_T2_N2_M0_IIIa\000108.png,000108.png,large.cell.carcinoma,1,train,large.cell.carcinoma_left.hilum_T2_N2_M0_IIIa,b51a48476819f0210a154c712b5f35fc,11049025857374682416,689,leakage_controlled_image_group
C:\Users\shrey\Downloads\MIP_project_part2\Lung-Cancer-Classification-\Data\valid\large.cell.carcinoma_left.hilum_T2_N2_M0_IIIa\000109.png,000109.png,large.cell.carcinoma,1,test,large.cell.carcinoma_left.hilum_T2_N2_M0_IIIa,0ff1b82ab5ca302d7530c860a10debe7,9233865155176594041,690,leakage_controlled_image_group
C:\Users\shrey\Downloads\MIP_project_part2\Lung-Cancer-Classification-\Data\valid\large.cell.carcinoma_left.hilum_T2_N2_M0_IIIa\000110 (2).png,000110 (2).png,large.cell.carcinoma,1,train,large.cell.carcinoma_left.hilum_T2_N2_M0_IIIa,fec635e23a73318b3854e9f60e330f61,9900959796040393701,691,leakage_controlled_image_group
C:\Users\shrey\Downloads\MIP_project_part2\Lung-Cancer-Classification-\Data\valid\large.cell.carcinoma_left.hilum_T2_N2_M0_IIIa\000110.png,000110.png,large.cell.carcinoma,1,train,large.cell.carcinoma_left.hilum_T2_N2_M0_IIIa,9c8727b242401dadff9818aaa4edb9e6,13854787250079496826,692,leakage_controlled_image_group
C:\Users\shrey\Downloads\MIP_project_part2\Lung-Cancer-Classification-\Data\valid\large.cell.carcinoma_left.hilum_T2_N2_M0_IIIa\000111 (2).png,000111 (2).png,large.cell.carcinoma,1,val,large.cell.carcinoma_left.hilum_T2_N2_M0_IIIa,26455ba26606a136956fc90f922d8104,11044871507732557292,693,leakage_controlled_image_group
C:\Users\shrey\Downloads\MIP_project_part2\Lung-Cancer-Classification-\Data\valid\large.cell.carcinoma_left.hilum_T2_N2_M0_IIIa\000111.png,000111.png,large.cell.carcinoma,1,val,large.cell.carcinoma_left.hilum_T2_N2_M0_IIIa,616ab3c08bf5ef7a2f7fa15402700dbf,10482715411406089574,694,leakage_controlled_image_group
C:\Users\shrey\Downloads\MIP_project_part2\Lung-Cancer-Classification-\Data\valid\large.cell.carcinoma_left.hilum_T2_N2_M0_IIIa\000112.png,000112.png,large.cell.carcinoma,1,train,large.cell.carcinoma_left.hilum_T2_N2_M0_IIIa,9c47d8ed6b6adaef64ab0e0e6d537c0c,15289512151099333453,695,leakage_controlled_image_group
C:\Users\shrey\Downloads\MIP_project_part2\Lung-Cancer-Classification-\Data\valid\large.cell.carcinoma_left.hilum_T2_N2_M0_IIIa\000113 (2).png,000113 (2).png,large.cell.carcinoma,1,train,large.cell.carcinoma_left.hilum_T2_N2_M0_IIIa,40c07bc461a03f97375b8825cf9d0c14,10462501177302726267,696,leakage_controlled_image_group
C:\Users\shrey\Downloads\MIP_project_part2\Lung-Cancer-Classification-\Data\valid\large.cell.carcinoma_left.hilum_T2_N2_M0_IIIa\000113.png,000113.png,large.cell.carcinoma,1,test,large.cell.carcinoma_left.hilum_T2_N2_M0_IIIa,a169adb052a70c4dbf8f72fe420f6d4a,10473690687076134779,697,leakage_controlled_image_group
C:\Users\shrey\Downloads\MIP_project_part2\Lung-Cancer-Classification-\Data\valid\large.cell.carcinoma_left.hilum_T2_N2_M0_IIIa\000114.png,000114.png,large.cell.carcinoma,1,train,large.cell.carcinoma_left.hilum_T2_N2_M0_IIIa,1a729d86cd0565bc6ec42383b72f0163,15938875036325527315,698,leakage_controlled_image_group
C:\Users\shrey\Downloads\MIP_project_part2\Lung-Cancer-Classification-\Data\valid\large.cell.carcinoma_left.hilum_T2_N2_M0_IIIa\000115 (3).png,000115 (3).png,large.cell.carcinoma,1,train,large.cell.carcinoma_left.hilum_T2_N2_M0_IIIa,835bf8b511da9a20686ea96be3726fb4,15102281950917304060,699,leakage_controlled_image_group
C:\Users\shrey\Downloads\MIP_project_part2\Lung-Cancer-Classification-\Data\valid\large.cell.carcinoma_left.hilum_T2_N2_M0_IIIa\000115.png,000115.png,large.cell.carcinoma,1,train,large.cell.carcinoma_left.hilum_T2_N2_M0_IIIa,108d91222922aeb2a1ec1f1932373560,11246406837677703988,700,leakage_controlled_image_group
C:\Users\shrey\Downloads\MIP_project_part2\Lung-Cancer-Classification-\Data\valid\large.cell.carcinoma_left.hilum_T2_N2_M0_IIIa\000116.png,000116.png,large.cell.carcinoma,1,val,large.cell.carcinoma_left.hilum_T2_N2_M0_IIIa,5b6f59c96ec137ac233d13d8eeed12aa,10980699407712795187,701,leakage_controlled_image_group
C:\Users\shrey\Downloads\MIP_project_part2\Lung-Cancer-Classification-\Data\valid\large.cell.carcinoma_left.hilum_T2_N2_M0_IIIa\000118 (2).png,000118 (2).png,large.cell.carcinoma,1,test,large.cell.carcinoma_left.hilum_T2_N2_M0_IIIa,7ccaf4c9a2567cb5e0e3727a98ac30da,15068769940127706321,702,leakage_controlled_image_group
C:\Users\shrey\Downloads\MIP_project_part2\Lung-Cancer-Classification-\Data\valid\large.cell.carcinoma_left.hilum_T2_N2_M0_IIIa\000120.png,000120.png,large.cell.carcinoma,1,train,large.cell.carcinoma_left.hilum_T2_N2_M0_IIIa,d504499b7e0dbc3e45dd942562982362,11034670894474894235,703,leakage_controlled_image_group
C:\Users\shrey\Downloads\MIP_project_part2\Lung-Cancer-Classification-\Data\valid\large.cell.carcinoma_left.hilum_T2_N2_M0_IIIa\000122.png,000122.png,large.cell.carcinoma,1,train,large.cell.carcinoma_left.hilum_T2_N2_M0_IIIa,8f9aa96686f97df0843a9652a615b36c,11040017460774731314,704,leakage_controlled_image_group
C:\Users\shrey\Downloads\MIP_project_part2\Lung-Cancer-Classification-\Data\valid\large.cell.carcinoma_left.hilum_T2_N2_M0_IIIa\000126.png,000126.png,large.cell.carcinoma,1,train,large.cell.carcinoma_left.hilum_T2_N2_M0_IIIa,bf728eb9b32567cd8c1f9182bd5dd032,11034879557805611885,705,leakage_controlled_image_group
C:\Users\shrey\Downloads\MIP_project_part2\Lung-Cancer-Classification-\Data\valid\large.cell.carcinoma_left.hilum_T2_N2_M0_IIIa\000128.png,000128.png,large.cell.carcinoma,1,val,large.cell.carcinoma_left.hilum_T2_N2_M0_IIIa,b2559b93f3eba082d4adf131c548697b,15065391965530455193,706,leakage_controlled_image_group
C:\Users\shrey\Downloads\MIP_project_part2\Lung-Cancer-Classification-\Data\valid\large.cell.carcinoma_left.hilum_T2_N2_M0_IIIa\000130.png,000130.png,large.cell.carcinoma,1,train,large.cell.carcinoma_left.hilum_T2_N2_M0_IIIa,de0e4e28881cd5ada13b8e9cf44ecf3d,15061803216484465125,707,leakage_controlled_image_group
C:\Users\shrey\Downloads\MIP_project_part2\Lung-Cancer-Classification-\Data\valid\large.cell.carcinoma_left.hilum_T2_N2_M0_IIIa\000131.png,000131.png,large.cell.carcinoma,1,train,large.cell.carcinoma_left.hilum_T2_N2_M0_IIIa,756192a3262eecb4f0d5462184fcff99,10954167708957636966,708,leakage_controlled_image_group
C:\Users\shrey\Downloads\MIP_project_part2\Lung-Cancer-Classification-\Data\valid\normal\003828_02_01_174.png,003828_02_01_174.png,normal,2,val,normal,fbacf7a3ea013bbb44aeaa748dbc919f,13945139499102810173,709,leakage_controlled_image_group
C:\Users\shrey\Downloads\MIP_project_part2\Lung-Cancer-Classification-\Data\valid\normal\004007_01_01_519.png,004007_01_01_519.png,normal,2,train,normal,aa2050d9b431a0cf602dbad6c55d2370,9611095668207246194,710,leakage_controlled_image_group
C:\Users\shrey\Downloads\MIP_project_part2\Lung-Cancer-Classification-\Data\valid\normal\004162_01_01_150.png,004162_01_01_150.png,normal,2,train,normal,a86e1bee34c818ff42030498eeb7ac45,15880539653889342675,711,leakage_controlled_image_group
C:\Users\shrey\Downloads\MIP_project_part2\Lung-Cancer-Classification-\Data\valid\normal\4 (2).png,4 (2).png,normal,2,train,normal,619cb5c53a58021dc329817f0124c0ec,11174491074067836566,158,leakage_controlled_image_group
C:\Users\shrey\Downloads\MIP_project_part2\Lung-Cancer-Classification-\Data\valid\normal\4 - Copy (2).png,4 - Copy (2).png,normal,2,train,normal,f560698a5054368eb64bf2726c8d74e3,11174210698602773126,158,leakage_controlled_image_group
C:\Users\shrey\Downloads\MIP_project_part2\Lung-Cancer-Classification-\Data\valid\normal\5.png,5.png,normal,2,test,normal,489afa049dc03363c587ef4f1c5f1d70,15874633919959431286,530,leakage_controlled_image_group
C:\Users\shrey\Downloads\MIP_project_part2\Lung-Cancer-Classification-\Data\valid\normal\6 - Copy (2) - Copy.png,6 - Copy (2) - Copy.png,normal,2,test,normal,2a22fd805d0db68736491698305c25d8,11066266110659972806,165,leakage_controlled_image_group
C:\Users\shrey\Downloads\MIP_project_part2\Lung-Cancer-Classification-\Data\valid\normal\6 - Copy (3).png,6 - Copy (3).png,normal,2,train,normal,c5b028c8ce7837ec365dfd4606eea527,10489814158908406950,164,leakage_controlled_image_group
C:\Users\shrey\Downloads\MIP_project_part2\Lung-Cancer-Classification-\Data\valid\normal\6 - Copy.png,6 - Copy.png,normal,2,test,normal,2a22fd805d0db68736491698305c25d8,11066266110659972806,165,leakage_controlled_image_group
C:\Users\shrey\Downloads\MIP_project_part2\Lung-Cancer-Classification-\Data\valid\normal\7 - Copy (2).png,7 - Copy (2).png,normal,2,train,normal,81a47ae233d917ad8fa9d66c9f4ba1bd,11030165888129851026,167,leakage_controlled_image_group
C:\Users\shrey\Downloads\MIP_project_part2\Lung-Cancer-Classification-\Data\valid\normal\7 - Copy (3).png,7 - Copy (3).png,normal,2,train,normal,be891546a445986a881ba74696f8a492,15076651274711088155,166,leakage_controlled_image_group
C:\Users\shrey\Downloads\MIP_project_part2\Lung-Cancer-Classification-\Data\valid\normal\7.png,7.png,normal,2,train,normal,be891546a445986a881ba74696f8a492,15076651274711088155,166,leakage_controlled_image_group
C:\Users\shrey\Downloads\MIP_project_part2\Lung-Cancer-Classification-\Data\valid\normal\8 - Copy (3).png,8 - Copy (3).png,normal,2,train,normal,891f23f1a6dac051a6de34371a00a398,10958037901460293294,168,leakage_controlled_image_group
C:\Users\shrey\Downloads\MIP_project_part2\Lung-Cancer-Classification-\Data\valid\squamous.cell.carcinoma_left.hilum_T1_N2_M0_IIIa\000108 (3).png,000108 (3).png,squamous.cell.carcinoma,3,train,squamous.cell.carcinoma_left.hilum_T1_N2_M0_IIIa,3da75c256d2f15edefc86a244b58cbc7,9330990282842073392,712,leakage_controlled_image_group
C:\Users\shrey\Downloads\MIP_project_part2\Lung-Cancer-Classification-\Data\valid\squamous.cell.carcinoma_left.hilum_T1_N2_M0_IIIa\000110 (6).png,000110 (6).png,squamous.cell.carcinoma,3,train,squamous.cell.carcinoma_left.hilum_T1_N2_M0_IIIa,36605950d0931e5fdd987379dd24e900,11052473583587323749,713,leakage_controlled_image_group
C:\Users\shrey\Downloads\MIP_project_part2\Lung-Cancer-Classification-\Data\valid\squamous.cell.carcinoma_left.hilum_T1_N2_M0_IIIa\000111.png,000111.png,squamous.cell.carcinoma,3,val,squamous.cell.carcinoma_left.hilum_T1_N2_M0_IIIa,cfdbeade8b1e1ab99af9e7ae6079692f,10957894988627472189,714,leakage_controlled_image_group
C:\Users\shrey\Downloads\MIP_project_part2\Lung-Cancer-Classification-\Data\valid\squamous.cell.carcinoma_left.hilum_T1_N2_M0_IIIa\000112.png,000112.png,squamous.cell.carcinoma,3,train,squamous.cell.carcinoma_left.hilum_T1_N2_M0_IIIa,3b3aba5e5a62a2a0f02d2628489f6490,15853536276427076452,715,leakage_controlled_image_group
C:\Users\shrey\Downloads\MIP_project_part2\Lung-Cancer-Classification-\Data\valid\squamous.cell.carcinoma_left.hilum_T1_N2_M0_IIIa\000114 (4).png,000114 (4).png,squamous.cell.carcinoma,3,train,squamous.cell.carcinoma_left.hilum_T1_N2_M0_IIIa,fc31f8a5be18b0f2e85c54d06ad61dda,15310909855049658121,716,leakage_controlled_image_group
C:\Users\shrey\Downloads\MIP_project_part2\Lung-Cancer-Classification-\Data\valid\squamous.cell.carcinoma_left.hilum_T1_N2_M0_IIIa\000114 (6).png,000114 (6).png,squamous.cell.carcinoma,3,test,squamous.cell.carcinoma_left.hilum_T1_N2_M0_IIIa,830d41afb56c0a7a7c5244cd82b1927c,15587825191014575925,717,leakage_controlled_image_group
C:\Users\shrey\Downloads\MIP_project_part2\Lung-Cancer-Classification-\Data\valid\squamous.cell.carcinoma_left.hilum_T1_N2_M0_IIIa\000115 (2).png,000115 (2).png,squamous.cell.carcinoma,3,train,squamous.cell.carcinoma_left.hilum_T1_N2_M0_IIIa,73784690e8aadda7da669eb0e824f262,15860343549907963812,718,leakage_controlled_image_group
C:\Users\shrey\Downloads\MIP_project_part2\Lung-Cancer-Classification-\Data\valid\squamous.cell.carcinoma_left.hilum_T1_N2_M0_IIIa\000115 (5).png,000115 (5).png,squamous.cell.carcinoma,3,test,squamous.cell.carcinoma_left.hilum_T1_N2_M0_IIIa,dd53f9af418445d152c041e8ef45f4b7,15880609755734752039,719,leakage_controlled_image_group
C:\Users\shrey\Downloads\MIP_project_part2\Lung-Cancer-Classification-\Data\valid\squamous.cell.carcinoma_left.hilum_T1_N2_M0_IIIa\000116 (2).png,000116 (2).png,squamous.cell.carcinoma,3,train,squamous.cell.carcinoma_left.hilum_T1_N2_M0_IIIa,ae3daf7a9142e6435c5addda6a62deb7,11032490255569402017,720,leakage_controlled_image_group
C:\Users\shrey\Downloads\MIP_project_part2\Lung-Cancer-Classification-\Data\valid\squamous.cell.carcinoma_left.hilum_T1_N2_M0_IIIa\000117 (4).png,000117 (4).png,squamous.cell.carcinoma,3,train,squamous.cell.carcinoma_left.hilum_T1_N2_M0_IIIa,c644ac27b610dd3ff4714b127cd339d8,15343838449902249019,721,leakage_controlled_image_group
C:\Users\shrey\Downloads\MIP_project_part2\Lung-Cancer-Classification-\Data\valid\squamous.cell.carcinoma_left.hilum_T1_N2_M0_IIIa\000117 (6).png,000117 (6).png,squamous.cell.carcinoma,3,train,squamous.cell.carcinoma_left.hilum_T1_N2_M0_IIIa,f98839505e5d3839f2de88e6742319d4,11268643062872308791,722,leakage_controlled_image_group
C:\Users\shrey\Downloads\MIP_project_part2\Lung-Cancer-Classification-\Data\valid\squamous.cell.carcinoma_left.hilum_T1_N2_M0_IIIa\000118 (4).png,000118 (4).png,squamous.cell.carcinoma,3,test,squamous.cell.carcinoma_left.hilum_T1_N2_M0_IIIa,17489057823aac32decf313726f5d48f,14150046594399563629,723,leakage_controlled_image_group
C:\Users\shrey\Downloads\MIP_project_part2\Lung-Cancer-Classification-\Data\valid\squamous.cell.carcinoma_left.hilum_T1_N2_M0_IIIa\000118 (5).png,000118 (5).png,squamous.cell.carcinoma,3,train,squamous.cell.carcinoma_left.hilum_T1_N2_M0_IIIa,1f9b4c7dc8eebff1207b818d74d6a7bf,15310904357242171011,724,leakage_controlled_image_group
C:\Users\shrey\Downloads\MIP_project_part2\Lung-Cancer-Classification-\Data\valid\squamous.cell.carcinoma_left.hilum_T1_N2_M0_IIIa\000119 (5).png,000119 (5).png,squamous.cell.carcinoma,3,train,squamous.cell.carcinoma_left.hilum_T1_N2_M0_IIIa,ad4fb83f7718b48d2f957683fd46296d,10981541080532071213,725,leakage_controlled_image_group
C:\Users\shrey\Downloads\MIP_project_part2\Lung-Cancer-Classification-\Data\valid\squamous.cell.carcinoma_left.hilum_T1_N2_M0_IIIa\000119.png,000119.png,squamous.cell.carcinoma,3,train,squamous.cell.carcinoma_left.hilum_T1_N2_M0_IIIa,a5fbb7130499e1a2c1afe810e05cf857,11246405741385109308,726,leakage_controlled_image_group
